Academic Year _____,Education Type ___ _______ (AR),Education Type ___ _______ (EN), Region _______ _________ (AR), Region _______ _________ (EN),Cycle ______ (AR),Cycle ______ (EN),Grade ____ (AR),Grade ____ (EN),Gender _____ (AR),Gender _____ (EN),Emirati\Expat _____/____ (AR),Emirati\Expat _____/____ (EN),Pass Percentage ____ ______,Students Count ___ ______
2020-2021,_______ ________,Public,_______,SHARJAH,____ ____,Cycle1,____ _____,Grade 1,____,Female,_______,Emirati,100.00%,800
2020-2021,_______ ________,Public,_______,SHARJAH,____ ____,Cycle1,____ _____,Grade 1,____,Female,____,Resident,100.00%,92
2020-2021,_______ ________,Public,_______,SHARJAH,____ ____,Cycle1,____ _____,Grade 1,___,Male,_______,Emirati,99.86%,740
2020-2021,_______ ________,Public,_______,SHARJAH,____ ____,Cycle1,____ _____,Grade 1,___,Male,____,Resident,100.00%,83
2020-2021,_______ ________,Public,_______,SHARJAH,____ ____,Cycle1,____ ______,Grade 3,____,Female,_______,Emirati,100.00%,799
2020-2021,_______ ________,Public,_______,SHARJAH,____ ____,Cycle1,____ ______,Grade 3,____,Female,____,Resident,100.00%,139
2020-2021,_______ ________,Public,_______,SHARJAH,____ ____,Cycle1,____ ______,Grade 3,___,Male,_______,Emirati,100.00%,732
2020-2021,_______ ________,Public,_______,SHARJAH,____ ____,Cycle1,____ ______,Grade 3,___,Male,____,Resident,100.00%,103
2020-2021,_______ ________,Public,_______,SHARJAH,____ ____,Cycle1,____ ______,Grade 2,____,Female,_______,Emirati,99.88%,837
2020-2021,_______ ________,Public,_______,SHARJAH,____ ____,Cycle1,____ ______,Grade 2,____,Female,____,Resident,100.00%,101
2020-2021,_______ ________,Public,_______,SHARJAH,____ ____,Cycle1,____ ______,Grade 2,___,Male,_______,Emirati,99.87%,753
2020-2021,_______ ________,Public,_______,SHARJAH,____ ____,Cycle1,____ ______,Grade 2,___,Male,____,Resident,100.00%,103
2020-2021,_______ ________,Public,_______,SHARJAH,____ ____,Cycle1,____ ______,Grade 4,____,Female,_______,Emirati,100.00%,895
2020-2021,_______ ________,Public,_______,SHARJAH,____ ____,Cycle1,____ ______,Grade 4,____,Female,____,Resident,100.00%,146
2020-2021,_______ ________,Public,_______,SHARJAH,____ ____,Cycle1,____ ______,Grade 4,___,Male,_______,Emirati,99.86%,714
2020-2021,_______ ________,Public,_______,SHARJAH,____ ____,Cycle1,____ ______,Grade 4,___,Male,____,Resident,100.00%,114
2020-2021,_______ ________,Public,_______,SHARJAH,____ _____,Cycle3,____ ______,Grade 9,____,Female,_______,Emirati,95.21%,918
2020-2021,_______ ________,Public,_______,SHARJAH,____ _____,Cycle3,____ ______,Grade 9,____,Female,____,Resident,96.08%,153
2020-2021,_______ ________,Public,_______,SHARJAH,____ _____,Cycle3,____ ______,Grade 9,___,Male,_______,Emirati,95.47%,773
2020-2021,_______ ________,Public,_______,SHARJAH,____ _____,Cycle3,____ ______,Grade 9,___,Male,____,Resident,92.59%,135
2020-2021,_______ ________,Public,_______,SHARJAH,____ _____,Cycle3,____ ______ ___,Grade 12,____,Female,_______,Emirati,99.54%,877
2020-2021,_______ ________,Public,_______,SHARJAH,____ _____,Cycle3,____ ______ ___,Grade 12,____,Female,____,Resident,100.00%,155
2020-2021,_______ ________,Public,_______,SHARJAH,____ _____,Cycle3,____ ______ ___,Grade 12,___,Male,_______,Emirati,99.72%,713
2020-2021,_______ ________,Public,_______,SHARJAH,____ _____,Cycle3,____ ______ ___,Grade 12,___,Male,____,Resident,100.00%,177
2020-2021,_______ ________,Public,_______,SHARJAH,____ _____,Cycle3,____ ______ ___,Grade 11,____,Female,_______,Emirati,98.45%,901
2020-2021,_______ ________,Public,_______,SHARJAH,____ _____,Cycle3,____ ______ ___,Grade 11,____,Female,____,Resident,97.01%,167
2020-2021,_______ ________,Public,_______,SHARJAH,____ _____,Cycle3,____ ______ ___,Grade 11,___,Male,_______,Emirati,95.43%,853
2020-2021,_______ ________,Public,_______,SHARJAH,____ _____,Cycle3,____ ______ ___,Grade 11,___,Male,____,Resident,91.84%,196
2020-2021,_______ ________,Public,_______,SHARJAH,____ _____,Cycle3,____ ______,Grade 10,____,Female,_______,Emirati,95.82%,958
2020-2021,_______ ________,Public,_______,SHARJAH,____ _____,Cycle3,____ ______,Grade 10,____,Female,____,Resident,94.51%,182
2020-2021,_______ ________,Public,_______,SHARJAH,____ _____,Cycle3,____ ______,Grade 10,___,Male,_______,Emirati,89.55%,842
2020-2021,_______ ________,Public,_______,SHARJAH,____ _____,Cycle3,____ ______,Grade 10,___,Male,____,Resident,93.08%,130
2020-2021,_______ ________,Public,_______,SHARJAH,____ _____,Cycle2,____ ______,Grade 8,____,Female,_______,Emirati,96.97%,958
2020-2021,_______ ________,Public,_______,SHARJAH,____ _____,Cycle2,____ ______,Grade 8,____,Female,____,Resident,96.40%,139
2020-2021,_______ ________,Public,_______,SHARJAH,____ _____,Cycle2,____ ______,Grade 8,___,Male,_______,Emirati,95.89%,852
2020-2021,_______ ________,Public,_______,SHARJAH,____ _____,Cycle2,____ ______,Grade 8,___,Male,____,Resident,90.08%,121
2020-2021,_______ ________,Public,_______,SHARJAH,____ _____,Cycle2,____ ______,Grade 5,____,Female,_______,Emirati,99.75%,805
2020-2021,_______ ________,Public,_______,SHARJAH,____ _____,Cycle2,____ ______,Grade 5,____,Female,____,Resident,99.27%,137
2020-2021,_______ ________,Public,_______,SHARJAH,____ _____,Cycle2,____ ______,Grade 5,___,Male,_______,Emirati,99.54%,651
2020-2021,_______ ________,Public,_______,SHARJAH,____ _____,Cycle2,____ ______,Grade 5,___,Male,____,Resident,99.19%,124
2020-2021,_______ ________,Public,_______,SHARJAH,____ _____,Cycle2,____ ______,Grade 7,____,Female,_______,Emirati,98.65%,962
2020-2021,_______ ________,Public,_______,SHARJAH,____ _____,Cycle2,____ ______,Grade 7,____,Female,____,Resident,96.35%,137
2020-2021,_______ ________,Public,_______,SHARJAH,____ _____,Cycle2,____ ______,Grade 7,___,Male,_______,Emirati,97.27%,843
2020-2021,_______ ________,Public,_______,SHARJAH,____ _____,Cycle2,____ ______,Grade 7,___,Male,____,Resident,96.19%,105
2020-2021,_______ ________,Public,_______,SHARJAH,____ _____,Cycle2,____ ______,Grade 6,____,Female,_______,Emirati,98.20%,890
2020-2021,_______ ________,Public,_______,SHARJAH,____ _____,Cycle2,____ ______,Grade 6,____,Female,____,Resident,98.61%,144
2020-2021,_______ ________,Public,_______,SHARJAH,____ _____,Cycle2,____ ______,Grade 6,___,Male,_______,Emirati,97.61%,836
2020-2021,_______ ________,Public,_______,SHARJAH,____ _____,Cycle2,____ ______,Grade 6,___,Male,____,Resident,98.35%,121
2020-2021,_______ ________,Public,_______ / _______,Sharjah / Eastern,____ ____,Cycle1,____ _____,Grade 1,____,Female,_______,Emirati,100.00%,741
2020-2021,_______ ________,Public,_______ / _______,Sharjah / Eastern,____ ____,Cycle1,____ _____,Grade 1,____,Female,____,Resident,100.00%,41
2020-2021,_______ ________,Public,_______ / _______,Sharjah / Eastern,____ ____,Cycle1,____ _____,Grade 1,___,Male,_______,Emirati,100.00%,729
2020-2021,_______ ________,Public,_______ / _______,Sharjah / Eastern,____ ____,Cycle1,____ _____,Grade 1,___,Male,____,Resident,100.00%,39
2020-2021,_______ ________,Public,_______ / _______,Sharjah / Eastern,____ ____,Cycle1,____ ______,Grade 3,____,Female,_______,Emirati,100.00%,718
2020-2021,_______ ________,Public,_______ / _______,Sharjah / Eastern,____ ____,Cycle1,____ ______,Grade 3,____,Female,____,Resident,100.00%,34
2020-2021,_______ ________,Public,_______ / _______,Sharjah / Eastern,____ ____,Cycle1,____ ______,Grade 3,___,Male,_______,Emirati,100.00%,648
2020-2021,_______ ________,Public,_______ / _______,Sharjah / Eastern,____ ____,Cycle1,____ ______,Grade 3,___,Male,____,Resident,100.00%,34
2020-2021,_______ ________,Public,_______ / _______,Sharjah / Eastern,____ ____,Cycle1,____ ______,Grade 2,____,Female,_______,Emirati,100.00%,672
2020-2021,_______ ________,Public,_______ / _______,Sharjah / Eastern,____ ____,Cycle1,____ ______,Grade 2,____,Female,____,Resident,100.00%,46
2020-2021,_______ ________,Public,_______ / _______,Sharjah / Eastern,____ ____,Cycle1,____ ______,Grade 2,___,Male,_______,Emirati,99.69%,637
2020-2021,_______ ________,Public,_______ / _______,Sharjah / Eastern,____ ____,Cycle1,____ ______,Grade 2,___,Male,____,Resident,100.00%,37
2020-2021,_______ ________,Public,_______ / _______,Sharjah / Eastern,____ ____,Cycle1,____ ______,Grade 4,____,Female,_______,Emirati,100.00%,598
2020-2021,_______ ________,Public,_______ / _______,Sharjah / Eastern,____ ____,Cycle1,____ ______,Grade 4,____,Female,____,Resident,100.00%,46
2020-2021,_______ ________,Public,_______ / _______,Sharjah / Eastern,____ ____,Cycle1,____ ______,Grade 4,___,Male,_______,Emirati,100.00%,670
2020-2021,_______ ________,Public,_______ / _______,Sharjah / Eastern,____ ____,Cycle1,____ ______,Grade 4,___,Male,____,Resident,100.00%,41
2020-2021,_______ ________,Public,_______ / _______,Sharjah / Eastern,____ _____,Cycle3,____ ______,Grade 9,____,Female,_______,Emirati,97.29%,628
2020-2021,_______ ________,Public,_______ / _______,Sharjah / Eastern,____ _____,Cycle3,____ ______,Grade 9,____,Female,____,Resident,90.24%,41
2020-2021,_______ ________,Public,_______ / _______,Sharjah / Eastern,____ _____,Cycle3,____ ______,Grade 9,___,Male,_______,Emirati,96.95%,524
2020-2021,_______ ________,Public,_______ / _______,Sharjah / Eastern,____ _____,Cycle3,____ ______,Grade 9,___,Male,____,Resident,94.44%,36
2020-2021,_______ ________,Public,_______ / _______,Sharjah / Eastern,____ _____,Cycle3,____ ______ ___,Grade 12,____,Female,_______,Emirati,100.00%,574
2020-2021,_______ ________,Public,_______ / _______,Sharjah / Eastern,____ _____,Cycle3,____ ______ ___,Grade 12,____,Female,____,Resident,100.00%,69
2020-2021,_______ ________,Public,_______ / _______,Sharjah / Eastern,____ _____,Cycle3,____ ______ ___,Grade 12,___,Male,_______,Emirati,99.23%,521
2020-2021,_______ ________,Public,_______ / _______,Sharjah / Eastern,____ _____,Cycle3,____ ______ ___,Grade 12,___,Male,____,Resident,98.21%,56
2020-2021,_______ ________,Public,_______ / _______,Sharjah / Eastern,____ _____,Cycle3,____ ______ ___,Grade 11,____,Female,_______,Emirati,98.84%,601
2020-2021,_______ ________,Public,_______ / _______,Sharjah / Eastern,____ _____,Cycle3,____ ______ ___,Grade 11,____,Female,____,Resident,98.21%,56
2020-2021,_______ ________,Public,_______ / _______,Sharjah / Eastern,____ _____,Cycle3,____ ______ ___,Grade 11,___,Male,_______,Emirati,97.04%,575
2020-2021,_______ ________,Public,_______ / _______,Sharjah / Eastern,____ _____,Cycle3,____ ______ ___,Grade 11,___,Male,____,Resident,98.11%,53
2020-2021,_______ ________,Public,_______ / _______,Sharjah / Eastern,____ _____,Cycle3,____ ______,Grade 10,____,Female,_______,Emirati,97.89%,568
2020-2021,_______ ________,Public,_______ / _______,Sharjah / Eastern,____ _____,Cycle3,____ ______,Grade 10,____,Female,____,Resident,96.23%,53
2020-2021,_______ ________,Public,_______ / _______,Sharjah / Eastern,____ _____,Cycle3,____ ______,Grade 10,___,Male,_______,Emirati,95.74%,610
2020-2021,_______ ________,Public,_______ / _______,Sharjah / Eastern,____ _____,Cycle3,____ ______,Grade 10,___,Male,____,Resident,92.50%,40
2020-2021,_______ ________,Public,_______ / _______,Sharjah / Eastern,____ _____,Cycle2,____ ______,Grade 8,____,Female,_______,Emirati,98.81%,590
2020-2021,_______ ________,Public,_______ / _______,Sharjah / Eastern,____ _____,Cycle2,____ ______,Grade 8,____,Female,____,Resident,97.56%,41
2020-2021,_______ ________,Public,_______ / _______,Sharjah / Eastern,____ _____,Cycle2,____ ______,Grade 8,___,Male,_______,Emirati,98.63%,657
2020-2021,_______ ________,Public,_______ / _______,Sharjah / Eastern,____ _____,Cycle2,____ ______,Grade 8,___,Male,____,Resident,98.04%,51
2020-2021,_______ ________,Public,_______ / _______,Sharjah / Eastern,____ _____,Cycle2,____ ______,Grade 5,____,Female,_______,Emirati,99.66%,584
2020-2021,_______ ________,Public,_______ / _______,Sharjah / Eastern,____ _____,Cycle2,____ ______,Grade 5,____,Female,____,Resident,100.00%,36
2020-2021,_______ ________,Public,_______ / _______,Sharjah / Eastern,____ _____,Cycle2,____ ______,Grade 5,___,Male,_______,Emirati,99.62%,531
2020-2021,_______ ________,Public,_______ / _______,Sharjah / Eastern,____ _____,Cycle2,____ ______,Grade 5,___,Male,____,Resident,100.00%,38
2020-2021,_______ ________,Public,_______ / _______,Sharjah / Eastern,____ _____,Cycle2,____ ______,Grade 7,____,Female,_______,Emirati,98.71%,620
2020-2021,_______ ________,Public,_______ / _______,Sharjah / Eastern,____ _____,Cycle2,____ ______,Grade 7,____,Female,____,Resident,100.00%,38
2020-2021,_______ ________,Public,_______ / _______,Sharjah / Eastern,____ _____,Cycle2,____ ______,Grade 7,___,Male,_______,Emirati,98.87%,618
2020-2021,_______ ________,Public,_______ / _______,Sharjah / Eastern,____ _____,Cycle2,____ ______,Grade 7,___,Male,____,Resident,100.00%,33
2020-2021,_______ ________,Public,_______ / _______,Sharjah / Eastern,____ _____,Cycle2,____ ______,Grade 6,____,Female,_______,Emirati,99.41%,678
2020-2021,_______ ________,Public,_______ / _______,Sharjah / Eastern,____ _____,Cycle2,____ ______,Grade 6,____,Female,____,Resident,100.00%,46
2020-2021,_______ ________,Public,_______ / _______,Sharjah / Eastern,____ _____,Cycle2,____ ______,Grade 6,___,Male,_______,Emirati,99.12%,681
2020-2021,_______ ________,Public,_______ / _______,Sharjah / Eastern,____ _____,Cycle2,____ ______,Grade 6,___,Male,____,Resident,100.00%,36
2020-2021,_______ ________,Public,______,AL DHAFRA,____ ____,Cycle1,____ _____,Grade 1,____,Female,_______,Emirati,100.00%,243
2020-2021,_______ ________,Public,______,AL DHAFRA,____ ____,Cycle1,____ _____,Grade 1,____,Female,____,Resident,100.00%,94
2020-2021,_______ ________,Public,______,AL DHAFRA,____ ____,Cycle1,____ _____,Grade 1,___,Male,_______,Emirati,100.00%,244
2020-2021,_______ ________,Public,______,AL DHAFRA,____ ____,Cycle1,____ _____,Grade 1,___,Male,____,Resident,100.00%,97
2020-2021,_______ ________,Public,______,AL DHAFRA,____ ____,Cycle1,____ ______,Grade 3,____,Female,_______,Emirati,100.00%,233
2020-2021,_______ ________,Public,______,AL DHAFRA,____ ____,Cycle1,____ ______,Grade 3,____,Female,____,Resident,100.00%,132
2020-2021,_______ ________,Public,______,AL DHAFRA,____ ____,Cycle1,____ ______,Grade 3,___,Male,_______,Emirati,100.00%,221
2020-2021,_______ ________,Public,______,AL DHAFRA,____ ____,Cycle1,____ ______,Grade 3,___,Male,____,Resident,100.00%,119
2020-2021,_______ ________,Public,______,AL DHAFRA,____ ____,Cycle1,____ ______,Grade 2,____,Female,_______,Emirati,100.00%,284
2020-2021,_______ ________,Public,______,AL DHAFRA,____ ____,Cycle1,____ ______,Grade 2,____,Female,____,Resident,100.00%,121
2020-2021,_______ ________,Public,______,AL DHAFRA,____ ____,Cycle1,____ ______,Grade 2,___,Male,_______,Emirati,100.00%,237
2020-2021,_______ ________,Public,______,AL DHAFRA,____ ____,Cycle1,____ ______,Grade 2,___,Male,____,Resident,100.00%,115
2020-2021,_______ ________,Public,______,AL DHAFRA,____ ____,Cycle1,____ ______,Grade 4,____,Female,_______,Emirati,99.58%,236
2020-2021,_______ ________,Public,______,AL DHAFRA,____ ____,Cycle1,____ ______,Grade 4,____,Female,____,Resident,100.00%,152
2020-2021,_______ ________,Public,______,AL DHAFRA,____ ____,Cycle1,____ ______,Grade 4,___,Male,_______,Emirati,100.00%,217
2020-2021,_______ ________,Public,______,AL DHAFRA,____ ____,Cycle1,____ ______,Grade 4,___,Male,____,Resident,99.32%,148
2020-2021,_______ ________,Public,______,AL DHAFRA,____ _____,Cycle3,____ ______,Grade 9,____,Female,_______,Emirati,96.70%,182
2020-2021,_______ ________,Public,______,AL DHAFRA,____ _____,Cycle3,____ ______,Grade 9,____,Female,____,Resident,98.79%,165
2020-2021,_______ ________,Public,______,AL DHAFRA,____ _____,Cycle3,____ ______,Grade 9,___,Male,_______,Emirati,96.86%,159
2020-2021,_______ ________,Public,______,AL DHAFRA,____ _____,Cycle3,____ ______,Grade 9,___,Male,____,Resident,100.00%,146
2020-2021,_______ ________,Public,______,AL DHAFRA,____ _____,Cycle3,____ ______ ___,Grade 12,____,Female,_______,Emirati,97.94%,194
2020-2021,_______ ________,Public,______,AL DHAFRA,____ _____,Cycle3,____ ______ ___,Grade 12,____,Female,____,Resident,100.00%,152
2020-2021,_______ ________,Public,______,AL DHAFRA,____ _____,Cycle3,____ ______ ___,Grade 12,___,Male,_______,Emirati,98.43%,191
2020-2021,_______ ________,Public,______,AL DHAFRA,____ _____,Cycle3,____ ______ ___,Grade 12,___,Male,____,Resident,100.00%,182
2020-2021,_______ ________,Public,______,AL DHAFRA,____ _____,Cycle3,____ ______ ___,Grade 11,____,Female,_______,Emirati,97.51%,241
2020-2021,_______ ________,Public,______,AL DHAFRA,____ _____,Cycle3,____ ______ ___,Grade 11,____,Female,____,Resident,99.44%,180
2020-2021,_______ ________,Public,______,AL DHAFRA,____ _____,Cycle3,____ ______ ___,Grade 11,___,Male,_______,Emirati,91.00%,200
2020-2021,_______ ________,Public,______,AL DHAFRA,____ _____,Cycle3,____ ______ ___,Grade 11,___,Male,____,Resident,99.46%,185
2020-2021,_______ ________,Public,______,AL DHAFRA,____ _____,Cycle3,____ ______,Grade 10,____,Female,_______,Emirati,96.57%,233
2020-2021,_______ ________,Public,______,AL DHAFRA,____ _____,Cycle3,____ ______,Grade 10,____,Female,____,Resident,99.43%,175
2020-2021,_______ ________,Public,______,AL DHAFRA,____ _____,Cycle3,____ ______,Grade 10,___,Male,_______,Emirati,95.98%,174
2020-2021,_______ ________,Public,______,AL DHAFRA,____ _____,Cycle3,____ ______,Grade 10,___,Male,____,Resident,98.90%,182
2020-2021,_______ ________,Public,______,AL DHAFRA,____ _____,Cycle2,____ ______,Grade 8,____,Female,_______,Emirati,94.14%,256
2020-2021,_______ ________,Public,______,AL DHAFRA,____ _____,Cycle2,____ ______,Grade 8,____,Female,____,Resident,99.37%,158
2020-2021,_______ ________,Public,______,AL DHAFRA,____ _____,Cycle2,____ ______,Grade 8,___,Male,_______,Emirati,92.96%,213
2020-2021,_______ ________,Public,______,AL DHAFRA,____ _____,Cycle2,____ ______,Grade 8,___,Male,____,Resident,98.33%,180
2020-2021,_______ ________,Public,______,AL DHAFRA,____ _____,Cycle2,____ ______,Grade 5,____,Female,_______,Emirati,97.56%,205
2020-2021,_______ ________,Public,______,AL DHAFRA,____ _____,Cycle2,____ ______,Grade 5,____,Female,____,Resident,100.00%,127
2020-2021,_______ ________,Public,______,AL DHAFRA,____ _____,Cycle2,____ ______,Grade 5,___,Male,_______,Emirati,97.94%,194
2020-2021,_______ ________,Public,______,AL DHAFRA,____ _____,Cycle2,____ ______,Grade 5,___,Male,____,Resident,100.00%,124
2020-2021,_______ ________,Public,______,AL DHAFRA,____ _____,Cycle2,____ ______,Grade 7,____,Female,_______,Emirati,96.93%,228
2020-2021,_______ ________,Public,______,AL DHAFRA,____ _____,Cycle2,____ ______,Grade 7,____,Female,____,Resident,99.27%,137
2020-2021,_______ ________,Public,______,AL DHAFRA,____ _____,Cycle2,____ ______,Grade 7,___,Male,_______,Emirati,97.18%,177
2020-2021,_______ ________,Public,______,AL DHAFRA,____ _____,Cycle2,____ ______,Grade 7,___,Male,____,Resident,100.00%,144
2020-2021,_______ ________,Public,______,AL DHAFRA,____ _____,Cycle2,____ ______,Grade 6,____,Female,_______,Emirati,96.24%,213
2020-2021,_______ ________,Public,______,AL DHAFRA,____ _____,Cycle2,____ ______,Grade 6,____,Female,____,Resident,100.00%,141
2020-2021,_______ ________,Public,______,AL DHAFRA,____ _____,Cycle2,____ ______,Grade 6,___,Male,_______,Emirati,94.65%,187
2020-2021,_______ ________,Public,______,AL DHAFRA,____ _____,Cycle2,____ ______,Grade 6,___,Male,____,Resident,99.29%,141
2020-2021,_______ ________,Public,_____,AL AIN,____ ____,Cycle1,____ _____,Grade 1,____,Female,_______,Emirati,99.94%,1765
2020-2021,_______ ________,Public,_____,AL AIN,____ ____,Cycle1,____ _____,Grade 1,____,Female,____,Resident,100.00%,275
2020-2021,_______ ________,Public,_____,AL AIN,____ ____,Cycle1,____ _____,Grade 1,___,Male,_______,Emirati,99.94%,1740
2020-2021,_______ ________,Public,_____,AL AIN,____ ____,Cycle1,____ _____,Grade 1,___,Male,____,Resident,100.00%,299
2020-2021,_______ ________,Public,_____,AL AIN,____ ____,Cycle1,____ ______,Grade 3,____,Female,_______,Emirati,100.00%,1720
2020-2021,_______ ________,Public,_____,AL AIN,____ ____,Cycle1,____ ______,Grade 3,____,Female,____,Resident,100.00%,347
2020-2021,_______ ________,Public,_____,AL AIN,____ ____,Cycle1,____ ______,Grade 3,___,Male,_______,Emirati,100.00%,1607
2020-2021,_______ ________,Public,_____,AL AIN,____ ____,Cycle1,____ ______,Grade 3,___,Male,____,Resident,100.00%,337
2020-2021,_______ ________,Public,_____,AL AIN,____ ____,Cycle1,____ ______,Grade 2,____,Female,_______,Emirati,100.00%,1778
2020-2021,_______ ________,Public,_____,AL AIN,____ ____,Cycle1,____ ______,Grade 2,____,Female,____,Resident,100.00%,326
2020-2021,_______ ________,Public,_____,AL AIN,____ ____,Cycle1,____ ______,Grade 2,___,Male,_______,Emirati,99.89%,1785
2020-2021,_______ ________,Public,_____,AL AIN,____ ____,Cycle1,____ ______,Grade 2,___,Male,____,Resident,99.69%,323
2020-2021,_______ ________,Public,_____,AL AIN,____ ____,Cycle1,____ ______,Grade 4,____,Female,_______,Emirati,99.72%,1811
2020-2021,_______ ________,Public,_____,AL AIN,____ ____,Cycle1,____ ______,Grade 4,____,Female,____,Resident,99.71%,350
2020-2021,_______ ________,Public,_____,AL AIN,____ ____,Cycle1,____ ______,Grade 4,___,Male,_______,Emirati,99.88%,1674
2020-2021,_______ ________,Public,_____,AL AIN,____ ____,Cycle1,____ ______,Grade 4,___,Male,____,Resident,99.38%,320
2020-2021,_______ ________,Public,_____,AL AIN,____ _____,Cycle3,____ ______,Grade 9,____,Female,_______,Emirati,96.10%,1743
2020-2021,_______ ________,Public,_____,AL AIN,____ _____,Cycle3,____ ______,Grade 9,____,Female,____,Resident,97.66%,342
2020-2021,_______ ________,Public,_____,AL AIN,____ _____,Cycle3,____ ______,Grade 9,___,Male,_______,Emirati,94.44%,1582
2020-2021,_______ ________,Public,_____,AL AIN,____ _____,Cycle3,____ ______,Grade 9,___,Male,____,Resident,94.64%,280
2020-2021,_______ ________,Public,_____,AL AIN,____ _____,Cycle3,____ ______ ___,Grade 12,____,Female,_______,Emirati,98.84%,1725
2020-2021,_______ ________,Public,_____,AL AIN,____ _____,Cycle3,____ ______ ___,Grade 12,____,Female,____,Resident,98.71%,309
2020-2021,_______ ________,Public,_____,AL AIN,____ _____,Cycle3,____ ______ ___,Grade 12,___,Male,_______,Emirati,98.36%,1466
2020-2021,_______ ________,Public,_____,AL AIN,____ _____,Cycle3,____ ______ ___,Grade 12,___,Male,____,Resident,97.97%,344
2020-2021,_______ ________,Public,_____,AL AIN,____ _____,Cycle3,____ ______ ___,Grade 11,____,Female,_______,Emirati,95.92%,1913
2020-2021,_______ ________,Public,_____,AL AIN,____ _____,Cycle3,____ ______ ___,Grade 11,____,Female,____,Resident,97.89%,331
2020-2021,_______ ________,Public,_____,AL AIN,____ _____,Cycle3,____ ______ ___,Grade 11,___,Male,_______,Emirati,93.96%,1574
2020-2021,_______ ________,Public,_____,AL AIN,____ _____,Cycle3,____ ______ ___,Grade 11,___,Male,____,Resident,94.49%,345
2020-2021,_______ ________,Public,_____,AL AIN,____ _____,Cycle3,____ ______,Grade 10,____,Female,_______,Emirati,94.49%,1778
2020-2021,_______ ________,Public,_____,AL AIN,____ _____,Cycle3,____ ______,Grade 10,____,Female,____,Resident,94.94%,316
2020-2021,_______ ________,Public,_____,AL AIN,____ _____,Cycle3,____ ______,Grade 10,___,Male,_______,Emirati,91.80%,1574
2020-2021,_______ ________,Public,_____,AL AIN,____ _____,Cycle3,____ ______,Grade 10,___,Male,____,Resident,92.62%,298
2020-2021,_______ ________,Public,_____,AL AIN,____ _____,Cycle2,____ ______,Grade 8,____,Female,_______,Emirati,96.69%,1873
2020-2021,_______ ________,Public,_____,AL AIN,____ _____,Cycle2,____ ______,Grade 8,____,Female,____,Resident,98.18%,330
2020-2021,_______ ________,Public,_____,AL AIN,____ _____,Cycle2,____ ______,Grade 8,___,Male,_______,Emirati,95.93%,1671
2020-2021,_______ ________,Public,_____,AL AIN,____ _____,Cycle2,____ ______,Grade 8,___,Male,____,Resident,96.73%,275
2020-2021,_______ ________,Public,_____,AL AIN,____ _____,Cycle2,____ ______,Grade 5,____,Female,_______,Emirati,98.88%,1518
2020-2021,_______ ________,Public,_____,AL AIN,____ _____,Cycle2,____ ______,Grade 5,____,Female,____,Resident,98.55%,344
2020-2021,_______ ________,Public,_____,AL AIN,____ _____,Cycle2,____ ______,Grade 5,___,Male,_______,Emirati,99.41%,1367
2020-2021,_______ ________,Public,_____,AL AIN,____ _____,Cycle2,____ ______,Grade 5,___,Male,____,Resident,99.66%,295
2020-2021,_______ ________,Public,_____,AL AIN,____ _____,Cycle2,____ ______,Grade 7,____,Female,_______,Emirati,97.22%,1906
2020-2021,_______ ________,Public,_____,AL AIN,____ _____,Cycle2,____ ______,Grade 7,____,Female,____,Resident,98.36%,304
2020-2021,_______ ________,Public,_____,AL AIN,____ _____,Cycle2,____ ______,Grade 7,___,Male,_______,Emirati,97.08%,1680
2020-2021,_______ ________,Public,_____,AL AIN,____ _____,Cycle2,____ ______,Grade 7,___,Male,____,Resident,96.47%,312
2020-2021,_______ ________,Public,_____,AL AIN,____ _____,Cycle2,____ ______,Grade 6,____,Female,_______,Emirati,97.38%,1867
2020-2021,_______ ________,Public,_____,AL AIN,____ _____,Cycle2,____ ______,Grade 6,____,Female,____,Resident,97.84%,324
2020-2021,_______ ________,Public,_____,AL AIN,____ _____,Cycle2,____ ______,Grade 6,___,Male,_______,Emirati,98.88%,1603
2020-2021,_______ ________,Public,_____,AL AIN,____ _____,Cycle2,____ ______,Grade 6,___,Male,____,Resident,98.63%,292
2020-2021,_______ ________,Public,_______,AL FUJAIRAH,____ ____,Cycle1,____ _____,Grade 1,____,Female,_______,Emirati,100.00%,966
2020-2021,_______ ________,Public,_______,AL FUJAIRAH,____ ____,Cycle1,____ _____,Grade 1,____,Female,____,Resident,100.00%,13
2020-2021,_______ ________,Public,_______,AL FUJAIRAH,____ ____,Cycle1,____ _____,Grade 1,___,Male,_______,Emirati,100.00%,941
2020-2021,_______ ________,Public,_______,AL FUJAIRAH,____ ____,Cycle1,____ _____,Grade 1,___,Male,____,Resident,100.00%,14
2020-2021,_______ ________,Public,_______,AL FUJAIRAH,____ ____,Cycle1,____ ______,Grade 3,____,Female,_______,Emirati,100.00%,901
2020-2021,_______ ________,Public,_______,AL FUJAIRAH,____ ____,Cycle1,____ ______,Grade 3,____,Female,____,Resident,100.00%,24
2020-2021,_______ ________,Public,_______,AL FUJAIRAH,____ ____,Cycle1,____ ______,Grade 3,___,Male,_______,Emirati,100.00%,992
2020-2021,_______ ________,Public,_______,AL FUJAIRAH,____ ____,Cycle1,____ ______,Grade 3,___,Male,____,Resident,100.00%,22
2020-2021,_______ ________,Public,_______,AL FUJAIRAH,____ ____,Cycle1,____ ______,Grade 2,____,Female,_______,Emirati,100.00%,917
2020-2021,_______ ________,Public,_______,AL FUJAIRAH,____ ____,Cycle1,____ ______,Grade 2,____,Female,____,Resident,100.00%,22
2020-2021,_______ ________,Public,_______,AL FUJAIRAH,____ ____,Cycle1,____ ______,Grade 2,___,Male,_______,Emirati,100.00%,1042
2020-2021,_______ ________,Public,_______,AL FUJAIRAH,____ ____,Cycle1,____ ______,Grade 2,___,Male,____,Resident,100.00%,25
2020-2021,_______ ________,Public,_______,AL FUJAIRAH,____ ____,Cycle1,____ ______,Grade 4,____,Female,_______,Emirati,100.00%,1019
2020-2021,_______ ________,Public,_______,AL FUJAIRAH,____ ____,Cycle1,____ ______,Grade 4,____,Female,____,Resident,100.00%,18
2020-2021,_______ ________,Public,_______,AL FUJAIRAH,____ ____,Cycle1,____ ______,Grade 4,___,Male,_______,Emirati,100.00%,937
2020-2021,_______ ________,Public,_______,AL FUJAIRAH,____ ____,Cycle1,____ ______,Grade 4,___,Male,____,Resident,95.83%,24
2020-2021,_______ ________,Public,_______,AL FUJAIRAH,____ _____,Cycle3,____ ______,Grade 9,____,Female,_______,Emirati,98.38%,926
2020-2021,_______ ________,Public,_______,AL FUJAIRAH,____ _____,Cycle3,____ ______,Grade 9,____,Female,____,Resident,96.67%,30
2020-2021,_______ ________,Public,_______,AL FUJAIRAH,____ _____,Cycle3,____ ______,Grade 9,___,Male,_______,Emirati,96.66%,688
2020-2021,_______ ________,Public,_______,AL FUJAIRAH,____ _____,Cycle3,____ ______,Grade 9,___,Male,____,Resident,95.83%,24
2020-2021,_______ ________,Public,_______,AL FUJAIRAH,____ _____,Cycle3,____ ______ ___,Grade 12,____,Female,_______,Emirati,99.76%,845
2020-2021,_______ ________,Public,_______,AL FUJAIRAH,____ _____,Cycle3,____ ______ ___,Grade 12,____,Female,____,Resident,100.00%,44
2020-2021,_______ ________,Public,_______,AL FUJAIRAH,____ _____,Cycle3,____ ______ ___,Grade 12,___,Male,_______,Emirati,99.69%,649
2020-2021,_______ ________,Public,_______,AL FUJAIRAH,____ _____,Cycle3,____ ______ ___,Grade 12,___,Male,____,Resident,100.00%,40
2020-2021,_______ ________,Public,_______,AL FUJAIRAH,____ _____,Cycle3,____ ______ ___,Grade 11,____,Female,_______,Emirati,97.80%,910
2020-2021,_______ ________,Public,_______,AL FUJAIRAH,____ _____,Cycle3,____ ______ ___,Grade 11,____,Female,____,Resident,100.00%,41
2020-2021,_______ ________,Public,_______,AL FUJAIRAH,____ _____,Cycle3,____ ______ ___,Grade 11,___,Male,_______,Emirati,96.03%,731
2020-2021,_______ ________,Public,_______,AL FUJAIRAH,____ _____,Cycle3,____ ______ ___,Grade 11,___,Male,____,Resident,88.89%,36
2020-2021,_______ ________,Public,_______,AL FUJAIRAH,____ _____,Cycle3,____ ______,Grade 10,____,Female,_______,Emirati,96.00%,950
2020-2021,_______ ________,Public,_______,AL FUJAIRAH,____ _____,Cycle3,____ ______,Grade 10,____,Female,____,Resident,97.96%,49
2020-2021,_______ ________,Public,_______,AL FUJAIRAH,____ _____,Cycle3,____ ______,Grade 10,___,Male,_______,Emirati,93.75%,720
2020-2021,_______ ________,Public,_______,AL FUJAIRAH,____ _____,Cycle3,____ ______,Grade 10,___,Male,____,Resident,96.77%,31
2020-2021,_______ ________,Public,_______,AL FUJAIRAH,____ _____,Cycle2,____ ______,Grade 8,____,Female,_______,Emirati,98.66%,972
2020-2021,_______ ________,Public,_______,AL FUJAIRAH,____ _____,Cycle2,____ ______,Grade 8,____,Female,____,Resident,100.00%,39
2020-2021,_______ ________,Public,_______,AL FUJAIRAH,____ _____,Cycle2,____ ______,Grade 8,___,Male,_______,Emirati,98.00%,751
2020-2021,_______ ________,Public,_______,AL FUJAIRAH,____ _____,Cycle2,____ ______,Grade 8,___,Male,____,Resident,100.00%,20
2020-2021,_______ ________,Public,_______,AL FUJAIRAH,____ _____,Cycle2,____ ______,Grade 5,____,Female,_______,Emirati,99.89%,885
2020-2021,_______ ________,Public,_______,AL FUJAIRAH,____ _____,Cycle2,____ ______,Grade 5,____,Female,____,Resident,100.00%,32
2020-2021,_______ ________,Public,_______,AL FUJAIRAH,____ _____,Cycle2,____ ______,Grade 5,___,Male,_______,Emirati,99.87%,794
2020-2021,_______ ________,Public,_______,AL FUJAIRAH,____ _____,Cycle2,____ ______,Grade 5,___,Male,____,Resident,100.00%,18
2020-2021,_______ ________,Public,_______,AL FUJAIRAH,____ _____,Cycle2,____ ______,Grade 7,____,Female,_______,Emirati,98.51%,1005
2020-2021,_______ ________,Public,_______,AL FUJAIRAH,____ _____,Cycle2,____ ______,Grade 7,____,Female,____,Resident,100.00%,33
2020-2021,_______ ________,Public,_______,AL FUJAIRAH,____ _____,Cycle2,____ ______,Grade 7,___,Male,_______,Emirati,97.94%,827
2020-2021,_______ ________,Public,_______,AL FUJAIRAH,____ _____,Cycle2,____ ______,Grade 7,___,Male,____,Resident,100.00%,13
2020-2021,_______ ________,Public,_______,AL FUJAIRAH,____ _____,Cycle2,____ ______,Grade 6,____,Female,_______,Emirati,99.07%,972
2020-2021,_______ ________,Public,_______,AL FUJAIRAH,____ _____,Cycle2,____ ______,Grade 6,____,Female,____,Resident,96.00%,25
2020-2021,_______ ________,Public,_______,AL FUJAIRAH,____ _____,Cycle2,____ ______,Grade 6,___,Male,_______,Emirati,99.64%,832
2020-2021,_______ ________,Public,_______,AL FUJAIRAH,____ _____,Cycle2,____ ______,Grade 6,___,Male,____,Resident,94.74%,19
2020-2021,_______ ________,Public,______,ABU DHABI,____ ____,Cycle1,____ _____,Grade 1,____,Female,_______,Emirati,99.83%,1743
2020-2021,_______ ________,Public,______,ABU DHABI,____ ____,Cycle1,____ _____,Grade 1,____,Female,____,Resident,99.65%,284
2020-2021,_______ ________,Public,______,ABU DHABI,____ ____,Cycle1,____ _____,Grade 1,___,Male,_______,Emirati,99.83%,1723
2020-2021,_______ ________,Public,______,ABU DHABI,____ ____,Cycle1,____ _____,Grade 1,___,Male,____,Resident,99.69%,323
2020-2021,_______ ________,Public,______,ABU DHABI,____ ____,Cycle1,____ ______,Grade 3,____,Female,_______,Emirati,100.00%,1700
2020-2021,_______ ________,Public,______,ABU DHABI,____ ____,Cycle1,____ ______,Grade 3,____,Female,____,Resident,100.00%,444
2020-2021,_______ ________,Public,______,ABU DHABI,____ ____,Cycle1,____ ______,Grade 3,___,Male,_______,Emirati,100.00%,1621
2020-2021,_______ ________,Public,______,ABU DHABI,____ ____,Cycle1,____ ______,Grade 3,___,Male,____,Resident,100.00%,445
2020-2021,_______ ________,Public,______,ABU DHABI,____ ____,Cycle1,____ ______,Grade 2,____,Female,_______,Emirati,99.94%,1743
2020-2021,_______ ________,Public,______,ABU DHABI,____ ____,Cycle1,____ ______,Grade 2,____,Female,____,Resident,100.00%,424
2020-2021,_______ ________,Public,______,ABU DHABI,____ ____,Cycle1,____ ______,Grade 2,___,Male,_______,Emirati,99.82%,1670
2020-2021,_______ ________,Public,______,ABU DHABI,____ ____,Cycle1,____ ______,Grade 2,___,Male,____,Resident,100.00%,387
2020-2021,_______ ________,Public,______,ABU DHABI,____ ____,Cycle1,____ ______,Grade 4,____,Female,_______,Emirati,99.49%,1765
2020-2021,_______ ________,Public,______,ABU DHABI,____ ____,Cycle1,____ ______,Grade 4,____,Female,____,Resident,99.62%,526
2020-2021,_______ ________,Public,______,ABU DHABI,____ ____,Cycle1,____ ______,Grade 4,___,Male,_______,Emirati,99.80%,1528
2020-2021,_______ ________,Public,______,ABU DHABI,____ ____,Cycle1,____ ______,Grade 4,___,Male,____,Resident,100.00%,488
2020-2021,_______ ________,Public,______,ABU DHABI,____ _____,Cycle3,____ ______,Grade 9,____,Female,_______,Emirati,93.08%,2024
2020-2021,_______ ________,Public,______,ABU DHABI,____ _____,Cycle3,____ ______,Grade 9,____,Female,____,Resident,96.17%,392
2020-2021,_______ ________,Public,______,ABU DHABI,____ _____,Cycle3,____ ______,Grade 9,___,Male,_______,Emirati,88.51%,1845
2020-2021,_______ ________,Public,______,ABU DHABI,____ _____,Cycle3,____ ______,Grade 9,___,Male,____,Resident,93.09%,376
2020-2021,_______ ________,Public,______,ABU DHABI,____ _____,Cycle3,____ ______ ___,Grade 12,____,Female,_______,Emirati,98.07%,1869
2020-2021,_______ ________,Public,______,ABU DHABI,____ _____,Cycle3,____ ______ ___,Grade 12,____,Female,____,Resident,99.26%,408
2020-2021,_______ ________,Public,______,ABU DHABI,____ _____,Cycle3,____ ______ ___,Grade 12,___,Male,_______,Emirati,95.62%,1737
2020-2021,_______ ________,Public,______,ABU DHABI,____ _____,Cycle3,____ ______ ___,Grade 12,___,Male,____,Resident,97.85%,418
2020-2021,_______ ________,Public,______,ABU DHABI,____ _____,Cycle3,____ ______ ___,Grade 11,____,Female,_______,Emirati,93.01%,2116
2020-2021,_______ ________,Public,______,ABU DHABI,____ _____,Cycle3,____ ______ ___,Grade 11,____,Female,____,Resident,96.58%,497
2020-2021,_______ ________,Public,______,ABU DHABI,____ _____,Cycle3,____ ______ ___,Grade 11,___,Male,_______,Emirati,88.39%,1912
2020-2021,_______ ________,Public,______,ABU DHABI,____ _____,Cycle3,____ ______ ___,Grade 11,___,Male,____,Resident,94.79%,422
2020-2021,_______ ________,Public,______,ABU DHABI,____ _____,Cycle3,____ ______,Grade 10,____,Female,_______,Emirati,91.38%,2041
2020-2021,_______ ________,Public,______,ABU DHABI,____ _____,Cycle3,____ ______,Grade 10,____,Female,____,Resident,95.24%,399
2020-2021,_______ ________,Public,______,ABU DHABI,____ _____,Cycle3,____ ______,Grade 10,___,Male,_______,Emirati,85.49%,1999
2020-2021,_______ ________,Public,______,ABU DHABI,____ _____,Cycle3,____ ______,Grade 10,___,Male,____,Resident,92.20%,436
2020-2021,_______ ________,Public,______,ABU DHABI,____ _____,Cycle2,____ ______,Grade 8,____,Female,_______,Emirati,94.00%,2335
2020-2021,_______ ________,Public,______,ABU DHABI,____ _____,Cycle2,____ ______,Grade 8,____,Female,____,Resident,96.76%,463
2020-2021,_______ ________,Public,______,ABU DHABI,____ _____,Cycle2,____ ______,Grade 8,___,Male,_______,Emirati,91.49%,2067
2020-2021,_______ ________,Public,______,ABU DHABI,____ _____,Cycle2,____ ______,Grade 8,___,Male,____,Resident,94.39%,410
2020-2021,_______ ________,Public,______,ABU DHABI,____ _____,Cycle2,____ ______,Grade 8,___ ____,Undefined,_______,Emirati,100.00%,1
2020-2021,_______ ________,Public,______,ABU DHABI,____ _____,Cycle2,____ ______,Grade 5,____,Female,_______,Emirati,97.58%,1531
2020-2021,_______ ________,Public,______,ABU DHABI,____ _____,Cycle2,____ ______,Grade 5,____,Female,____,Resident,98.80%,418
2020-2021,_______ ________,Public,______,ABU DHABI,____ _____,Cycle2,____ ______,Grade 5,___,Male,_______,Emirati,98.53%,1293
2020-2021,_______ ________,Public,______,ABU DHABI,____ _____,Cycle2,____ ______,Grade 5,___,Male,____,Resident,99.78%,449
2020-2021,_______ ________,Public,______,ABU DHABI,____ _____,Cycle2,____ ______,Grade 5,___ ____,Undefined,____,Resident,100.00%,1
2020-2021,_______ ________,Public,______,ABU DHABI,____ _____,Cycle2,____ ______,Grade 7,____,Female,_______,Emirati,94.46%,2095
2020-2021,_______ ________,Public,______,ABU DHABI,____ _____,Cycle2,____ ______,Grade 7,____,Female,____,Resident,97.33%,449
2020-2021,_______ ________,Public,______,ABU DHABI,____ _____,Cycle2,____ ______,Grade 7,___,Male,_______,Emirati,95.08%,2034
2020-2021,_______ ________,Public,______,ABU DHABI,____ _____,Cycle2,____ ______,Grade 7,___,Male,____,Resident,96.85%,445
2020-2021,_______ ________,Public,______,ABU DHABI,____ _____,Cycle2,____ ______,Grade 6,____,Female,_______,Emirati,95.91%,1956
2020-2021,_______ ________,Public,______,ABU DHABI,____ _____,Cycle2,____ ______,Grade 6,____,Female,____,Resident,97.81%,457
2020-2021,_______ ________,Public,______,ABU DHABI,____ _____,Cycle2,____ ______,Grade 6,___,Male,_______,Emirati,95.59%,1770
2020-2021,_______ ________,Public,______,ABU DHABI,____ _____,Cycle2,____ ______,Grade 6,___,Male,____,Resident,98.28%,407
2020-2021,_______ ________,Public,______,ABU DHABI,____ _____,Cycle2,____ ______,Grade 6,___ ____,Undefined,_______,Emirati,100.00%,1
2020-2021,_______ ________,Public,__ _______,Umm Al Quwain,____ ____,Cycle1,____ _____,Grade 1,____,Female,_______,Emirati,100.00%,173
2020-2021,_______ ________,Public,__ _______,Umm Al Quwain,____ ____,Cycle1,____ _____,Grade 1,____,Female,____,Resident,100.00%,37
2020-2021,_______ ________,Public,__ _______,Umm Al Quwain,____ ____,Cycle1,____ _____,Grade 1,___,Male,_______,Emirati,100.00%,167
2020-2021,_______ ________,Public,__ _______,Umm Al Quwain,____ ____,Cycle1,____ _____,Grade 1,___,Male,____,Resident,100.00%,31
2020-2021,_______ ________,Public,__ _______,Umm Al Quwain,____ ____,Cycle1,____ ______,Grade 3,____,Female,_______,Emirati,100.00%,174
2020-2021,_______ ________,Public,__ _______,Umm Al Quwain,____ ____,Cycle1,____ ______,Grade 3,____,Female,____,Resident,100.00%,33
2020-2021,_______ ________,Public,__ _______,Umm Al Quwain,____ ____,Cycle1,____ ______,Grade 3,___,Male,_______,Emirati,99.47%,188
2020-2021,_______ ________,Public,__ _______,Umm Al Quwain,____ ____,Cycle1,____ ______,Grade 3,___,Male,____,Resident,100.00%,27
2020-2021,_______ ________,Public,__ _______,Umm Al Quwain,____ ____,Cycle1,____ ______,Grade 2,____,Female,_______,Emirati,100.00%,189
2020-2021,_______ ________,Public,__ _______,Umm Al Quwain,____ ____,Cycle1,____ ______,Grade 2,____,Female,____,Resident,100.00%,38
2020-2021,_______ ________,Public,__ _______,Umm Al Quwain,____ ____,Cycle1,____ ______,Grade 2,___,Male,_______,Emirati,100.00%,158
2020-2021,_______ ________,Public,__ _______,Umm Al Quwain,____ ____,Cycle1,____ ______,Grade 2,___,Male,____,Resident,100.00%,40
2020-2021,_______ ________,Public,__ _______,Umm Al Quwain,____ ____,Cycle1,____ ______,Grade 4,____,Female,_______,Emirati,100.00%,173
2020-2021,_______ ________,Public,__ _______,Umm Al Quwain,____ ____,Cycle1,____ ______,Grade 4,____,Female,____,Resident,100.00%,40
2020-2021,_______ ________,Public,__ _______,Umm Al Quwain,____ ____,Cycle1,____ ______,Grade 4,___,Male,_______,Emirati,100.00%,159
2020-2021,_______ ________,Public,__ _______,Umm Al Quwain,____ ____,Cycle1,____ ______,Grade 4,___,Male,____,Resident,100.00%,37
2020-2021,_______ ________,Public,__ _______,Umm Al Quwain,____ _____,Cycle3,____ ______,Grade 9,____,Female,_______,Emirati,96.46%,198
2020-2021,_______ ________,Public,__ _______,Umm Al Quwain,____ _____,Cycle3,____ ______,Grade 9,____,Female,____,Resident,93.62%,47
2020-2021,_______ ________,Public,__ _______,Umm Al Quwain,____ _____,Cycle3,____ ______,Grade 9,___,Male,_______,Emirati,89.47%,152
2020-2021,_______ ________,Public,__ _______,Umm Al Quwain,____ _____,Cycle3,____ ______,Grade 9,___,Male,____,Resident,87.88%,33
2020-2021,_______ ________,Public,__ _______,Umm Al Quwain,____ _____,Cycle3,____ ______ ___,Grade 12,____,Female,_______,Emirati,99.35%,153
2020-2021,_______ ________,Public,__ _______,Umm Al Quwain,____ _____,Cycle3,____ ______ ___,Grade 12,____,Female,____,Resident,100.00%,44
2020-2021,_______ ________,Public,__ _______,Umm Al Quwain,____ _____,Cycle3,____ ______ ___,Grade 12,___,Male,_______,Emirati,98.68%,152
2020-2021,_______ ________,Public,__ _______,Umm Al Quwain,____ _____,Cycle3,____ ______ ___,Grade 12,___,Male,____,Resident,97.62%,42
2020-2021,_______ ________,Public,__ _______,Umm Al Quwain,____ _____,Cycle3,____ ______ ___,Grade 11,____,Female,_______,Emirati,96.70%,212
2020-2021,_______ ________,Public,__ _______,Umm Al Quwain,____ _____,Cycle3,____ ______ ___,Grade 11,____,Female,____,Resident,100.00%,40
2020-2021,_______ ________,Public,__ _______,Umm Al Quwain,____ _____,Cycle3,____ ______ ___,Grade 11,___,Male,_______,Emirati,92.97%,128
2020-2021,_______ ________,Public,__ _______,Umm Al Quwain,____ _____,Cycle3,____ ______ ___,Grade 11,___,Male,____,Resident,94.87%,39
2020-2021,_______ ________,Public,__ _______,Umm Al Quwain,____ _____,Cycle3,____ ______,Grade 10,____,Female,_______,Emirati,97.96%,196
2020-2021,_______ ________,Public,__ _______,Umm Al Quwain,____ _____,Cycle3,____ ______,Grade 10,____,Female,____,Resident,97.22%,36
2020-2021,_______ ________,Public,__ _______,Umm Al Quwain,____ _____,Cycle3,____ ______,Grade 10,___,Male,_______,Emirati,91.11%,180
2020-2021,_______ ________,Public,__ _______,Umm Al Quwain,____ _____,Cycle3,____ ______,Grade 10,___,Male,____,Resident,92.11%,38
2020-2021,_______ ________,Public,__ _______,Umm Al Quwain,____ _____,Cycle2,____ ______,Grade 8,____,Female,_______,Emirati,99.52%,207
2020-2021,_______ ________,Public,__ _______,Umm Al Quwain,____ _____,Cycle2,____ ______,Grade 8,____,Female,____,Resident,97.22%,36
2020-2021,_______ ________,Public,__ _______,Umm Al Quwain,____ _____,Cycle2,____ ______,Grade 8,___,Male,_______,Emirati,98.68%,152
2020-2021,_______ ________,Public,__ _______,Umm Al Quwain,____ _____,Cycle2,____ ______,Grade 8,___,Male,____,Resident,98.04%,51
2020-2021,_______ ________,Public,__ _______,Umm Al Quwain,____ _____,Cycle2,____ ______,Grade 5,____,Female,_______,Emirati,100.00%,202
2020-2021,_______ ________,Public,__ _______,Umm Al Quwain,____ _____,Cycle2,____ ______,Grade 5,____,Female,____,Resident,100.00%,27
2020-2021,_______ ________,Public,__ _______,Umm Al Quwain,____ _____,Cycle2,____ ______,Grade 5,___,Male,_______,Emirati,100.00%,137
2020-2021,_______ ________,Public,__ _______,Umm Al Quwain,____ _____,Cycle2,____ ______,Grade 5,___,Male,____,Resident,100.00%,31
2020-2021,_______ ________,Public,__ _______,Umm Al Quwain,____ _____,Cycle2,____ ______,Grade 7,____,Female,_______,Emirati,97.75%,222
2020-2021,_______ ________,Public,__ _______,Umm Al Quwain,____ _____,Cycle2,____ ______,Grade 7,____,Female,____,Resident,95.35%,43
2020-2021,_______ ________,Public,__ _______,Umm Al Quwain,____ _____,Cycle2,____ ______,Grade 7,___,Male,_______,Emirati,98.50%,200
2020-2021,_______ ________,Public,__ _______,Umm Al Quwain,____ _____,Cycle2,____ ______,Grade 7,___,Male,____,Resident,100.00%,33
2020-2021,_______ ________,Public,__ _______,Umm Al Quwain,____ _____,Cycle2,____ ______,Grade 6,____,Female,_______,Emirati,99.09%,220
2020-2021,_______ ________,Public,__ _______,Umm Al Quwain,____ _____,Cycle2,____ ______,Grade 6,____,Female,____,Resident,95.56%,45
2020-2021,_______ ________,Public,__ _______,Umm Al Quwain,____ _____,Cycle2,____ ______,Grade 6,___,Male,_______,Emirati,98.05%,205
2020-2021,_______ ________,Public,__ _______,Umm Al Quwain,____ _____,Cycle2,____ ______,Grade 6,___,Male,____,Resident,96.97%,33
2020-2021,_______ ________,Public,___,DUBAI,____ ____,Cycle1,____ _____,Grade 1,____,Female,_______,Emirati,100.00%,933
2020-2021,_______ ________,Public,___,DUBAI,____ ____,Cycle1,____ _____,Grade 1,____,Female,____,Resident,99.31%,144
2020-2021,_______ ________,Public,___,DUBAI,____ ____,Cycle1,____ _____,Grade 1,___,Male,_______,Emirati,99.78%,900
2020-2021,_______ ________,Public,___,DUBAI,____ ____,Cycle1,____ _____,Grade 1,___,Male,____,Resident,99.21%,127
2020-2021,_______ ________,Public,___,DUBAI,____ ____,Cycle1,____ ______,Grade 3,____,Female,_______,Emirati,100.00%,909
2020-2021,_______ ________,Public,___,DUBAI,____ ____,Cycle1,____ ______,Grade 3,____,Female,____,Resident,100.00%,218
2020-2021,_______ ________,Public,___,DUBAI,____ ____,Cycle1,____ ______,Grade 3,___,Male,_______,Emirati,100.00%,921
2020-2021,_______ ________,Public,___,DUBAI,____ ____,Cycle1,____ ______,Grade 3,___,Male,____,Resident,99.49%,198
2020-2021,_______ ________,Public,___,DUBAI,____ ____,Cycle1,____ ______,Grade 2,____,Female,_______,Emirati,99.89%,901
2020-2021,_______ ________,Public,___,DUBAI,____ ____,Cycle1,____ ______,Grade 2,____,Female,____,Resident,100.00%,183
2020-2021,_______ ________,Public,___,DUBAI,____ ____,Cycle1,____ ______,Grade 2,___,Male,_______,Emirati,99.76%,832
2020-2021,_______ ________,Public,___,DUBAI,____ ____,Cycle1,____ ______,Grade 2,___,Male,____,Resident,100.00%,187
2020-2021,_______ ________,Public,___,DUBAI,____ ____,Cycle1,____ ______,Grade 4,____,Female,_______,Emirati,99.70%,985
2020-2021,_______ ________,Public,___,DUBAI,____ ____,Cycle1,____ ______,Grade 4,____,Female,____,Resident,100.00%,254
2020-2021,_______ ________,Public,___,DUBAI,____ ____,Cycle1,____ ______,Grade 4,___,Male,_______,Emirati,99.56%,900
2020-2021,_______ ________,Public,___,DUBAI,____ ____,Cycle1,____ ______,Grade 4,___,Male,____,Resident,99.55%,220
2020-2021,_______ ________,Public,___,DUBAI,____ _____,Cycle3,____ ______,Grade 9,____,Female,_______,Emirati,93.33%,1035
2020-2021,_______ ________,Public,___,DUBAI,____ _____,Cycle3,____ ______,Grade 9,____,Female,____,Resident,91.42%,233
2020-2021,_______ ________,Public,___,DUBAI,____ _____,Cycle3,____ ______,Grade 9,___,Male,_______,Emirati,91.16%,826
2020-2021,_______ ________,Public,___,DUBAI,____ _____,Cycle3,____ ______,Grade 9,___,Male,____,Resident,90.86%,186
2020-2021,_______ ________,Public,___,DUBAI,____ _____,Cycle3,____ ______ ___,Grade 12,____,Female,_______,Emirati,98.77%,1056
2020-2021,_______ ________,Public,___,DUBAI,____ _____,Cycle3,____ ______ ___,Grade 12,____,Female,____,Resident,97.90%,238
2020-2021,_______ ________,Public,___,DUBAI,____ _____,Cycle3,____ ______ ___,Grade 12,___,Male,_______,Emirati,99.02%,816
2020-2021,_______ ________,Public,___,DUBAI,____ _____,Cycle3,____ ______ ___,Grade 12,___,Male,____,Resident,98.83%,256
2020-2021,_______ ________,Public,___,DUBAI,____ _____,Cycle3,____ ______ ___,Grade 11,____,Female,_______,Emirati,95.45%,1100
2020-2021,_______ ________,Public,___,DUBAI,____ _____,Cycle3,____ ______ ___,Grade 11,____,Female,____,Resident,94.92%,256
2020-2021,_______ ________,Public,___,DUBAI,____ _____,Cycle3,____ ______ ___,Grade 11,___,Male,_______,Emirati,93.72%,876
2020-2021,_______ ________,Public,___,DUBAI,____ _____,Cycle3,____ ______ ___,Grade 11,___,Male,____,Resident,95.67%,231
2020-2021,_______ ________,Public,___,DUBAI,____ _____,Cycle3,____ ______,Grade 10,____,Female,_______,Emirati,92.49%,1105
2020-2021,_______ ________,Public,___,DUBAI,____ _____,Cycle3,____ ______,Grade 10,____,Female,____,Resident,92.34%,261
2020-2021,_______ ________,Public,___,DUBAI,____ _____,Cycle3,____ ______,Grade 10,___,Male,_______,Emirati,84.88%,992
2020-2021,_______ ________,Public,___,DUBAI,____ _____,Cycle3,____ ______,Grade 10,___,Male,____,Resident,90.15%,274
2020-2021,_______ ________,Public,___,DUBAI,____ _____,Cycle2,____ ______,Grade 8,____,Female,_______,Emirati,93.70%,1016
2020-2021,_______ ________,Public,___,DUBAI,____ _____,Cycle2,____ ______,Grade 8,____,Female,____,Resident,95.49%,244
2020-2021,_______ ________,Public,___,DUBAI,____ _____,Cycle2,____ ______,Grade 8,___,Male,_______,Emirati,92.00%,812
2020-2021,_______ ________,Public,___,DUBAI,____ _____,Cycle2,____ ______,Grade 8,___,Male,____,Resident,92.67%,191
2020-2021,_______ ________,Public,___,DUBAI,____ _____,Cycle2,____ ______,Grade 5,____,Female,_______,Emirati,98.45%,901
2020-2021,_______ ________,Public,___,DUBAI,____ _____,Cycle2,____ ______,Grade 5,____,Female,____,Resident,98.67%,225
2020-2021,_______ ________,Public,___,DUBAI,____ _____,Cycle2,____ ______,Grade 5,___,Male,_______,Emirati,98.47%,720
2020-2021,_______ ________,Public,___,DUBAI,____ _____,Cycle2,____ ______,Grade 5,___,Male,____,Resident,99.47%,188
2020-2021,_______ ________,Public,___,DUBAI,____ _____,Cycle2,____ ______,Grade 7,____,Female,_______,Emirati,95.97%,967
2020-2021,_______ ________,Public,___,DUBAI,____ _____,Cycle2,____ ______,Grade 7,____,Female,____,Resident,95.96%,223
2020-2021,_______ ________,Public,___,DUBAI,____ _____,Cycle2,____ ______,Grade 7,___,Male,_______,Emirati,95.79%,856
2020-2021,_______ ________,Public,___,DUBAI,____ _____,Cycle2,____ ______,Grade 7,___,Male,____,Resident,93.78%,209
2020-2021,_______ ________,Public,___,DUBAI,____ _____,Cycle2,____ ______,Grade 6,____,Female,_______,Emirati,95.63%,938
2020-2021,_______ ________,Public,___,DUBAI,____ _____,Cycle2,____ ______,Grade 6,____,Female,____,Resident,95.67%,231
2020-2021,_______ ________,Public,___,DUBAI,____ _____,Cycle2,____ ______,Grade 6,___,Male,_______,Emirati,97.00%,834
2020-2021,_______ ________,Public,___,DUBAI,____ _____,Cycle2,____ ______,Grade 6,___,Male,____,Resident,94.74%,209
2020-2021,_______ ________,Public,___ ______,Ras Al Khaimah,____ ____,Cycle1,____ _____,Grade 1,____,Female,_______,Emirati,100.00%,1133
2020-2021,_______ ________,Public,___ ______,Ras Al Khaimah,____ ____,Cycle1,____ _____,Grade 1,____,Female,____,Resident,100.00%,45
2020-2021,_______ ________,Public,___ ______,Ras Al Khaimah,____ ____,Cycle1,____ _____,Grade 1,___,Male,_______,Emirati,99.82%,1102
2020-2021,_______ ________,Public,___ ______,Ras Al Khaimah,____ ____,Cycle1,____ _____,Grade 1,___,Male,____,Resident,100.00%,40
2020-2021,_______ ________,Public,___ ______,Ras Al Khaimah,____ ____,Cycle1,____ ______,Grade 3,____,Female,_______,Emirati,100.00%,1235
2020-2021,_______ ________,Public,___ ______,Ras Al Khaimah,____ ____,Cycle1,____ ______,Grade 3,____,Female,____,Resident,100.00%,61
2020-2021,_______ ________,Public,___ ______,Ras Al Khaimah,____ ____,Cycle1,____ ______,Grade 3,___,Male,_______,Emirati,99.91%,1131
2020-2021,_______ ________,Public,___ ______,Ras Al Khaimah,____ ____,Cycle1,____ ______,Grade 3,___,Male,____,Resident,100.00%,63
2020-2021,_______ ________,Public,___ ______,Ras Al Khaimah,____ ____,Cycle1,____ ______,Grade 2,____,Female,_______,Emirati,100.00%,1180
2020-2021,_______ ________,Public,___ ______,Ras Al Khaimah,____ ____,Cycle1,____ ______,Grade 2,____,Female,____,Resident,100.00%,58
2020-2021,_______ ________,Public,___ ______,Ras Al Khaimah,____ ____,Cycle1,____ ______,Grade 2,___,Male,_______,Emirati,100.00%,1131
2020-2021,_______ ________,Public,___ ______,Ras Al Khaimah,____ ____,Cycle1,____ ______,Grade 2,___,Male,____,Resident,100.00%,60
2020-2021,_______ ________,Public,___ ______,Ras Al Khaimah,____ ____,Cycle1,____ ______,Grade 4,____,Female,_______,Emirati,99.92%,1201
2020-2021,_______ ________,Public,___ ______,Ras Al Khaimah,____ ____,Cycle1,____ ______,Grade 4,____,Female,____,Resident,100.00%,98
2020-2021,_______ ________,Public,___ ______,Ras Al Khaimah,____ ____,Cycle1,____ ______,Grade 4,___,Male,_______,Emirati,100.00%,1208
2020-2021,_______ ________,Public,___ ______,Ras Al Khaimah,____ ____,Cycle1,____ ______,Grade 4,___,Male,____,Resident,100.00%,93
2020-2021,_______ ________,Public,___ ______,Ras Al Khaimah,____ _____,Cycle3,____ ______,Grade 9,____,Female,_______,Emirati,97.75%,1158
2020-2021,_______ ________,Public,___ ______,Ras Al Khaimah,____ _____,Cycle3,____ ______,Grade 9,____,Female,____,Resident,89.71%,68
2020-2021,_______ ________,Public,___ ______,Ras Al Khaimah,____ _____,Cycle3,____ ______,Grade 9,___,Male,_______,Emirati,97.59%,1077
2020-2021,_______ ________,Public,___ ______,Ras Al Khaimah,____ _____,Cycle3,____ ______,Grade 9,___,Male,____,Resident,95.24%,84
2020-2021,_______ ________,Public,___ ______,Ras Al Khaimah,____ _____,Cycle3,____ ______ ___,Grade 12,____,Female,_______,Emirati,99.91%,1098
2020-2021,_______ ________,Public,___ ______,Ras Al Khaimah,____ _____,Cycle3,____ ______ ___,Grade 12,____,Female,____,Resident,99.07%,108
2020-2021,_______ ________,Public,___ ______,Ras Al Khaimah,____ _____,Cycle3,____ ______ ___,Grade 12,___,Male,_______,Emirati,99.82%,1100
2020-2021,_______ ________,Public,___ ______,Ras Al Khaimah,____ _____,Cycle3,____ ______ ___,Grade 12,___,Male,____,Resident,100.00%,137
2020-2021,_______ ________,Public,___ ______,Ras Al Khaimah,____ _____,Cycle3,____ ______ ___,Grade 11,____,Female,_______,Emirati,98.93%,1124
2020-2021,_______ ________,Public,___ ______,Ras Al Khaimah,____ _____,Cycle3,____ ______ ___,Grade 11,____,Female,____,Resident,96.70%,91
2020-2021,_______ ________,Public,___ ______,Ras Al Khaimah,____ _____,Cycle3,____ ______ ___,Grade 11,___,Male,_______,Emirati,97.29%,1255
2020-2021,_______ ________,Public,___ ______,Ras Al Khaimah,____ _____,Cycle3,____ ______ ___,Grade 11,___,Male,____,Resident,99.21%,126
2020-2021,_______ ________,Public,___ ______,Ras Al Khaimah,____ _____,Cycle3,____ ______,Grade 10,____,Female,_______,Emirati,97.05%,1185
2020-2021,_______ ________,Public,___ ______,Ras Al Khaimah,____ _____,Cycle3,____ ______,Grade 10,____,Female,____,Resident,97.47%,79
2020-2021,_______ ________,Public,___ ______,Ras Al Khaimah,____ _____,Cycle3,____ ______,Grade 10,___,Male,_______,Emirati,94.91%,1179
2020-2021,_______ ________,Public,___ ______,Ras Al Khaimah,____ _____,Cycle3,____ ______,Grade 10,___,Male,____,Resident,94.96%,119
2020-2021,_______ ________,Public,___ ______,Ras Al Khaimah,____ _____,Cycle2,____ ______,Grade 8,____,Female,_______,Emirati,98.65%,1182
2020-2021,_______ ________,Public,___ ______,Ras Al Khaimah,____ _____,Cycle2,____ ______,Grade 8,____,Female,____,Resident,97.83%,92
2020-2021,_______ ________,Public,___ ______,Ras Al Khaimah,____ _____,Cycle2,____ ______,Grade 8,___,Male,_______,Emirati,98.96%,1254
2020-2021,_______ ________,Public,___ ______,Ras Al Khaimah,____ _____,Cycle2,____ ______,Grade 8,___,Male,____,Resident,100.00%,113
2020-2021,_______ ________,Public,___ ______,Ras Al Khaimah,____ _____,Cycle2,____ ______,Grade 5,____,Female,_______,Emirati,99.70%,984
2020-2021,_______ ________,Public,___ ______,Ras Al Khaimah,____ _____,Cycle2,____ ______,Grade 5,____,Female,____,Resident,98.81%,84
2020-2021,_______ ________,Public,___ ______,Ras Al Khaimah,____ _____,Cycle2,____ ______,Grade 5,___,Male,_______,Emirati,99.72%,1072
2020-2021,_______ ________,Public,___ ______,Ras Al Khaimah,____ _____,Cycle2,____ ______,Grade 5,___,Male,____,Resident,98.96%,96
2020-2021,_______ ________,Public,___ ______,Ras Al Khaimah,____ _____,Cycle2,____ ______,Grade 7,____,Female,_______,Emirati,98.33%,1198
2020-2021,_______ ________,Public,___ ______,Ras Al Khaimah,____ _____,Cycle2,____ ______,Grade 7,____,Female,____,Resident,100.00%,84
2020-2021,_______ ________,Public,___ ______,Ras Al Khaimah,____ _____,Cycle2,____ ______,Grade 7,___,Male,_______,Emirati,99.11%,1242
2020-2021,_______ ________,Public,___ ______,Ras Al Khaimah,____ _____,Cycle2,____ ______,Grade 7,___,Male,____,Resident,100.00%,77
2020-2021,_______ ________,Public,___ ______,Ras Al Khaimah,____ _____,Cycle2,____ ______,Grade 6,____,Female,_______,Emirati,99.14%,1282
2020-2021,_______ ________,Public,___ ______,Ras Al Khaimah,____ _____,Cycle2,____ ______,Grade 6,____,Female,____,Resident,97.94%,97
2020-2021,_______ ________,Public,___ ______,Ras Al Khaimah,____ _____,Cycle2,____ ______,Grade 6,___,Male,_______,Emirati,99.85%,1291
2020-2021,_______ ________,Public,___ ______,Ras Al Khaimah,____ _____,Cycle2,____ ______,Grade 6,___,Male,____,Resident,100.00%,88
2020-2021,_______ ________,Public,_____,AJMAN,____ ____,Cycle1,____ _____,Grade 1,____,Female,_______,Emirati,99.81%,533
2020-2021,_______ ________,Public,_____,AJMAN,____ ____,Cycle1,____ _____,Grade 1,____,Female,____,Resident,100.00%,98
2020-2021,_______ ________,Public,_____,AJMAN,____ ____,Cycle1,____ _____,Grade 1,___,Male,_______,Emirati,100.00%,498
2020-2021,_______ ________,Public,_____,AJMAN,____ ____,Cycle1,____ _____,Grade 1,___,Male,____,Resident,100.00%,94
2020-2021,_______ ________,Public,_____,AJMAN,____ ____,Cycle1,____ ______,Grade 3,____,Female,_______,Emirati,99.79%,482
2020-2021,_______ ________,Public,_____,AJMAN,____ ____,Cycle1,____ ______,Grade 3,____,Female,____,Resident,100.00%,119
2020-2021,_______ ________,Public,_____,AJMAN,____ ____,Cycle1,____ ______,Grade 3,___,Male,_______,Emirati,99.80%,501
2020-2021,_______ ________,Public,_____,AJMAN,____ ____,Cycle1,____ ______,Grade 3,___,Male,____,Resident,100.00%,124
2020-2021,_______ ________,Public,_____,AJMAN,____ ____,Cycle1,____ ______,Grade 2,____,Female,_______,Emirati,100.00%,520
2020-2021,_______ ________,Public,_____,AJMAN,____ ____,Cycle1,____ ______,Grade 2,____,Female,____,Resident,100.00%,121
2020-2021,_______ ________,Public,_____,AJMAN,____ ____,Cycle1,____ ______,Grade 2,___,Male,_______,Emirati,99.79%,482
2020-2021,_______ ________,Public,_____,AJMAN,____ ____,Cycle1,____ ______,Grade 2,___,Male,____,Resident,100.00%,130
2020-2021,_______ ________,Public,_____,AJMAN,____ ____,Cycle1,____ ______,Grade 4,____,Female,_______,Emirati,100.00%,487
2020-2021,_______ ________,Public,_____,AJMAN,____ ____,Cycle1,____ ______,Grade 4,____,Female,____,Resident,98.82%,169
2020-2021,_______ ________,Public,_____,AJMAN,____ ____,Cycle1,____ ______,Grade 4,___,Male,_______,Emirati,100.00%,527
2020-2021,_______ ________,Public,_____,AJMAN,____ ____,Cycle1,____ ______,Grade 4,___,Male,____,Resident,99.39%,164
2020-2021,_______ ________,Public,_____,AJMAN,____ _____,Cycle3,____ ______,Grade 9,____,Female,_______,Emirati,94.19%,465
2020-2021,_______ ________,Public,_____,AJMAN,____ _____,Cycle3,____ ______,Grade 9,____,Female,____,Resident,95.63%,160
2020-2021,_______ ________,Public,_____,AJMAN,____ _____,Cycle3,____ ______,Grade 9,___,Male,_______,Emirati,93.30%,418
2020-2021,_______ ________,Public,_____,AJMAN,____ _____,Cycle3,____ ______,Grade 9,___,Male,____,Resident,94.44%,144
2020-2021,_______ ________,Public,_____,AJMAN,____ _____,Cycle3,____ ______ ___,Grade 12,____,Female,_______,Emirati,98.77%,407
2020-2021,_______ ________,Public,_____,AJMAN,____ _____,Cycle3,____ ______ ___,Grade 12,____,Female,____,Resident,99.34%,152
2020-2021,_______ ________,Public,_____,AJMAN,____ _____,Cycle3,____ ______ ___,Grade 12,___,Male,_______,Emirati,97.63%,338
2020-2021,_______ ________,Public,_____,AJMAN,____ _____,Cycle3,____ ______ ___,Grade 12,___,Male,____,Resident,99.24%,132
2020-2021,_______ ________,Public,_____,AJMAN,____ _____,Cycle3,____ ______ ___,Grade 11,____,Female,_______,Emirati,96.87%,447
2020-2021,_______ ________,Public,_____,AJMAN,____ _____,Cycle3,____ ______ ___,Grade 11,____,Female,____,Resident,96.70%,182
2020-2021,_______ ________,Public,_____,AJMAN,____ _____,Cycle3,____ ______ ___,Grade 11,___,Male,_______,Emirati,97.64%,381
2020-2021,_______ ________,Public,_____,AJMAN,____ _____,Cycle3,____ ______ ___,Grade 11,___,Male,____,Resident,97.20%,143
2020-2021,_______ ________,Public,_____,AJMAN,____ _____,Cycle3,____ ______,Grade 10,____,Female,_______,Emirati,94.01%,401
2020-2021,_______ ________,Public,_____,AJMAN,____ _____,Cycle3,____ ______,Grade 10,____,Female,____,Resident,92.95%,156
2020-2021,_______ ________,Public,_____,AJMAN,____ _____,Cycle3,____ ______,Grade 10,___,Male,_______,Emirati,91.37%,371
2020-2021,_______ ________,Public,_____,AJMAN,____ _____,Cycle3,____ ______,Grade 10,___,Male,____,Resident,91.94%,124
2020-2021,_______ ________,Public,_____,AJMAN,____ _____,Cycle2,____ ______,Grade 8,____,Female,_______,Emirati,96.69%,635
2020-2021,_______ ________,Public,_____,AJMAN,____ _____,Cycle2,____ ______,Grade 8,____,Female,____,Resident,98.82%,170
2020-2021,_______ ________,Public,_____,AJMAN,____ _____,Cycle2,____ ______,Grade 8,___,Male,_______,Emirati,94.39%,553
2020-2021,_______ ________,Public,_____,AJMAN,____ _____,Cycle2,____ ______,Grade 8,___,Male,____,Resident,95.35%,172
2020-2021,_______ ________,Public,_____,AJMAN,____ _____,Cycle2,____ ______,Grade 5,____,Female,_______,Emirati,98.83%,511
2020-2021,_______ ________,Public,_____,AJMAN,____ _____,Cycle2,____ ______,Grade 5,____,Female,____,Resident,100.00%,175
2020-2021,_______ ________,Public,_____,AJMAN,____ _____,Cycle2,____ ______,Grade 5,___,Male,_______,Emirati,99.18%,490
2020-2021,_______ ________,Public,_____,AJMAN,____ _____,Cycle2,____ ______,Grade 5,___,Male,____,Resident,99.47%,188
2020-2021,_______ ________,Public,_____,AJMAN,____ _____,Cycle2,____ ______,Grade 7,____,Female,_______,Emirati,97.49%,638
2020-2021,_______ ________,Public,_____,AJMAN,____ _____,Cycle2,____ ______,Grade 7,____,Female,____,Resident,98.26%,172
2020-2021,_______ ________,Public,_____,AJMAN,____ _____,Cycle2,____ ______,Grade 7,___,Male,_______,Emirati,97.99%,546
2020-2021,_______ ________,Public,_____,AJMAN,____ _____,Cycle2,____ ______,Grade 7,___,Male,____,Resident,98.29%,175
2020-2021,_______ ________,Public,_____,AJMAN,____ _____,Cycle2,____ ______,Grade 6,____,Female,_______,Emirati,97.39%,575
2020-2021,_______ ________,Public,_____,AJMAN,____ _____,Cycle2,____ ______,Grade 6,____,Female,____,Resident,97.59%,166
2020-2021,_______ ________,Public,_____,AJMAN,____ _____,Cycle2,____ ______,Grade 6,___,Male,_______,Emirati,97.59%,540
2020-2021,_______ ________,Public,_____,AJMAN,____ _____,Cycle2,____ ______,Grade 6,___,Male,____,Resident,98.24%,170
2020-2021,_______ __________ _________ (ATHS),Applied Technology High School (ATHS),_______,SHARJAH,____ _____,Cycle3,____ ______,Grade 9,___,Male,_______,Emirati,97.30%,74
2020-2021,_______ __________ _________ (ATHS),Applied Technology High School (ATHS),_______,SHARJAH,____ _____,Cycle3,____ ______,Grade 9,___,Male,____,Expat,100.00%,4
2020-2021,_______ __________ _________ (ATHS),Applied Technology High School (ATHS),_______,SHARJAH,____ _____,Cycle3,____ ______ ___,Grade 12,___,Male,_______,Emirati,83.56%,73
2020-2021,_______ __________ _________ (ATHS),Applied Technology High School (ATHS),_______,SHARJAH,____ _____,Cycle3,____ ______ ___,Grade 12,___,Male,____,Expat,100.00%,1
2020-2021,_______ __________ _________ (ATHS),Applied Technology High School (ATHS),_______,SHARJAH,____ _____,Cycle3,____ ______ ___,Grade 11,___,Male,_______,Emirati,95.96%,99
2020-2021,_______ __________ _________ (ATHS),Applied Technology High School (ATHS),_______,SHARJAH,____ _____,Cycle3,____ ______ ___,Grade 11,___,Male,____,Expat,100.00%,4
2020-2021,_______ __________ _________ (ATHS),Applied Technology High School (ATHS),_______,SHARJAH,____ _____,Cycle3,____ ______,Grade 10,___,Male,_______,Emirati,100.00%,88
2020-2021,_______ __________ _________ (ATHS),Applied Technology High School (ATHS),_______,SHARJAH,____ _____,Cycle3,____ ______,Grade 10,___,Male,____,Expat,100.00%,3
2020-2021,_______ __________ _________ (ATHS),Applied Technology High School (ATHS),_______,AL FUJAIRAH,____ _____,Cycle3,____ ______,Grade 9,___,Male,_______,Emirati,100.00%,86
2020-2021,_______ __________ _________ (ATHS),Applied Technology High School (ATHS),_______,AL FUJAIRAH,____ _____,Cycle3,____ ______ ___,Grade 12,___,Male,_______,Emirati,100.00%,89
2020-2021,_______ __________ _________ (ATHS),Applied Technology High School (ATHS),_______,AL FUJAIRAH,____ _____,Cycle3,____ ______ ___,Grade 11,___,Male,_______,Emirati,98.85%,87
2020-2021,_______ __________ _________ (ATHS),Applied Technology High School (ATHS),_______,AL FUJAIRAH,____ _____,Cycle3,____ ______ ___,Grade 11,___,Male,____,Expat,100.00%,2
2020-2021,_______ __________ _________ (ATHS),Applied Technology High School (ATHS),_______,AL FUJAIRAH,____ _____,Cycle3,____ ______,Grade 10,___,Male,_______,Emirati,100.00%,111
2020-2021,_______ __________ _________ (ATHS),Applied Technology High School (ATHS),_______,AL FUJAIRAH,____ _____,Cycle3,____ ______,Grade 10,___,Male,____,Expat,100.00%,1
2020-2021,_______ __________ _________ (ATHS),Applied Technology High School (ATHS),______,ABU DHABI,____ _____,Cycle3,____ ______,Grade 9,____,Female,_______,Emirati,98.67%,601
2020-2021,_______ __________ _________ (ATHS),Applied Technology High School (ATHS),______,ABU DHABI,____ _____,Cycle3,____ ______,Grade 9,____,Female,____,Expat,100.00%,20
2020-2021,_______ __________ _________ (ATHS),Applied Technology High School (ATHS),______,ABU DHABI,____ _____,Cycle3,____ ______,Grade 9,___,Male,_______,Emirati,99.31%,577
2020-2021,_______ __________ _________ (ATHS),Applied Technology High School (ATHS),______,ABU DHABI,____ _____,Cycle3,____ ______,Grade 9,___,Male,____,Expat,100.00%,24
2020-2021,_______ __________ _________ (ATHS),Applied Technology High School (ATHS),______,ABU DHABI,____ _____,Cycle3,____ ______ ___,Grade 12,____,Female,_______,Emirati,94.91%,452
2020-2021,_______ __________ _________ (ATHS),Applied Technology High School (ATHS),______,ABU DHABI,____ _____,Cycle3,____ ______ ___,Grade 12,____,Female,____,Expat,100.00%,11
2020-2021,_______ __________ _________ (ATHS),Applied Technology High School (ATHS),______,ABU DHABI,____ _____,Cycle3,____ ______ ___,Grade 12,___,Male,_______,Emirati,97.84%,324
2020-2021,_______ __________ _________ (ATHS),Applied Technology High School (ATHS),______,ABU DHABI,____ _____,Cycle3,____ ______ ___,Grade 12,___,Male,____,Expat,95.00%,20
2020-2021,_______ __________ _________ (ATHS),Applied Technology High School (ATHS),______,ABU DHABI,____ _____,Cycle3,____ ______ ___,Grade 11,____,Female,_______,Emirati,97.34%,602
2020-2021,_______ __________ _________ (ATHS),Applied Technology High School (ATHS),______,ABU DHABI,____ _____,Cycle3,____ ______ ___,Grade 11,____,Female,____,Expat,96.97%,33
2020-2021,_______ __________ _________ (ATHS),Applied Technology High School (ATHS),______,ABU DHABI,____ _____,Cycle3,____ ______ ___,Grade 11,___,Male,_______,Emirati,96.28%,457
2020-2021,_______ __________ _________ (ATHS),Applied Technology High School (ATHS),______,ABU DHABI,____ _____,Cycle3,____ ______ ___,Grade 11,___,Male,____,Expat,95.83%,24
2020-2021,_______ __________ _________ (ATHS),Applied Technology High School (ATHS),______,ABU DHABI,____ _____,Cycle3,____ ______,Grade 10,____,Female,_______,Emirati,98.06%,671
2020-2021,_______ __________ _________ (ATHS),Applied Technology High School (ATHS),______,ABU DHABI,____ _____,Cycle3,____ ______,Grade 10,____,Female,____,Expat,96.15%,26
2020-2021,_______ __________ _________ (ATHS),Applied Technology High School (ATHS),______,ABU DHABI,____ _____,Cycle3,____ ______,Grade 10,___,Male,_______,Emirati,98.65%,593
2020-2021,_______ __________ _________ (ATHS),Applied Technology High School (ATHS),______,ABU DHABI,____ _____,Cycle3,____ ______,Grade 10,___,Male,____,Expat,100.00%,40
2020-2021,_______ __________ _________ (ATHS),Applied Technology High School (ATHS),______,ABU DHABI,____ _____,Cycle2,____ ______,Grade 8,____,Female,_______,Emirati,98.74%,317
2020-2021,_______ __________ _________ (ATHS),Applied Technology High School (ATHS),______,ABU DHABI,____ _____,Cycle2,____ ______,Grade 8,____,Female,____,Expat,100.00%,6
2020-2021,_______ __________ _________ (ATHS),Applied Technology High School (ATHS),______,ABU DHABI,____ _____,Cycle2,____ ______,Grade 8,___,Male,_______,Emirati,96.05%,228
2020-2021,_______ __________ _________ (ATHS),Applied Technology High School (ATHS),______,ABU DHABI,____ _____,Cycle2,____ ______,Grade 8,___,Male,____,Expat,100.00%,7
2020-2021,_______ __________ _________ (ATHS),Applied Technology High School (ATHS),______,ABU DHABI,____ _____,Cycle2,____ ______,Grade 7,____,Female,_______,Emirati,98.85%,260
2020-2021,_______ __________ _________ (ATHS),Applied Technology High School (ATHS),______,ABU DHABI,____ _____,Cycle2,____ ______,Grade 7,____,Female,____,Expat,100.00%,4
2020-2021,_______ __________ _________ (ATHS),Applied Technology High School (ATHS),______,ABU DHABI,____ _____,Cycle2,____ ______,Grade 7,___,Male,_______,Emirati,93.22%,236
2020-2021,_______ __________ _________ (ATHS),Applied Technology High School (ATHS),______,ABU DHABI,____ _____,Cycle2,____ ______,Grade 7,___,Male,____,Expat,100.00%,8
2020-2021,_______ __________ _________ (ATHS),Applied Technology High School (ATHS),______,ABU DHABI,____ _____,Cycle2,____ ______,Grade 6,____,Female,_______,Emirati,100.00%,213
2020-2021,_______ __________ _________ (ATHS),Applied Technology High School (ATHS),______,ABU DHABI,____ _____,Cycle2,____ ______,Grade 6,____,Female,____,Expat,100.00%,3
2020-2021,_______ __________ _________ (ATHS),Applied Technology High School (ATHS),______,ABU DHABI,____ _____,Cycle2,____ ______,Grade 6,___,Male,_______,Emirati,100.00%,180
2020-2021,_______ __________ _________ (ATHS),Applied Technology High School (ATHS),______,ABU DHABI,____ _____,Cycle2,____ ______,Grade 6,___,Male,____,Expat,100.00%,10
2020-2021,_______ __________ _________ (ATHS),Applied Technology High School (ATHS),__ _______,Umm Al Quwain,____ _____,Cycle3,____ ______,Grade 9,____,Female,_______,Emirati,100.00%,74
2020-2021,_______ __________ _________ (ATHS),Applied Technology High School (ATHS),__ _______,Umm Al Quwain,____ _____,Cycle3,____ ______,Grade 9,____,Female,____,Expat,100.00%,3
2020-2021,_______ __________ _________ (ATHS),Applied Technology High School (ATHS),__ _______,Umm Al Quwain,____ _____,Cycle3,____ ______,Grade 9,___,Male,_______,Emirati,100.00%,32
2020-2021,_______ __________ _________ (ATHS),Applied Technology High School (ATHS),__ _______,Umm Al Quwain,____ _____,Cycle3,____ ______ ___,Grade 12,____,Female,_______,Emirati,100.00%,55
2020-2021,_______ __________ _________ (ATHS),Applied Technology High School (ATHS),__ _______,Umm Al Quwain,____ _____,Cycle3,____ ______ ___,Grade 12,____,Female,____,Expat,100.00%,1
2020-2021,_______ __________ _________ (ATHS),Applied Technology High School (ATHS),__ _______,Umm Al Quwain,____ _____,Cycle3,____ ______ ___,Grade 12,___,Male,_______,Emirati,100.00%,12
2020-2021,_______ __________ _________ (ATHS),Applied Technology High School (ATHS),__ _______,Umm Al Quwain,____ _____,Cycle3,____ ______ ___,Grade 11,____,Female,_______,Emirati,100.00%,57
2020-2021,_______ __________ _________ (ATHS),Applied Technology High School (ATHS),__ _______,Umm Al Quwain,____ _____,Cycle3,____ ______ ___,Grade 11,___,Male,_______,Emirati,100.00%,28
2020-2021,_______ __________ _________ (ATHS),Applied Technology High School (ATHS),__ _______,Umm Al Quwain,____ _____,Cycle3,____ ______ ___,Grade 11,___,Male,____,Expat,100.00%,1
2020-2021,_______ __________ _________ (ATHS),Applied Technology High School (ATHS),__ _______,Umm Al Quwain,____ _____,Cycle3,____ ______,Grade 10,____,Female,_______,Emirati,100.00%,88
2020-2021,_______ __________ _________ (ATHS),Applied Technology High School (ATHS),__ _______,Umm Al Quwain,____ _____,Cycle3,____ ______,Grade 10,____,Female,____,Expat,100.00%,2
2020-2021,_______ __________ _________ (ATHS),Applied Technology High School (ATHS),__ _______,Umm Al Quwain,____ _____,Cycle3,____ ______,Grade 10,___,Male,_______,Emirati,100.00%,22
2020-2021,_______ __________ _________ (ATHS),Applied Technology High School (ATHS),__ _______,Umm Al Quwain,____ _____,Cycle3,____ ______,Grade 10,___,Male,____,Expat,100.00%,1
2020-2021,_______ __________ _________ (ATHS),Applied Technology High School (ATHS),___,DUBAI,____ _____,Cycle3,____ ______,Grade 9,___,Male,_______,Emirati,100.00%,129
2020-2021,_______ __________ _________ (ATHS),Applied Technology High School (ATHS),___,DUBAI,____ _____,Cycle3,____ ______,Grade 9,___,Male,____,Expat,87.50%,8
2020-2021,_______ __________ _________ (ATHS),Applied Technology High School (ATHS),___,DUBAI,____ _____,Cycle3,____ ______ ___,Grade 12,___,Male,_______,Emirati,97.14%,105
2020-2021,_______ __________ _________ (ATHS),Applied Technology High School (ATHS),___,DUBAI,____ _____,Cycle3,____ ______ ___,Grade 11,___,Male,_______,Emirati,95.40%,87
2020-2021,_______ __________ _________ (ATHS),Applied Technology High School (ATHS),___,DUBAI,____ _____,Cycle3,____ ______ ___,Grade 11,___,Male,____,Expat,100.00%,4
2020-2021,_______ __________ _________ (ATHS),Applied Technology High School (ATHS),___,DUBAI,____ _____,Cycle3,____ ______,Grade 10,___,Male,_______,Emirati,97.30%,111
2020-2021,_______ __________ _________ (ATHS),Applied Technology High School (ATHS),___,DUBAI,____ _____,Cycle3,____ ______,Grade 10,___,Male,____,Expat,100.00%,6
2020-2021,_______ __________ _________ (ATHS),Applied Technology High School (ATHS),___ ______,Ras Al Khaimah,____ _____,Cycle3,____ ______,Grade 9,___,Male,_______,Emirati,100.00%,119
2020-2021,_______ __________ _________ (ATHS),Applied Technology High School (ATHS),___ ______,Ras Al Khaimah,____ _____,Cycle3,____ ______ ___,Grade 12,___,Male,_______,Emirati,100.00%,107
2020-2021,_______ __________ _________ (ATHS),Applied Technology High School (ATHS),___ ______,Ras Al Khaimah,____ _____,Cycle3,____ ______ ___,Grade 12,___,Male,____,Expat,100.00%,1
2020-2021,_______ __________ _________ (ATHS),Applied Technology High School (ATHS),___ ______,Ras Al Khaimah,____ _____,Cycle3,____ ______ ___,Grade 11,___,Male,_______,Emirati,100.00%,98
2020-2021,_______ __________ _________ (ATHS),Applied Technology High School (ATHS),___ ______,Ras Al Khaimah,____ _____,Cycle3,____ ______ ___,Grade 11,___,Male,____,Expat,100.00%,1
2020-2021,_______ __________ _________ (ATHS),Applied Technology High School (ATHS),___ ______,Ras Al Khaimah,____ _____,Cycle3,____ ______,Grade 10,___,Male,_______,Emirati,100.00%,127
2020-2021,_______ __________ _________ (ATHS),Applied Technology High School (ATHS),___ ______,Ras Al Khaimah,____ _____,Cycle3,____ ______,Grade 10,___,Male,____,Expat,100.00%,1
2020-2021,_______ __________ _________ (ATHS),Applied Technology High School (ATHS),_____,AJMAN,____ _____,Cycle3,____ ______,Grade 9,____,Female,_______,Emirati,100.00%,143
2020-2021,_______ __________ _________ (ATHS),Applied Technology High School (ATHS),_____,AJMAN,____ _____,Cycle3,____ ______,Grade 9,____,Female,____,Expat,100.00%,7
2020-2021,_______ __________ _________ (ATHS),Applied Technology High School (ATHS),_____,AJMAN,____ _____,Cycle3,____ ______,Grade 9,___,Male,_______,Emirati,100.00%,93
2020-2021,_______ __________ _________ (ATHS),Applied Technology High School (ATHS),_____,AJMAN,____ _____,Cycle3,____ ______,Grade 9,___,Male,____,Expat,100.00%,4
2020-2021,_______ __________ _________ (ATHS),Applied Technology High School (ATHS),_____,AJMAN,____ _____,Cycle3,____ ______ ___,Grade 12,____,Female,_______,Emirati,97.35%,113
2020-2021,_______ __________ _________ (ATHS),Applied Technology High School (ATHS),_____,AJMAN,____ _____,Cycle3,____ ______ ___,Grade 12,____,Female,____,Expat,100.00%,5
2020-2021,_______ __________ _________ (ATHS),Applied Technology High School (ATHS),_____,AJMAN,____ _____,Cycle3,____ ______ ___,Grade 12,___,Male,_______,Emirati,98.78%,82
2020-2021,_______ __________ _________ (ATHS),Applied Technology High School (ATHS),_____,AJMAN,____ _____,Cycle3,____ ______ ___,Grade 12,___,Male,____,Expat,100.00%,2
2020-2021,_______ __________ _________ (ATHS),Applied Technology High School (ATHS),_____,AJMAN,____ _____,Cycle3,____ ______ ___,Grade 11,____,Female,_______,Emirati,98.77%,163
2020-2021,_______ __________ _________ (ATHS),Applied Technology High School (ATHS),_____,AJMAN,____ _____,Cycle3,____ ______ ___,Grade 11,____,Female,____,Expat,100.00%,2
2020-2021,_______ __________ _________ (ATHS),Applied Technology High School (ATHS),_____,AJMAN,____ _____,Cycle3,____ ______ ___,Grade 11,___,Male,_______,Emirati,98.70%,77
2020-2021,_______ __________ _________ (ATHS),Applied Technology High School (ATHS),_____,AJMAN,____ _____,Cycle3,____ ______,Grade 10,____,Female,_______,Emirati,100.00%,206
2020-2021,_______ __________ _________ (ATHS),Applied Technology High School (ATHS),_____,AJMAN,____ _____,Cycle3,____ ______,Grade 10,____,Female,____,Expat,100.00%,2
2020-2021,_______ __________ _________ (ATHS),Applied Technology High School (ATHS),_____,AJMAN,____ _____,Cycle3,____ ______,Grade 10,___,Male,_______,Emirati,99.15%,117
2020-2021,_______ __________ _________ (ATHS),Applied Technology High School (ATHS),_____,AJMAN,____ _____,Cycle3,____ ______,Grade 10,___,Male,____,Expat,100.00%,1
2020-2021,_____ ______ _____ _____,Private Schools MOE Curriculum,_______,SHARJAH,____ ____,Cycle1,____ _____,Grade 1,____,Female,_______,Emirati,100.00%,36
2020-2021,_____ ______ _____ _____,Private Schools MOE Curriculum,_______,SHARJAH,____ ____,Cycle1,____ _____,Grade 1,____,Female,____,Expat,98.89%,1168
2020-2021,_____ ______ _____ _____,Private Schools MOE Curriculum,_______,SHARJAH,____ ____,Cycle1,____ _____,Grade 1,___,Male,_______,Emirati,100.00%,57
2020-2021,_____ ______ _____ _____,Private Schools MOE Curriculum,_______,SHARJAH,____ ____,Cycle1,____ _____,Grade 1,___,Male,____,Expat,99.64%,1110
2020-2021,_____ ______ _____ _____,Private Schools MOE Curriculum,_______,SHARJAH,____ ____,Cycle1,____ ______,Grade 3,____,Female,_______,Emirati,100.00%,33
2020-2021,_____ ______ _____ _____,Private Schools MOE Curriculum,_______,SHARJAH,____ ____,Cycle1,____ ______,Grade 3,____,Female,____,Expat,99.84%,1215
2020-2021,_____ ______ _____ _____,Private Schools MOE Curriculum,_______,SHARJAH,____ ____,Cycle1,____ ______,Grade 3,___,Male,_______,Emirati,100.00%,50
2020-2021,_____ ______ _____ _____,Private Schools MOE Curriculum,_______,SHARJAH,____ ____,Cycle1,____ ______,Grade 3,___,Male,____,Expat,100.00%,1185
2020-2021,_____ ______ _____ _____,Private Schools MOE Curriculum,_______,SHARJAH,____ ____,Cycle1,____ ______,Grade 2,____,Female,_______,Emirati,100.00%,38
2020-2021,_____ ______ _____ _____,Private Schools MOE Curriculum,_______,SHARJAH,____ ____,Cycle1,____ ______,Grade 2,____,Female,____,Expat,99.84%,1227
2020-2021,_____ ______ _____ _____,Private Schools MOE Curriculum,_______,SHARJAH,____ ____,Cycle1,____ ______,Grade 2,___,Male,_______,Emirati,100.00%,55
2020-2021,_____ ______ _____ _____,Private Schools MOE Curriculum,_______,SHARJAH,____ ____,Cycle1,____ ______,Grade 2,___,Male,____,Expat,99.58%,1187
2020-2021,_____ ______ _____ _____,Private Schools MOE Curriculum,_______,SHARJAH,____ ____,Cycle1,____ ______,Grade 4,____,Female,_______,Emirati,100.00%,40
2020-2021,_____ ______ _____ _____,Private Schools MOE Curriculum,_______,SHARJAH,____ ____,Cycle1,____ ______,Grade 4,____,Female,____,Expat,100.00%,1155
2020-2021,_____ ______ _____ _____,Private Schools MOE Curriculum,_______,SHARJAH,____ ____,Cycle1,____ ______,Grade 4,___,Male,_______,Emirati,100.00%,65
2020-2021,_____ ______ _____ _____,Private Schools MOE Curriculum,_______,SHARJAH,____ ____,Cycle1,____ ______,Grade 4,___,Male,____,Expat,99.75%,1191
2020-2021,_____ ______ _____ _____,Private Schools MOE Curriculum,_______,SHARJAH,____ _____,Cycle3,____ ______,Grade 9,____,Female,_______,Emirati,96.30%,27
2020-2021,_____ ______ _____ _____,Private Schools MOE Curriculum,_______,SHARJAH,____ _____,Cycle3,____ ______,Grade 9,____,Female,____,Expat,98.43%,1080
2020-2021,_____ ______ _____ _____,Private Schools MOE Curriculum,_______,SHARJAH,____ _____,Cycle3,____ ______,Grade 9,___,Male,_______,Emirati,94.59%,74
2020-2021,_____ ______ _____ _____,Private Schools MOE Curriculum,_______,SHARJAH,____ _____,Cycle3,____ ______,Grade 9,___,Male,____,Expat,98.37%,1105
2020-2021,_____ ______ _____ _____,Private Schools MOE Curriculum,_______,SHARJAH,____ _____,Cycle3,____ ______ ___,Grade 12,____,Female,_______,Emirati,100.00%,28
2020-2021,_____ ______ _____ _____,Private Schools MOE Curriculum,_______,SHARJAH,____ _____,Cycle3,____ ______ ___,Grade 12,____,Female,____,Expat,99.90%,1008
2020-2021,_____ ______ _____ _____,Private Schools MOE Curriculum,_______,SHARJAH,____ _____,Cycle3,____ ______ ___,Grade 12,___,Male,_______,Emirati,100.00%,56
2020-2021,_____ ______ _____ _____,Private Schools MOE Curriculum,_______,SHARJAH,____ _____,Cycle3,____ ______ ___,Grade 12,___,Male,____,Expat,100.00%,1031
2020-2021,_____ ______ _____ _____,Private Schools MOE Curriculum,_______,SHARJAH,____ _____,Cycle3,____ ______ ___,Grade 11,____,Female,_______,Emirati,100.00%,26
2020-2021,_____ ______ _____ _____,Private Schools MOE Curriculum,_______,SHARJAH,____ _____,Cycle3,____ ______ ___,Grade 11,____,Female,____,Expat,99.40%,1003
2020-2021,_____ ______ _____ _____,Private Schools MOE Curriculum,_______,SHARJAH,____ _____,Cycle3,____ ______ ___,Grade 11,___,Male,_______,Emirati,98.72%,78
2020-2021,_____ ______ _____ _____,Private Schools MOE Curriculum,_______,SHARJAH,____ _____,Cycle3,____ ______ ___,Grade 11,___,Male,____,Expat,99.21%,1016
2020-2021,_____ ______ _____ _____,Private Schools MOE Curriculum,_______,SHARJAH,____ _____,Cycle3,____ ______,Grade 10,____,Female,_______,Emirati,96.55%,29
2020-2021,_____ ______ _____ _____,Private Schools MOE Curriculum,_______,SHARJAH,____ _____,Cycle3,____ ______,Grade 10,____,Female,____,Expat,98.79%,1075
2020-2021,_____ ______ _____ _____,Private Schools MOE Curriculum,_______,SHARJAH,____ _____,Cycle3,____ ______,Grade 10,___,Male,_______,Emirati,98.59%,71
2020-2021,_____ ______ _____ _____,Private Schools MOE Curriculum,_______,SHARJAH,____ _____,Cycle3,____ ______,Grade 10,___,Male,____,Expat,98.08%,1095
2020-2021,_____ ______ _____ _____,Private Schools MOE Curriculum,_______,SHARJAH,____ _____,Cycle2,____ ______,Grade 8,____,Female,_______,Emirati,94.59%,37
2020-2021,_____ ______ _____ _____,Private Schools MOE Curriculum,_______,SHARJAH,____ _____,Cycle2,____ ______,Grade 8,____,Female,____,Expat,97.34%,1089
2020-2021,_____ ______ _____ _____,Private Schools MOE Curriculum,_______,SHARJAH,____ _____,Cycle2,____ ______,Grade 8,___,Male,_______,Emirati,100.00%,64
2020-2021,_____ ______ _____ _____,Private Schools MOE Curriculum,_______,SHARJAH,____ _____,Cycle2,____ ______,Grade 8,___,Male,____,Expat,98.83%,1198
2020-2021,_____ ______ _____ _____,Private Schools MOE Curriculum,_______,SHARJAH,____ _____,Cycle2,____ ______,Grade 5,____,Female,_______,Emirati,100.00%,27
2020-2021,_____ ______ _____ _____,Private Schools MOE Curriculum,_______,SHARJAH,____ _____,Cycle2,____ ______,Grade 5,____,Female,____,Expat,99.71%,1037
2020-2021,_____ ______ _____ _____,Private Schools MOE Curriculum,_______,SHARJAH,____ _____,Cycle2,____ ______,Grade 5,___,Male,_______,Emirati,100.00%,56
2020-2021,_____ ______ _____ _____,Private Schools MOE Curriculum,_______,SHARJAH,____ _____,Cycle2,____ ______,Grade 5,___,Male,____,Expat,99.53%,1069
2020-2021,_____ ______ _____ _____,Private Schools MOE Curriculum,_______,SHARJAH,____ _____,Cycle2,____ ______,Grade 7,____,Female,_______,Emirati,100.00%,35
2020-2021,_____ ______ _____ _____,Private Schools MOE Curriculum,_______,SHARJAH,____ _____,Cycle2,____ ______,Grade 7,____,Female,____,Expat,99.26%,1087
2020-2021,_____ ______ _____ _____,Private Schools MOE Curriculum,_______,SHARJAH,____ _____,Cycle2,____ ______,Grade 7,___,Male,_______,Emirati,97.73%,88
2020-2021,_____ ______ _____ _____,Private Schools MOE Curriculum,_______,SHARJAH,____ _____,Cycle2,____ ______,Grade 7,___,Male,____,Expat,99.01%,1116
2020-2021,_____ ______ _____ _____,Private Schools MOE Curriculum,_______,SHARJAH,____ _____,Cycle2,____ ______,Grade 6,____,Female,_______,Emirati,100.00%,25
2020-2021,_____ ______ _____ _____,Private Schools MOE Curriculum,_______,SHARJAH,____ _____,Cycle2,____ ______,Grade 6,____,Female,____,Expat,98.73%,1025
2020-2021,_____ ______ _____ _____,Private Schools MOE Curriculum,_______,SHARJAH,____ _____,Cycle2,____ ______,Grade 6,___,Male,_______,Emirati,98.53%,68
2020-2021,_____ ______ _____ _____,Private Schools MOE Curriculum,_______,SHARJAH,____ _____,Cycle2,____ ______,Grade 6,___,Male,____,Expat,99.13%,1031
2020-2021,_____ ______ _____ _____,Private Schools MOE Curriculum,______,AL DHAFRA,____ ____,Cycle1,____ _____,Grade 1,____,Female,_______,Emirati,66.67%,3
2020-2021,_____ ______ _____ _____,Private Schools MOE Curriculum,______,AL DHAFRA,____ ____,Cycle1,____ _____,Grade 1,____,Female,____,Expat,94.83%,58
2020-2021,_____ ______ _____ _____,Private Schools MOE Curriculum,______,AL DHAFRA,____ ____,Cycle1,____ _____,Grade 1,___,Male,_______,Emirati,100.00%,1
2020-2021,_____ ______ _____ _____,Private Schools MOE Curriculum,______,AL DHAFRA,____ ____,Cycle1,____ _____,Grade 1,___,Male,____,Expat,98.41%,63
2020-2021,_____ ______ _____ _____,Private Schools MOE Curriculum,______,AL DHAFRA,____ ____,Cycle1,____ ______,Grade 3,____,Female,____,Expat,97.37%,38
2020-2021,_____ ______ _____ _____,Private Schools MOE Curriculum,______,AL DHAFRA,____ ____,Cycle1,____ ______,Grade 3,___,Male,_______,Emirati,100.00%,3
2020-2021,_____ ______ _____ _____,Private Schools MOE Curriculum,______,AL DHAFRA,____ ____,Cycle1,____ ______,Grade 3,___,Male,____,Expat,97.73%,44
2020-2021,_____ ______ _____ _____,Private Schools MOE Curriculum,______,AL DHAFRA,____ ____,Cycle1,____ ______,Grade 2,____,Female,_______,Emirati,100.00%,2
2020-2021,_____ ______ _____ _____,Private Schools MOE Curriculum,______,AL DHAFRA,____ ____,Cycle1,____ ______,Grade 2,____,Female,____,Expat,98.00%,50
2020-2021,_____ ______ _____ _____,Private Schools MOE Curriculum,______,AL DHAFRA,____ ____,Cycle1,____ ______,Grade 2,___,Male,_______,Emirati,100.00%,3
2020-2021,_____ ______ _____ _____,Private Schools MOE Curriculum,______,AL DHAFRA,____ ____,Cycle1,____ ______,Grade 2,___,Male,____,Expat,98.46%,65
2020-2021,_____ ______ _____ _____,Private Schools MOE Curriculum,______,AL DHAFRA,____ ____,Cycle1,____ ______,Grade 4,____,Female,_______,Emirati,100.00%,2
2020-2021,_____ ______ _____ _____,Private Schools MOE Curriculum,______,AL DHAFRA,____ ____,Cycle1,____ ______,Grade 4,____,Female,____,Expat,100.00%,30
2020-2021,_____ ______ _____ _____,Private Schools MOE Curriculum,______,AL DHAFRA,____ ____,Cycle1,____ ______,Grade 4,___,Male,_______,Emirati,100.00%,5
2020-2021,_____ ______ _____ _____,Private Schools MOE Curriculum,______,AL DHAFRA,____ ____,Cycle1,____ ______,Grade 4,___,Male,____,Expat,100.00%,49
2020-2021,_____ ______ _____ _____,Private Schools MOE Curriculum,______,AL DHAFRA,____ _____,Cycle3,____ ______,Grade 9,____,Female,_______,Emirati,0.00%,1
2020-2021,_____ ______ _____ _____,Private Schools MOE Curriculum,______,AL DHAFRA,____ _____,Cycle3,____ ______,Grade 9,____,Female,____,Expat,94.74%,19
2020-2021,_____ ______ _____ _____,Private Schools MOE Curriculum,______,AL DHAFRA,____ _____,Cycle3,____ ______,Grade 9,___,Male,_______,Emirati,100.00%,12
2020-2021,_____ ______ _____ _____,Private Schools MOE Curriculum,______,AL DHAFRA,____ _____,Cycle3,____ ______,Grade 9,___,Male,____,Expat,95.24%,42
2020-2021,_____ ______ _____ _____,Private Schools MOE Curriculum,______,AL DHAFRA,____ _____,Cycle3,____ ______ ___,Grade 12,____,Female,_______,Emirati,100.00%,2
2020-2021,_____ ______ _____ _____,Private Schools MOE Curriculum,______,AL DHAFRA,____ _____,Cycle3,____ ______ ___,Grade 12,____,Female,____,Expat,100.00%,31
2020-2021,_____ ______ _____ _____,Private Schools MOE Curriculum,______,AL DHAFRA,____ _____,Cycle3,____ ______ ___,Grade 12,___,Male,_______,Emirati,100.00%,13
2020-2021,_____ ______ _____ _____,Private Schools MOE Curriculum,______,AL DHAFRA,____ _____,Cycle3,____ ______ ___,Grade 12,___,Male,____,Expat,100.00%,14
2020-2021,_____ ______ _____ _____,Private Schools MOE Curriculum,______,AL DHAFRA,____ _____,Cycle3,____ ______ ___,Grade 11,____,Female,_______,Emirati,100.00%,1
2020-2021,_____ ______ _____ _____,Private Schools MOE Curriculum,______,AL DHAFRA,____ _____,Cycle3,____ ______ ___,Grade 11,____,Female,____,Expat,100.00%,20
2020-2021,_____ ______ _____ _____,Private Schools MOE Curriculum,______,AL DHAFRA,____ _____,Cycle3,____ ______ ___,Grade 11,___,Male,_______,Emirati,92.00%,25
2020-2021,_____ ______ _____ _____,Private Schools MOE Curriculum,______,AL DHAFRA,____ _____,Cycle3,____ ______ ___,Grade 11,___,Male,____,Expat,90.00%,20
2020-2021,_____ ______ _____ _____,Private Schools MOE Curriculum,______,AL DHAFRA,____ _____,Cycle3,____ ______,Grade 10,____,Female,_______,Emirati,100.00%,3
2020-2021,_____ ______ _____ _____,Private Schools MOE Curriculum,______,AL DHAFRA,____ _____,Cycle3,____ ______,Grade 10,____,Female,____,Expat,100.00%,19
2020-2021,_____ ______ _____ _____,Private Schools MOE Curriculum,______,AL DHAFRA,____ _____,Cycle3,____ ______,Grade 10,___,Male,_______,Emirati,94.74%,19
2020-2021,_____ ______ _____ _____,Private Schools MOE Curriculum,______,AL DHAFRA,____ _____,Cycle3,____ ______,Grade 10,___,Male,____,Expat,92.31%,13
2020-2021,_____ ______ _____ _____,Private Schools MOE Curriculum,______,AL DHAFRA,____ _____,Cycle2,____ ______,Grade 8,____,Female,_______,Emirati,100.00%,2
2020-2021,_____ ______ _____ _____,Private Schools MOE Curriculum,______,AL DHAFRA,____ _____,Cycle2,____ ______,Grade 8,____,Female,____,Expat,88.89%,36
2020-2021,_____ ______ _____ _____,Private Schools MOE Curriculum,______,AL DHAFRA,____ _____,Cycle2,____ ______,Grade 8,___,Male,_______,Emirati,100.00%,17
2020-2021,_____ ______ _____ _____,Private Schools MOE Curriculum,______,AL DHAFRA,____ _____,Cycle2,____ ______,Grade 8,___,Male,____,Expat,91.43%,35
2020-2021,_____ ______ _____ _____,Private Schools MOE Curriculum,______,AL DHAFRA,____ _____,Cycle2,____ ______,Grade 5,____,Female,____,Expat,100.00%,19
2020-2021,_____ ______ _____ _____,Private Schools MOE Curriculum,______,AL DHAFRA,____ _____,Cycle2,____ ______,Grade 5,___,Male,_______,Emirati,100.00%,8
2020-2021,_____ ______ _____ _____,Private Schools MOE Curriculum,______,AL DHAFRA,____ _____,Cycle2,____ ______,Grade 5,___,Male,____,Expat,100.00%,45
2020-2021,_____ ______ _____ _____,Private Schools MOE Curriculum,______,AL DHAFRA,____ _____,Cycle2,____ ______,Grade 7,____,Female,_______,Emirati,100.00%,1
2020-2021,_____ ______ _____ _____,Private Schools MOE Curriculum,______,AL DHAFRA,____ _____,Cycle2,____ ______,Grade 7,____,Female,____,Expat,95.83%,24
2020-2021,_____ ______ _____ _____,Private Schools MOE Curriculum,______,AL DHAFRA,____ _____,Cycle2,____ ______,Grade 7,___,Male,_______,Emirati,94.44%,18
2020-2021,_____ ______ _____ _____,Private Schools MOE Curriculum,______,AL DHAFRA,____ _____,Cycle2,____ ______,Grade 7,___,Male,____,Expat,94.12%,51
2020-2021,_____ ______ _____ _____,Private Schools MOE Curriculum,______,AL DHAFRA,____ _____,Cycle2,____ ______,Grade 6,____,Female,_______,Emirati,100.00%,1
2020-2021,_____ ______ _____ _____,Private Schools MOE Curriculum,______,AL DHAFRA,____ _____,Cycle2,____ ______,Grade 6,____,Female,____,Expat,97.06%,34
2020-2021,_____ ______ _____ _____,Private Schools MOE Curriculum,______,AL DHAFRA,____ _____,Cycle2,____ ______,Grade 6,___,Male,_______,Emirati,100.00%,6
2020-2021,_____ ______ _____ _____,Private Schools MOE Curriculum,______,AL DHAFRA,____ _____,Cycle2,____ ______,Grade 6,___,Male,____,Expat,97.56%,41
2020-2021,_____ ______ _____ _____,Private Schools MOE Curriculum,_____,AL AIN,____ ____,Cycle1,____ _____,Grade 1,____,Female,_______,Emirati,100.00%,18
2020-2021,_____ ______ _____ _____,Private Schools MOE Curriculum,_____,AL AIN,____ ____,Cycle1,____ _____,Grade 1,____,Female,____,Expat,99.79%,485
2020-2021,_____ ______ _____ _____,Private Schools MOE Curriculum,_____,AL AIN,____ ____,Cycle1,____ _____,Grade 1,___,Male,_______,Emirati,100.00%,14
2020-2021,_____ ______ _____ _____,Private Schools MOE Curriculum,_____,AL AIN,____ ____,Cycle1,____ _____,Grade 1,___,Male,____,Expat,99.56%,457
2020-2021,_____ ______ _____ _____,Private Schools MOE Curriculum,_____,AL AIN,____ ____,Cycle1,____ ______,Grade 3,____,Female,_______,Emirati,100.00%,10
2020-2021,_____ ______ _____ _____,Private Schools MOE Curriculum,_____,AL AIN,____ ____,Cycle1,____ ______,Grade 3,____,Female,____,Expat,99.78%,446
2020-2021,_____ ______ _____ _____,Private Schools MOE Curriculum,_____,AL AIN,____ ____,Cycle1,____ ______,Grade 3,___,Male,_______,Emirati,100.00%,25
2020-2021,_____ ______ _____ _____,Private Schools MOE Curriculum,_____,AL AIN,____ ____,Cycle1,____ ______,Grade 3,___,Male,____,Expat,100.00%,431
2020-2021,_____ ______ _____ _____,Private Schools MOE Curriculum,_____,AL AIN,____ ____,Cycle1,____ ______,Grade 2,____,Female,_______,Emirati,100.00%,8
2020-2021,_____ ______ _____ _____,Private Schools MOE Curriculum,_____,AL AIN,____ ____,Cycle1,____ ______,Grade 2,____,Female,____,Expat,100.00%,432
2020-2021,_____ ______ _____ _____,Private Schools MOE Curriculum,_____,AL AIN,____ ____,Cycle1,____ ______,Grade 2,___,Male,_______,Emirati,100.00%,19
2020-2021,_____ ______ _____ _____,Private Schools MOE Curriculum,_____,AL AIN,____ ____,Cycle1,____ ______,Grade 2,___,Male,____,Expat,100.00%,481
2020-2021,_____ ______ _____ _____,Private Schools MOE Curriculum,_____,AL AIN,____ ____,Cycle1,____ ______,Grade 4,____,Female,_______,Emirati,100.00%,14
2020-2021,_____ ______ _____ _____,Private Schools MOE Curriculum,_____,AL AIN,____ ____,Cycle1,____ ______,Grade 4,____,Female,____,Expat,100.00%,403
2020-2021,_____ ______ _____ _____,Private Schools MOE Curriculum,_____,AL AIN,____ ____,Cycle1,____ ______,Grade 4,___,Male,_______,Emirati,100.00%,19
2020-2021,_____ ______ _____ _____,Private Schools MOE Curriculum,_____,AL AIN,____ ____,Cycle1,____ ______,Grade 4,___,Male,____,Expat,99.76%,415
2020-2021,_____ ______ _____ _____,Private Schools MOE Curriculum,_____,AL AIN,____ _____,Cycle3,____ ______,Grade 9,____,Female,_______,Emirati,92.59%,27
2020-2021,_____ ______ _____ _____,Private Schools MOE Curriculum,_____,AL AIN,____ _____,Cycle3,____ ______,Grade 9,____,Female,____,Expat,98.73%,395
2020-2021,_____ ______ _____ _____,Private Schools MOE Curriculum,_____,AL AIN,____ _____,Cycle3,____ ______,Grade 9,___,Male,_______,Emirati,94.25%,87
2020-2021,_____ ______ _____ _____,Private Schools MOE Curriculum,_____,AL AIN,____ _____,Cycle3,____ ______,Grade 9,___,Male,____,Expat,97.69%,477
2020-2021,_____ ______ _____ _____,Private Schools MOE Curriculum,_____,AL AIN,____ _____,Cycle3,____ ______ ___,Grade 12,____,Female,_______,Emirati,100.00%,80
2020-2021,_____ ______ _____ _____,Private Schools MOE Curriculum,_____,AL AIN,____ _____,Cycle3,____ ______ ___,Grade 12,____,Female,____,Expat,100.00%,464
2020-2021,_____ ______ _____ _____,Private Schools MOE Curriculum,_____,AL AIN,____ _____,Cycle3,____ ______ ___,Grade 12,___,Male,_______,Emirati,100.00%,223
2020-2021,_____ ______ _____ _____,Private Schools MOE Curriculum,_____,AL AIN,____ _____,Cycle3,____ ______ ___,Grade 12,___,Male,____,Expat,100.00%,528
2020-2021,_____ ______ _____ _____,Private Schools MOE Curriculum,_____,AL AIN,____ _____,Cycle3,____ ______ ___,Grade 11,____,Female,_______,Emirati,100.00%,53
2020-2021,_____ ______ _____ _____,Private Schools MOE Curriculum,_____,AL AIN,____ _____,Cycle3,____ ______ ___,Grade 11,____,Female,____,Expat,99.56%,451
2020-2021,_____ ______ _____ _____,Private Schools MOE Curriculum,_____,AL AIN,____ _____,Cycle3,____ ______ ___,Grade 11,___,Male,_______,Emirati,97.78%,135
2020-2021,_____ ______ _____ _____,Private Schools MOE Curriculum,_____,AL AIN,____ _____,Cycle3,____ ______ ___,Grade 11,___,Male,____,Expat,99.62%,521
2020-2021,_____ ______ _____ _____,Private Schools MOE Curriculum,_____,AL AIN,____ _____,Cycle3,____ ______,Grade 10,____,Female,_______,Emirati,97.30%,37
2020-2021,_____ ______ _____ _____,Private Schools MOE Curriculum,_____,AL AIN,____ _____,Cycle3,____ ______,Grade 10,____,Female,____,Expat,99.36%,471
2020-2021,_____ ______ _____ _____,Private Schools MOE Curriculum,_____,AL AIN,____ _____,Cycle3,____ ______,Grade 10,___,Male,_______,Emirati,98.11%,106
2020-2021,_____ ______ _____ _____,Private Schools MOE Curriculum,_____,AL AIN,____ _____,Cycle3,____ ______,Grade 10,___,Male,____,Expat,99.05%,528
2020-2021,_____ ______ _____ _____,Private Schools MOE Curriculum,_____,AL AIN,____ _____,Cycle2,____ ______,Grade 8,____,Female,_______,Emirati,100.00%,29
2020-2021,_____ ______ _____ _____,Private Schools MOE Curriculum,_____,AL AIN,____ _____,Cycle2,____ ______,Grade 8,____,Female,____,Expat,99.22%,385
2020-2021,_____ ______ _____ _____,Private Schools MOE Curriculum,_____,AL AIN,____ _____,Cycle2,____ ______,Grade 8,___,Male,_______,Emirati,97.01%,67
2020-2021,_____ ______ _____ _____,Private Schools MOE Curriculum,_____,AL AIN,____ _____,Cycle2,____ ______,Grade 8,___,Male,____,Expat,99.59%,485
2020-2021,_____ ______ _____ _____,Private Schools MOE Curriculum,_____,AL AIN,____ _____,Cycle2,____ ______,Grade 5,____,Female,_______,Emirati,100.00%,17
2020-2021,_____ ______ _____ _____,Private Schools MOE Curriculum,_____,AL AIN,____ _____,Cycle2,____ ______,Grade 5,____,Female,____,Expat,99.73%,371
2020-2021,_____ ______ _____ _____,Private Schools MOE Curriculum,_____,AL AIN,____ _____,Cycle2,____ ______,Grade 5,___,Male,_______,Emirati,96.97%,33
2020-2021,_____ ______ _____ _____,Private Schools MOE Curriculum,_____,AL AIN,____ _____,Cycle2,____ ______,Grade 5,___,Male,____,Expat,99.53%,426
2020-2021,_____ ______ _____ _____,Private Schools MOE Curriculum,_____,AL AIN,____ _____,Cycle2,____ ______,Grade 7,____,Female,_______,Emirati,100.00%,27
2020-2021,_____ ______ _____ _____,Private Schools MOE Curriculum,_____,AL AIN,____ _____,Cycle2,____ ______,Grade 7,____,Female,____,Expat,99.72%,353
2020-2021,_____ ______ _____ _____,Private Schools MOE Curriculum,_____,AL AIN,____ _____,Cycle2,____ ______,Grade 7,___,Male,_______,Emirati,100.00%,65
2020-2021,_____ ______ _____ _____,Private Schools MOE Curriculum,_____,AL AIN,____ _____,Cycle2,____ ______,Grade 7,___,Male,____,Expat,99.28%,414
2020-2021,_____ ______ _____ _____,Private Schools MOE Curriculum,_____,AL AIN,____ _____,Cycle2,____ ______,Grade 6,____,Female,_______,Emirati,100.00%,19
2020-2021,_____ ______ _____ _____,Private Schools MOE Curriculum,_____,AL AIN,____ _____,Cycle2,____ ______,Grade 6,____,Female,____,Expat,99.24%,396
2020-2021,_____ ______ _____ _____,Private Schools MOE Curriculum,_____,AL AIN,____ _____,Cycle2,____ ______,Grade 6,___,Male,_______,Emirati,100.00%,69
2020-2021,_____ ______ _____ _____,Private Schools MOE Curriculum,_____,AL AIN,____ _____,Cycle2,____ ______,Grade 6,___,Male,____,Expat,100.00%,368
2020-2021,_____ ______ _____ _____,Private Schools MOE Curriculum,_______,AL FUJAIRAH,____ ____,Cycle1,____ _____,Grade 1,____,Female,_______,Emirati,100.00%,3
2020-2021,_____ ______ _____ _____,Private Schools MOE Curriculum,_______,AL FUJAIRAH,____ ____,Cycle1,____ _____,Grade 1,____,Female,____,Expat,96.49%,114
2020-2021,_____ ______ _____ _____,Private Schools MOE Curriculum,_______,AL FUJAIRAH,____ ____,Cycle1,____ _____,Grade 1,___,Male,_______,Emirati,100.00%,2
2020-2021,_____ ______ _____ _____,Private Schools MOE Curriculum,_______,AL FUJAIRAH,____ ____,Cycle1,____ _____,Grade 1,___,Male,____,Expat,96.03%,126
2020-2021,_____ ______ _____ _____,Private Schools MOE Curriculum,_______,AL FUJAIRAH,____ ____,Cycle1,____ ______,Grade 3,____,Female,_______,Emirati,100.00%,3
2020-2021,_____ ______ _____ _____,Private Schools MOE Curriculum,_______,AL FUJAIRAH,____ ____,Cycle1,____ ______,Grade 3,____,Female,____,Expat,97.41%,116
2020-2021,_____ ______ _____ _____,Private Schools MOE Curriculum,_______,AL FUJAIRAH,____ ____,Cycle1,____ ______,Grade 3,___,Male,_______,Emirati,100.00%,2
2020-2021,_____ ______ _____ _____,Private Schools MOE Curriculum,_______,AL FUJAIRAH,____ ____,Cycle1,____ ______,Grade 3,___,Male,____,Expat,97.39%,115
2020-2021,_____ ______ _____ _____,Private Schools MOE Curriculum,_______,AL FUJAIRAH,____ ____,Cycle1,____ ______,Grade 2,____,Female,_______,Emirati,100.00%,1
2020-2021,_____ ______ _____ _____,Private Schools MOE Curriculum,_______,AL FUJAIRAH,____ ____,Cycle1,____ ______,Grade 2,____,Female,____,Expat,95.00%,120
2020-2021,_____ ______ _____ _____,Private Schools MOE Curriculum,_______,AL FUJAIRAH,____ ____,Cycle1,____ ______,Grade 2,___,Male,_______,Emirati,100.00%,4
2020-2021,_____ ______ _____ _____,Private Schools MOE Curriculum,_______,AL FUJAIRAH,____ ____,Cycle1,____ ______,Grade 2,___,Male,____,Expat,99.07%,107
2020-2021,_____ ______ _____ _____,Private Schools MOE Curriculum,_______,AL FUJAIRAH,____ ____,Cycle1,____ ______,Grade 4,____,Female,_______,Emirati,100.00%,2
2020-2021,_____ ______ _____ _____,Private Schools MOE Curriculum,_______,AL FUJAIRAH,____ ____,Cycle1,____ ______,Grade 4,____,Female,____,Expat,95.00%,100
2020-2021,_____ ______ _____ _____,Private Schools MOE Curriculum,_______,AL FUJAIRAH,____ ____,Cycle1,____ ______,Grade 4,___,Male,_______,Emirati,100.00%,1
2020-2021,_____ ______ _____ _____,Private Schools MOE Curriculum,_______,AL FUJAIRAH,____ ____,Cycle1,____ ______,Grade 4,___,Male,____,Expat,99.09%,110
2020-2021,_____ ______ _____ _____,Private Schools MOE Curriculum,_______,AL FUJAIRAH,____ _____,Cycle3,____ ______,Grade 9,____,Female,____,Expat,97.10%,69
2020-2021,_____ ______ _____ _____,Private Schools MOE Curriculum,_______,AL FUJAIRAH,____ _____,Cycle3,____ ______,Grade 9,___,Male,_______,Emirati,66.67%,3
2020-2021,_____ ______ _____ _____,Private Schools MOE Curriculum,_______,AL FUJAIRAH,____ _____,Cycle3,____ ______,Grade 9,___,Male,____,Expat,94.34%,106
2020-2021,_____ ______ _____ _____,Private Schools MOE Curriculum,_______,AL FUJAIRAH,____ _____,Cycle3,____ ______ ___,Grade 12,____,Female,____,Expat,100.00%,76
2020-2021,_____ ______ _____ _____,Private Schools MOE Curriculum,_______,AL FUJAIRAH,____ _____,Cycle3,____ ______ ___,Grade 12,___,Male,____,Expat,100.00%,70
2020-2021,_____ ______ _____ _____,Private Schools MOE Curriculum,_______,AL FUJAIRAH,____ _____,Cycle3,____ ______ ___,Grade 11,____,Female,_______,Emirati,50.00%,2
2020-2021,_____ ______ _____ _____,Private Schools MOE Curriculum,_______,AL FUJAIRAH,____ _____,Cycle3,____ ______ ___,Grade 11,____,Female,____,Expat,100.00%,67
2020-2021,_____ ______ _____ _____,Private Schools MOE Curriculum,_______,AL FUJAIRAH,____ _____,Cycle3,____ ______ ___,Grade 11,___,Male,____,Expat,97.40%,77
2020-2021,_____ ______ _____ _____,Private Schools MOE Curriculum,_______,AL FUJAIRAH,____ _____,Cycle3,____ ______,Grade 10,____,Female,_______,Emirati,100.00%,2
2020-2021,_____ ______ _____ _____,Private Schools MOE Curriculum,_______,AL FUJAIRAH,____ _____,Cycle3,____ ______,Grade 10,____,Female,____,Expat,96.88%,64
2020-2021,_____ ______ _____ _____,Private Schools MOE Curriculum,_______,AL FUJAIRAH,____ _____,Cycle3,____ ______,Grade 10,___,Male,_______,Emirati,0.00%,2
2020-2021,_____ ______ _____ _____,Private Schools MOE Curriculum,_______,AL FUJAIRAH,____ _____,Cycle3,____ ______,Grade 10,___,Male,____,Expat,94.81%,77
2020-2021,_____ ______ _____ _____,Private Schools MOE Curriculum,_______,AL FUJAIRAH,____ _____,Cycle2,____ ______,Grade 8,____,Female,____,Expat,100.00%,64
2020-2021,_____ ______ _____ _____,Private Schools MOE Curriculum,_______,AL FUJAIRAH,____ _____,Cycle2,____ ______,Grade 8,___,Male,_______,Emirati,100.00%,1
2020-2021,_____ ______ _____ _____,Private Schools MOE Curriculum,_______,AL FUJAIRAH,____ _____,Cycle2,____ ______,Grade 8,___,Male,____,Expat,96.39%,83
2020-2021,_____ ______ _____ _____,Private Schools MOE Curriculum,_______,AL FUJAIRAH,____ _____,Cycle2,____ ______,Grade 5,____,Female,_______,Emirati,50.00%,2
2020-2021,_____ ______ _____ _____,Private Schools MOE Curriculum,_______,AL FUJAIRAH,____ _____,Cycle2,____ ______,Grade 5,____,Female,____,Expat,96.70%,91
2020-2021,_____ ______ _____ _____,Private Schools MOE Curriculum,_______,AL FUJAIRAH,____ _____,Cycle2,____ ______,Grade 5,___,Male,_______,Emirati,100.00%,5
2020-2021,_____ ______ _____ _____,Private Schools MOE Curriculum,_______,AL FUJAIRAH,____ _____,Cycle2,____ ______,Grade 5,___,Male,____,Expat,95.88%,97
2020-2021,_____ ______ _____ _____,Private Schools MOE Curriculum,_______,AL FUJAIRAH,____ _____,Cycle2,____ ______,Grade 7,____,Female,_______,Emirati,100.00%,2
2020-2021,_____ ______ _____ _____,Private Schools MOE Curriculum,_______,AL FUJAIRAH,____ _____,Cycle2,____ ______,Grade 7,____,Female,____,Expat,97.40%,77
2020-2021,_____ ______ _____ _____,Private Schools MOE Curriculum,_______,AL FUJAIRAH,____ _____,Cycle2,____ ______,Grade 7,___,Male,____,Expat,97.94%,97
2020-2021,_____ ______ _____ _____,Private Schools MOE Curriculum,_______,AL FUJAIRAH,____ _____,Cycle2,____ ______,Grade 6,____,Female,____,Expat,97.50%,80
2020-2021,_____ ______ _____ _____,Private Schools MOE Curriculum,_______,AL FUJAIRAH,____ _____,Cycle2,____ ______,Grade 6,___,Male,_______,Emirati,100.00%,2
2020-2021,_____ ______ _____ _____,Private Schools MOE Curriculum,_______,AL FUJAIRAH,____ _____,Cycle2,____ ______,Grade 6,___,Male,____,Expat,94.25%,87
2020-2021,_____ ______ _____ _____,Private Schools MOE Curriculum,______,ABU DHABI,____ ____,Cycle1,____ _____,Grade 1,____,Female,_______,Emirati,100.00%,41
2020-2021,_____ ______ _____ _____,Private Schools MOE Curriculum,______,ABU DHABI,____ ____,Cycle1,____ _____,Grade 1,____,Female,____,Expat,99.74%,1150
2020-2021,_____ ______ _____ _____,Private Schools MOE Curriculum,______,ABU DHABI,____ ____,Cycle1,____ _____,Grade 1,___,Male,_______,Emirati,98.33%,60
2020-2021,_____ ______ _____ _____,Private Schools MOE Curriculum,______,ABU DHABI,____ ____,Cycle1,____ _____,Grade 1,___,Male,____,Expat,99.38%,1138
2020-2021,_____ ______ _____ _____,Private Schools MOE Curriculum,______,ABU DHABI,____ ____,Cycle1,____ ______,Grade 3,____,Female,_______,Emirati,100.00%,62
2020-2021,_____ ______ _____ _____,Private Schools MOE Curriculum,______,ABU DHABI,____ ____,Cycle1,____ ______,Grade 3,____,Female,____,Expat,99.80%,979
2020-2021,_____ ______ _____ _____,Private Schools MOE Curriculum,______,ABU DHABI,____ ____,Cycle1,____ ______,Grade 3,___,Male,_______,Emirati,100.00%,50
2020-2021,_____ ______ _____ _____,Private Schools MOE Curriculum,______,ABU DHABI,____ ____,Cycle1,____ ______,Grade 3,___,Male,____,Expat,100.00%,995
2020-2021,_____ ______ _____ _____,Private Schools MOE Curriculum,______,ABU DHABI,____ ____,Cycle1,____ ______,Grade 2,____,Female,_______,Emirati,100.00%,44
2020-2021,_____ ______ _____ _____,Private Schools MOE Curriculum,______,ABU DHABI,____ ____,Cycle1,____ ______,Grade 2,____,Female,____,Expat,99.80%,1011
2020-2021,_____ ______ _____ _____,Private Schools MOE Curriculum,______,ABU DHABI,____ ____,Cycle1,____ ______,Grade 2,___,Male,_______,Emirati,100.00%,50
2020-2021,_____ ______ _____ _____,Private Schools MOE Curriculum,______,ABU DHABI,____ ____,Cycle1,____ ______,Grade 2,___,Male,____,Expat,99.58%,947
2020-2021,_____ ______ _____ _____,Private Schools MOE Curriculum,______,ABU DHABI,____ ____,Cycle1,____ ______,Grade 4,____,Female,_______,Emirati,100.00%,52
2020-2021,_____ ______ _____ _____,Private Schools MOE Curriculum,______,ABU DHABI,____ ____,Cycle1,____ ______,Grade 4,____,Female,____,Expat,99.54%,864
2020-2021,_____ ______ _____ _____,Private Schools MOE Curriculum,______,ABU DHABI,____ ____,Cycle1,____ ______,Grade 4,___,Male,_______,Emirati,100.00%,63
2020-2021,_____ ______ _____ _____,Private Schools MOE Curriculum,______,ABU DHABI,____ ____,Cycle1,____ ______,Grade 4,___,Male,____,Expat,100.00%,778
2020-2021,_____ ______ _____ _____,Private Schools MOE Curriculum,______,ABU DHABI,____ _____,Cycle3,____ ______,Grade 9,____,Female,_______,Emirati,92.54%,67
2020-2021,_____ ______ _____ _____,Private Schools MOE Curriculum,______,ABU DHABI,____ _____,Cycle3,____ ______,Grade 9,____,Female,____,Expat,98.86%,790
2020-2021,_____ ______ _____ _____,Private Schools MOE Curriculum,______,ABU DHABI,____ _____,Cycle3,____ ______,Grade 9,___,Male,_______,Emirati,89.29%,112
2020-2021,_____ ______ _____ _____,Private Schools MOE Curriculum,______,ABU DHABI,____ _____,Cycle3,____ ______,Grade 9,___,Male,____,Expat,96.93%,749
2020-2021,_____ ______ _____ _____,Private Schools MOE Curriculum,______,ABU DHABI,____ _____,Cycle3,____ ______ ___,Grade 12,____,Female,_______,Emirati,100.00%,105
2020-2021,_____ ______ _____ _____,Private Schools MOE Curriculum,______,ABU DHABI,____ _____,Cycle3,____ ______ ___,Grade 12,____,Female,____,Expat,100.00%,805
2020-2021,_____ ______ _____ _____,Private Schools MOE Curriculum,______,ABU DHABI,____ _____,Cycle3,____ ______ ___,Grade 12,___,Male,_______,Emirati,100.00%,221
2020-2021,_____ ______ _____ _____,Private Schools MOE Curriculum,______,ABU DHABI,____ _____,Cycle3,____ ______ ___,Grade 12,___,Male,____,Expat,99.87%,772
2020-2021,_____ ______ _____ _____,Private Schools MOE Curriculum,______,ABU DHABI,____ _____,Cycle3,____ ______ ___,Grade 11,____,Female,_______,Emirati,94.52%,73
2020-2021,_____ ______ _____ _____,Private Schools MOE Curriculum,______,ABU DHABI,____ _____,Cycle3,____ ______ ___,Grade 11,____,Female,____,Expat,99.86%,706
2020-2021,_____ ______ _____ _____,Private Schools MOE Curriculum,______,ABU DHABI,____ _____,Cycle3,____ ______ ___,Grade 11,___,Male,_______,Emirati,95.86%,169
2020-2021,_____ ______ _____ _____,Private Schools MOE Curriculum,______,ABU DHABI,____ _____,Cycle3,____ ______ ___,Grade 11,___,Male,____,Expat,99.20%,747
2020-2021,_____ ______ _____ _____,Private Schools MOE Curriculum,______,ABU DHABI,____ _____,Cycle3,____ ______,Grade 10,____,Female,_______,Emirati,97.14%,70
2020-2021,_____ ______ _____ _____,Private Schools MOE Curriculum,______,ABU DHABI,____ _____,Cycle3,____ ______,Grade 10,____,Female,____,Expat,99.48%,774
2020-2021,_____ ______ _____ _____,Private Schools MOE Curriculum,______,ABU DHABI,____ _____,Cycle3,____ ______,Grade 10,___,Male,_______,Emirati,94.94%,158
2020-2021,_____ ______ _____ _____,Private Schools MOE Curriculum,______,ABU DHABI,____ _____,Cycle3,____ ______,Grade 10,___,Male,____,Expat,97.81%,732
2020-2021,_____ ______ _____ _____,Private Schools MOE Curriculum,______,ABU DHABI,____ _____,Cycle2,____ ______,Grade 8,____,Female,_______,Emirati,100.00%,59
2020-2021,_____ ______ _____ _____,Private Schools MOE Curriculum,______,ABU DHABI,____ _____,Cycle2,____ ______,Grade 8,____,Female,____,Expat,99.17%,847
2020-2021,_____ ______ _____ _____,Private Schools MOE Curriculum,______,ABU DHABI,____ _____,Cycle2,____ ______,Grade 8,___,Male,_______,Emirati,98.02%,101
2020-2021,_____ ______ _____ _____,Private Schools MOE Curriculum,______,ABU DHABI,____ _____,Cycle2,____ ______,Grade 8,___,Male,____,Expat,98.56%,766
2020-2021,_____ ______ _____ _____,Private Schools MOE Curriculum,______,ABU DHABI,____ _____,Cycle2,____ ______,Grade 5,____,Female,_______,Emirati,98.18%,55
2020-2021,_____ ______ _____ _____,Private Schools MOE Curriculum,______,ABU DHABI,____ _____,Cycle2,____ ______,Grade 5,____,Female,____,Expat,99.50%,796
2020-2021,_____ ______ _____ _____,Private Schools MOE Curriculum,______,ABU DHABI,____ _____,Cycle2,____ ______,Grade 5,___,Male,_______,Emirati,100.00%,56
2020-2021,_____ ______ _____ _____,Private Schools MOE Curriculum,______,ABU DHABI,____ _____,Cycle2,____ ______,Grade 5,___,Male,____,Expat,99.87%,744
2020-2021,_____ ______ _____ _____,Private Schools MOE Curriculum,______,ABU DHABI,____ _____,Cycle2,____ ______,Grade 7,____,Female,_______,Emirati,96.83%,63
2020-2021,_____ ______ _____ _____,Private Schools MOE Curriculum,______,ABU DHABI,____ _____,Cycle2,____ ______,Grade 7,____,Female,____,Expat,99.33%,749
2020-2021,_____ ______ _____ _____,Private Schools MOE Curriculum,______,ABU DHABI,____ _____,Cycle2,____ ______,Grade 7,___,Male,_______,Emirati,98.11%,106
2020-2021,_____ ______ _____ _____,Private Schools MOE Curriculum,______,ABU DHABI,____ _____,Cycle2,____ ______,Grade 7,___,Male,____,Expat,98.73%,707
2020-2021,_____ ______ _____ _____,Private Schools MOE Curriculum,______,ABU DHABI,____ _____,Cycle2,____ ______,Grade 6,____,Female,_______,Emirati,98.46%,65
2020-2021,_____ ______ _____ _____,Private Schools MOE Curriculum,______,ABU DHABI,____ _____,Cycle2,____ ______,Grade 6,____,Female,____,Expat,99.49%,789
2020-2021,_____ ______ _____ _____,Private Schools MOE Curriculum,______,ABU DHABI,____ _____,Cycle2,____ ______,Grade 6,___,Male,_______,Emirati,100.00%,85
2020-2021,_____ ______ _____ _____,Private Schools MOE Curriculum,______,ABU DHABI,____ _____,Cycle2,____ ______,Grade 6,___,Male,____,Expat,99.05%,736
2020-2021,_____ ______ _____ _____,Private Schools MOE Curriculum,__ _______,Umm Al Quwain,____ ____,Cycle1,____ _____,Grade 1,____,Female,_______,Emirati,100.00%,1
2020-2021,_____ ______ _____ _____,Private Schools MOE Curriculum,__ _______,Umm Al Quwain,____ ____,Cycle1,____ _____,Grade 1,____,Female,____,Expat,100.00%,55
2020-2021,_____ ______ _____ _____,Private Schools MOE Curriculum,__ _______,Umm Al Quwain,____ ____,Cycle1,____ _____,Grade 1,___,Male,_______,Emirati,100.00%,2
2020-2021,_____ ______ _____ _____,Private Schools MOE Curriculum,__ _______,Umm Al Quwain,____ ____,Cycle1,____ _____,Grade 1,___,Male,____,Expat,100.00%,52
2020-2021,_____ ______ _____ _____,Private Schools MOE Curriculum,__ _______,Umm Al Quwain,____ ____,Cycle1,____ ______,Grade 3,____,Female,_______,Emirati,100.00%,1
2020-2021,_____ ______ _____ _____,Private Schools MOE Curriculum,__ _______,Umm Al Quwain,____ ____,Cycle1,____ ______,Grade 3,____,Female,____,Expat,100.00%,43
2020-2021,_____ ______ _____ _____,Private Schools MOE Curriculum,__ _______,Umm Al Quwain,____ ____,Cycle1,____ ______,Grade 3,___,Male,_______,Emirati,100.00%,1
2020-2021,_____ ______ _____ _____,Private Schools MOE Curriculum,__ _______,Umm Al Quwain,____ ____,Cycle1,____ ______,Grade 3,___,Male,____,Expat,100.00%,49
2020-2021,_____ ______ _____ _____,Private Schools MOE Curriculum,__ _______,Umm Al Quwain,____ ____,Cycle1,____ ______,Grade 2,____,Female,____,Expat,100.00%,51
2020-2021,_____ ______ _____ _____,Private Schools MOE Curriculum,__ _______,Umm Al Quwain,____ ____,Cycle1,____ ______,Grade 2,___,Male,_______,Emirati,100.00%,2
2020-2021,_____ ______ _____ _____,Private Schools MOE Curriculum,__ _______,Umm Al Quwain,____ ____,Cycle1,____ ______,Grade 2,___,Male,____,Expat,100.00%,45
2020-2021,_____ ______ _____ _____,Private Schools MOE Curriculum,__ _______,Umm Al Quwain,____ ____,Cycle1,____ ______,Grade 4,____,Female,____,Expat,100.00%,53
2020-2021,_____ ______ _____ _____,Private Schools MOE Curriculum,__ _______,Umm Al Quwain,____ ____,Cycle1,____ ______,Grade 4,___,Male,____,Expat,100.00%,26
2020-2021,_____ ______ _____ _____,Private Schools MOE Curriculum,__ _______,Umm Al Quwain,____ _____,Cycle3,____ ______,Grade 9,____,Female,____,Expat,100.00%,35
2020-2021,_____ ______ _____ _____,Private Schools MOE Curriculum,__ _______,Umm Al Quwain,____ _____,Cycle3,____ ______,Grade 9,___,Male,____,Expat,94.87%,39
2020-2021,_____ ______ _____ _____,Private Schools MOE Curriculum,__ _______,Umm Al Quwain,____ _____,Cycle3,____ ______ ___,Grade 12,____,Female,____,Expat,100.00%,40
2020-2021,_____ ______ _____ _____,Private Schools MOE Curriculum,__ _______,Umm Al Quwain,____ _____,Cycle3,____ ______ ___,Grade 11,____,Female,_______,Emirati,100.00%,1
2020-2021,_____ ______ _____ _____,Private Schools MOE Curriculum,__ _______,Umm Al Quwain,____ _____,Cycle3,____ ______ ___,Grade 11,____,Female,____,Expat,100.00%,41
2020-2021,_____ ______ _____ _____,Private Schools MOE Curriculum,__ _______,Umm Al Quwain,____ _____,Cycle3,____ ______ ___,Grade 11,___,Male,____,Expat,100.00%,31
2020-2021,_____ ______ _____ _____,Private Schools MOE Curriculum,__ _______,Umm Al Quwain,____ _____,Cycle3,____ ______,Grade 10,____,Female,_______,Emirati,100.00%,1
2020-2021,_____ ______ _____ _____,Private Schools MOE Curriculum,__ _______,Umm Al Quwain,____ _____,Cycle3,____ ______,Grade 10,____,Female,____,Expat,97.56%,41
2020-2021,_____ ______ _____ _____,Private Schools MOE Curriculum,__ _______,Umm Al Quwain,____ _____,Cycle3,____ ______,Grade 10,___,Male,_______,Emirati,100.00%,1
2020-2021,_____ ______ _____ _____,Private Schools MOE Curriculum,__ _______,Umm Al Quwain,____ _____,Cycle3,____ ______,Grade 10,___,Male,____,Expat,100.00%,46
2020-2021,_____ ______ _____ _____,Private Schools MOE Curriculum,__ _______,Umm Al Quwain,____ _____,Cycle2,____ ______,Grade 8,____,Female,____,Expat,96.77%,31
2020-2021,_____ ______ _____ _____,Private Schools MOE Curriculum,__ _______,Umm Al Quwain,____ _____,Cycle2,____ ______,Grade 8,___,Male,_______,Emirati,0.00%,1
2020-2021,_____ ______ _____ _____,Private Schools MOE Curriculum,__ _______,Umm Al Quwain,____ _____,Cycle2,____ ______,Grade 8,___,Male,____,Expat,100.00%,31
2020-2021,_____ ______ _____ _____,Private Schools MOE Curriculum,__ _______,Umm Al Quwain,____ _____,Cycle2,____ ______,Grade 5,____,Female,_______,Emirati,100.00%,1
2020-2021,_____ ______ _____ _____,Private Schools MOE Curriculum,__ _______,Umm Al Quwain,____ _____,Cycle2,____ ______,Grade 5,____,Female,____,Expat,100.00%,40
2020-2021,_____ ______ _____ _____,Private Schools MOE Curriculum,__ _______,Umm Al Quwain,____ _____,Cycle2,____ ______,Grade 5,___,Male,_______,Emirati,100.00%,2
2020-2021,_____ ______ _____ _____,Private Schools MOE Curriculum,__ _______,Umm Al Quwain,____ _____,Cycle2,____ ______,Grade 5,___,Male,____,Expat,100.00%,44
2020-2021,_____ ______ _____ _____,Private Schools MOE Curriculum,__ _______,Umm Al Quwain,____ _____,Cycle2,____ ______,Grade 7,____,Female,_______,Emirati,100.00%,1
2020-2021,_____ ______ _____ _____,Private Schools MOE Curriculum,__ _______,Umm Al Quwain,____ _____,Cycle2,____ ______,Grade 7,____,Female,____,Expat,100.00%,43
2020-2021,_____ ______ _____ _____,Private Schools MOE Curriculum,__ _______,Umm Al Quwain,____ _____,Cycle2,____ ______,Grade 7,___,Male,_______,Emirati,100.00%,1
2020-2021,_____ ______ _____ _____,Private Schools MOE Curriculum,__ _______,Umm Al Quwain,____ _____,Cycle2,____ ______,Grade 7,___,Male,____,Expat,100.00%,42
2020-2021,_____ ______ _____ _____,Private Schools MOE Curriculum,__ _______,Umm Al Quwain,____ _____,Cycle2,____ ______,Grade 6,____,Female,_______,Emirati,100.00%,1
2020-2021,_____ ______ _____ _____,Private Schools MOE Curriculum,__ _______,Umm Al Quwain,____ _____,Cycle2,____ ______,Grade 6,____,Female,____,Expat,94.12%,34
2020-2021,_____ ______ _____ _____,Private Schools MOE Curriculum,__ _______,Umm Al Quwain,____ _____,Cycle2,____ ______,Grade 6,___,Male,____,Expat,100.00%,39
2020-2021,_____ ______ _____ _____,Private Schools MOE Curriculum,___,DUBAI,____ ____,Cycle1,____ _____,Grade 1,____,Female,_______,Emirati,100.00%,26
2020-2021,_____ ______ _____ _____,Private Schools MOE Curriculum,___,DUBAI,____ ____,Cycle1,____ _____,Grade 1,____,Female,____,Expat,99.26%,406
2020-2021,_____ ______ _____ _____,Private Schools MOE Curriculum,___,DUBAI,____ ____,Cycle1,____ _____,Grade 1,___,Male,_______,Emirati,100.00%,23
2020-2021,_____ ______ _____ _____,Private Schools MOE Curriculum,___,DUBAI,____ ____,Cycle1,____ _____,Grade 1,___,Male,____,Expat,99.49%,396
2020-2021,_____ ______ _____ _____,Private Schools MOE Curriculum,___,DUBAI,____ ____,Cycle1,____ ______,Grade 3,____,Female,_______,Emirati,100.00%,39
2020-2021,_____ ______ _____ _____,Private Schools MOE Curriculum,___,DUBAI,____ ____,Cycle1,____ ______,Grade 3,____,Female,____,Expat,99.22%,515
2020-2021,_____ ______ _____ _____,Private Schools MOE Curriculum,___,DUBAI,____ ____,Cycle1,____ ______,Grade 3,___,Male,_______,Emirati,97.22%,36
2020-2021,_____ ______ _____ _____,Private Schools MOE Curriculum,___,DUBAI,____ ____,Cycle1,____ ______,Grade 3,___,Male,____,Expat,98.32%,475
2020-2021,_____ ______ _____ _____,Private Schools MOE Curriculum,___,DUBAI,____ ____,Cycle1,____ ______,Grade 2,____,Female,_______,Emirati,100.00%,31
2020-2021,_____ ______ _____ _____,Private Schools MOE Curriculum,___,DUBAI,____ ____,Cycle1,____ ______,Grade 2,____,Female,____,Expat,99.56%,454
2020-2021,_____ ______ _____ _____,Private Schools MOE Curriculum,___,DUBAI,____ ____,Cycle1,____ ______,Grade 2,___,Male,_______,Emirati,100.00%,37
2020-2021,_____ ______ _____ _____,Private Schools MOE Curriculum,___,DUBAI,____ ____,Cycle1,____ ______,Grade 2,___,Male,____,Expat,99.37%,477
2020-2021,_____ ______ _____ _____,Private Schools MOE Curriculum,___,DUBAI,____ ____,Cycle1,____ ______,Grade 4,____,Female,_______,Emirati,100.00%,32
2020-2021,_____ ______ _____ _____,Private Schools MOE Curriculum,___,DUBAI,____ ____,Cycle1,____ ______,Grade 4,____,Female,____,Expat,99.79%,466
2020-2021,_____ ______ _____ _____,Private Schools MOE Curriculum,___,DUBAI,____ ____,Cycle1,____ ______,Grade 4,___,Male,_______,Emirati,100.00%,50
2020-2021,_____ ______ _____ _____,Private Schools MOE Curriculum,___,DUBAI,____ ____,Cycle1,____ ______,Grade 4,___,Male,____,Expat,99.09%,440
2020-2021,_____ ______ _____ _____,Private Schools MOE Curriculum,___,DUBAI,____ _____,Cycle3,____ ______,Grade 9,____,Female,_______,Emirati,96.67%,60
2020-2021,_____ ______ _____ _____,Private Schools MOE Curriculum,___,DUBAI,____ _____,Cycle3,____ ______,Grade 9,____,Female,____,Expat,97.83%,552
2020-2021,_____ ______ _____ _____,Private Schools MOE Curriculum,___,DUBAI,____ _____,Cycle3,____ ______,Grade 9,___,Male,_______,Emirati,98.55%,69
2020-2021,_____ ______ _____ _____,Private Schools MOE Curriculum,___,DUBAI,____ _____,Cycle3,____ ______,Grade 9,___,Male,____,Expat,97.62%,505
2020-2021,_____ ______ _____ _____,Private Schools MOE Curriculum,___,DUBAI,____ _____,Cycle3,____ ______ ___,Grade 12,____,Female,_______,Emirati,100.00%,56
2020-2021,_____ ______ _____ _____,Private Schools MOE Curriculum,___,DUBAI,____ _____,Cycle3,____ ______ ___,Grade 12,____,Female,____,Expat,100.00%,491
2020-2021,_____ ______ _____ _____,Private Schools MOE Curriculum,___,DUBAI,____ _____,Cycle3,____ ______ ___,Grade 12,___,Male,_______,Emirati,98.23%,113
2020-2021,_____ ______ _____ _____,Private Schools MOE Curriculum,___,DUBAI,____ _____,Cycle3,____ ______ ___,Grade 12,___,Male,____,Expat,100.00%,533
2020-2021,_____ ______ _____ _____,Private Schools MOE Curriculum,___,DUBAI,____ _____,Cycle3,____ ______ ___,Grade 11,____,Female,_______,Emirati,100.00%,47
2020-2021,_____ ______ _____ _____,Private Schools MOE Curriculum,___,DUBAI,____ _____,Cycle3,____ ______ ___,Grade 11,____,Female,____,Expat,99.60%,499
2020-2021,_____ ______ _____ _____,Private Schools MOE Curriculum,___,DUBAI,____ _____,Cycle3,____ ______ ___,Grade 11,___,Male,_______,Emirati,99.21%,126
2020-2021,_____ ______ _____ _____,Private Schools MOE Curriculum,___,DUBAI,____ _____,Cycle3,____ ______ ___,Grade 11,___,Male,____,Expat,98.46%,585
2020-2021,_____ ______ _____ _____,Private Schools MOE Curriculum,___,DUBAI,____ _____,Cycle3,____ ______,Grade 10,____,Female,_______,Emirati,96.08%,51
2020-2021,_____ ______ _____ _____,Private Schools MOE Curriculum,___,DUBAI,____ _____,Cycle3,____ ______,Grade 10,____,Female,____,Expat,98.87%,532
2020-2021,_____ ______ _____ _____,Private Schools MOE Curriculum,___,DUBAI,____ _____,Cycle3,____ ______,Grade 10,___,Male,_______,Emirati,92.23%,103
2020-2021,_____ ______ _____ _____,Private Schools MOE Curriculum,___,DUBAI,____ _____,Cycle3,____ ______,Grade 10,___,Male,____,Expat,98.43%,636
2020-2021,_____ ______ _____ _____,Private Schools MOE Curriculum,___,DUBAI,____ _____,Cycle2,____ ______,Grade 8,____,Female,_______,Emirati,95.00%,40
2020-2021,_____ ______ _____ _____,Private Schools MOE Curriculum,___,DUBAI,____ _____,Cycle2,____ ______,Grade 8,____,Female,____,Expat,98.33%,420
2020-2021,_____ ______ _____ _____,Private Schools MOE Curriculum,___,DUBAI,____ _____,Cycle2,____ ______,Grade 8,___,Male,_______,Emirati,97.27%,110
2020-2021,_____ ______ _____ _____,Private Schools MOE Curriculum,___,DUBAI,____ _____,Cycle2,____ ______,Grade 8,___,Male,____,Expat,98.31%,474
2020-2021,_____ ______ _____ _____,Private Schools MOE Curriculum,___,DUBAI,____ _____,Cycle2,____ ______,Grade 5,____,Female,_______,Emirati,100.00%,35
2020-2021,_____ ______ _____ _____,Private Schools MOE Curriculum,___,DUBAI,____ _____,Cycle2,____ ______,Grade 5,____,Female,____,Expat,99.27%,413
2020-2021,_____ ______ _____ _____,Private Schools MOE Curriculum,___,DUBAI,____ _____,Cycle2,____ ______,Grade 5,___,Male,_______,Emirati,100.00%,79
2020-2021,_____ ______ _____ _____,Private Schools MOE Curriculum,___,DUBAI,____ _____,Cycle2,____ ______,Grade 5,___,Male,____,Expat,98.67%,450
2020-2021,_____ ______ _____ _____,Private Schools MOE Curriculum,___,DUBAI,____ _____,Cycle2,____ ______,Grade 7,____,Female,_______,Emirati,100.00%,47
2020-2021,_____ ______ _____ _____,Private Schools MOE Curriculum,___,DUBAI,____ _____,Cycle2,____ ______,Grade 7,____,Female,____,Expat,98.12%,426
2020-2021,_____ ______ _____ _____,Private Schools MOE Curriculum,___,DUBAI,____ _____,Cycle2,____ ______,Grade 7,___,Male,_______,Emirati,99.09%,110
2020-2021,_____ ______ _____ _____,Private Schools MOE Curriculum,___,DUBAI,____ _____,Cycle2,____ ______,Grade 7,___,Male,____,Expat,98.56%,485
2020-2021,_____ ______ _____ _____,Private Schools MOE Curriculum,___,DUBAI,____ _____,Cycle2,____ ______,Grade 6,____,Female,_______,Emirati,100.00%,35
2020-2021,_____ ______ _____ _____,Private Schools MOE Curriculum,___,DUBAI,____ _____,Cycle2,____ ______,Grade 6,____,Female,____,Expat,98.79%,413
2020-2021,_____ ______ _____ _____,Private Schools MOE Curriculum,___,DUBAI,____ _____,Cycle2,____ ______,Grade 6,___,Male,_______,Emirati,99.12%,113
2020-2021,_____ ______ _____ _____,Private Schools MOE Curriculum,___,DUBAI,____ _____,Cycle2,____ ______,Grade 6,___,Male,____,Expat,98.91%,460
2020-2021,_____ ______ _____ _____,Private Schools MOE Curriculum,___ ______,Ras Al Khaimah,____ ____,Cycle1,____ _____,Grade 1,____,Female,_______,Emirati,100.00%,50
2020-2021,_____ ______ _____ _____,Private Schools MOE Curriculum,___ ______,Ras Al Khaimah,____ ____,Cycle1,____ _____,Grade 1,____,Female,____,Expat,97.21%,287
2020-2021,_____ ______ _____ _____,Private Schools MOE Curriculum,___ ______,Ras Al Khaimah,____ ____,Cycle1,____ _____,Grade 1,___,Male,_______,Emirati,100.00%,54
2020-2021,_____ ______ _____ _____,Private Schools MOE Curriculum,___ ______,Ras Al Khaimah,____ ____,Cycle1,____ _____,Grade 1,___,Male,____,Expat,97.44%,352
2020-2021,_____ ______ _____ _____,Private Schools MOE Curriculum,___ ______,Ras Al Khaimah,____ ____,Cycle1,____ ______,Grade 3,____,Female,_______,Emirati,100.00%,57
2020-2021,_____ ______ _____ _____,Private Schools MOE Curriculum,___ ______,Ras Al Khaimah,____ ____,Cycle1,____ ______,Grade 3,____,Female,____,Expat,98.31%,296
2020-2021,_____ ______ _____ _____,Private Schools MOE Curriculum,___ ______,Ras Al Khaimah,____ ____,Cycle1,____ ______,Grade 3,___,Male,_______,Emirati,100.00%,66
2020-2021,_____ ______ _____ _____,Private Schools MOE Curriculum,___ ______,Ras Al Khaimah,____ ____,Cycle1,____ ______,Grade 3,___,Male,____,Expat,97.89%,285
2020-2021,_____ ______ _____ _____,Private Schools MOE Curriculum,___ ______,Ras Al Khaimah,____ ____,Cycle1,____ ______,Grade 2,____,Female,_______,Emirati,100.00%,59
2020-2021,_____ ______ _____ _____,Private Schools MOE Curriculum,___ ______,Ras Al Khaimah,____ ____,Cycle1,____ ______,Grade 2,____,Female,____,Expat,98.51%,268
2020-2021,_____ ______ _____ _____,Private Schools MOE Curriculum,___ ______,Ras Al Khaimah,____ ____,Cycle1,____ ______,Grade 2,___,Male,_______,Emirati,100.00%,74
2020-2021,_____ ______ _____ _____,Private Schools MOE Curriculum,___ ______,Ras Al Khaimah,____ ____,Cycle1,____ ______,Grade 2,___,Male,____,Expat,99.02%,306
2020-2021,_____ ______ _____ _____,Private Schools MOE Curriculum,___ ______,Ras Al Khaimah,____ ____,Cycle1,____ ______,Grade 4,____,Female,_______,Emirati,100.00%,59
2020-2021,_____ ______ _____ _____,Private Schools MOE Curriculum,___ ______,Ras Al Khaimah,____ ____,Cycle1,____ ______,Grade 4,____,Female,____,Expat,100.00%,239
2020-2021,_____ ______ _____ _____,Private Schools MOE Curriculum,___ ______,Ras Al Khaimah,____ ____,Cycle1,____ ______,Grade 4,___,Male,_______,Emirati,100.00%,64
2020-2021,_____ ______ _____ _____,Private Schools MOE Curriculum,___ ______,Ras Al Khaimah,____ ____,Cycle1,____ ______,Grade 4,___,Male,____,Expat,100.00%,243
2020-2021,_____ ______ _____ _____,Private Schools MOE Curriculum,___ ______,Ras Al Khaimah,____ _____,Cycle3,____ ______,Grade 9,____,Female,_______,Emirati,97.50%,40
2020-2021,_____ ______ _____ _____,Private Schools MOE Curriculum,___ ______,Ras Al Khaimah,____ _____,Cycle3,____ ______,Grade 9,____,Female,____,Expat,97.03%,236
2020-2021,_____ ______ _____ _____,Private Schools MOE Curriculum,___ ______,Ras Al Khaimah,____ _____,Cycle3,____ ______,Grade 9,___,Male,_______,Emirati,97.62%,42
2020-2021,_____ ______ _____ _____,Private Schools MOE Curriculum,___ ______,Ras Al Khaimah,____ _____,Cycle3,____ ______,Grade 9,___,Male,____,Expat,94.38%,249
2020-2021,_____ ______ _____ _____,Private Schools MOE Curriculum,___ ______,Ras Al Khaimah,____ _____,Cycle3,____ ______ ___,Grade 12,____,Female,_______,Emirati,100.00%,31
2020-2021,_____ ______ _____ _____,Private Schools MOE Curriculum,___ ______,Ras Al Khaimah,____ _____,Cycle3,____ ______ ___,Grade 12,____,Female,____,Expat,100.00%,238
2020-2021,_____ ______ _____ _____,Private Schools MOE Curriculum,___ ______,Ras Al Khaimah,____ _____,Cycle3,____ ______ ___,Grade 12,___,Male,_______,Emirati,100.00%,39
2020-2021,_____ ______ _____ _____,Private Schools MOE Curriculum,___ ______,Ras Al Khaimah,____ _____,Cycle3,____ ______ ___,Grade 12,___,Male,____,Expat,98.60%,214
2020-2021,_____ ______ _____ _____,Private Schools MOE Curriculum,___ ______,Ras Al Khaimah,____ _____,Cycle3,____ ______ ___,Grade 11,____,Female,_______,Emirati,100.00%,29
2020-2021,_____ ______ _____ _____,Private Schools MOE Curriculum,___ ______,Ras Al Khaimah,____ _____,Cycle3,____ ______ ___,Grade 11,____,Female,____,Expat,99.06%,213
2020-2021,_____ ______ _____ _____,Private Schools MOE Curriculum,___ ______,Ras Al Khaimah,____ _____,Cycle3,____ ______ ___,Grade 11,___,Male,_______,Emirati,97.73%,44
2020-2021,_____ ______ _____ _____,Private Schools MOE Curriculum,___ ______,Ras Al Khaimah,____ _____,Cycle3,____ ______ ___,Grade 11,___,Male,____,Expat,97.30%,222
2020-2021,_____ ______ _____ _____,Private Schools MOE Curriculum,___ ______,Ras Al Khaimah,____ _____,Cycle3,____ ______,Grade 10,____,Female,_______,Emirati,100.00%,35
2020-2021,_____ ______ _____ _____,Private Schools MOE Curriculum,___ ______,Ras Al Khaimah,____ _____,Cycle3,____ ______,Grade 10,____,Female,____,Expat,98.79%,248
2020-2021,_____ ______ _____ _____,Private Schools MOE Curriculum,___ ______,Ras Al Khaimah,____ _____,Cycle3,____ ______,Grade 10,___,Male,_______,Emirati,97.30%,37
2020-2021,_____ ______ _____ _____,Private Schools MOE Curriculum,___ ______,Ras Al Khaimah,____ _____,Cycle3,____ ______,Grade 10,___,Male,____,Expat,96.77%,248
2020-2021,_____ ______ _____ _____,Private Schools MOE Curriculum,___ ______,Ras Al Khaimah,____ _____,Cycle2,____ ______,Grade 8,____,Female,_______,Emirati,97.83%,46
2020-2021,_____ ______ _____ _____,Private Schools MOE Curriculum,___ ______,Ras Al Khaimah,____ _____,Cycle2,____ ______,Grade 8,____,Female,____,Expat,98.36%,244
2020-2021,_____ ______ _____ _____,Private Schools MOE Curriculum,___ ______,Ras Al Khaimah,____ _____,Cycle2,____ ______,Grade 8,___,Male,_______,Emirati,100.00%,46
2020-2021,_____ ______ _____ _____,Private Schools MOE Curriculum,___ ______,Ras Al Khaimah,____ _____,Cycle2,____ ______,Grade 8,___,Male,____,Expat,96.86%,223
2020-2021,_____ ______ _____ _____,Private Schools MOE Curriculum,___ ______,Ras Al Khaimah,____ _____,Cycle2,____ ______,Grade 5,____,Female,_______,Emirati,100.00%,49
2020-2021,_____ ______ _____ _____,Private Schools MOE Curriculum,___ ______,Ras Al Khaimah,____ _____,Cycle2,____ ______,Grade 5,____,Female,____,Expat,97.81%,274
2020-2021,_____ ______ _____ _____,Private Schools MOE Curriculum,___ ______,Ras Al Khaimah,____ _____,Cycle2,____ ______,Grade 5,___,Male,_______,Emirati,97.73%,44
2020-2021,_____ ______ _____ _____,Private Schools MOE Curriculum,___ ______,Ras Al Khaimah,____ _____,Cycle2,____ ______,Grade 5,___,Male,____,Expat,98.37%,246
2020-2021,_____ ______ _____ _____,Private Schools MOE Curriculum,___ ______,Ras Al Khaimah,____ _____,Cycle2,____ ______,Grade 7,____,Female,_______,Emirati,100.00%,52
2020-2021,_____ ______ _____ _____,Private Schools MOE Curriculum,___ ______,Ras Al Khaimah,____ _____,Cycle2,____ ______,Grade 7,____,Female,____,Expat,99.60%,250
2020-2021,_____ ______ _____ _____,Private Schools MOE Curriculum,___ ______,Ras Al Khaimah,____ _____,Cycle2,____ ______,Grade 7,___,Male,_______,Emirati,100.00%,40
2020-2021,_____ ______ _____ _____,Private Schools MOE Curriculum,___ ______,Ras Al Khaimah,____ _____,Cycle2,____ ______,Grade 7,___,Male,____,Expat,94.40%,250
2020-2021,_____ ______ _____ _____,Private Schools MOE Curriculum,___ ______,Ras Al Khaimah,____ _____,Cycle2,____ ______,Grade 6,____,Female,_______,Emirati,100.00%,32
2020-2021,_____ ______ _____ _____,Private Schools MOE Curriculum,___ ______,Ras Al Khaimah,____ _____,Cycle2,____ ______,Grade 6,____,Female,____,Expat,98.77%,243
2020-2021,_____ ______ _____ _____,Private Schools MOE Curriculum,___ ______,Ras Al Khaimah,____ _____,Cycle2,____ ______,Grade 6,___,Male,_______,Emirati,100.00%,50
2020-2021,_____ ______ _____ _____,Private Schools MOE Curriculum,___ ______,Ras Al Khaimah,____ _____,Cycle2,____ ______,Grade 6,___,Male,____,Expat,95.97%,248
2020-2021,_____ ______ _____ _____,Private Schools MOE Curriculum,_____,AJMAN,____ ____,Cycle1,____ _____,Grade 1,____,Female,_______,Emirati,100.00%,30
2020-2021,_____ ______ _____ _____,Private Schools MOE Curriculum,_____,AJMAN,____ ____,Cycle1,____ _____,Grade 1,____,Female,____,Expat,99.87%,796
2020-2021,_____ ______ _____ _____,Private Schools MOE Curriculum,_____,AJMAN,____ ____,Cycle1,____ _____,Grade 1,___,Male,_______,Emirati,100.00%,35
2020-2021,_____ ______ _____ _____,Private Schools MOE Curriculum,_____,AJMAN,____ ____,Cycle1,____ _____,Grade 1,___,Male,____,Expat,100.00%,768
2020-2021,_____ ______ _____ _____,Private Schools MOE Curriculum,_____,AJMAN,____ ____,Cycle1,____ ______,Grade 3,____,Female,_______,Emirati,100.00%,21
2020-2021,_____ ______ _____ _____,Private Schools MOE Curriculum,_____,AJMAN,____ ____,Cycle1,____ ______,Grade 3,____,Female,____,Expat,100.00%,801
2020-2021,_____ ______ _____ _____,Private Schools MOE Curriculum,_____,AJMAN,____ ____,Cycle1,____ ______,Grade 3,___,Male,_______,Emirati,100.00%,44
2020-2021,_____ ______ _____ _____,Private Schools MOE Curriculum,_____,AJMAN,____ ____,Cycle1,____ ______,Grade 3,___,Male,____,Expat,100.00%,795
2020-2021,_____ ______ _____ _____,Private Schools MOE Curriculum,_____,AJMAN,____ ____,Cycle1,____ ______,Grade 2,____,Female,_______,Emirati,100.00%,32
2020-2021,_____ ______ _____ _____,Private Schools MOE Curriculum,_____,AJMAN,____ ____,Cycle1,____ ______,Grade 2,____,Female,____,Expat,100.00%,885
2020-2021,_____ ______ _____ _____,Private Schools MOE Curriculum,_____,AJMAN,____ ____,Cycle1,____ ______,Grade 2,___,Male,_______,Emirati,100.00%,39
2020-2021,_____ ______ _____ _____,Private Schools MOE Curriculum,_____,AJMAN,____ ____,Cycle1,____ ______,Grade 2,___,Male,____,Expat,100.00%,872
2020-2021,_____ ______ _____ _____,Private Schools MOE Curriculum,_____,AJMAN,____ ____,Cycle1,____ ______,Grade 4,____,Female,_______,Emirati,100.00%,29
2020-2021,_____ ______ _____ _____,Private Schools MOE Curriculum,_____,AJMAN,____ ____,Cycle1,____ ______,Grade 4,____,Female,____,Expat,99.87%,785
2020-2021,_____ ______ _____ _____,Private Schools MOE Curriculum,_____,AJMAN,____ ____,Cycle1,____ ______,Grade 4,___,Male,_______,Emirati,100.00%,45
2020-2021,_____ ______ _____ _____,Private Schools MOE Curriculum,_____,AJMAN,____ ____,Cycle1,____ ______,Grade 4,___,Male,____,Expat,99.62%,795
2020-2021,_____ ______ _____ _____,Private Schools MOE Curriculum,_____,AJMAN,____ _____,Cycle3,____ ______,Grade 9,____,Female,_______,Emirati,100.00%,15
2020-2021,_____ ______ _____ _____,Private Schools MOE Curriculum,_____,AJMAN,____ _____,Cycle3,____ ______,Grade 9,____,Female,____,Expat,98.67%,450
2020-2021,_____ ______ _____ _____,Private Schools MOE Curriculum,_____,AJMAN,____ _____,Cycle3,____ ______,Grade 9,___,Male,_______,Emirati,100.00%,42
2020-2021,_____ ______ _____ _____,Private Schools MOE Curriculum,_____,AJMAN,____ _____,Cycle3,____ ______,Grade 9,___,Male,____,Expat,96.92%,616
2020-2021,_____ ______ _____ _____,Private Schools MOE Curriculum,_____,AJMAN,____ _____,Cycle3,____ ______ ___,Grade 12,____,Female,_______,Emirati,100.00%,13
2020-2021,_____ ______ _____ _____,Private Schools MOE Curriculum,_____,AJMAN,____ _____,Cycle3,____ ______ ___,Grade 12,____,Female,____,Expat,100.00%,416
2020-2021,_____ ______ _____ _____,Private Schools MOE Curriculum,_____,AJMAN,____ _____,Cycle3,____ ______ ___,Grade 12,___,Male,_______,Emirati,100.00%,48
2020-2021,_____ ______ _____ _____,Private Schools MOE Curriculum,_____,AJMAN,____ _____,Cycle3,____ ______ ___,Grade 12,___,Male,____,Expat,99.57%,460
2020-2021,_____ ______ _____ _____,Private Schools MOE Curriculum,_____,AJMAN,____ _____,Cycle3,____ ______ ___,Grade 11,____,Female,_______,Emirati,100.00%,9
2020-2021,_____ ______ _____ _____,Private Schools MOE Curriculum,_____,AJMAN,____ _____,Cycle3,____ ______ ___,Grade 11,____,Female,____,Expat,99.76%,409
2020-2021,_____ ______ _____ _____,Private Schools MOE Curriculum,_____,AJMAN,____ _____,Cycle3,____ ______ ___,Grade 11,___,Male,_______,Emirati,92.68%,41
2020-2021,_____ ______ _____ _____,Private Schools MOE Curriculum,_____,AJMAN,____ _____,Cycle3,____ ______ ___,Grade 11,___,Male,____,Expat,97.62%,462
2020-2021,_____ ______ _____ _____,Private Schools MOE Curriculum,_____,AJMAN,____ _____,Cycle3,____ ______,Grade 10,____,Female,_______,Emirati,93.33%,15
2020-2021,_____ ______ _____ _____,Private Schools MOE Curriculum,_____,AJMAN,____ _____,Cycle3,____ ______,Grade 10,____,Female,____,Expat,98.03%,457
2020-2021,_____ ______ _____ _____,Private Schools MOE Curriculum,_____,AJMAN,____ _____,Cycle3,____ ______,Grade 10,___,Male,_______,Emirati,100.00%,29
2020-2021,_____ ______ _____ _____,Private Schools MOE Curriculum,_____,AJMAN,____ _____,Cycle3,____ ______,Grade 10,___,Male,____,Expat,95.77%,449
2020-2021,_____ ______ _____ _____,Private Schools MOE Curriculum,_____,AJMAN,____ _____,Cycle2,____ ______,Grade 8,____,Female,_______,Emirati,93.75%,16
2020-2021,_____ ______ _____ _____,Private Schools MOE Curriculum,_____,AJMAN,____ _____,Cycle2,____ ______,Grade 8,____,Female,____,Expat,98.42%,631
2020-2021,_____ ______ _____ _____,Private Schools MOE Curriculum,_____,AJMAN,____ _____,Cycle2,____ ______,Grade 8,___,Male,_______,Emirati,98.18%,55
2020-2021,_____ ______ _____ _____,Private Schools MOE Curriculum,_____,AJMAN,____ _____,Cycle2,____ ______,Grade 8,___,Male,____,Expat,97.59%,663
2020-2021,_____ ______ _____ _____,Private Schools MOE Curriculum,_____,AJMAN,____ _____,Cycle2,____ ______,Grade 5,____,Female,_______,Emirati,100.00%,14
2020-2021,_____ ______ _____ _____,Private Schools MOE Curriculum,_____,AJMAN,____ _____,Cycle2,____ ______,Grade 5,____,Female,____,Expat,99.62%,782
2020-2021,_____ ______ _____ _____,Private Schools MOE Curriculum,_____,AJMAN,____ _____,Cycle2,____ ______,Grade 5,___,Male,_______,Emirati,100.00%,40
2020-2021,_____ ______ _____ _____,Private Schools MOE Curriculum,_____,AJMAN,____ _____,Cycle2,____ ______,Grade 5,___,Male,____,Expat,99.09%,768
2020-2021,_____ ______ _____ _____,Private Schools MOE Curriculum,_____,AJMAN,____ _____,Cycle2,____ ______,Grade 7,____,Female,_______,Emirati,92.59%,27
2020-2021,_____ ______ _____ _____,Private Schools MOE Curriculum,_____,AJMAN,____ _____,Cycle2,____ ______,Grade 7,____,Female,____,Expat,98.64%,662
2020-2021,_____ ______ _____ _____,Private Schools MOE Curriculum,_____,AJMAN,____ _____,Cycle2,____ ______,Grade 7,___,Male,_______,Emirati,98.44%,64
2020-2021,_____ ______ _____ _____,Private Schools MOE Curriculum,_____,AJMAN,____ _____,Cycle2,____ ______,Grade 7,___,Male,____,Expat,98.43%,699
2020-2021,_____ ______ _____ _____,Private Schools MOE Curriculum,_____,AJMAN,____ _____,Cycle2,____ ______,Grade 6,____,Female,_______,Emirati,100.00%,21
2020-2021,_____ ______ _____ _____,Private Schools MOE Curriculum,_____,AJMAN,____ _____,Cycle2,____ ______,Grade 6,____,Female,____,Expat,98.61%,648
2020-2021,_____ ______ _____ _____,Private Schools MOE Curriculum,_____,AJMAN,____ _____,Cycle2,____ ______,Grade 6,___,Male,_______,Emirati,100.00%,48
2020-2021,_____ ______ _____ _____,Private Schools MOE Curriculum,_____,AJMAN,____ _____,Cycle2,____ ______,Grade 6,___,Male,____,Expat,99.11%,673
2020-2021,_____ _______ _______,Continuous Education,_______,SHARJAH,____ _____,Cycle3,____ ______,Grade 9,____,Female,_______,Emirati,63.64%,22
2020-2021,_____ _______ _______,Continuous Education,_______,SHARJAH,____ _____,Cycle3,____ ______,Grade 9,____,Female,____,Resident,68.97%,58
2020-2021,_____ _______ _______,Continuous Education,_______,SHARJAH,____ _____,Cycle3,____ ______,Grade 9,___,Male,_______,Emirati,72.12%,104
2020-2021,_____ _______ _______,Continuous Education,_______,SHARJAH,____ _____,Cycle3,____ ______,Grade 9,___,Male,____,Resident,64.06%,64
2020-2021,_____ _______ _______,Continuous Education,_______,SHARJAH,____ _____,Cycle3,____ ______ ___,Grade 12,____,Female,_______,Emirati,72.53%,91
2020-2021,_____ _______ _______,Continuous Education,_______,SHARJAH,____ _____,Cycle3,____ ______ ___,Grade 12,____,Female,____,Resident,89.55%,67
2020-2021,_____ _______ _______,Continuous Education,_______,SHARJAH,____ _____,Cycle3,____ ______ ___,Grade 12,___,Male,_______,Emirati,88.48%,243
2020-2021,_____ _______ _______,Continuous Education,_______,SHARJAH,____ _____,Cycle3,____ ______ ___,Grade 12,___,Male,____,Resident,85.84%,113
2020-2021,_____ _______ _______,Continuous Education,_______,SHARJAH,____ _____,Cycle3,____ ______ ___,Grade 11,____,Female,_______,Emirati,88.41%,69
2020-2021,_____ _______ _______,Continuous Education,_______,SHARJAH,____ _____,Cycle3,____ ______ ___,Grade 11,____,Female,____,Resident,81.36%,59
2020-2021,_____ _______ _______,Continuous Education,_______,SHARJAH,____ _____,Cycle3,____ ______ ___,Grade 11,___,Male,_______,Emirati,86.05%,172
2020-2021,_____ _______ _______,Continuous Education,_______,SHARJAH,____ _____,Cycle3,____ ______ ___,Grade 11,___,Male,____,Resident,70.49%,61
2020-2021,_____ _______ _______,Continuous Education,_______,SHARJAH,____ _____,Cycle3,____ ______,Grade 10,____,Female,_______,Emirati,55.00%,40
2020-2021,_____ _______ _______,Continuous Education,_______,SHARJAH,____ _____,Cycle3,____ ______,Grade 10,____,Female,____,Resident,72.04%,93
2020-2021,_____ _______ _______,Continuous Education,_______,SHARJAH,____ _____,Cycle3,____ ______,Grade 10,___,Male,_______,Emirati,68.45%,187
2020-2021,_____ _______ _______,Continuous Education,_______,SHARJAH,____ _____,Cycle3,____ ______,Grade 10,___,Male,____,Resident,49.46%,93
2020-2021,_____ _______ _______,Continuous Education,_______,SHARJAH,____ _____,Cycle2,____ ______,Grade 8,____,Female,_______,Emirati,73.33%,15
2020-2021,_____ _______ _______,Continuous Education,_______,SHARJAH,____ _____,Cycle2,____ ______,Grade 8,____,Female,____,Resident,74.36%,39
2020-2021,_____ _______ _______,Continuous Education,_______,SHARJAH,____ _____,Cycle2,____ ______,Grade 8,___,Male,_______,Emirati,72.58%,62
2020-2021,_____ _______ _______,Continuous Education,_______,SHARJAH,____ _____,Cycle2,____ ______,Grade 8,___,Male,____,Resident,73.17%,41
2020-2021,_____ _______ _______,Continuous Education,_______,SHARJAH,____ _____,Cycle2,____ ______,Grade 7,____,Female,_______,Emirati,100.00%,2
2020-2021,_____ _______ _______,Continuous Education,_______,SHARJAH,____ _____,Cycle2,____ ______,Grade 7,____,Female,____,Resident,41.67%,24
2020-2021,_____ _______ _______,Continuous Education,_______,SHARJAH,____ _____,Cycle2,____ ______,Grade 7,___,Male,_______,Emirati,72.73%,22
2020-2021,_____ _______ _______,Continuous Education,_______,SHARJAH,____ _____,Cycle2,____ ______,Grade 7,___,Male,____,Resident,43.75%,16
2020-2021,_____ _______ _______,Continuous Education,______,AL DHAFRA,____ _____,Cycle3,____ ______,Grade 9,____,Female,_______,Emirati,78.57%,14
2020-2021,_____ _______ _______,Continuous Education,______,AL DHAFRA,____ _____,Cycle3,____ ______,Grade 9,____,Female,____,Resident,75.00%,8
2020-2021,_____ _______ _______,Continuous Education,______,AL DHAFRA,____ _____,Cycle3,____ ______,Grade 9,___,Male,_______,Emirati,84.21%,38
2020-2021,_____ _______ _______,Continuous Education,______,AL DHAFRA,____ _____,Cycle3,____ ______,Grade 9,___,Male,____,Resident,75.00%,8
2020-2021,_____ _______ _______,Continuous Education,______,AL DHAFRA,____ _____,Cycle3,____ ______ ___,Grade 12,____,Female,_______,Emirati,51.79%,56
2020-2021,_____ _______ _______,Continuous Education,______,AL DHAFRA,____ _____,Cycle3,____ ______ ___,Grade 12,____,Female,____,Resident,68.42%,19
2020-2021,_____ _______ _______,Continuous Education,______,AL DHAFRA,____ _____,Cycle3,____ ______ ___,Grade 12,___,Male,_______,Emirati,72.22%,90
2020-2021,_____ _______ _______,Continuous Education,______,AL DHAFRA,____ _____,Cycle3,____ ______ ___,Grade 12,___,Male,____,Resident,95.65%,23
2020-2021,_____ _______ _______,Continuous Education,______,AL DHAFRA,____ _____,Cycle3,____ ______ ___,Grade 11,____,Female,_______,Emirati,81.58%,38
2020-2021,_____ _______ _______,Continuous Education,______,AL DHAFRA,____ _____,Cycle3,____ ______ ___,Grade 11,____,Female,____,Resident,86.67%,15
2020-2021,_____ _______ _______,Continuous Education,______,AL DHAFRA,____ _____,Cycle3,____ ______ ___,Grade 11,___,Male,_______,Emirati,94.37%,71
2020-2021,_____ _______ _______,Continuous Education,______,AL DHAFRA,____ _____,Cycle3,____ ______ ___,Grade 11,___,Male,____,Resident,87.50%,16
2020-2021,_____ _______ _______,Continuous Education,______,AL DHAFRA,____ _____,Cycle3,____ ______ ___,Grade 11,___ ____,Undefined,____,Resident,100.00%,1
2020-2021,_____ _______ _______,Continuous Education,______,AL DHAFRA,____ _____,Cycle3,____ ______,Grade 10,____,Female,_______,Emirati,75.68%,37
2020-2021,_____ _______ _______,Continuous Education,______,AL DHAFRA,____ _____,Cycle3,____ ______,Grade 10,____,Female,____,Resident,73.68%,19
2020-2021,_____ _______ _______,Continuous Education,______,AL DHAFRA,____ _____,Cycle3,____ ______,Grade 10,___,Male,_______,Emirati,80.82%,73
2020-2021,_____ _______ _______,Continuous Education,______,AL DHAFRA,____ _____,Cycle3,____ ______,Grade 10,___,Male,____,Resident,66.67%,12
2020-2021,_____ _______ _______,Continuous Education,______,AL DHAFRA,____ _____,Cycle2,____ ______,Grade 8,____,Female,_______,Emirati,86.67%,15
2020-2021,_____ _______ _______,Continuous Education,______,AL DHAFRA,____ _____,Cycle2,____ ______,Grade 8,____,Female,____,Resident,81.82%,11
2020-2021,_____ _______ _______,Continuous Education,______,AL DHAFRA,____ _____,Cycle2,____ ______,Grade 8,___,Male,_______,Emirati,100.00%,10
2020-2021,_____ _______ _______,Continuous Education,______,AL DHAFRA,____ _____,Cycle2,____ ______,Grade 8,___,Male,____,Resident,100.00%,2
2020-2021,_____ _______ _______,Continuous Education,______,AL DHAFRA,____ _____,Cycle2,____ ______,Grade 7,____,Female,_______,Emirati,0.00%,3
2020-2021,_____ _______ _______,Continuous Education,______,AL DHAFRA,____ _____,Cycle2,____ ______,Grade 7,____,Female,____,Resident,16.67%,6
2020-2021,_____ _______ _______,Continuous Education,______,AL DHAFRA,____ _____,Cycle2,____ ______,Grade 7,___,Male,_______,Emirati,100.00%,4
2020-2021,_____ _______ _______,Continuous Education,______,AL DHAFRA,___ ____,Undefined,_____ ______,Year 1,____,Female,_______,Emirati,100.00%,2
2020-2021,_____ _______ _______,Continuous Education,______,AL DHAFRA,___ ____,Undefined,_____ _______,Year 3,____,Female,_______,Emirati,100.00%,6
2020-2021,_____ _______ _______,Continuous Education,______,AL DHAFRA,___ ____,Undefined,_____ _______,Year 3,____,Female,____,Resident,100.00%,2
2020-2021,_____ _______ _______,Continuous Education,______,AL DHAFRA,___ ____,Undefined,_____ _______,Year 2,____,Female,_______,Emirati,75.00%,12
2020-2021,_____ _______ _______,Continuous Education,______,AL DHAFRA,___ ____,Undefined,_____ _______,Year 2,____,Female,____,Resident,66.67%,3
2020-2021,_____ _______ _______,Continuous Education,______,AL DHAFRA,___ ____,Undefined,_____ _______,Year 4,____,Female,_______,Emirati,63.64%,11
2020-2021,_____ _______ _______,Continuous Education,______,AL DHAFRA,___ ____,Undefined,_____ _______,Year 4,____,Female,____,Resident,100.00%,5
2020-2021,_____ _______ _______,Continuous Education,_____,AL AIN,____ _____,Cycle3,____ ______,Grade 9,____,Female,_______,Emirati,80.52%,77
2020-2021,_____ _______ _______,Continuous Education,_____,AL AIN,____ _____,Cycle3,____ ______,Grade 9,____,Female,____,Resident,83.67%,49
2020-2021,_____ _______ _______,Continuous Education,_____,AL AIN,____ _____,Cycle3,____ ______,Grade 9,___,Male,_______,Emirati,63.48%,115
2020-2021,_____ _______ _______,Continuous Education,_____,AL AIN,____ _____,Cycle3,____ ______,Grade 9,___,Male,____,Resident,56.52%,23
2020-2021,_____ _______ _______,Continuous Education,_____,AL AIN,____ _____,Cycle3,____ ______ ___,Grade 12,____,Female,_______,Emirati,64.32%,398
2020-2021,_____ _______ _______,Continuous Education,_____,AL AIN,____ _____,Cycle3,____ ______ ___,Grade 12,____,Female,____,Resident,73.40%,94
2020-2021,_____ _______ _______,Continuous Education,_____,AL AIN,____ _____,Cycle3,____ ______ ___,Grade 12,___,Male,_______,Emirati,64.54%,485
2020-2021,_____ _______ _______,Continuous Education,_____,AL AIN,____ _____,Cycle3,____ ______ ___,Grade 12,___,Male,____,Resident,66.67%,84
2020-2021,_____ _______ _______,Continuous Education,_____,AL AIN,____ _____,Cycle3,____ ______ ___,Grade 12,___ ____,Undefined,_______,Emirati,100.00%,1
2020-2021,_____ _______ _______,Continuous Education,_____,AL AIN,____ _____,Cycle3,____ ______ ___,Grade 11,____,Female,_______,Emirati,80.49%,205
2020-2021,_____ _______ _______,Continuous Education,_____,AL AIN,____ _____,Cycle3,____ ______ ___,Grade 11,____,Female,____,Resident,67.11%,76
2020-2021,_____ _______ _______,Continuous Education,_____,AL AIN,____ _____,Cycle3,____ ______ ___,Grade 11,___,Male,_______,Emirati,73.70%,270
2020-2021,_____ _______ _______,Continuous Education,_____,AL AIN,____ _____,Cycle3,____ ______ ___,Grade 11,___,Male,____,Resident,70.59%,51
2020-2021,_____ _______ _______,Continuous Education,_____,AL AIN,____ _____,Cycle3,____ ______,Grade 10,____,Female,_______,Emirati,71.53%,144
2020-2021,_____ _______ _______,Continuous Education,_____,AL AIN,____ _____,Cycle3,____ ______,Grade 10,____,Female,____,Resident,72.73%,77
2020-2021,_____ _______ _______,Continuous Education,_____,AL AIN,____ _____,Cycle3,____ ______,Grade 10,___,Male,_______,Emirati,58.89%,253
2020-2021,_____ _______ _______,Continuous Education,_____,AL AIN,____ _____,Cycle3,____ ______,Grade 10,___,Male,____,Resident,44.00%,50
2020-2021,_____ _______ _______,Continuous Education,_____,AL AIN,____ _____,Cycle2,____ ______,Grade 8,____,Female,_______,Emirati,86.36%,66
2020-2021,_____ _______ _______,Continuous Education,_____,AL AIN,____ _____,Cycle2,____ ______,Grade 8,____,Female,____,Resident,86.75%,83
2020-2021,_____ _______ _______,Continuous Education,_____,AL AIN,____ _____,Cycle2,____ ______,Grade 8,___,Male,_______,Emirati,65.08%,63
2020-2021,_____ _______ _______,Continuous Education,_____,AL AIN,____ _____,Cycle2,____ ______,Grade 8,___,Male,____,Resident,71.43%,21
2020-2021,_____ _______ _______,Continuous Education,_____,AL AIN,____ _____,Cycle2,____ ______,Grade 7,____,Female,_______,Emirati,78.57%,14
2020-2021,_____ _______ _______,Continuous Education,_____,AL AIN,____ _____,Cycle2,____ ______,Grade 7,____,Female,____,Resident,52.94%,17
2020-2021,_____ _______ _______,Continuous Education,_____,AL AIN,____ _____,Cycle2,____ ______,Grade 7,___,Male,_______,Emirati,73.91%,23
2020-2021,_____ _______ _______,Continuous Education,_____,AL AIN,____ _____,Cycle2,____ ______,Grade 7,___,Male,____,Resident,50.00%,6
2020-2021,_____ _______ _______,Continuous Education,_____,AL AIN,___ ____,Undefined,_____ ______,Year 1,____,Female,_______,Emirati,100.00%,16
2020-2021,_____ _______ _______,Continuous Education,_____,AL AIN,___ ____,Undefined,_____ ______,Year 1,____,Female,____,Resident,100.00%,5
2020-2021,_____ _______ _______,Continuous Education,_____,AL AIN,___ ____,Undefined,_____ _______,Year 3,____,Female,_______,Emirati,100.00%,22
2020-2021,_____ _______ _______,Continuous Education,_____,AL AIN,___ ____,Undefined,_____ _______,Year 3,____,Female,____,Resident,100.00%,24
2020-2021,_____ _______ _______,Continuous Education,_____,AL AIN,___ ____,Undefined,_____ _______,Year 2,____,Female,_______,Emirati,100.00%,30
2020-2021,_____ _______ _______,Continuous Education,_____,AL AIN,___ ____,Undefined,_____ _______,Year 2,____,Female,____,Resident,100.00%,23
2020-2021,_____ _______ _______,Continuous Education,_____,AL AIN,___ ____,Undefined,_____ _______,Year 4,____,Female,_______,Emirati,85.71%,28
2020-2021,_____ _______ _______,Continuous Education,_____,AL AIN,___ ____,Undefined,_____ _______,Year 4,____,Female,____,Resident,92.50%,40
2020-2021,_____ _______ _______,Continuous Education,_______,AL FUJAIRAH,____ _____,Cycle3,____ ______,Grade 9,____,Female,_______,Emirati,83.33%,6
2020-2021,_____ _______ _______,Continuous Education,_______,AL FUJAIRAH,____ _____,Cycle3,____ ______,Grade 9,____,Female,____,Resident,50.00%,10
2020-2021,_____ _______ _______,Continuous Education,_______,AL FUJAIRAH,____ _____,Cycle3,____ ______,Grade 9,___,Male,_______,Emirati,56.94%,72
2020-2021,_____ _______ _______,Continuous Education,_______,AL FUJAIRAH,____ _____,Cycle3,____ ______,Grade 9,___,Male,____,Resident,66.67%,18
2020-2021,_____ _______ _______,Continuous Education,_______,AL FUJAIRAH,____ _____,Cycle3,____ ______ ___,Grade 12,____,Female,_______,Emirati,39.66%,58
2020-2021,_____ _______ _______,Continuous Education,_______,AL FUJAIRAH,____ _____,Cycle3,____ ______ ___,Grade 12,____,Female,____,Resident,60.00%,15
2020-2021,_____ _______ _______,Continuous Education,_______,AL FUJAIRAH,____ _____,Cycle3,____ ______ ___,Grade 12,___,Male,_______,Emirati,66.15%,322
2020-2021,_____ _______ _______,Continuous Education,_______,AL FUJAIRAH,____ _____,Cycle3,____ ______ ___,Grade 12,___,Male,____,Resident,38.10%,42
2020-2021,_____ _______ _______,Continuous Education,_______,AL FUJAIRAH,____ _____,Cycle3,____ ______ ___,Grade 11,____,Female,_______,Emirati,69.70%,33
2020-2021,_____ _______ _______,Continuous Education,_______,AL FUJAIRAH,____ _____,Cycle3,____ ______ ___,Grade 11,____,Female,____,Resident,59.09%,22
2020-2021,_____ _______ _______,Continuous Education,_______,AL FUJAIRAH,____ _____,Cycle3,____ ______ ___,Grade 11,___,Male,_______,Emirati,70.33%,246
2020-2021,_____ _______ _______,Continuous Education,_______,AL FUJAIRAH,____ _____,Cycle3,____ ______ ___,Grade 11,___,Male,____,Resident,37.04%,27
2020-2021,_____ _______ _______,Continuous Education,_______,AL FUJAIRAH,____ _____,Cycle3,____ ______,Grade 10,____,Female,_______,Emirati,46.15%,26
2020-2021,_____ _______ _______,Continuous Education,_______,AL FUJAIRAH,____ _____,Cycle3,____ ______,Grade 10,____,Female,____,Resident,40.00%,15
2020-2021,_____ _______ _______,Continuous Education,_______,AL FUJAIRAH,____ _____,Cycle3,____ ______,Grade 10,___,Male,_______,Emirati,51.65%,182
2020-2021,_____ _______ _______,Continuous Education,_______,AL FUJAIRAH,____ _____,Cycle3,____ ______,Grade 10,___,Male,____,Resident,33.33%,18
2020-2021,_____ _______ _______,Continuous Education,_______,AL FUJAIRAH,____ _____,Cycle2,____ ______,Grade 8,____,Female,_______,Emirati,33.33%,3
2020-2021,_____ _______ _______,Continuous Education,_______,AL FUJAIRAH,____ _____,Cycle2,____ ______,Grade 8,____,Female,____,Resident,72.73%,11
2020-2021,_____ _______ _______,Continuous Education,_______,AL FUJAIRAH,____ _____,Cycle2,____ ______,Grade 8,___,Male,_______,Emirati,68.63%,51
2020-2021,_____ _______ _______,Continuous Education,_______,AL FUJAIRAH,____ _____,Cycle2,____ ______,Grade 8,___,Male,____,Resident,50.00%,18
2020-2021,_____ _______ _______,Continuous Education,_______,AL FUJAIRAH,____ _____,Cycle2,____ ______,Grade 7,____,Female,_______,Emirati,50.00%,2
2020-2021,_____ _______ _______,Continuous Education,_______,AL FUJAIRAH,____ _____,Cycle2,____ ______,Grade 7,____,Female,____,Resident,50.00%,2
2020-2021,_____ _______ _______,Continuous Education,_______,AL FUJAIRAH,____ _____,Cycle2,____ ______,Grade 7,___,Male,_______,Emirati,7.69%,13
2020-2021,_____ _______ _______,Continuous Education,_______,AL FUJAIRAH,____ _____,Cycle2,____ ______,Grade 7,___,Male,____,Resident,25.00%,8
2020-2021,_____ _______ _______,Continuous Education,______,ABU DHABI,____ _____,Cycle3,____ ______,Grade 9,____,Female,_______,Emirati,69.92%,133
2020-2021,_____ _______ _______,Continuous Education,______,ABU DHABI,____ _____,Cycle3,____ ______,Grade 9,____,Female,____,Resident,68.09%,94
2020-2021,_____ _______ _______,Continuous Education,______,ABU DHABI,____ _____,Cycle3,____ ______,Grade 9,___,Male,_______,Emirati,55.63%,160
2020-2021,_____ _______ _______,Continuous Education,______,ABU DHABI,____ _____,Cycle3,____ ______,Grade 9,___,Male,____,Resident,51.61%,62
2020-2021,_____ _______ _______,Continuous Education,______,ABU DHABI,____ _____,Cycle3,____ ______ ___,Grade 12,____,Female,_______,Emirati,59.36%,374
2020-2021,_____ _______ _______,Continuous Education,______,ABU DHABI,____ _____,Cycle3,____ ______ ___,Grade 12,____,Female,____,Resident,61.04%,154
2020-2021,_____ _______ _______,Continuous Education,______,ABU DHABI,____ _____,Cycle3,____ ______ ___,Grade 12,___,Male,_______,Emirati,63.27%,599
2020-2021,_____ _______ _______,Continuous Education,______,ABU DHABI,____ _____,Cycle3,____ ______ ___,Grade 12,___,Male,____,Resident,61.54%,117
2020-2021,_____ _______ _______,Continuous Education,______,ABU DHABI,____ _____,Cycle3,____ ______ ___,Grade 11,____,Female,_______,Emirati,83.76%,234
2020-2021,_____ _______ _______,Continuous Education,______,ABU DHABI,____ _____,Cycle3,____ ______ ___,Grade 11,____,Female,____,Resident,80.67%,119
2020-2021,_____ _______ _______,Continuous Education,______,ABU DHABI,____ _____,Cycle3,____ ______ ___,Grade 11,___,Male,_______,Emirati,76.94%,373
2020-2021,_____ _______ _______,Continuous Education,______,ABU DHABI,____ _____,Cycle3,____ ______ ___,Grade 11,___,Male,____,Resident,78.49%,93
2020-2021,_____ _______ _______,Continuous Education,______,ABU DHABI,____ _____,Cycle3,____ ______,Grade 10,____,Female,_______,Emirati,59.57%,235
2020-2021,_____ _______ _______,Continuous Education,______,ABU DHABI,____ _____,Cycle3,____ ______,Grade 10,____,Female,____,Resident,68.85%,122
2020-2021,_____ _______ _______,Continuous Education,______,ABU DHABI,____ _____,Cycle3,____ ______,Grade 10,___,Male,_______,Emirati,48.40%,376
2020-2021,_____ _______ _______,Continuous Education,______,ABU DHABI,____ _____,Cycle3,____ ______,Grade 10,___,Male,____,Resident,56.25%,80
2020-2021,_____ _______ _______,Continuous Education,______,ABU DHABI,____ _____,Cycle2,____ ______,Grade 8,____,Female,_______,Emirati,85.92%,71
2020-2021,_____ _______ _______,Continuous Education,______,ABU DHABI,____ _____,Cycle2,____ ______,Grade 8,____,Female,____,Resident,77.61%,67
2020-2021,_____ _______ _______,Continuous Education,______,ABU DHABI,____ _____,Cycle2,____ ______,Grade 8,___,Male,_______,Emirati,76.00%,75
2020-2021,_____ _______ _______,Continuous Education,______,ABU DHABI,____ _____,Cycle2,____ ______,Grade 8,___,Male,____,Resident,59.26%,27
2020-2021,_____ _______ _______,Continuous Education,______,ABU DHABI,____ _____,Cycle2,____ ______,Grade 7,____,Female,_______,Emirati,54.55%,11
2020-2021,_____ _______ _______,Continuous Education,______,ABU DHABI,____ _____,Cycle2,____ ______,Grade 7,____,Female,____,Resident,65.00%,20
2020-2021,_____ _______ _______,Continuous Education,______,ABU DHABI,____ _____,Cycle2,____ ______,Grade 7,___,Male,_______,Emirati,64.86%,37
2020-2021,_____ _______ _______,Continuous Education,______,ABU DHABI,____ _____,Cycle2,____ ______,Grade 7,___,Male,____,Resident,60.00%,10
2020-2021,_____ _______ _______,Continuous Education,______,ABU DHABI,___ ____,Undefined,_____ ______,Year 1,____,Female,_______,Emirati,100.00%,9
2020-2021,_____ _______ _______,Continuous Education,______,ABU DHABI,___ ____,Undefined,_____ ______,Year 1,____,Female,____,Resident,100.00%,15
2020-2021,_____ _______ _______,Continuous Education,______,ABU DHABI,___ ____,Undefined,_____ ______,Year 1,___,Male,_______,Emirati,100.00%,13
2020-2021,_____ _______ _______,Continuous Education,______,ABU DHABI,___ ____,Undefined,_____ ______,Year 1,___,Male,____,Resident,100.00%,8
2020-2021,_____ _______ _______,Continuous Education,______,ABU DHABI,___ ____,Undefined,_____ _______,Year 3,____,Female,_______,Emirati,100.00%,37
2020-2021,_____ _______ _______,Continuous Education,______,ABU DHABI,___ ____,Undefined,_____ _______,Year 3,____,Female,____,Resident,100.00%,32
2020-2021,_____ _______ _______,Continuous Education,______,ABU DHABI,___ ____,Undefined,_____ _______,Year 3,___,Male,_______,Emirati,100.00%,11
2020-2021,_____ _______ _______,Continuous Education,______,ABU DHABI,___ ____,Undefined,_____ _______,Year 3,___,Male,____,Resident,100.00%,22
2020-2021,_____ _______ _______,Continuous Education,______,ABU DHABI,___ ____,Undefined,_____ _______,Year 2,____,Female,_______,Emirati,100.00%,11
2020-2021,_____ _______ _______,Continuous Education,______,ABU DHABI,___ ____,Undefined,_____ _______,Year 2,____,Female,____,Resident,100.00%,26
2020-2021,_____ _______ _______,Continuous Education,______,ABU DHABI,___ ____,Undefined,_____ _______,Year 2,___,Male,_______,Emirati,100.00%,21
2020-2021,_____ _______ _______,Continuous Education,______,ABU DHABI,___ ____,Undefined,_____ _______,Year 2,___,Male,____,Resident,100.00%,28
2020-2021,_____ _______ _______,Continuous Education,______,ABU DHABI,___ ____,Undefined,_____ _______,Year 4,____,Female,_______,Emirati,84.62%,39
2020-2021,_____ _______ _______,Continuous Education,______,ABU DHABI,___ ____,Undefined,_____ _______,Year 4,____,Female,____,Resident,90.77%,65
2020-2021,_____ _______ _______,Continuous Education,______,ABU DHABI,___ ____,Undefined,_____ _______,Year 4,___,Male,_______,Emirati,48.15%,27
2020-2021,_____ _______ _______,Continuous Education,______,ABU DHABI,___ ____,Undefined,_____ _______,Year 4,___,Male,____,Resident,61.22%,49
2020-2021,_____ _______ _______,Continuous Education,__ _______,Umm Al Quwain,____ _____,Cycle3,____ ______,Grade 9,____,Female,_______,Emirati,80.00%,5
2020-2021,_____ _______ _______,Continuous Education,__ _______,Umm Al Quwain,____ _____,Cycle3,____ ______,Grade 9,____,Female,____,Resident,63.16%,19
2020-2021,_____ _______ _______,Continuous Education,__ _______,Umm Al Quwain,____ _____,Cycle3,____ ______,Grade 9,___,Male,_______,Emirati,93.55%,31
2020-2021,_____ _______ _______,Continuous Education,__ _______,Umm Al Quwain,____ _____,Cycle3,____ ______,Grade 9,___,Male,____,Resident,75.00%,24
2020-2021,_____ _______ _______,Continuous Education,__ _______,Umm Al Quwain,____ _____,Cycle3,____ ______ ___,Grade 12,____,Female,_______,Emirati,64.29%,14
2020-2021,_____ _______ _______,Continuous Education,__ _______,Umm Al Quwain,____ _____,Cycle3,____ ______ ___,Grade 12,____,Female,____,Resident,87.50%,8
2020-2021,_____ _______ _______,Continuous Education,__ _______,Umm Al Quwain,____ _____,Cycle3,____ ______ ___,Grade 12,___,Male,_______,Emirati,87.72%,57
2020-2021,_____ _______ _______,Continuous Education,__ _______,Umm Al Quwain,____ _____,Cycle3,____ ______ ___,Grade 12,___,Male,____,Resident,74.07%,27
2020-2021,_____ _______ _______,Continuous Education,__ _______,Umm Al Quwain,____ _____,Cycle3,____ ______ ___,Grade 11,____,Female,_______,Emirati,83.33%,12
2020-2021,_____ _______ _______,Continuous Education,__ _______,Umm Al Quwain,____ _____,Cycle3,____ ______ ___,Grade 11,____,Female,____,Resident,84.62%,13
2020-2021,_____ _______ _______,Continuous Education,__ _______,Umm Al Quwain,____ _____,Cycle3,____ ______ ___,Grade 11,___,Male,_______,Emirati,82.50%,40
2020-2021,_____ _______ _______,Continuous Education,__ _______,Umm Al Quwain,____ _____,Cycle3,____ ______ ___,Grade 11,___,Male,____,Resident,82.35%,17
2020-2021,_____ _______ _______,Continuous Education,__ _______,Umm Al Quwain,____ _____,Cycle3,____ ______,Grade 10,____,Female,_______,Emirati,75.00%,4
2020-2021,_____ _______ _______,Continuous Education,__ _______,Umm Al Quwain,____ _____,Cycle3,____ ______,Grade 10,____,Female,____,Resident,58.82%,17
2020-2021,_____ _______ _______,Continuous Education,__ _______,Umm Al Quwain,____ _____,Cycle3,____ ______,Grade 10,___,Male,_______,Emirati,73.44%,64
2020-2021,_____ _______ _______,Continuous Education,__ _______,Umm Al Quwain,____ _____,Cycle3,____ ______,Grade 10,___,Male,____,Resident,41.18%,17
2020-2021,_____ _______ _______,Continuous Education,__ _______,Umm Al Quwain,____ _____,Cycle2,____ ______,Grade 8,____,Female,_______,Emirati,66.67%,3
2020-2021,_____ _______ _______,Continuous Education,__ _______,Umm Al Quwain,____ _____,Cycle2,____ ______,Grade 8,____,Female,____,Resident,75.00%,16
2020-2021,_____ _______ _______,Continuous Education,__ _______,Umm Al Quwain,____ _____,Cycle2,____ ______,Grade 8,___,Male,_______,Emirati,80.77%,26
2020-2021,_____ _______ _______,Continuous Education,__ _______,Umm Al Quwain,____ _____,Cycle2,____ ______,Grade 8,___,Male,____,Resident,72.73%,22
2020-2021,_____ _______ _______,Continuous Education,__ _______,Umm Al Quwain,____ _____,Cycle2,____ ______,Grade 7,____,Female,_______,Emirati,0.00%,1
2020-2021,_____ _______ _______,Continuous Education,__ _______,Umm Al Quwain,____ _____,Cycle2,____ ______,Grade 7,____,Female,____,Resident,41.67%,12
2020-2021,_____ _______ _______,Continuous Education,__ _______,Umm Al Quwain,____ _____,Cycle2,____ ______,Grade 7,___,Male,_______,Emirati,37.50%,8
2020-2021,_____ _______ _______,Continuous Education,__ _______,Umm Al Quwain,____ _____,Cycle2,____ ______,Grade 7,___,Male,____,Resident,75.00%,8
2020-2021,_____ _______ _______,Continuous Education,___,DUBAI,____ _____,Cycle3,____ ______,Grade 9,____,Female,_______,Emirati,81.95%,133
2020-2021,_____ _______ _______,Continuous Education,___,DUBAI,____ _____,Cycle3,____ ______,Grade 9,____,Female,____,Resident,78.68%,136
2020-2021,_____ _______ _______,Continuous Education,___,DUBAI,____ _____,Cycle3,____ ______,Grade 9,___,Male,_______,Emirati,83.91%,435
2020-2021,_____ _______ _______,Continuous Education,___,DUBAI,____ _____,Cycle3,____ ______,Grade 9,___,Male,____,Resident,80.00%,155
2020-2021,_____ _______ _______,Continuous Education,___,DUBAI,____ _____,Cycle3,____ ______ ___,Grade 12,____,Female,_______,Emirati,67.24%,232
2020-2021,_____ _______ _______,Continuous Education,___,DUBAI,____ _____,Cycle3,____ ______ ___,Grade 12,____,Female,____,Resident,76.86%,121
2020-2021,_____ _______ _______,Continuous Education,___,DUBAI,____ _____,Cycle3,____ ______ ___,Grade 12,___,Male,_______,Emirati,75.44%,342
2020-2021,_____ _______ _______,Continuous Education,___,DUBAI,____ _____,Cycle3,____ ______ ___,Grade 12,___,Male,____,Resident,66.88%,160
2020-2021,_____ _______ _______,Continuous Education,___,DUBAI,____ _____,Cycle3,____ ______ ___,Grade 12,___ ____,Undefined,_______,Emirati,100.00%,1
2020-2021,_____ _______ _______,Continuous Education,___,DUBAI,____ _____,Cycle3,____ ______ ___,Grade 11,____,Female,_______,Emirati,72.05%,161
2020-2021,_____ _______ _______,Continuous Education,___,DUBAI,____ _____,Cycle3,____ ______ ___,Grade 11,____,Female,____,Resident,74.00%,100
2020-2021,_____ _______ _______,Continuous Education,___,DUBAI,____ _____,Cycle3,____ ______ ___,Grade 11,___,Male,_______,Emirati,80.14%,287
2020-2021,_____ _______ _______,Continuous Education,___,DUBAI,____ _____,Cycle3,____ ______ ___,Grade 11,___,Male,____,Resident,75.35%,142
2020-2021,_____ _______ _______,Continuous Education,___,DUBAI,____ _____,Cycle3,____ ______,Grade 10,____,Female,_______,Emirati,65.52%,145
2020-2021,_____ _______ _______,Continuous Education,___,DUBAI,____ _____,Cycle3,____ ______,Grade 10,____,Female,____,Resident,58.65%,133
2020-2021,_____ _______ _______,Continuous Education,___,DUBAI,____ _____,Cycle3,____ ______,Grade 10,___,Male,_______,Emirati,60.25%,322
2020-2021,_____ _______ _______,Continuous Education,___,DUBAI,____ _____,Cycle3,____ ______,Grade 10,___,Male,____,Resident,44.90%,147
2020-2021,_____ _______ _______,Continuous Education,___,DUBAI,____ _____,Cycle2,____ ______,Grade 8,____,Female,_______,Emirati,80.00%,20
2020-2021,_____ _______ _______,Continuous Education,___,DUBAI,____ _____,Cycle2,____ ______,Grade 8,____,Female,____,Resident,71.74%,92
2020-2021,_____ _______ _______,Continuous Education,___,DUBAI,____ _____,Cycle2,____ ______,Grade 8,___,Male,_______,Emirati,75.83%,120
2020-2021,_____ _______ _______,Continuous Education,___,DUBAI,____ _____,Cycle2,____ ______,Grade 8,___,Male,____,Resident,64.56%,79
2020-2021,_____ _______ _______,Continuous Education,___,DUBAI,____ _____,Cycle2,____ ______,Grade 7,____,Female,_______,Emirati,65.22%,23
2020-2021,_____ _______ _______,Continuous Education,___,DUBAI,____ _____,Cycle2,____ ______,Grade 7,____,Female,____,Resident,62.50%,128
2020-2021,_____ _______ _______,Continuous Education,___,DUBAI,____ _____,Cycle2,____ ______,Grade 7,___,Male,_______,Emirati,67.80%,59
2020-2021,_____ _______ _______,Continuous Education,___,DUBAI,____ _____,Cycle2,____ ______,Grade 7,___,Male,____,Resident,61.54%,91
2020-2021,_____ _______ _______,Continuous Education,___,DUBAI,___ ____,Undefined,NULL,L2Q1,___,Male,_______,Emirati,53.33%,15
2020-2021,_____ _______ _______,Continuous Education,___,DUBAI,___ ____,Undefined,NULL,L2Q2,___,Male,_______,Emirati,55.56%,9
2020-2021,_____ _______ _______,Continuous Education,___,DUBAI,___ ____,Undefined,NULL,L2Q3,___,Male,_______,Emirati,62.50%,16
2020-2021,_____ _______ _______,Continuous Education,___,DUBAI,___ ____,Undefined,NULL,L4Q2,___,Male,_______,Emirati,86.21%,29
2020-2021,_____ _______ _______,Continuous Education,___,DUBAI,___ ____,Undefined,NULL,L1Q2,___,Male,_______,Emirati,90.00%,10
2020-2021,_____ _______ _______,Continuous Education,___,DUBAI,___ ____,Undefined,NULL,L3Q2,___,Male,_______,Emirati,93.75%,16
2020-2021,_____ _______ _______,Continuous Education,___,DUBAI,___ ____,Undefined,NULL,L3Q3,___,Male,_______,Emirati,94.29%,35
2020-2021,_____ _______ _______,Continuous Education,___,DUBAI,___ ____,Undefined,NULL,L4Q3,___,Male,_______,Emirati,96.23%,53
2020-2021,_____ _______ _______,Continuous Education,___,DUBAI,___ ____,Undefined,NULL,L1Q5,___,Male,_______,Emirati,100.00%,4
2020-2021,_____ _______ _______,Continuous Education,___,DUBAI,___ ____,Undefined,NULL,L1Q6,___,Male,_______,Emirati,100.00%,7
2020-2021,_____ _______ _______,Continuous Education,___,DUBAI,___ ____,Undefined,NULL,L2Q4,___,Male,_______,Emirati,100.00%,23
2020-2021,_____ _______ _______,Continuous Education,___,DUBAI,___ ____,Undefined,NULL,L3Q4,___,Male,_______,Emirati,100.00%,43
2020-2021,_____ _______ _______,Continuous Education,___,DUBAI,___ ____,Undefined,NULL,L4Q1,___,Male,_______,Emirati,100.00%,1
2020-2021,_____ _______ _______,Continuous Education,___,DUBAI,___ ____,Undefined,NULL,L4Q4,___,Male,_______,Emirati,100.00%,75
2020-2021,_____ _______ _______,Continuous Education,___,DUBAI,___ ____,Undefined,NULL,L2Q1,___,Male,____,Resident,0.00%,1
2020-2021,_____ _______ _______,Continuous Education,___,DUBAI,___ ____,Undefined,NULL,L2Q3,___,Male,____,Resident,0.00%,1
2020-2021,_____ _______ _______,Continuous Education,___,DUBAI,___ ____,Undefined,NULL,L4Q3,___,Male,____,Resident,75.00%,4
2020-2021,_____ _______ _______,Continuous Education,___,DUBAI,___ ____,Undefined,NULL,L2Q4,___,Male,____,Resident,100.00%,2
2020-2021,_____ _______ _______,Continuous Education,___,DUBAI,___ ____,Undefined,NULL,L3Q2,___,Male,____,Resident,100.00%,1
2020-2021,_____ _______ _______,Continuous Education,___,DUBAI,___ ____,Undefined,NULL,L3Q3,___,Male,____,Resident,100.00%,5
2020-2021,_____ _______ _______,Continuous Education,___,DUBAI,___ ____,Undefined,NULL,L3Q4,___,Male,____,Resident,100.00%,5
2020-2021,_____ _______ _______,Continuous Education,___,DUBAI,___ ____,Undefined,NULL,L4Q4,___,Male,____,Resident,100.00%,7
2020-2021,_____ _______ _______,Continuous Education,___ ______,Ras Al Khaimah,____ _____,Cycle3,____ ______,Grade 9,____,Female,_______,Emirati,80.00%,15
2020-2021,_____ _______ _______,Continuous Education,___ ______,Ras Al Khaimah,____ _____,Cycle3,____ ______,Grade 9,____,Female,____,Resident,63.64%,11
2020-2021,_____ _______ _______,Continuous Education,___ ______,Ras Al Khaimah,____ _____,Cycle3,____ ______,Grade 9,___,Male,_______,Emirati,78.50%,107
2020-2021,_____ _______ _______,Continuous Education,___ ______,Ras Al Khaimah,____ _____,Cycle3,____ ______,Grade 9,___,Male,____,Resident,53.66%,41
2020-2021,_____ _______ _______,Continuous Education,___ ______,Ras Al Khaimah,____ _____,Cycle3,____ ______ ___,Grade 12,____,Female,_______,Emirati,66.67%,63
2020-2021,_____ _______ _______,Continuous Education,___ ______,Ras Al Khaimah,____ _____,Cycle3,____ ______ ___,Grade 12,____,Female,____,Resident,61.90%,21
2020-2021,_____ _______ _______,Continuous Education,___ ______,Ras Al Khaimah,____ _____,Cycle3,____ ______ ___,Grade 12,___,Male,_______,Emirati,73.73%,316
2020-2021,_____ _______ _______,Continuous Education,___ ______,Ras Al Khaimah,____ _____,Cycle3,____ ______ ___,Grade 12,___,Male,____,Resident,80.36%,56
2020-2021,_____ _______ _______,Continuous Education,___ ______,Ras Al Khaimah,____ _____,Cycle3,____ ______ ___,Grade 11,____,Female,_______,Emirati,77.78%,45
2020-2021,_____ _______ _______,Continuous Education,___ ______,Ras Al Khaimah,____ _____,Cycle3,____ ______ ___,Grade 11,____,Female,____,Resident,86.21%,29
2020-2021,_____ _______ _______,Continuous Education,___ ______,Ras Al Khaimah,____ _____,Cycle3,____ ______ ___,Grade 11,___,Male,_______,Emirati,82.46%,325
2020-2021,_____ _______ _______,Continuous Education,___ ______,Ras Al Khaimah,____ _____,Cycle3,____ ______ ___,Grade 11,___,Male,____,Resident,58.97%,39
2020-2021,_____ _______ _______,Continuous Education,___ ______,Ras Al Khaimah,____ _____,Cycle3,____ ______,Grade 10,____,Female,_______,Emirati,71.79%,39
2020-2021,_____ _______ _______,Continuous Education,___ ______,Ras Al Khaimah,____ _____,Cycle3,____ ______,Grade 10,____,Female,____,Resident,56.00%,25
2020-2021,_____ _______ _______,Continuous Education,___ ______,Ras Al Khaimah,____ _____,Cycle3,____ ______,Grade 10,___,Male,_______,Emirati,63.72%,226
2020-2021,_____ _______ _______,Continuous Education,___ ______,Ras Al Khaimah,____ _____,Cycle3,____ ______,Grade 10,___,Male,____,Resident,53.19%,47
2020-2021,_____ _______ _______,Continuous Education,___ ______,Ras Al Khaimah,____ _____,Cycle2,____ ______,Grade 8,____,Female,_______,Emirati,78.57%,14
2020-2021,_____ _______ _______,Continuous Education,___ ______,Ras Al Khaimah,____ _____,Cycle2,____ ______,Grade 8,____,Female,____,Resident,91.67%,12
2020-2021,_____ _______ _______,Continuous Education,___ ______,Ras Al Khaimah,____ _____,Cycle2,____ ______,Grade 8,___,Male,_______,Emirati,88.71%,62
2020-2021,_____ _______ _______,Continuous Education,___ ______,Ras Al Khaimah,____ _____,Cycle2,____ ______,Grade 8,___,Male,____,Resident,58.33%,12
2020-2021,_____ _______ _______,Continuous Education,___ ______,Ras Al Khaimah,____ _____,Cycle2,____ ______,Grade 7,____,Female,_______,Emirati,75.00%,4
2020-2021,_____ _______ _______,Continuous Education,___ ______,Ras Al Khaimah,____ _____,Cycle2,____ ______,Grade 7,____,Female,____,Resident,14.29%,7
2020-2021,_____ _______ _______,Continuous Education,___ ______,Ras Al Khaimah,____ _____,Cycle2,____ ______,Grade 7,___,Male,_______,Emirati,70.27%,37
2020-2021,_____ _______ _______,Continuous Education,___ ______,Ras Al Khaimah,____ _____,Cycle2,____ ______,Grade 7,___,Male,____,Resident,20.00%,10
2020-2021,_____ _______ _______,Continuous Education,_____,AJMAN,____ _____,Cycle3,____ ______,Grade 9,____,Female,_______,Emirati,93.33%,15
2020-2021,_____ _______ _______,Continuous Education,_____,AJMAN,____ _____,Cycle3,____ ______,Grade 9,____,Female,____,Resident,82.00%,50
2020-2021,_____ _______ _______,Continuous Education,_____,AJMAN,____ _____,Cycle3,____ ______,Grade 9,___,Male,_______,Emirati,76.74%,43
2020-2021,_____ _______ _______,Continuous Education,_____,AJMAN,____ _____,Cycle3,____ ______,Grade 9,___,Male,____,Resident,78.69%,61
2020-2021,_____ _______ _______,Continuous Education,_____,AJMAN,____ _____,Cycle3,____ ______ ___,Grade 12,____,Female,_______,Emirati,76.92%,65
2020-2021,_____ _______ _______,Continuous Education,_____,AJMAN,____ _____,Cycle3,____ ______ ___,Grade 12,____,Female,____,Resident,74.19%,93
2020-2021,_____ _______ _______,Continuous Education,_____,AJMAN,____ _____,Cycle3,____ ______ ___,Grade 12,___,Male,_______,Emirati,66.21%,145
2020-2021,_____ _______ _______,Continuous Education,_____,AJMAN,____ _____,Cycle3,____ ______ ___,Grade 12,___,Male,____,Resident,71.07%,121
2020-2021,_____ _______ _______,Continuous Education,_____,AJMAN,____ _____,Cycle3,____ ______ ___,Grade 11,____,Female,_______,Emirati,76.67%,30
2020-2021,_____ _______ _______,Continuous Education,_____,AJMAN,____ _____,Cycle3,____ ______ ___,Grade 11,____,Female,____,Resident,78.21%,78
2020-2021,_____ _______ _______,Continuous Education,_____,AJMAN,____ _____,Cycle3,____ ______ ___,Grade 11,___,Male,_______,Emirati,75.21%,117
2020-2021,_____ _______ _______,Continuous Education,_____,AJMAN,____ _____,Cycle3,____ ______ ___,Grade 11,___,Male,____,Resident,64.47%,76
2020-2021,_____ _______ _______,Continuous Education,_____,AJMAN,____ _____,Cycle3,____ ______,Grade 10,____,Female,_______,Emirati,60.61%,33
2020-2021,_____ _______ _______,Continuous Education,_____,AJMAN,____ _____,Cycle3,____ ______,Grade 10,____,Female,____,Resident,46.67%,105
2020-2021,_____ _______ _______,Continuous Education,_____,AJMAN,____ _____,Cycle3,____ ______,Grade 10,___,Male,_______,Emirati,68.25%,126
2020-2021,_____ _______ _______,Continuous Education,_____,AJMAN,____ _____,Cycle3,____ ______,Grade 10,___,Male,____,Resident,52.50%,80
2020-2021,_____ _______ _______,Continuous Education,_____,AJMAN,____ _____,Cycle2,____ ______,Grade 8,____,Female,_______,Emirati,93.33%,45
2020-2021,_____ _______ _______,Continuous Education,_____,AJMAN,____ _____,Cycle2,____ ______,Grade 8,____,Female,____,Resident,78.57%,84
2020-2021,_____ _______ _______,Continuous Education,_____,AJMAN,____ _____,Cycle2,____ ______,Grade 8,___,Male,_______,Emirati,85.00%,40
2020-2021,_____ _______ _______,Continuous Education,_____,AJMAN,____ _____,Cycle2,____ ______,Grade 8,___,Male,____,Resident,70.21%,47
2020-2021,_____ _______ _______,Continuous Education,_____,AJMAN,____ _____,Cycle2,____ ______,Grade 7,____,Female,_______,Emirati,25.00%,4
2020-2021,_____ _______ _______,Continuous Education,_____,AJMAN,____ _____,Cycle2,____ ______,Grade 7,____,Female,____,Resident,37.14%,35
2020-2021,_____ _______ _______,Continuous Education,_____,AJMAN,____ _____,Cycle2,____ ______,Grade 7,___,Male,_______,Emirati,70.59%,17
2020-2021,_____ _______ _______,Continuous Education,_____,AJMAN,____ _____,Cycle2,____ ______,Grade 7,___,Male,____,Resident,47.62%,21
2020-2021,_____ _______ _______,Continuous Education,_____,AJMAN,___ ____,Undefined,_____ ______,Year 1,____,Female,_______,Emirati,100.00%,18
2020-2021,_____ _______ _______,Continuous Education,_____,AJMAN,___ ____,Undefined,_____ ______,Year 1,____,Female,____,Resident,100.00%,7
2020-2021,_____ _______ _______,Continuous Education,_____,AJMAN,___ ____,Undefined,_____ _______,Year 3,____,Female,_______,Emirati,100.00%,29
2020-2021,_____ _______ _______,Continuous Education,_____,AJMAN,___ ____,Undefined,_____ _______,Year 3,____,Female,____,Resident,100.00%,27
2020-2021,_____ _______ _______,Continuous Education,_____,AJMAN,___ ____,Undefined,_____ _______,Year 2,____,Female,_______,Emirati,100.00%,28
2020-2021,_____ _______ _______,Continuous Education,_____,AJMAN,___ ____,Undefined,_____ _______,Year 2,____,Female,____,Resident,100.00%,24
2020-2021,_____ _______ _______,Continuous Education,_____,AJMAN,___ ____,Undefined,_____ _______,Year 4,____,Female,_______,Emirati,88.37%,43
2020-2021,_____ _______ _______,Continuous Education,_____,AJMAN,___ ____,Undefined,_____ _______,Year 4,____,Female,____,Resident,88.24%,17
2020-2021,_____ _______ _ _______ ______ (VEDC),Vocational Education Development Centers (VEDC),______,ABU DHABI,____ _____,Cycle3,F-Y1,F-Y1,___,Male,_______,Emirati,96.49%,57
2020-2021,_____ _______ _ _______ ______ (VEDC),Vocational Education Development Centers (VEDC),______,ABU DHABI,____ _____,Cycle3,F-Y1,F-Y1,___,Male,____,Expat,100.00%,5
2020-2021,_____ _______ _ _______ ______ (VEDC),Vocational Education Development Centers (VEDC),______,ABU DHABI,____ _____,Cycle3,V-PF,V-PF,___,Male,_______,Emirati,100.00%,1
2020-2021,_____ _______ _ _______ ______ (VEDC),Vocational Education Development Centers (VEDC),______,ABU DHABI,____ _____,Cycle3,V-Y2,V-Y2,___,Male,_______,Emirati,94.38%,89
2020-2021,_____ _______ _ _______ ______ (VEDC),Vocational Education Development Centers (VEDC),______,ABU DHABI,____ _____,Cycle3,V-Y2,V-Y2,___,Male,____,Expat,100.00%,1
2020-2021,_____ _______ _ _______ ______ (VEDC),Vocational Education Development Centers (VEDC),______,ABU DHABI,____ _____,Cycle3,V-Y3,V-Y3,___,Male,_______,Emirati,100.00%,7
2021-2022,_______ ________,Public,_______,SHARJAH,____ ____,Cycle1,____ _____,Grade 1,____,Female,_______,Emirati,100.00%,770
2021-2022,_______ ________,Public,_______,SHARJAH,____ ____,Cycle1,____ _____,Grade 1,____,Female,____,Resident,100.00%,68
2021-2022,_______ ________,Public,_______,SHARJAH,____ ____,Cycle1,____ _____,Grade 1,___,Male,_______,Emirati,99.87%,758
2021-2022,_______ ________,Public,_______,SHARJAH,____ ____,Cycle1,____ _____,Grade 1,___,Male,____,Resident,100.00%,62
2021-2022,_______ ________,Public,_______,SHARJAH,____ ____,Cycle1,____ ______,Grade 3,____,Female,_______,Emirati,99.88%,862
2021-2022,_______ ________,Public,_______,SHARJAH,____ ____,Cycle1,____ ______,Grade 3,____,Female,____,Resident,100.00%,114
2021-2022,_______ ________,Public,_______,SHARJAH,____ ____,Cycle1,____ ______,Grade 3,___,Male,_______,Emirati,100.00%,797
2021-2022,_______ ________,Public,_______,SHARJAH,____ ____,Cycle1,____ ______,Grade 3,___,Male,____,Resident,100.00%,112
2021-2022,_______ ________,Public,_______,SHARJAH,____ ____,Cycle1,____ ______,Grade 2,____,Female,_______,Emirati,99.76%,842
2021-2022,_______ ________,Public,_______,SHARJAH,____ ____,Cycle1,____ ______,Grade 2,____,Female,____,Resident,100.00%,102
2021-2022,_______ ________,Public,_______,SHARJAH,____ ____,Cycle1,____ ______,Grade 2,___,Male,_______,Emirati,99.87%,765
2021-2022,_______ ________,Public,_______,SHARJAH,____ ____,Cycle1,____ ______,Grade 2,___,Male,____,Resident,98.91%,92
2021-2022,_______ ________,Public,_______,SHARJAH,____ ____,Cycle1,____ ______,Grade 4,____,Female,_______,Emirati,100.00%,846
2021-2022,_______ ________,Public,_______,SHARJAH,____ ____,Cycle1,____ ______,Grade 4,____,Female,____,Resident,100.00%,150
2021-2022,_______ ________,Public,_______,SHARJAH,____ ____,Cycle1,____ ______,Grade 4,___,Male,_______,Emirati,100.00%,780
2021-2022,_______ ________,Public,_______,SHARJAH,____ ____,Cycle1,____ ______,Grade 4,___,Male,____,Resident,100.00%,112
2021-2022,_______ ________,Public,_______,SHARJAH,____ _____,Cycle3,____ ______,Grade 9,____,Female,_______,Emirati,95.44%,944
2021-2022,_______ ________,Public,_______,SHARJAH,____ _____,Cycle3,____ ______,Grade 9,____,Female,____,Resident,97.86%,140
2021-2022,_______ ________,Public,_______,SHARJAH,____ _____,Cycle3,____ ______,Grade 9,___,Male,_______,Emirati,99.76%,819
2021-2022,_______ ________,Public,_______,SHARJAH,____ _____,Cycle3,____ ______,Grade 9,___,Male,____,Resident,99.18%,122
2021-2022,_______ ________,Public,_______,SHARJAH,____ _____,Cycle3,____ ______ ___,Grade 12,____,Female,_______,Emirati,99.32%,883
2021-2022,_______ ________,Public,_______,SHARJAH,____ _____,Cycle3,____ ______ ___,Grade 12,____,Female,____,Resident,99.36%,156
2021-2022,_______ ________,Public,_______,SHARJAH,____ _____,Cycle3,____ ______ ___,Grade 12,___,Male,_______,Emirati,99.88%,809
2021-2022,_______ ________,Public,_______,SHARJAH,____ _____,Cycle3,____ ______ ___,Grade 12,___,Male,____,Resident,100.00%,182
2021-2022,_______ ________,Public,_______,SHARJAH,____ _____,Cycle3,____ ______ ___,Grade 11,____,Female,_______,Emirati,95.65%,943
2021-2022,_______ ________,Public,_______,SHARJAH,____ _____,Cycle3,____ ______ ___,Grade 11,____,Female,____,Resident,94.41%,179
2021-2022,_______ ________,Public,_______,SHARJAH,____ _____,Cycle3,____ ______ ___,Grade 11,___,Male,_______,Emirati,99.11%,788
2021-2022,_______ ________,Public,_______,SHARJAH,____ _____,Cycle3,____ ______ ___,Grade 11,___,Male,____,Resident,97.83%,138
2021-2022,_______ ________,Public,_______,SHARJAH,____ _____,Cycle3,____ ______,Grade 10,____,Female,_______,Emirati,94.56%,900
2021-2022,_______ ________,Public,_______,SHARJAH,____ _____,Cycle3,____ ______,Grade 10,____,Female,____,Resident,96.13%,155
2021-2022,_______ ________,Public,_______,SHARJAH,____ _____,Cycle3,____ ______,Grade 10,___,Male,_______,Emirati,99.39%,820
2021-2022,_______ ________,Public,_______,SHARJAH,____ _____,Cycle3,____ ______,Grade 10,___,Male,____,Resident,98.61%,144
2021-2022,_______ ________,Public,_______,SHARJAH,____ _____,Cycle2,____ ______,Grade 8,____,Female,_______,Emirati,99.70%,997
2021-2022,_______ ________,Public,_______,SHARJAH,____ _____,Cycle2,____ ______,Grade 8,____,Female,____,Resident,100.00%,141
2021-2022,_______ ________,Public,_______,SHARJAH,____ _____,Cycle2,____ ______,Grade 8,___,Male,_______,Emirati,99.89%,871
2021-2022,_______ ________,Public,_______,SHARJAH,____ _____,Cycle2,____ ______,Grade 8,___,Male,____,Resident,100.00%,125
2021-2022,_______ ________,Public,_______,SHARJAH,____ _____,Cycle2,____ ______,Grade 5,____,Female,_______,Emirati,99.80%,977
2021-2022,_______ ________,Public,_______,SHARJAH,____ _____,Cycle2,____ ______,Grade 5,____,Female,____,Resident,100.00%,156
2021-2022,_______ ________,Public,_______,SHARJAH,____ _____,Cycle2,____ ______,Grade 5,___,Male,_______,Emirati,100.00%,774
2021-2022,_______ ________,Public,_______,SHARJAH,____ _____,Cycle2,____ ______,Grade 5,___,Male,____,Resident,100.00%,117
2021-2022,_______ ________,Public,_______,SHARJAH,____ _____,Cycle2,____ ______,Grade 7,____,Female,_______,Emirati,99.89%,943
2021-2022,_______ ________,Public,_______,SHARJAH,____ _____,Cycle2,____ ______,Grade 7,____,Female,____,Resident,100.00%,154
2021-2022,_______ ________,Public,_______,SHARJAH,____ _____,Cycle2,____ ______,Grade 7,___,Male,_______,Emirati,100.00%,896
2021-2022,_______ ________,Public,_______,SHARJAH,____ _____,Cycle2,____ ______,Grade 7,___,Male,____,Resident,98.41%,126
2021-2022,_______ ________,Public,_______,SHARJAH,____ _____,Cycle2,____ ______,Grade 6,____,Female,_______,Emirati,99.88%,835
2021-2022,_______ ________,Public,_______,SHARJAH,____ _____,Cycle2,____ ______,Grade 6,____,Female,____,Resident,100.00%,141
2021-2022,_______ ________,Public,_______,SHARJAH,____ _____,Cycle2,____ ______,Grade 6,___,Male,_______,Emirati,100.00%,722
2021-2022,_______ ________,Public,_______,SHARJAH,____ _____,Cycle2,____ ______,Grade 6,___,Male,____,Resident,100.00%,127
2021-2022,_______ ________,Public,_______ / _______,Sharjah / Eastern,____ ____,Cycle1,____ _____,Grade 1,____,Female,_______,Emirati,100.00%,705
2021-2022,_______ ________,Public,_______ / _______,Sharjah / Eastern,____ ____,Cycle1,____ _____,Grade 1,____,Female,____,Resident,100.00%,31
2021-2022,_______ ________,Public,_______ / _______,Sharjah / Eastern,____ ____,Cycle1,____ _____,Grade 1,___,Male,_______,Emirati,99.85%,667
2021-2022,_______ ________,Public,_______ / _______,Sharjah / Eastern,____ ____,Cycle1,____ _____,Grade 1,___,Male,____,Resident,100.00%,42
2021-2022,_______ ________,Public,_______ / _______,Sharjah / Eastern,____ ____,Cycle1,____ ______,Grade 3,____,Female,_______,Emirati,100.00%,680
2021-2022,_______ ________,Public,_______ / _______,Sharjah / Eastern,____ ____,Cycle1,____ ______,Grade 3,____,Female,____,Resident,100.00%,44
2021-2022,_______ ________,Public,_______ / _______,Sharjah / Eastern,____ ____,Cycle1,____ ______,Grade 3,___,Male,_______,Emirati,100.00%,658
2021-2022,_______ ________,Public,_______ / _______,Sharjah / Eastern,____ ____,Cycle1,____ ______,Grade 3,___,Male,____,Resident,100.00%,38
2021-2022,_______ ________,Public,_______ / _______,Sharjah / Eastern,____ ____,Cycle1,____ ______,Grade 2,____,Female,_______,Emirati,100.00%,748
2021-2022,_______ ________,Public,_______ / _______,Sharjah / Eastern,____ ____,Cycle1,____ ______,Grade 2,____,Female,____,Resident,100.00%,48
2021-2022,_______ ________,Public,_______ / _______,Sharjah / Eastern,____ ____,Cycle1,____ ______,Grade 2,___,Male,_______,Emirati,99.85%,660
2021-2022,_______ ________,Public,_______ / _______,Sharjah / Eastern,____ ____,Cycle1,____ ______,Grade 2,___,Male,____,Resident,100.00%,43
2021-2022,_______ ________,Public,_______ / _______,Sharjah / Eastern,____ ____,Cycle1,____ ______,Grade 4,____,Female,_______,Emirati,100.00%,658
2021-2022,_______ ________,Public,_______ / _______,Sharjah / Eastern,____ ____,Cycle1,____ ______,Grade 4,____,Female,____,Resident,100.00%,41
2021-2022,_______ ________,Public,_______ / _______,Sharjah / Eastern,____ ____,Cycle1,____ ______,Grade 4,___,Male,_______,Emirati,100.00%,657
2021-2022,_______ ________,Public,_______ / _______,Sharjah / Eastern,____ ____,Cycle1,____ ______,Grade 4,___,Male,____,Resident,100.00%,41
2021-2022,_______ ________,Public,_______ / _______,Sharjah / Eastern,____ _____,Cycle3,____ ______,Grade 9,____,Female,_______,Emirati,100.00%,610
2021-2022,_______ ________,Public,_______ / _______,Sharjah / Eastern,____ _____,Cycle3,____ ______,Grade 9,____,Female,____,Resident,100.00%,45
2021-2022,_______ ________,Public,_______ / _______,Sharjah / Eastern,____ _____,Cycle3,____ ______,Grade 9,___,Male,_______,Emirati,98.70%,616
2021-2022,_______ ________,Public,_______ / _______,Sharjah / Eastern,____ _____,Cycle3,____ ______,Grade 9,___,Male,____,Resident,98.08%,52
2021-2022,_______ ________,Public,_______ / _______,Sharjah / Eastern,____ _____,Cycle3,____ ______ ___,Grade 12,____,Female,_______,Emirati,100.00%,585
2021-2022,_______ ________,Public,_______ / _______,Sharjah / Eastern,____ _____,Cycle3,____ ______ ___,Grade 12,____,Female,____,Resident,100.00%,51
2021-2022,_______ ________,Public,_______ / _______,Sharjah / Eastern,____ _____,Cycle3,____ ______ ___,Grade 12,___,Male,_______,Emirati,99.65%,569
2021-2022,_______ ________,Public,_______ / _______,Sharjah / Eastern,____ _____,Cycle3,____ ______ ___,Grade 12,___,Male,____,Resident,100.00%,52
2021-2022,_______ ________,Public,_______ / _______,Sharjah / Eastern,____ _____,Cycle3,____ ______ ___,Grade 11,____,Female,_______,Emirati,100.00%,571
2021-2022,_______ ________,Public,_______ / _______,Sharjah / Eastern,____ _____,Cycle3,____ ______ ___,Grade 11,____,Female,____,Resident,100.00%,51
2021-2022,_______ ________,Public,_______ / _______,Sharjah / Eastern,____ _____,Cycle3,____ ______ ___,Grade 11,___,Male,_______,Emirati,99.33%,601
2021-2022,_______ ________,Public,_______ / _______,Sharjah / Eastern,____ _____,Cycle3,____ ______ ___,Grade 11,___,Male,____,Resident,96.97%,33
2021-2022,_______ ________,Public,_______ / _______,Sharjah / Eastern,____ _____,Cycle3,____ ______,Grade 10,____,Female,_______,Emirati,100.00%,632
2021-2022,_______ ________,Public,_______ / _______,Sharjah / Eastern,____ _____,Cycle3,____ ______,Grade 10,____,Female,____,Resident,97.56%,41
2021-2022,_______ ________,Public,_______ / _______,Sharjah / Eastern,____ _____,Cycle3,____ ______,Grade 10,___,Male,_______,Emirati,99.43%,523
2021-2022,_______ ________,Public,_______ / _______,Sharjah / Eastern,____ _____,Cycle3,____ ______,Grade 10,___,Male,____,Resident,100.00%,41
2021-2022,_______ ________,Public,_______ / _______,Sharjah / Eastern,____ _____,Cycle2,____ ______,Grade 8,____,Female,_______,Emirati,100.00%,627
2021-2022,_______ ________,Public,_______ / _______,Sharjah / Eastern,____ _____,Cycle2,____ ______,Grade 8,____,Female,____,Resident,100.00%,41
2021-2022,_______ ________,Public,_______ / _______,Sharjah / Eastern,____ _____,Cycle2,____ ______,Grade 8,___,Male,_______,Emirati,100.00%,614
2021-2022,_______ ________,Public,_______ / _______,Sharjah / Eastern,____ _____,Cycle2,____ ______,Grade 8,___,Male,____,Resident,100.00%,32
2021-2022,_______ ________,Public,_______ / _______,Sharjah / Eastern,____ _____,Cycle2,____ ______,Grade 5,____,Female,_______,Emirati,100.00%,623
2021-2022,_______ ________,Public,_______ / _______,Sharjah / Eastern,____ _____,Cycle2,____ ______,Grade 5,____,Female,____,Resident,100.00%,48
2021-2022,_______ ________,Public,_______ / _______,Sharjah / Eastern,____ _____,Cycle2,____ ______,Grade 5,___,Male,_______,Emirati,100.00%,688
2021-2022,_______ ________,Public,_______ / _______,Sharjah / Eastern,____ _____,Cycle2,____ ______,Grade 5,___,Male,____,Resident,100.00%,40
2021-2022,_______ ________,Public,_______ / _______,Sharjah / Eastern,____ _____,Cycle2,____ ______,Grade 7,____,Female,_______,Emirati,100.00%,686
2021-2022,_______ ________,Public,_______ / _______,Sharjah / Eastern,____ _____,Cycle2,____ ______,Grade 7,____,Female,____,Resident,100.00%,46
2021-2022,_______ ________,Public,_______ / _______,Sharjah / Eastern,____ _____,Cycle2,____ ______,Grade 7,___,Male,_______,Emirati,99.71%,685
2021-2022,_______ ________,Public,_______ / _______,Sharjah / Eastern,____ _____,Cycle2,____ ______,Grade 7,___,Male,____,Resident,100.00%,37
2021-2022,_______ ________,Public,_______ / _______,Sharjah / Eastern,____ _____,Cycle2,____ ______,Grade 6,____,Female,_______,Emirati,100.00%,592
2021-2022,_______ ________,Public,_______ / _______,Sharjah / Eastern,____ _____,Cycle2,____ ______,Grade 6,____,Female,____,Resident,100.00%,40
2021-2022,_______ ________,Public,_______ / _______,Sharjah / Eastern,____ _____,Cycle2,____ ______,Grade 6,___,Male,_______,Emirati,100.00%,559
2021-2022,_______ ________,Public,_______ / _______,Sharjah / Eastern,____ _____,Cycle2,____ ______,Grade 6,___,Male,____,Resident,100.00%,36
2021-2022,_______ ________,Public,______,AL DHAFRA,____ ____,Cycle1,____ _____,Grade 1,____,Female,_______,Emirati,100.00%,277
2021-2022,_______ ________,Public,______,AL DHAFRA,____ ____,Cycle1,____ _____,Grade 1,____,Female,____,Resident,100.00%,67
2021-2022,_______ ________,Public,______,AL DHAFRA,____ ____,Cycle1,____ _____,Grade 1,___,Male,_______,Emirati,100.00%,247
2021-2022,_______ ________,Public,______,AL DHAFRA,____ ____,Cycle1,____ _____,Grade 1,___,Male,____,Resident,100.00%,71
2021-2022,_______ ________,Public,______,AL DHAFRA,____ ____,Cycle1,____ ______,Grade 3,____,Female,_______,Emirati,100.00%,285
2021-2022,_______ ________,Public,______,AL DHAFRA,____ ____,Cycle1,____ ______,Grade 3,____,Female,____,Resident,100.00%,123
2021-2022,_______ ________,Public,______,AL DHAFRA,____ ____,Cycle1,____ ______,Grade 3,___,Male,_______,Emirati,100.00%,248
2021-2022,_______ ________,Public,______,AL DHAFRA,____ ____,Cycle1,____ ______,Grade 3,___,Male,____,Resident,100.00%,117
2021-2022,_______ ________,Public,______,AL DHAFRA,____ ____,Cycle1,____ ______,Grade 2,____,Female,_______,Emirati,100.00%,243
2021-2022,_______ ________,Public,______,AL DHAFRA,____ ____,Cycle1,____ ______,Grade 2,____,Female,____,Resident,100.00%,113
2021-2022,_______ ________,Public,______,AL DHAFRA,____ ____,Cycle1,____ ______,Grade 2,___,Male,_______,Emirati,100.00%,242
2021-2022,_______ ________,Public,______,AL DHAFRA,____ ____,Cycle1,____ ______,Grade 2,___,Male,____,Resident,100.00%,108
2021-2022,_______ ________,Public,______,AL DHAFRA,____ ____,Cycle1,____ ______,Grade 4,____,Female,_______,Emirati,100.00%,236
2021-2022,_______ ________,Public,______,AL DHAFRA,____ ____,Cycle1,____ ______,Grade 4,____,Female,____,Resident,100.00%,135
2021-2022,_______ ________,Public,______,AL DHAFRA,____ ____,Cycle1,____ ______,Grade 4,___,Male,_______,Emirati,100.00%,231
2021-2022,_______ ________,Public,______,AL DHAFRA,____ ____,Cycle1,____ ______,Grade 4,___,Male,____,Resident,100.00%,125
2021-2022,_______ ________,Public,______,AL DHAFRA,____ _____,Cycle3,____ ______,Grade 9,____,Female,_______,Emirati,99.60%,252
2021-2022,_______ ________,Public,______,AL DHAFRA,____ _____,Cycle3,____ ______,Grade 9,____,Female,____,Resident,99.37%,159
2021-2022,_______ ________,Public,______,AL DHAFRA,____ _____,Cycle3,____ ______,Grade 9,___,Male,_______,Emirati,99.01%,202
2021-2022,_______ ________,Public,______,AL DHAFRA,____ _____,Cycle3,____ ______,Grade 9,___,Male,____,Resident,100.00%,180
2021-2022,_______ ________,Public,______,AL DHAFRA,____ _____,Cycle3,____ ______ ___,Grade 12,____,Female,_______,Emirati,99.55%,223
2021-2022,_______ ________,Public,______,AL DHAFRA,____ _____,Cycle3,____ ______ ___,Grade 12,____,Female,____,Resident,100.00%,168
2021-2022,_______ ________,Public,______,AL DHAFRA,____ _____,Cycle3,____ ______ ___,Grade 12,___,Male,_______,Emirati,99.45%,183
2021-2022,_______ ________,Public,______,AL DHAFRA,____ _____,Cycle3,____ ______ ___,Grade 12,___,Male,____,Resident,100.00%,181
2021-2022,_______ ________,Public,______,AL DHAFRA,____ _____,Cycle3,____ ______ ___,Grade 11,____,Female,_______,Emirati,98.68%,227
2021-2022,_______ ________,Public,______,AL DHAFRA,____ _____,Cycle3,____ ______ ___,Grade 11,____,Female,____,Resident,100.00%,167
2021-2022,_______ ________,Public,______,AL DHAFRA,____ _____,Cycle3,____ ______ ___,Grade 11,___,Male,_______,Emirati,98.35%,182
2021-2022,_______ ________,Public,______,AL DHAFRA,____ _____,Cycle3,____ ______ ___,Grade 11,___,Male,____,Resident,100.00%,175
2021-2022,_______ ________,Public,______,AL DHAFRA,____ _____,Cycle3,____ ______,Grade 10,____,Female,_______,Emirati,98.90%,182
2021-2022,_______ ________,Public,______,AL DHAFRA,____ _____,Cycle3,____ ______,Grade 10,____,Female,____,Resident,98.80%,167
2021-2022,_______ ________,Public,______,AL DHAFRA,____ _____,Cycle3,____ ______,Grade 10,___,Male,_______,Emirati,97.50%,160
2021-2022,_______ ________,Public,______,AL DHAFRA,____ _____,Cycle3,____ ______,Grade 10,___,Male,____,Resident,98.57%,140
2021-2022,_______ ________,Public,______,AL DHAFRA,____ _____,Cycle2,____ ______,Grade 8,____,Female,_______,Emirati,100.00%,239
2021-2022,_______ ________,Public,______,AL DHAFRA,____ _____,Cycle2,____ ______,Grade 8,____,Female,____,Resident,100.00%,137
2021-2022,_______ ________,Public,______,AL DHAFRA,____ _____,Cycle2,____ ______,Grade 8,___,Male,_______,Emirati,98.95%,191
2021-2022,_______ ________,Public,______,AL DHAFRA,____ _____,Cycle2,____ ______,Grade 8,___,Male,____,Resident,99.35%,155
2021-2022,_______ ________,Public,______,AL DHAFRA,____ _____,Cycle2,____ ______,Grade 5,____,Female,_______,Emirati,100.00%,237
2021-2022,_______ ________,Public,______,AL DHAFRA,____ _____,Cycle2,____ ______,Grade 5,____,Female,____,Resident,100.00%,150
2021-2022,_______ ________,Public,______,AL DHAFRA,____ _____,Cycle2,____ ______,Grade 5,___,Male,_______,Emirati,100.00%,235
2021-2022,_______ ________,Public,______,AL DHAFRA,____ _____,Cycle2,____ ______,Grade 5,___,Male,____,Resident,100.00%,153
2021-2022,_______ ________,Public,______,AL DHAFRA,____ _____,Cycle2,____ ______,Grade 7,____,Female,_______,Emirati,99.54%,216
2021-2022,_______ ________,Public,______,AL DHAFRA,____ _____,Cycle2,____ ______,Grade 7,____,Female,____,Resident,100.00%,135
2021-2022,_______ ________,Public,______,AL DHAFRA,____ _____,Cycle2,____ ______,Grade 7,___,Male,_______,Emirati,99.46%,184
2021-2022,_______ ________,Public,______,AL DHAFRA,____ _____,Cycle2,____ ______,Grade 7,___,Male,____,Resident,100.00%,140
2021-2022,_______ ________,Public,______,AL DHAFRA,____ _____,Cycle2,____ ______,Grade 6,____,Female,_______,Emirati,99.52%,210
2021-2022,_______ ________,Public,______,AL DHAFRA,____ _____,Cycle2,____ ______,Grade 6,____,Female,____,Resident,100.00%,115
2021-2022,_______ ________,Public,______,AL DHAFRA,____ _____,Cycle2,____ ______,Grade 6,___,Male,_______,Emirati,99.50%,201
2021-2022,_______ ________,Public,______,AL DHAFRA,____ _____,Cycle2,____ ______,Grade 6,___,Male,____,Resident,100.00%,122
2021-2022,_______ ________,Public,_____,AL AIN,____ ____,Cycle1,____ _____,Grade 1,____,Female,_______,Emirati,100.00%,1771
2021-2022,_______ ________,Public,_____,AL AIN,____ ____,Cycle1,____ _____,Grade 1,____,Female,____,Resident,100.00%,261
2021-2022,_______ ________,Public,_____,AL AIN,____ ____,Cycle1,____ _____,Grade 1,___,Male,_______,Emirati,99.81%,1580
2021-2022,_______ ________,Public,_____,AL AIN,____ ____,Cycle1,____ _____,Grade 1,___,Male,____,Resident,100.00%,252
2021-2022,_______ ________,Public,_____,AL AIN,____ ____,Cycle1,____ ______,Grade 3,____,Female,_______,Emirati,99.88%,1679
2021-2022,_______ ________,Public,_____,AL AIN,____ ____,Cycle1,____ ______,Grade 3,____,Female,____,Resident,99.45%,363
2021-2022,_______ ________,Public,_____,AL AIN,____ ____,Cycle1,____ ______,Grade 3,___,Male,_______,Emirati,99.94%,1681
2021-2022,_______ ________,Public,_____,AL AIN,____ ____,Cycle1,____ ______,Grade 3,___,Male,____,Resident,100.00%,334
2021-2022,_______ ________,Public,_____,AL AIN,____ ____,Cycle1,____ ______,Grade 2,____,Female,_______,Emirati,99.82%,1675
2021-2022,_______ ________,Public,_____,AL AIN,____ ____,Cycle1,____ ______,Grade 2,____,Female,____,Resident,100.00%,324
2021-2022,_______ ________,Public,_____,AL AIN,____ ____,Cycle1,____ ______,Grade 2,___,Male,_______,Emirati,99.88%,1616
2021-2022,_______ ________,Public,_____,AL AIN,____ ____,Cycle1,____ ______,Grade 2,___,Male,____,Resident,100.00%,340
2021-2022,_______ ________,Public,_____,AL AIN,____ ____,Cycle1,____ ______,Grade 4,____,Female,_______,Emirati,99.94%,1657
2021-2022,_______ ________,Public,_____,AL AIN,____ ____,Cycle1,____ ______,Grade 4,____,Female,____,Resident,100.00%,366
2021-2022,_______ ________,Public,_____,AL AIN,____ ____,Cycle1,____ ______,Grade 4,___,Male,_______,Emirati,99.80%,1538
2021-2022,_______ ________,Public,_____,AL AIN,____ ____,Cycle1,____ ______,Grade 4,___,Male,____,Resident,100.00%,355
2021-2022,_______ ________,Public,_____,AL AIN,____ _____,Cycle3,____ ______,Grade 9,____,Female,_______,Emirati,95.83%,1821
2021-2022,_______ ________,Public,_____,AL AIN,____ _____,Cycle3,____ ______,Grade 9,____,Female,____,Resident,96.25%,347
2021-2022,_______ ________,Public,_____,AL AIN,____ _____,Cycle3,____ ______,Grade 9,___,Male,_______,Emirati,98.67%,1660
2021-2022,_______ ________,Public,_____,AL AIN,____ _____,Cycle3,____ ______,Grade 9,___,Male,____,Resident,98.03%,305
2021-2022,_______ ________,Public,_____,AL AIN,____ _____,Cycle3,____ ______ ___,Grade 12,____,Female,_______,Emirati,97.88%,1744
2021-2022,_______ ________,Public,_____,AL AIN,____ _____,Cycle3,____ ______ ___,Grade 12,____,Female,____,Resident,98.44%,320
2021-2022,_______ ________,Public,_____,AL AIN,____ _____,Cycle3,____ ______ ___,Grade 12,___,Male,_______,Emirati,99.10%,1330
2021-2022,_______ ________,Public,_____,AL AIN,____ _____,Cycle3,____ ______ ___,Grade 12,___,Male,____,Resident,99.70%,330
2021-2022,_______ ________,Public,_____,AL AIN,____ _____,Cycle3,____ ______ ___,Grade 11,____,Female,_______,Emirati,93.27%,1724
2021-2022,_______ ________,Public,_____,AL AIN,____ _____,Cycle3,____ ______ ___,Grade 11,____,Female,____,Resident,97.13%,314
2021-2022,_______ ________,Public,_____,AL AIN,____ _____,Cycle3,____ ______ ___,Grade 11,___,Male,_______,Emirati,97.70%,1524
2021-2022,_______ ________,Public,_____,AL AIN,____ _____,Cycle3,____ ______ ___,Grade 11,___,Male,____,Resident,99.04%,313
2021-2022,_______ ________,Public,_____,AL AIN,____ _____,Cycle3,____ ______,Grade 10,____,Female,_______,Emirati,90.80%,1739
2021-2022,_______ ________,Public,_____,AL AIN,____ _____,Cycle3,____ ______,Grade 10,____,Female,____,Resident,92.22%,360
2021-2022,_______ ________,Public,_____,AL AIN,____ _____,Cycle3,____ ______,Grade 10,___,Male,_______,Emirati,96.87%,1598
2021-2022,_______ ________,Public,_____,AL AIN,____ _____,Cycle3,____ ______,Grade 10,___,Male,____,Resident,97.37%,304
2021-2022,_______ ________,Public,_____,AL AIN,____ _____,Cycle2,____ ______,Grade 8,____,Female,_______,Emirati,99.39%,1652
2021-2022,_______ ________,Public,_____,AL AIN,____ _____,Cycle2,____ ______,Grade 8,____,Female,____,Resident,99.32%,296
2021-2022,_______ ________,Public,_____,AL AIN,____ _____,Cycle2,____ ______,Grade 8,___,Male,_______,Emirati,100.00%,1247
2021-2022,_______ ________,Public,_____,AL AIN,____ _____,Cycle2,____ ______,Grade 8,___,Male,____,Resident,100.00%,259
2021-2022,_______ ________,Public,_____,AL AIN,____ _____,Cycle2,____ ______,Grade 5,____,Female,_______,Emirati,99.26%,1753
2021-2022,_______ ________,Public,_____,AL AIN,____ _____,Cycle2,____ ______,Grade 5,____,Female,____,Resident,99.72%,351
2021-2022,_______ ________,Public,_____,AL AIN,____ _____,Cycle2,____ ______,Grade 5,___,Male,_______,Emirati,99.84%,1239
2021-2022,_______ ________,Public,_____,AL AIN,____ _____,Cycle2,____ ______,Grade 5,___,Male,____,Resident,100.00%,299
2021-2022,_______ ________,Public,_____,AL AIN,____ _____,Cycle2,____ ______,Grade 7,____,Female,_______,Emirati,99.21%,1642
2021-2022,_______ ________,Public,_____,AL AIN,____ _____,Cycle2,____ ______,Grade 7,____,Female,____,Resident,99.68%,312
2021-2022,_______ ________,Public,_____,AL AIN,____ _____,Cycle2,____ ______,Grade 7,___,Male,_______,Emirati,99.92%,1177
2021-2022,_______ ________,Public,_____,AL AIN,____ _____,Cycle2,____ ______,Grade 7,___,Male,____,Resident,100.00%,261
2021-2022,_______ ________,Public,_____,AL AIN,____ _____,Cycle2,____ ______,Grade 6,____,Female,_______,Emirati,98.49%,1460
2021-2022,_______ ________,Public,_____,AL AIN,____ _____,Cycle2,____ ______,Grade 6,____,Female,____,Resident,99.72%,359
2021-2022,_______ ________,Public,_____,AL AIN,____ _____,Cycle2,____ ______,Grade 6,___,Male,_______,Emirati,99.91%,1089
2021-2022,_______ ________,Public,_____,AL AIN,____ _____,Cycle2,____ ______,Grade 6,___,Male,____,Resident,100.00%,303
2021-2022,_______ ________,Public,_______,AL FUJAIRAH,____ ____,Cycle1,____ _____,Grade 1,____,Female,_______,Emirati,99.89%,935
2021-2022,_______ ________,Public,_______,AL FUJAIRAH,____ ____,Cycle1,____ _____,Grade 1,____,Female,____,Resident,100.00%,19
2021-2022,_______ ________,Public,_______,AL FUJAIRAH,____ ____,Cycle1,____ _____,Grade 1,___,Male,_______,Emirati,100.00%,994
2021-2022,_______ ________,Public,_______,AL FUJAIRAH,____ ____,Cycle1,____ _____,Grade 1,___,Male,____,Resident,100.00%,11
2021-2022,_______ ________,Public,_______,AL FUJAIRAH,____ ____,Cycle1,____ ______,Grade 3,____,Female,_______,Emirati,100.00%,929
2021-2022,_______ ________,Public,_______,AL FUJAIRAH,____ ____,Cycle1,____ ______,Grade 3,____,Female,____,Resident,100.00%,26
2021-2022,_______ ________,Public,_______,AL FUJAIRAH,____ ____,Cycle1,____ ______,Grade 3,___,Male,_______,Emirati,100.00%,1061
2021-2022,_______ ________,Public,_______,AL FUJAIRAH,____ ____,Cycle1,____ ______,Grade 3,___,Male,____,Resident,100.00%,25
2021-2022,_______ ________,Public,_______,AL FUJAIRAH,____ ____,Cycle1,____ ______,Grade 2,____,Female,_______,Emirati,100.00%,985
2021-2022,_______ ________,Public,_______,AL FUJAIRAH,____ ____,Cycle1,____ ______,Grade 2,____,Female,____,Resident,100.00%,17
2021-2022,_______ ________,Public,_______,AL FUJAIRAH,____ ____,Cycle1,____ ______,Grade 2,___,Male,_______,Emirati,100.00%,1038
2021-2022,_______ ________,Public,_______,AL FUJAIRAH,____ ____,Cycle1,____ ______,Grade 2,___,Male,____,Resident,100.00%,22
2021-2022,_______ ________,Public,_______,AL FUJAIRAH,____ ____,Cycle1,____ ______,Grade 4,____,Female,_______,Emirati,99.90%,999
2021-2022,_______ ________,Public,_______,AL FUJAIRAH,____ ____,Cycle1,____ ______,Grade 4,____,Female,____,Resident,100.00%,31
2021-2022,_______ ________,Public,_______,AL FUJAIRAH,____ ____,Cycle1,____ ______,Grade 4,___,Male,_______,Emirati,100.00%,1010
2021-2022,_______ ________,Public,_______,AL FUJAIRAH,____ ____,Cycle1,____ ______,Grade 4,___,Male,____,Resident,100.00%,26
2021-2022,_______ ________,Public,_______,AL FUJAIRAH,____ _____,Cycle3,____ ______,Grade 9,____,Female,_______,Emirati,100.00%,954
2021-2022,_______ ________,Public,_______,AL FUJAIRAH,____ _____,Cycle3,____ ______,Grade 9,____,Female,____,Resident,100.00%,41
2021-2022,_______ ________,Public,_______,AL FUJAIRAH,____ _____,Cycle3,____ ______,Grade 9,___,Male,_______,Emirati,98.10%,736
2021-2022,_______ ________,Public,_______,AL FUJAIRAH,____ _____,Cycle3,____ ______,Grade 9,___,Male,____,Resident,100.00%,24
2021-2022,_______ ________,Public,_______,AL FUJAIRAH,____ _____,Cycle3,____ ______ ___,Grade 12,____,Female,_______,Emirati,100.00%,887
2021-2022,_______ ________,Public,_______,AL FUJAIRAH,____ _____,Cycle3,____ ______ ___,Grade 12,____,Female,____,Resident,100.00%,41
2021-2022,_______ ________,Public,_______,AL FUJAIRAH,____ _____,Cycle3,____ ______ ___,Grade 12,___,Male,_______,Emirati,98.98%,687
2021-2022,_______ ________,Public,_______,AL FUJAIRAH,____ _____,Cycle3,____ ______ ___,Grade 12,___,Male,____,Resident,100.00%,33
2021-2022,_______ ________,Public,_______,AL FUJAIRAH,____ _____,Cycle3,____ ______ ___,Grade 11,____,Female,_______,Emirati,99.89%,905
2021-2022,_______ ________,Public,_______,AL FUJAIRAH,____ _____,Cycle3,____ ______ ___,Grade 11,____,Female,____,Resident,100.00%,46
2021-2022,_______ ________,Public,_______,AL FUJAIRAH,____ _____,Cycle3,____ ______ ___,Grade 11,___,Male,_______,Emirati,99.57%,694
2021-2022,_______ ________,Public,_______,AL FUJAIRAH,____ _____,Cycle3,____ ______ ___,Grade 11,___,Male,____,Resident,100.00%,37
2021-2022,_______ ________,Public,_______,AL FUJAIRAH,____ _____,Cycle3,____ ______,Grade 10,____,Female,_______,Emirati,99.78%,929
2021-2022,_______ ________,Public,_______,AL FUJAIRAH,____ _____,Cycle3,____ ______,Grade 10,____,Female,____,Resident,100.00%,35
2021-2022,_______ ________,Public,_______,AL FUJAIRAH,____ _____,Cycle3,____ ______,Grade 10,___,Male,_______,Emirati,99.01%,707
2021-2022,_______ ________,Public,_______,AL FUJAIRAH,____ _____,Cycle3,____ ______,Grade 10,___,Male,____,Resident,100.00%,29
2021-2022,_______ ________,Public,_______,AL FUJAIRAH,____ _____,Cycle2,____ ______,Grade 8,____,Female,_______,Emirati,100.00%,1004
2021-2022,_______ ________,Public,_______,AL FUJAIRAH,____ _____,Cycle2,____ ______,Grade 8,____,Female,____,Resident,100.00%,33
2021-2022,_______ ________,Public,_______,AL FUJAIRAH,____ _____,Cycle2,____ ______,Grade 8,___,Male,_______,Emirati,99.88%,815
2021-2022,_______ ________,Public,_______,AL FUJAIRAH,____ _____,Cycle2,____ ______,Grade 8,___,Male,____,Resident,100.00%,16
2021-2022,_______ ________,Public,_______,AL FUJAIRAH,____ _____,Cycle2,____ ______,Grade 5,____,Female,_______,Emirati,100.00%,1064
2021-2022,_______ ________,Public,_______,AL FUJAIRAH,____ _____,Cycle2,____ ______,Grade 5,____,Female,____,Resident,100.00%,20
2021-2022,_______ ________,Public,_______,AL FUJAIRAH,____ _____,Cycle2,____ ______,Grade 5,___,Male,_______,Emirati,100.00%,919
2021-2022,_______ ________,Public,_______,AL FUJAIRAH,____ _____,Cycle2,____ ______,Grade 5,___,Male,____,Resident,95.83%,24
2021-2022,_______ ________,Public,_______,AL FUJAIRAH,____ _____,Cycle2,____ ______,Grade 7,____,Female,_______,Emirati,100.00%,983
2021-2022,_______ ________,Public,_______,AL FUJAIRAH,____ _____,Cycle2,____ ______,Grade 7,____,Female,____,Resident,100.00%,23
2021-2022,_______ ________,Public,_______,AL FUJAIRAH,____ _____,Cycle2,____ ______,Grade 7,___,Male,_______,Emirati,99.76%,832
2021-2022,_______ ________,Public,_______,AL FUJAIRAH,____ _____,Cycle2,____ ______,Grade 7,___,Male,____,Resident,100.00%,16
2021-2022,_______ ________,Public,_______,AL FUJAIRAH,____ _____,Cycle2,____ ______,Grade 6,____,Female,_______,Emirati,100.00%,901
2021-2022,_______ ________,Public,_______,AL FUJAIRAH,____ _____,Cycle2,____ ______,Grade 6,____,Female,____,Resident,100.00%,29
2021-2022,_______ ________,Public,_______,AL FUJAIRAH,____ _____,Cycle2,____ ______,Grade 6,___,Male,_______,Emirati,100.00%,801
2021-2022,_______ ________,Public,_______,AL FUJAIRAH,____ _____,Cycle2,____ ______,Grade 6,___,Male,____,Resident,100.00%,21
2021-2022,_______ ________,Public,______,ABU DHABI,____ ____,Cycle1,____ _____,Grade 1,____,Female,_______,Emirati,99.88%,1624
2021-2022,_______ ________,Public,______,ABU DHABI,____ ____,Cycle1,____ _____,Grade 1,____,Female,____,Resident,99.60%,248
2021-2022,_______ ________,Public,______,ABU DHABI,____ ____,Cycle1,____ _____,Grade 1,___,Male,_______,Emirati,99.88%,1658
2021-2022,_______ ________,Public,______,ABU DHABI,____ ____,Cycle1,____ _____,Grade 1,___,Male,____,Resident,100.00%,267
2021-2022,_______ ________,Public,______,ABU DHABI,____ ____,Cycle1,____ ______,Grade 3,____,Female,_______,Emirati,100.00%,1664
2021-2022,_______ ________,Public,______,ABU DHABI,____ ____,Cycle1,____ ______,Grade 3,____,Female,____,Resident,100.00%,496
2021-2022,_______ ________,Public,______,ABU DHABI,____ ____,Cycle1,____ ______,Grade 3,___,Male,_______,Emirati,100.00%,1604
2021-2022,_______ ________,Public,______,ABU DHABI,____ ____,Cycle1,____ ______,Grade 3,___,Male,____,Resident,99.78%,449
2021-2022,_______ ________,Public,______,ABU DHABI,____ ____,Cycle1,____ ______,Grade 2,____,Female,_______,Emirati,99.76%,1660
2021-2022,_______ ________,Public,______,ABU DHABI,____ ____,Cycle1,____ ______,Grade 2,____,Female,____,Resident,100.00%,401
2021-2022,_______ ________,Public,______,ABU DHABI,____ ____,Cycle1,____ ______,Grade 2,___,Male,_______,Emirati,99.94%,1632
2021-2022,_______ ________,Public,______,ABU DHABI,____ ____,Cycle1,____ ______,Grade 2,___,Male,____,Resident,100.00%,403
2021-2022,_______ ________,Public,______,ABU DHABI,____ ____,Cycle1,____ ______,Grade 4,____,Female,_______,Emirati,100.00%,1614
2021-2022,_______ ________,Public,______,ABU DHABI,____ ____,Cycle1,____ ______,Grade 4,____,Female,____,Resident,100.00%,491
2021-2022,_______ ________,Public,______,ABU DHABI,____ ____,Cycle1,____ ______,Grade 4,___,Male,_______,Emirati,99.94%,1584
2021-2022,_______ ________,Public,______,ABU DHABI,____ ____,Cycle1,____ ______,Grade 4,___,Male,____,Resident,100.00%,475
2021-2022,_______ ________,Public,______,ABU DHABI,____ _____,Cycle3,____ ______,Grade 9,____,Female,_______,Emirati,97.50%,1999
2021-2022,_______ ________,Public,______,ABU DHABI,____ _____,Cycle3,____ ______,Grade 9,____,Female,____,Resident,99.00%,498
2021-2022,_______ ________,Public,______,ABU DHABI,____ _____,Cycle3,____ ______,Grade 9,___,Male,_______,Emirati,96.96%,1908
2021-2022,_______ ________,Public,______,ABU DHABI,____ _____,Cycle3,____ ______,Grade 9,___,Male,____,Resident,98.16%,435
2021-2022,_______ ________,Public,______,ABU DHABI,____ _____,Cycle3,____ ______ ___,Grade 12,____,Female,_______,Emirati,98.65%,1927
2021-2022,_______ ________,Public,______,ABU DHABI,____ _____,Cycle3,____ ______ ___,Grade 12,____,Female,____,Resident,99.38%,482
2021-2022,_______ ________,Public,______,ABU DHABI,____ _____,Cycle3,____ ______ ___,Grade 12,___,Male,_______,Emirati,99.05%,1586
2021-2022,_______ ________,Public,______,ABU DHABI,____ _____,Cycle3,____ ______ ___,Grade 12,___,Male,____,Resident,99.50%,399
2021-2022,_______ ________,Public,______,ABU DHABI,____ _____,Cycle3,____ ______ ___,Grade 11,____,Female,_______,Emirati,97.76%,2012
2021-2022,_______ ________,Public,______,ABU DHABI,____ _____,Cycle3,____ ______ ___,Grade 11,____,Female,____,Resident,99.05%,419
2021-2022,_______ ________,Public,______,ABU DHABI,____ _____,Cycle3,____ ______ ___,Grade 11,___,Male,_______,Emirati,98.03%,1875
2021-2022,_______ ________,Public,______,ABU DHABI,____ _____,Cycle3,____ ______ ___,Grade 11,___,Male,____,Resident,99.55%,444
2021-2022,_______ ________,Public,______,ABU DHABI,____ _____,Cycle3,____ ______,Grade 10,____,Female,_______,Emirati,95.48%,1971
2021-2022,_______ ________,Public,______,ABU DHABI,____ _____,Cycle3,____ ______,Grade 10,____,Female,____,Resident,97.85%,419
2021-2022,_______ ________,Public,______,ABU DHABI,____ _____,Cycle3,____ ______,Grade 10,___,Male,_______,Emirati,97.04%,1857
2021-2022,_______ ________,Public,______,ABU DHABI,____ _____,Cycle3,____ ______,Grade 10,___,Male,____,Resident,98.77%,405
2021-2022,_______ ________,Public,______,ABU DHABI,____ _____,Cycle2,____ ______,Grade 8,____,Female,_______,Emirati,99.38%,2094
2021-2022,_______ ________,Public,______,ABU DHABI,____ _____,Cycle2,____ ______,Grade 8,____,Female,____,Resident,99.78%,460
2021-2022,_______ ________,Public,______,ABU DHABI,____ _____,Cycle2,____ ______,Grade 8,___,Male,_______,Emirati,99.59%,1724
2021-2022,_______ ________,Public,______,ABU DHABI,____ _____,Cycle2,____ ______,Grade 8,___,Male,____,Resident,99.44%,359
2021-2022,_______ ________,Public,______,ABU DHABI,____ _____,Cycle2,____ ______,Grade 5,____,Female,_______,Emirati,99.59%,1719
2021-2022,_______ ________,Public,______,ABU DHABI,____ _____,Cycle2,____ ______,Grade 5,____,Female,____,Resident,99.65%,577
2021-2022,_______ ________,Public,______,ABU DHABI,____ _____,Cycle2,____ ______,Grade 5,___,Male,_______,Emirati,98.68%,1213
2021-2022,_______ ________,Public,______,ABU DHABI,____ _____,Cycle2,____ ______,Grade 5,___,Male,____,Resident,99.78%,450
2021-2022,_______ ________,Public,______,ABU DHABI,____ _____,Cycle2,____ ______,Grade 7,____,Female,_______,Emirati,99.39%,1970
2021-2022,_______ ________,Public,______,ABU DHABI,____ _____,Cycle2,____ ______,Grade 7,____,Female,____,Resident,98.96%,479
2021-2022,_______ ________,Public,______,ABU DHABI,____ _____,Cycle2,____ ______,Grade 7,___,Male,_______,Emirati,99.30%,1435
2021-2022,_______ ________,Public,______,ABU DHABI,____ _____,Cycle2,____ ______,Grade 7,___,Male,____,Resident,99.69%,326
2021-2022,_______ ________,Public,______,ABU DHABI,____ _____,Cycle2,____ ______,Grade 6,____,Female,_______,Emirati,98.90%,1539
2021-2022,_______ ________,Public,______,ABU DHABI,____ _____,Cycle2,____ ______,Grade 6,____,Female,____,Resident,99.57%,463
2021-2022,_______ ________,Public,______,ABU DHABI,____ _____,Cycle2,____ ______,Grade 6,___,Male,_______,Emirati,99.08%,1091
2021-2022,_______ ________,Public,______,ABU DHABI,____ _____,Cycle2,____ ______,Grade 6,___,Male,____,Resident,99.74%,386
2021-2022,_______ ________,Public,__ _______,Umm Al Quwain,____ ____,Cycle1,____ _____,Grade 1,____,Female,_______,Emirati,100.00%,169
2021-2022,_______ ________,Public,__ _______,Umm Al Quwain,____ ____,Cycle1,____ _____,Grade 1,____,Female,____,Resident,100.00%,21
2021-2022,_______ ________,Public,__ _______,Umm Al Quwain,____ ____,Cycle1,____ _____,Grade 1,___,Male,_______,Emirati,100.00%,160
2021-2022,_______ ________,Public,__ _______,Umm Al Quwain,____ ____,Cycle1,____ _____,Grade 1,___,Male,____,Resident,100.00%,15
2021-2022,_______ ________,Public,__ _______,Umm Al Quwain,____ ____,Cycle1,____ ______,Grade 3,____,Female,_______,Emirati,99.49%,196
2021-2022,_______ ________,Public,__ _______,Umm Al Quwain,____ ____,Cycle1,____ ______,Grade 3,____,Female,____,Resident,100.00%,38
2021-2022,_______ ________,Public,__ _______,Umm Al Quwain,____ ____,Cycle1,____ ______,Grade 3,___,Male,_______,Emirati,100.00%,165
2021-2022,_______ ________,Public,__ _______,Umm Al Quwain,____ ____,Cycle1,____ ______,Grade 3,___,Male,____,Resident,100.00%,45
2021-2022,_______ ________,Public,__ _______,Umm Al Quwain,____ ____,Cycle1,____ ______,Grade 2,____,Female,_______,Emirati,100.00%,175
2021-2022,_______ ________,Public,__ _______,Umm Al Quwain,____ ____,Cycle1,____ ______,Grade 2,____,Female,____,Resident,100.00%,44
2021-2022,_______ ________,Public,__ _______,Umm Al Quwain,____ ____,Cycle1,____ ______,Grade 2,___,Male,_______,Emirati,100.00%,167
2021-2022,_______ ________,Public,__ _______,Umm Al Quwain,____ ____,Cycle1,____ ______,Grade 2,___,Male,____,Resident,100.00%,33
2021-2022,_______ ________,Public,__ _______,Umm Al Quwain,____ ____,Cycle1,____ ______,Grade 4,____,Female,_______,Emirati,100.00%,175
2021-2022,_______ ________,Public,__ _______,Umm Al Quwain,____ ____,Cycle1,____ ______,Grade 4,____,Female,____,Resident,100.00%,35
2021-2022,_______ ________,Public,__ _______,Umm Al Quwain,____ ____,Cycle1,____ ______,Grade 4,___,Male,_______,Emirati,100.00%,195
2021-2022,_______ ________,Public,__ _______,Umm Al Quwain,____ ____,Cycle1,____ ______,Grade 4,___,Male,____,Resident,100.00%,26
2021-2022,_______ ________,Public,__ _______,Umm Al Quwain,____ _____,Cycle3,____ ______,Grade 9,____,Female,_______,Emirati,100.00%,202
2021-2022,_______ ________,Public,__ _______,Umm Al Quwain,____ _____,Cycle3,____ ______,Grade 9,____,Female,____,Resident,100.00%,39
2021-2022,_______ ________,Public,__ _______,Umm Al Quwain,____ _____,Cycle3,____ ______,Grade 9,___,Male,_______,Emirati,99.32%,146
2021-2022,_______ ________,Public,__ _______,Umm Al Quwain,____ _____,Cycle3,____ ______,Grade 9,___,Male,____,Resident,100.00%,54
2021-2022,_______ ________,Public,__ _______,Umm Al Quwain,____ _____,Cycle3,____ ______ ___,Grade 12,____,Female,_______,Emirati,100.00%,205
2021-2022,_______ ________,Public,__ _______,Umm Al Quwain,____ _____,Cycle3,____ ______ ___,Grade 12,____,Female,____,Resident,100.00%,42
2021-2022,_______ ________,Public,__ _______,Umm Al Quwain,____ _____,Cycle3,____ ______ ___,Grade 12,___,Male,_______,Emirati,100.00%,120
2021-2022,_______ ________,Public,__ _______,Umm Al Quwain,____ _____,Cycle3,____ ______ ___,Grade 12,___,Male,____,Resident,100.00%,47
2021-2022,_______ ________,Public,__ _______,Umm Al Quwain,____ _____,Cycle3,____ ______ ___,Grade 11,____,Female,_______,Emirati,99.48%,192
2021-2022,_______ ________,Public,__ _______,Umm Al Quwain,____ _____,Cycle3,____ ______ ___,Grade 11,____,Female,____,Resident,100.00%,35
2021-2022,_______ ________,Public,__ _______,Umm Al Quwain,____ _____,Cycle3,____ ______ ___,Grade 11,___,Male,_______,Emirati,99.40%,167
2021-2022,_______ ________,Public,__ _______,Umm Al Quwain,____ _____,Cycle3,____ ______ ___,Grade 11,___,Male,____,Resident,100.00%,40
2021-2022,_______ ________,Public,__ _______,Umm Al Quwain,____ _____,Cycle3,____ ______,Grade 10,____,Female,_______,Emirati,98.93%,187
2021-2022,_______ ________,Public,__ _______,Umm Al Quwain,____ _____,Cycle3,____ ______,Grade 10,____,Female,____,Resident,100.00%,47
2021-2022,_______ ________,Public,__ _______,Umm Al Quwain,____ _____,Cycle3,____ ______,Grade 10,___,Male,_______,Emirati,97.99%,149
2021-2022,_______ ________,Public,__ _______,Umm Al Quwain,____ _____,Cycle3,____ ______,Grade 10,___,Male,____,Resident,100.00%,32
2021-2022,_______ ________,Public,__ _______,Umm Al Quwain,____ _____,Cycle2,____ ______,Grade 8,____,Female,_______,Emirati,98.70%,231
2021-2022,_______ ________,Public,__ _______,Umm Al Quwain,____ _____,Cycle2,____ ______,Grade 8,____,Female,____,Resident,100.00%,44
2021-2022,_______ ________,Public,__ _______,Umm Al Quwain,____ _____,Cycle2,____ ______,Grade 8,___,Male,_______,Emirati,100.00%,197
2021-2022,_______ ________,Public,__ _______,Umm Al Quwain,____ _____,Cycle2,____ ______,Grade 8,___,Male,____,Resident,100.00%,33
2021-2022,_______ ________,Public,__ _______,Umm Al Quwain,____ _____,Cycle2,____ ______,Grade 5,____,Female,_______,Emirati,100.00%,206
2021-2022,_______ ________,Public,__ _______,Umm Al Quwain,____ _____,Cycle2,____ ______,Grade 5,____,Female,____,Resident,100.00%,42
2021-2022,_______ ________,Public,__ _______,Umm Al Quwain,____ _____,Cycle2,____ ______,Grade 5,___,Male,_______,Emirati,100.00%,182
2021-2022,_______ ________,Public,__ _______,Umm Al Quwain,____ _____,Cycle2,____ ______,Grade 5,___,Male,____,Resident,100.00%,36
2021-2022,_______ ________,Public,__ _______,Umm Al Quwain,____ _____,Cycle2,____ ______,Grade 7,____,Female,_______,Emirati,100.00%,240
2021-2022,_______ ________,Public,__ _______,Umm Al Quwain,____ _____,Cycle2,____ ______,Grade 7,____,Female,____,Resident,100.00%,41
2021-2022,_______ ________,Public,__ _______,Umm Al Quwain,____ _____,Cycle2,____ ______,Grade 7,___,Male,_______,Emirati,100.00%,207
2021-2022,_______ ________,Public,__ _______,Umm Al Quwain,____ _____,Cycle2,____ ______,Grade 7,___,Male,____,Resident,100.00%,33
2021-2022,_______ ________,Public,__ _______,Umm Al Quwain,____ _____,Cycle2,____ ______,Grade 6,____,Female,_______,Emirati,100.00%,207
2021-2022,_______ ________,Public,__ _______,Umm Al Quwain,____ _____,Cycle2,____ ______,Grade 6,____,Female,____,Resident,100.00%,30
2021-2022,_______ ________,Public,__ _______,Umm Al Quwain,____ _____,Cycle2,____ ______,Grade 6,___,Male,_______,Emirati,100.00%,143
2021-2022,_______ ________,Public,__ _______,Umm Al Quwain,____ _____,Cycle2,____ ______,Grade 6,___,Male,____,Resident,100.00%,32
2021-2022,_______ ________,Public,___,DUBAI,____ ____,Cycle1,____ _____,Grade 1,____,Female,_______,Emirati,100.00%,852
2021-2022,_______ ________,Public,___,DUBAI,____ ____,Cycle1,____ _____,Grade 1,____,Female,____,Resident,100.00%,117
2021-2022,_______ ________,Public,___,DUBAI,____ ____,Cycle1,____ _____,Grade 1,___,Male,_______,Emirati,100.00%,760
2021-2022,_______ ________,Public,___,DUBAI,____ ____,Cycle1,____ _____,Grade 1,___,Male,____,Resident,100.00%,114
2021-2022,_______ ________,Public,___,DUBAI,____ ____,Cycle1,____ ______,Grade 3,____,Female,_______,Emirati,100.00%,918
2021-2022,_______ ________,Public,___,DUBAI,____ ____,Cycle1,____ ______,Grade 3,____,Female,____,Resident,100.00%,186
2021-2022,_______ ________,Public,___,DUBAI,____ ____,Cycle1,____ ______,Grade 3,___,Male,_______,Emirati,100.00%,848
2021-2022,_______ ________,Public,___,DUBAI,____ ____,Cycle1,____ ______,Grade 3,___,Male,____,Resident,100.00%,195
2021-2022,_______ ________,Public,___,DUBAI,____ ____,Cycle1,____ ______,Grade 2,____,Female,_______,Emirati,100.00%,919
2021-2022,_______ ________,Public,___,DUBAI,____ ____,Cycle1,____ ______,Grade 2,____,Female,____,Resident,100.00%,169
2021-2022,_______ ________,Public,___,DUBAI,____ ____,Cycle1,____ ______,Grade 2,___,Male,_______,Emirati,100.00%,895
2021-2022,_______ ________,Public,___,DUBAI,____ ____,Cycle1,____ ______,Grade 2,___,Male,____,Resident,100.00%,154
2021-2022,_______ ________,Public,___,DUBAI,____ ____,Cycle1,____ ______,Grade 4,____,Female,_______,Emirati,100.00%,932
2021-2022,_______ ________,Public,___,DUBAI,____ ____,Cycle1,____ ______,Grade 4,____,Female,____,Resident,100.00%,218
2021-2022,_______ ________,Public,___,DUBAI,____ ____,Cycle1,____ ______,Grade 4,___,Male,_______,Emirati,100.00%,926
2021-2022,_______ ________,Public,___,DUBAI,____ ____,Cycle1,____ ______,Grade 4,___,Male,____,Resident,100.00%,204
2021-2022,_______ ________,Public,___,DUBAI,____ _____,Cycle3,____ ______,Grade 9,____,Female,_______,Emirati,96.76%,1173
2021-2022,_______ ________,Public,___,DUBAI,____ _____,Cycle3,____ ______,Grade 9,____,Female,____,Resident,97.19%,285
2021-2022,_______ ________,Public,___,DUBAI,____ _____,Cycle3,____ ______,Grade 9,___,Male,_______,Emirati,99.12%,909
2021-2022,_______ ________,Public,___,DUBAI,____ _____,Cycle3,____ ______,Grade 9,___,Male,____,Resident,99.14%,232
2021-2022,_______ ________,Public,___,DUBAI,____ _____,Cycle3,____ ______ ___,Grade 12,____,Female,_______,Emirati,99.04%,1046
2021-2022,_______ ________,Public,___,DUBAI,____ _____,Cycle3,____ ______ ___,Grade 12,____,Female,____,Resident,99.58%,238
2021-2022,_______ ________,Public,___,DUBAI,____ _____,Cycle3,____ ______ ___,Grade 12,___,Male,_______,Emirati,99.88%,824
2021-2022,_______ ________,Public,___,DUBAI,____ _____,Cycle3,____ ______ ___,Grade 12,___,Male,____,Resident,99.55%,222
2021-2022,_______ ________,Public,___,DUBAI,____ _____,Cycle3,____ ______ ___,Grade 11,____,Female,_______,Emirati,96.27%,1073
2021-2022,_______ ________,Public,___,DUBAI,____ _____,Cycle3,____ ______ ___,Grade 11,____,Female,____,Resident,95.16%,248
2021-2022,_______ ________,Public,___,DUBAI,____ _____,Cycle3,____ ______ ___,Grade 11,___,Male,_______,Emirati,99.44%,891
2021-2022,_______ ________,Public,___,DUBAI,____ _____,Cycle3,____ ______ ___,Grade 11,___,Male,____,Resident,100.00%,252
2021-2022,_______ ________,Public,___,DUBAI,____ _____,Cycle3,____ ______,Grade 10,____,Female,_______,Emirati,95.27%,1058
2021-2022,_______ ________,Public,___,DUBAI,____ _____,Cycle3,____ ______,Grade 10,____,Female,____,Resident,91.81%,232
2021-2022,_______ ________,Public,___,DUBAI,____ _____,Cycle3,____ ______,Grade 10,___,Male,_______,Emirati,97.73%,881
2021-2022,_______ ________,Public,___,DUBAI,____ _____,Cycle3,____ ______,Grade 10,___,Male,____,Resident,100.00%,199
2021-2022,_______ ________,Public,___,DUBAI,____ _____,Cycle2,____ ______,Grade 8,____,Female,_______,Emirati,99.90%,1019
2021-2022,_______ ________,Public,___,DUBAI,____ _____,Cycle2,____ ______,Grade 8,____,Female,____,Resident,100.00%,224
2021-2022,_______ ________,Public,___,DUBAI,____ _____,Cycle2,____ ______,Grade 8,___,Male,_______,Emirati,99.67%,919
2021-2022,_______ ________,Public,___,DUBAI,____ _____,Cycle2,____ ______,Grade 8,___,Male,____,Resident,100.00%,208
2021-2022,_______ ________,Public,___,DUBAI,____ _____,Cycle2,____ ______,Grade 5,____,Female,_______,Emirati,100.00%,990
2021-2022,_______ ________,Public,___,DUBAI,____ _____,Cycle2,____ ______,Grade 5,____,Female,____,Resident,99.57%,234
2021-2022,_______ ________,Public,___,DUBAI,____ _____,Cycle2,____ ______,Grade 5,___,Male,_______,Emirati,99.89%,874
2021-2022,_______ ________,Public,___,DUBAI,____ _____,Cycle2,____ ______,Grade 5,___,Male,____,Resident,100.00%,215
2021-2022,_______ ________,Public,___,DUBAI,____ _____,Cycle2,____ ______,Grade 7,____,Female,_______,Emirati,100.00%,991
2021-2022,_______ ________,Public,___,DUBAI,____ _____,Cycle2,____ ______,Grade 7,____,Female,____,Resident,100.00%,225
2021-2022,_______ ________,Public,___,DUBAI,____ _____,Cycle2,____ ______,Grade 7,___,Male,_______,Emirati,99.89%,902
2021-2022,_______ ________,Public,___,DUBAI,____ _____,Cycle2,____ ______,Grade 7,___,Male,____,Resident,100.00%,206
2021-2022,_______ ________,Public,___,DUBAI,____ _____,Cycle2,____ ______,Grade 6,____,Female,_______,Emirati,99.79%,965
2021-2022,_______ ________,Public,___,DUBAI,____ _____,Cycle2,____ ______,Grade 6,____,Female,____,Resident,100.00%,243
2021-2022,_______ ________,Public,___,DUBAI,____ _____,Cycle2,____ ______,Grade 6,___,Male,_______,Emirati,99.61%,764
2021-2022,_______ ________,Public,___,DUBAI,____ _____,Cycle2,____ ______,Grade 6,___,Male,____,Resident,100.00%,202
2021-2022,_______ ________,Public,___ ______,Ras Al Khaimah,____ ____,Cycle1,____ _____,Grade 1,____,Female,_______,Emirati,100.00%,1157
2021-2022,_______ ________,Public,___ ______,Ras Al Khaimah,____ ____,Cycle1,____ _____,Grade 1,____,Female,____,Resident,100.00%,41
2021-2022,_______ ________,Public,___ ______,Ras Al Khaimah,____ ____,Cycle1,____ _____,Grade 1,___,Male,_______,Emirati,99.91%,1160
2021-2022,_______ ________,Public,___ ______,Ras Al Khaimah,____ ____,Cycle1,____ _____,Grade 1,___,Male,____,Resident,100.00%,48
2021-2022,_______ ________,Public,___ ______,Ras Al Khaimah,____ ____,Cycle1,____ ______,Grade 3,____,Female,_______,Emirati,100.00%,1207
2021-2022,_______ ________,Public,___ ______,Ras Al Khaimah,____ ____,Cycle1,____ ______,Grade 3,____,Female,____,Resident,100.00%,62
2021-2022,_______ ________,Public,___ ______,Ras Al Khaimah,____ ____,Cycle1,____ ______,Grade 3,___,Male,_______,Emirati,99.91%,1173
2021-2022,_______ ________,Public,___ ______,Ras Al Khaimah,____ ____,Cycle1,____ ______,Grade 3,___,Male,____,Resident,100.00%,73
2021-2022,_______ ________,Public,___ ______,Ras Al Khaimah,____ ____,Cycle1,____ ______,Grade 2,____,Female,_______,Emirati,100.00%,1151
2021-2022,_______ ________,Public,___ ______,Ras Al Khaimah,____ ____,Cycle1,____ ______,Grade 2,____,Female,____,Resident,100.00%,58
2021-2022,_______ ________,Public,___ ______,Ras Al Khaimah,____ ____,Cycle1,____ ______,Grade 2,___,Male,_______,Emirati,100.00%,1137
2021-2022,_______ ________,Public,___ ______,Ras Al Khaimah,____ ____,Cycle1,____ ______,Grade 2,___,Male,____,Resident,100.00%,53
2021-2022,_______ ________,Public,___ ______,Ras Al Khaimah,____ ____,Cycle1,____ ______,Grade 4,____,Female,_______,Emirati,100.00%,1256
2021-2022,_______ ________,Public,___ ______,Ras Al Khaimah,____ ____,Cycle1,____ ______,Grade 4,____,Female,____,Resident,100.00%,62
2021-2022,_______ ________,Public,___ ______,Ras Al Khaimah,____ ____,Cycle1,____ ______,Grade 4,___,Male,_______,Emirati,99.91%,1165
2021-2022,_______ ________,Public,___ ______,Ras Al Khaimah,____ ____,Cycle1,____ ______,Grade 4,___,Male,____,Resident,100.00%,69
2021-2022,_______ ________,Public,___ ______,Ras Al Khaimah,____ _____,Cycle3,____ ______,Grade 9,____,Female,_______,Emirati,100.00%,1178
2021-2022,_______ ________,Public,___ ______,Ras Al Khaimah,____ _____,Cycle3,____ ______,Grade 9,____,Female,____,Resident,100.00%,96
2021-2022,_______ ________,Public,___ ______,Ras Al Khaimah,____ _____,Cycle3,____ ______,Grade 9,___,Male,_______,Emirati,99.32%,1172
2021-2022,_______ ________,Public,___ ______,Ras Al Khaimah,____ _____,Cycle3,____ ______,Grade 9,___,Male,____,Resident,98.32%,119
2021-2022,_______ ________,Public,___ ______,Ras Al Khaimah,____ _____,Cycle3,____ ______ ___,Grade 12,____,Female,_______,Emirati,99.00%,1099
2021-2022,_______ ________,Public,___ ______,Ras Al Khaimah,____ _____,Cycle3,____ ______ ___,Grade 12,____,Female,____,Resident,100.00%,89
2021-2022,_______ ________,Public,___ ______,Ras Al Khaimah,____ _____,Cycle3,____ ______ ___,Grade 12,___,Male,_______,Emirati,99.84%,1230
2021-2022,_______ ________,Public,___ ______,Ras Al Khaimah,____ _____,Cycle3,____ ______ ___,Grade 12,___,Male,____,Resident,99.19%,123
2021-2022,_______ ________,Public,___ ______,Ras Al Khaimah,____ _____,Cycle3,____ ______ ___,Grade 11,____,Female,_______,Emirati,99.74%,1166
2021-2022,_______ ________,Public,___ ______,Ras Al Khaimah,____ _____,Cycle3,____ ______ ___,Grade 11,____,Female,____,Resident,98.73%,79
2021-2022,_______ ________,Public,___ ______,Ras Al Khaimah,____ _____,Cycle3,____ ______ ___,Grade 11,___,Male,_______,Emirati,99.40%,1169
2021-2022,_______ ________,Public,___ ______,Ras Al Khaimah,____ _____,Cycle3,____ ______ ___,Grade 11,___,Male,____,Resident,100.00%,110
2021-2022,_______ ________,Public,___ ______,Ras Al Khaimah,____ _____,Cycle3,____ ______,Grade 10,____,Female,_______,Emirati,99.23%,1167
2021-2022,_______ ________,Public,___ ______,Ras Al Khaimah,____ _____,Cycle3,____ ______,Grade 10,____,Female,____,Resident,98.46%,65
2021-2022,_______ ________,Public,___ ______,Ras Al Khaimah,____ _____,Cycle3,____ ______,Grade 10,___,Male,_______,Emirati,98.16%,1088
2021-2022,_______ ________,Public,___ ______,Ras Al Khaimah,____ _____,Cycle3,____ ______,Grade 10,___,Male,____,Resident,100.00%,90
2021-2022,_______ ________,Public,___ ______,Ras Al Khaimah,____ _____,Cycle2,____ ______,Grade 8,____,Female,_______,Emirati,100.00%,1206
2021-2022,_______ ________,Public,___ ______,Ras Al Khaimah,____ _____,Cycle2,____ ______,Grade 8,____,Female,____,Resident,100.00%,88
2021-2022,_______ ________,Public,___ ______,Ras Al Khaimah,____ _____,Cycle2,____ ______,Grade 8,___,Male,_______,Emirati,99.92%,1274
2021-2022,_______ ________,Public,___ ______,Ras Al Khaimah,____ _____,Cycle2,____ ______,Grade 8,___,Male,____,Resident,100.00%,78
2021-2022,_______ ________,Public,___ ______,Ras Al Khaimah,____ _____,Cycle2,____ ______,Grade 5,____,Female,_______,Emirati,99.92%,1259
2021-2022,_______ ________,Public,___ ______,Ras Al Khaimah,____ _____,Cycle2,____ ______,Grade 5,____,Female,____,Resident,100.00%,101
2021-2022,_______ ________,Public,___ ______,Ras Al Khaimah,____ _____,Cycle2,____ ______,Grade 5,___,Male,_______,Emirati,100.00%,1337
2021-2022,_______ ________,Public,___ ______,Ras Al Khaimah,____ _____,Cycle2,____ ______,Grade 5,___,Male,____,Resident,100.00%,103
2021-2022,_______ ________,Public,___ ______,Ras Al Khaimah,____ _____,Cycle2,____ ______,Grade 7,____,Female,_______,Emirati,99.77%,1315
2021-2022,_______ ________,Public,___ ______,Ras Al Khaimah,____ _____,Cycle2,____ ______,Grade 7,____,Female,____,Resident,100.00%,96
2021-2022,_______ ________,Public,___ ______,Ras Al Khaimah,____ _____,Cycle2,____ ______,Grade 7,___,Male,_______,Emirati,100.00%,1321
2021-2022,_______ ________,Public,___ ______,Ras Al Khaimah,____ _____,Cycle2,____ ______,Grade 7,___,Male,____,Resident,100.00%,91
2021-2022,_______ ________,Public,___ ______,Ras Al Khaimah,____ _____,Cycle2,____ ______,Grade 6,____,Female,_______,Emirati,99.80%,1023
2021-2022,_______ ________,Public,___ ______,Ras Al Khaimah,____ _____,Cycle2,____ ______,Grade 6,____,Female,____,Resident,100.00%,89
2021-2022,_______ ________,Public,___ ______,Ras Al Khaimah,____ _____,Cycle2,____ ______,Grade 6,___,Male,_______,Emirati,99.82%,1104
2021-2022,_______ ________,Public,___ ______,Ras Al Khaimah,____ _____,Cycle2,____ ______,Grade 6,___,Male,____,Resident,100.00%,103
2021-2022,_______ ________,Public,_____,AJMAN,____ ____,Cycle1,____ _____,Grade 1,____,Female,_______,Emirati,99.79%,475
2021-2022,_______ ________,Public,_____,AJMAN,____ ____,Cycle1,____ _____,Grade 1,____,Female,____,Resident,100.00%,72
2021-2022,_______ ________,Public,_____,AJMAN,____ ____,Cycle1,____ _____,Grade 1,___,Male,_______,Emirati,99.79%,472
2021-2022,_______ ________,Public,_____,AJMAN,____ ____,Cycle1,____ _____,Grade 1,___,Male,____,Resident,100.00%,96
2021-2022,_______ ________,Public,_____,AJMAN,____ ____,Cycle1,____ ______,Grade 3,____,Female,_______,Emirati,100.00%,531
2021-2022,_______ ________,Public,_____,AJMAN,____ ____,Cycle1,____ ______,Grade 3,____,Female,____,Resident,100.00%,131
2021-2022,_______ ________,Public,_____,AJMAN,____ ____,Cycle1,____ ______,Grade 3,___,Male,_______,Emirati,100.00%,492
2021-2022,_______ ________,Public,_____,AJMAN,____ ____,Cycle1,____ ______,Grade 3,___,Male,____,Resident,100.00%,144
2021-2022,_______ ________,Public,_____,AJMAN,____ ____,Cycle1,____ ______,Grade 2,____,Female,_______,Emirati,100.00%,553
2021-2022,_______ ________,Public,_____,AJMAN,____ ____,Cycle1,____ ______,Grade 2,____,Female,____,Resident,100.00%,118
2021-2022,_______ ________,Public,_____,AJMAN,____ ____,Cycle1,____ ______,Grade 2,___,Male,_______,Emirati,99.80%,488
2021-2022,_______ ________,Public,_____,AJMAN,____ ____,Cycle1,____ ______,Grade 2,___,Male,____,Resident,99.07%,107
2021-2022,_______ ________,Public,_____,AJMAN,____ ____,Cycle1,____ ______,Grade 4,____,Female,_______,Emirati,100.00%,481
2021-2022,_______ ________,Public,_____,AJMAN,____ ____,Cycle1,____ ______,Grade 4,____,Female,____,Resident,100.00%,135
2021-2022,_______ ________,Public,_____,AJMAN,____ ____,Cycle1,____ ______,Grade 4,___,Male,_______,Emirati,100.00%,518
2021-2022,_______ ________,Public,_____,AJMAN,____ ____,Cycle1,____ ______,Grade 4,___,Male,____,Resident,100.00%,132
2021-2022,_______ ________,Public,_____,AJMAN,____ _____,Cycle3,____ ______,Grade 9,____,Female,_______,Emirati,99.78%,447
2021-2022,_______ ________,Public,_____,AJMAN,____ _____,Cycle3,____ ______,Grade 9,____,Female,____,Resident,100.00%,149
2021-2022,_______ ________,Public,_____,AJMAN,____ _____,Cycle3,____ ______,Grade 9,___,Male,_______,Emirati,92.00%,425
2021-2022,_______ ________,Public,_____,AJMAN,____ _____,Cycle3,____ ______,Grade 9,___,Male,____,Resident,93.13%,131
2021-2022,_______ ________,Public,_____,AJMAN,____ _____,Cycle3,____ ______ ___,Grade 12,____,Female,_______,Emirati,100.00%,429
2021-2022,_______ ________,Public,_____,AJMAN,____ _____,Cycle3,____ ______ ___,Grade 12,____,Female,____,Resident,99.44%,178
2021-2022,_______ ________,Public,_____,AJMAN,____ _____,Cycle3,____ ______ ___,Grade 12,___,Male,_______,Emirati,97.04%,371
2021-2022,_______ ________,Public,_____,AJMAN,____ _____,Cycle3,____ ______ ___,Grade 12,___,Male,____,Resident,97.08%,137
2021-2022,_______ ________,Public,_____,AJMAN,____ _____,Cycle3,____ ______ ___,Grade 11,____,Female,_______,Emirati,99.00%,399
2021-2022,_______ ________,Public,_____,AJMAN,____ _____,Cycle3,____ ______ ___,Grade 11,____,Female,____,Resident,99.36%,156
2021-2022,_______ ________,Public,_____,AJMAN,____ _____,Cycle3,____ ______ ___,Grade 11,___,Male,_______,Emirati,93.08%,347
2021-2022,_______ ________,Public,_____,AJMAN,____ _____,Cycle3,____ ______ ___,Grade 11,___,Male,____,Resident,94.87%,117
2021-2022,_______ ________,Public,_____,AJMAN,____ _____,Cycle3,____ ______,Grade 10,____,Female,_______,Emirati,100.00%,427
2021-2022,_______ ________,Public,_____,AJMAN,____ _____,Cycle3,____ ______,Grade 10,____,Female,____,Resident,100.00%,163
2021-2022,_______ ________,Public,_____,AJMAN,____ _____,Cycle3,____ ______,Grade 10,___,Male,_______,Emirati,91.02%,423
2021-2022,_______ ________,Public,_____,AJMAN,____ _____,Cycle3,____ ______,Grade 10,___,Male,____,Resident,93.15%,146
2021-2022,_______ ________,Public,_____,AJMAN,____ _____,Cycle2,____ ______,Grade 8,____,Female,_______,Emirati,100.00%,638
2021-2022,_______ ________,Public,_____,AJMAN,____ _____,Cycle2,____ ______,Grade 8,____,Female,____,Resident,100.00%,177
2021-2022,_______ ________,Public,_____,AJMAN,____ _____,Cycle2,____ ______,Grade 8,___,Male,_______,Emirati,99.30%,570
2021-2022,_______ ________,Public,_____,AJMAN,____ _____,Cycle2,____ ______,Grade 8,___,Male,____,Resident,100.00%,177
2021-2022,_______ ________,Public,_____,AJMAN,____ _____,Cycle2,____ ______,Grade 5,____,Female,_______,Emirati,100.00%,605
2021-2022,_______ ________,Public,_____,AJMAN,____ _____,Cycle2,____ ______,Grade 5,____,Female,____,Resident,99.46%,184
2021-2022,_______ ________,Public,_____,AJMAN,____ _____,Cycle2,____ ______,Grade 5,___,Male,_______,Emirati,99.68%,624
2021-2022,_______ ________,Public,_____,AJMAN,____ _____,Cycle2,____ ______,Grade 5,___,Male,____,Resident,99.46%,186
2021-2022,_______ ________,Public,_____,AJMAN,____ _____,Cycle2,____ ______,Grade 7,____,Female,_______,Emirati,100.00%,567
2021-2022,_______ ________,Public,_____,AJMAN,____ _____,Cycle2,____ ______,Grade 7,____,Female,____,Resident,99.40%,167
2021-2022,_______ ________,Public,_____,AJMAN,____ _____,Cycle2,____ ______,Grade 7,___,Male,_______,Emirati,99.63%,537
2021-2022,_______ ________,Public,_____,AJMAN,____ _____,Cycle2,____ ______,Grade 7,___,Male,____,Resident,99.44%,179
2021-2022,_______ ________,Public,_____,AJMAN,____ _____,Cycle2,____ ______,Grade 6,____,Female,_______,Emirati,100.00%,532
2021-2022,_______ ________,Public,_____,AJMAN,____ _____,Cycle2,____ ______,Grade 6,____,Female,____,Resident,100.00%,184
2021-2022,_______ ________,Public,_____,AJMAN,____ _____,Cycle2,____ ______,Grade 6,___,Male,_______,Emirati,100.00%,514
2021-2022,_______ ________,Public,_____,AJMAN,____ _____,Cycle2,____ ______,Grade 6,___,Male,____,Resident,100.00%,197
2021-2022,_______ __________ _________ (ATHS),Applied Technology High School (ATHS),_______,SHARJAH,____ _____,Cycle3,____ ______,Grade 9,___,Male,_______,Emirati,100.00%,99
2021-2022,_______ __________ _________ (ATHS),Applied Technology High School (ATHS),_______,SHARJAH,____ _____,Cycle3,____ ______,Grade 9,___,Male,____,Expat,100.00%,1
2021-2022,_______ __________ _________ (ATHS),Applied Technology High School (ATHS),_______,SHARJAH,____ _____,Cycle3,____ ______ ___,Grade 12,___,Male,_______,Emirati,100.00%,89
2021-2022,_______ __________ _________ (ATHS),Applied Technology High School (ATHS),_______,SHARJAH,____ _____,Cycle3,____ ______ ___,Grade 12,___,Male,____,Expat,100.00%,4
2021-2022,_______ __________ _________ (ATHS),Applied Technology High School (ATHS),_______,SHARJAH,____ _____,Cycle3,____ ______ ___,Grade 11,___,Male,_______,Emirati,100.00%,91
2021-2022,_______ __________ _________ (ATHS),Applied Technology High School (ATHS),_______,SHARJAH,____ _____,Cycle3,____ ______ ___,Grade 11,___,Male,____,Expat,100.00%,3
2021-2022,_______ __________ _________ (ATHS),Applied Technology High School (ATHS),_______,SHARJAH,____ _____,Cycle3,____ ______,Grade 10,___,Male,_______,Emirati,100.00%,103
2021-2022,_______ __________ _________ (ATHS),Applied Technology High School (ATHS),_______,SHARJAH,____ _____,Cycle3,____ ______,Grade 10,___,Male,____,Expat,100.00%,6
2021-2022,_______ __________ _________ (ATHS),Applied Technology High School (ATHS),_______,AL FUJAIRAH,____ _____,Cycle3,____ ______,Grade 9,___,Male,_______,Emirati,100.00%,130
2021-2022,_______ __________ _________ (ATHS),Applied Technology High School (ATHS),_______,AL FUJAIRAH,____ _____,Cycle3,____ ______ ___,Grade 12,___,Male,_______,Emirati,100.00%,85
2021-2022,_______ __________ _________ (ATHS),Applied Technology High School (ATHS),_______,AL FUJAIRAH,____ _____,Cycle3,____ ______ ___,Grade 11,___,Male,_______,Emirati,100.00%,107
2021-2022,_______ __________ _________ (ATHS),Applied Technology High School (ATHS),_______,AL FUJAIRAH,____ _____,Cycle3,____ ______ ___,Grade 11,___,Male,____,Expat,100.00%,1
2021-2022,_______ __________ _________ (ATHS),Applied Technology High School (ATHS),_______,AL FUJAIRAH,____ _____,Cycle3,____ ______,Grade 10,___,Male,_______,Emirati,100.00%,118
2021-2022,_______ __________ _________ (ATHS),Applied Technology High School (ATHS),______,ABU DHABI,____ _____,Cycle3,____ ______,Grade 9,____,Female,_______,Emirati,99.89%,879
2021-2022,_______ __________ _________ (ATHS),Applied Technology High School (ATHS),______,ABU DHABI,____ _____,Cycle3,____ ______,Grade 9,____,Female,____,Expat,100.00%,10
2021-2022,_______ __________ _________ (ATHS),Applied Technology High School (ATHS),______,ABU DHABI,____ _____,Cycle3,____ ______,Grade 9,___,Male,_______,Emirati,100.00%,675
2021-2022,_______ __________ _________ (ATHS),Applied Technology High School (ATHS),______,ABU DHABI,____ _____,Cycle3,____ ______,Grade 9,___,Male,____,Expat,100.00%,21
2021-2022,_______ __________ _________ (ATHS),Applied Technology High School (ATHS),______,ABU DHABI,____ _____,Cycle3,____ ______ ___,Grade 12,____,Female,_______,Emirati,100.00%,542
2021-2022,_______ __________ _________ (ATHS),Applied Technology High School (ATHS),______,ABU DHABI,____ _____,Cycle3,____ ______ ___,Grade 12,____,Female,____,Expat,100.00%,25
2021-2022,_______ __________ _________ (ATHS),Applied Technology High School (ATHS),______,ABU DHABI,____ _____,Cycle3,____ ______ ___,Grade 12,___,Male,_______,Emirati,100.00%,409
2021-2022,_______ __________ _________ (ATHS),Applied Technology High School (ATHS),______,ABU DHABI,____ _____,Cycle3,____ ______ ___,Grade 12,___,Male,____,Expat,100.00%,23
2021-2022,_______ __________ _________ (ATHS),Applied Technology High School (ATHS),______,ABU DHABI,____ _____,Cycle3,____ ______ ___,Grade 11,____,Female,_______,Emirati,99.84%,634
2021-2022,_______ __________ _________ (ATHS),Applied Technology High School (ATHS),______,ABU DHABI,____ _____,Cycle3,____ ______ ___,Grade 11,____,Female,____,Expat,100.00%,22
2021-2022,_______ __________ _________ (ATHS),Applied Technology High School (ATHS),______,ABU DHABI,____ _____,Cycle3,____ ______ ___,Grade 11,___,Male,_______,Emirati,99.30%,568
2021-2022,_______ __________ _________ (ATHS),Applied Technology High School (ATHS),______,ABU DHABI,____ _____,Cycle3,____ ______ ___,Grade 11,___,Male,____,Expat,100.00%,38
2021-2022,_______ __________ _________ (ATHS),Applied Technology High School (ATHS),______,ABU DHABI,____ _____,Cycle3,____ ______,Grade 10,____,Female,_______,Emirati,99.87%,785
2021-2022,_______ __________ _________ (ATHS),Applied Technology High School (ATHS),______,ABU DHABI,____ _____,Cycle3,____ ______,Grade 10,____,Female,____,Expat,96.30%,27
2021-2022,_______ __________ _________ (ATHS),Applied Technology High School (ATHS),______,ABU DHABI,____ _____,Cycle3,____ ______,Grade 10,___,Male,_______,Emirati,99.59%,723
2021-2022,_______ __________ _________ (ATHS),Applied Technology High School (ATHS),______,ABU DHABI,____ _____,Cycle3,____ ______,Grade 10,___,Male,____,Expat,100.00%,31
2021-2022,_______ __________ _________ (ATHS),Applied Technology High School (ATHS),______,ABU DHABI,____ _____,Cycle2,____ ______,Grade 8,____,Female,_______,Emirati,100.00%,315
2021-2022,_______ __________ _________ (ATHS),Applied Technology High School (ATHS),______,ABU DHABI,____ _____,Cycle2,____ ______,Grade 8,____,Female,____,Expat,100.00%,5
2021-2022,_______ __________ _________ (ATHS),Applied Technology High School (ATHS),______,ABU DHABI,____ _____,Cycle2,____ ______,Grade 8,___,Male,_______,Emirati,100.00%,270
2021-2022,_______ __________ _________ (ATHS),Applied Technology High School (ATHS),______,ABU DHABI,____ _____,Cycle2,____ ______,Grade 8,___,Male,____,Expat,100.00%,10
2021-2022,_______ __________ _________ (ATHS),Applied Technology High School (ATHS),______,ABU DHABI,____ _____,Cycle2,____ ______,Grade 7,____,Female,_______,Emirati,99.65%,287
2021-2022,_______ __________ _________ (ATHS),Applied Technology High School (ATHS),______,ABU DHABI,____ _____,Cycle2,____ ______,Grade 7,____,Female,____,Expat,100.00%,3
2021-2022,_______ __________ _________ (ATHS),Applied Technology High School (ATHS),______,ABU DHABI,____ _____,Cycle2,____ ______,Grade 7,___,Male,_______,Emirati,99.18%,245
2021-2022,_______ __________ _________ (ATHS),Applied Technology High School (ATHS),______,ABU DHABI,____ _____,Cycle2,____ ______,Grade 7,___,Male,____,Expat,100.00%,13
2021-2022,_______ __________ _________ (ATHS),Applied Technology High School (ATHS),______,ABU DHABI,____ _____,Cycle2,____ ______,Grade 6,____,Female,_______,Emirati,100.00%,168
2021-2022,_______ __________ _________ (ATHS),Applied Technology High School (ATHS),______,ABU DHABI,____ _____,Cycle2,____ ______,Grade 6,____,Female,____,Expat,100.00%,4
2021-2022,_______ __________ _________ (ATHS),Applied Technology High School (ATHS),______,ABU DHABI,____ _____,Cycle2,____ ______,Grade 6,___,Male,_______,Emirati,100.00%,162
2021-2022,_______ __________ _________ (ATHS),Applied Technology High School (ATHS),______,ABU DHABI,____ _____,Cycle2,____ ______,Grade 6,___,Male,____,Expat,100.00%,3
2021-2022,_______ __________ _________ (ATHS),Applied Technology High School (ATHS),__ _______,Umm Al Quwain,____ _____,Cycle3,____ ______,Grade 9,____,Female,_______,Emirati,98.94%,94
2021-2022,_______ __________ _________ (ATHS),Applied Technology High School (ATHS),__ _______,Umm Al Quwain,____ _____,Cycle3,____ ______,Grade 9,___,Male,_______,Emirati,100.00%,45
2021-2022,_______ __________ _________ (ATHS),Applied Technology High School (ATHS),__ _______,Umm Al Quwain,____ _____,Cycle3,____ ______ ___,Grade 12,____,Female,_______,Emirati,100.00%,57
2021-2022,_______ __________ _________ (ATHS),Applied Technology High School (ATHS),__ _______,Umm Al Quwain,____ _____,Cycle3,____ ______ ___,Grade 12,___,Male,_______,Emirati,100.00%,26
2021-2022,_______ __________ _________ (ATHS),Applied Technology High School (ATHS),__ _______,Umm Al Quwain,____ _____,Cycle3,____ ______ ___,Grade 12,___,Male,____,Expat,100.00%,1
2021-2022,_______ __________ _________ (ATHS),Applied Technology High School (ATHS),__ _______,Umm Al Quwain,____ _____,Cycle3,____ ______ ___,Grade 11,____,Female,_______,Emirati,100.00%,82
2021-2022,_______ __________ _________ (ATHS),Applied Technology High School (ATHS),__ _______,Umm Al Quwain,____ _____,Cycle3,____ ______ ___,Grade 11,____,Female,____,Expat,100.00%,2
2021-2022,_______ __________ _________ (ATHS),Applied Technology High School (ATHS),__ _______,Umm Al Quwain,____ _____,Cycle3,____ ______ ___,Grade 11,___,Male,_______,Emirati,100.00%,22
2021-2022,_______ __________ _________ (ATHS),Applied Technology High School (ATHS),__ _______,Umm Al Quwain,____ _____,Cycle3,____ ______ ___,Grade 11,___,Male,____,Expat,100.00%,1
2021-2022,_______ __________ _________ (ATHS),Applied Technology High School (ATHS),__ _______,Umm Al Quwain,____ _____,Cycle3,____ ______,Grade 10,____,Female,_______,Emirati,100.00%,132
2021-2022,_______ __________ _________ (ATHS),Applied Technology High School (ATHS),__ _______,Umm Al Quwain,____ _____,Cycle3,____ ______,Grade 10,____,Female,____,Expat,100.00%,3
2021-2022,_______ __________ _________ (ATHS),Applied Technology High School (ATHS),__ _______,Umm Al Quwain,____ _____,Cycle3,____ ______,Grade 10,___,Male,_______,Emirati,100.00%,46
2021-2022,_______ __________ _________ (ATHS),Applied Technology High School (ATHS),___,DUBAI,____ _____,Cycle3,____ ______,Grade 9,___,Male,_______,Emirati,100.00%,124
2021-2022,_______ __________ _________ (ATHS),Applied Technology High School (ATHS),___,DUBAI,____ _____,Cycle3,____ ______,Grade 9,___,Male,____,Expat,100.00%,3
2021-2022,_______ __________ _________ (ATHS),Applied Technology High School (ATHS),___,DUBAI,____ _____,Cycle3,____ ______ ___,Grade 12,___,Male,_______,Emirati,100.00%,75
2021-2022,_______ __________ _________ (ATHS),Applied Technology High School (ATHS),___,DUBAI,____ _____,Cycle3,____ ______ ___,Grade 12,___,Male,____,Expat,100.00%,3
2021-2022,_______ __________ _________ (ATHS),Applied Technology High School (ATHS),___,DUBAI,____ _____,Cycle3,____ ______ ___,Grade 11,___,Male,_______,Emirati,100.00%,104
2021-2022,_______ __________ _________ (ATHS),Applied Technology High School (ATHS),___,DUBAI,____ _____,Cycle3,____ ______ ___,Grade 11,___,Male,____,Expat,100.00%,6
2021-2022,_______ __________ _________ (ATHS),Applied Technology High School (ATHS),___,DUBAI,____ _____,Cycle3,____ ______,Grade 10,___,Male,_______,Emirati,100.00%,145
2021-2022,_______ __________ _________ (ATHS),Applied Technology High School (ATHS),___,DUBAI,____ _____,Cycle3,____ ______,Grade 10,___,Male,____,Expat,100.00%,8
2021-2022,_______ __________ _________ (ATHS),Applied Technology High School (ATHS),___ ______,Ras Al Khaimah,____ _____,Cycle3,____ ______,Grade 9,___,Male,_______,Emirati,100.00%,143
2021-2022,_______ __________ _________ (ATHS),Applied Technology High School (ATHS),___ ______,Ras Al Khaimah,____ _____,Cycle3,____ ______ ___,Grade 12,___,Male,_______,Emirati,98.92%,93
2021-2022,_______ __________ _________ (ATHS),Applied Technology High School (ATHS),___ ______,Ras Al Khaimah,____ _____,Cycle3,____ ______ ___,Grade 12,___,Male,____,Expat,100.00%,1
2021-2022,_______ __________ _________ (ATHS),Applied Technology High School (ATHS),___ ______,Ras Al Khaimah,____ _____,Cycle3,____ ______ ___,Grade 11,___,Male,_______,Emirati,100.00%,122
2021-2022,_______ __________ _________ (ATHS),Applied Technology High School (ATHS),___ ______,Ras Al Khaimah,____ _____,Cycle3,____ ______ ___,Grade 11,___,Male,____,Expat,100.00%,1
2021-2022,_______ __________ _________ (ATHS),Applied Technology High School (ATHS),___ ______,Ras Al Khaimah,____ _____,Cycle3,____ ______,Grade 10,___,Male,_______,Emirati,100.00%,172
2021-2022,_______ __________ _________ (ATHS),Applied Technology High School (ATHS),_____,AJMAN,____ _____,Cycle3,____ ______,Grade 9,____,Female,_______,Emirati,99.52%,207
2021-2022,_______ __________ _________ (ATHS),Applied Technology High School (ATHS),_____,AJMAN,____ _____,Cycle3,____ ______,Grade 9,____,Female,____,Expat,100.00%,5
2021-2022,_______ __________ _________ (ATHS),Applied Technology High School (ATHS),_____,AJMAN,____ _____,Cycle3,____ ______,Grade 9,___,Male,_______,Emirati,100.00%,99
2021-2022,_______ __________ _________ (ATHS),Applied Technology High School (ATHS),_____,AJMAN,____ _____,Cycle3,____ ______,Grade 9,___,Male,____,Expat,100.00%,3
2021-2022,_______ __________ _________ (ATHS),Applied Technology High School (ATHS),_____,AJMAN,____ _____,Cycle3,____ ______ ___,Grade 12,____,Female,_______,Emirati,100.00%,149
2021-2022,_______ __________ _________ (ATHS),Applied Technology High School (ATHS),_____,AJMAN,____ _____,Cycle3,____ ______ ___,Grade 12,____,Female,____,Expat,100.00%,2
2021-2022,_______ __________ _________ (ATHS),Applied Technology High School (ATHS),_____,AJMAN,____ _____,Cycle3,____ ______ ___,Grade 12,___,Male,_______,Emirati,100.00%,70
2021-2022,_______ __________ _________ (ATHS),Applied Technology High School (ATHS),_____,AJMAN,____ _____,Cycle3,____ ______ ___,Grade 11,____,Female,_______,Emirati,100.00%,197
2021-2022,_______ __________ _________ (ATHS),Applied Technology High School (ATHS),_____,AJMAN,____ _____,Cycle3,____ ______ ___,Grade 11,____,Female,____,Expat,100.00%,2
2021-2022,_______ __________ _________ (ATHS),Applied Technology High School (ATHS),_____,AJMAN,____ _____,Cycle3,____ ______ ___,Grade 11,___,Male,_______,Emirati,99.11%,112
2021-2022,_______ __________ _________ (ATHS),Applied Technology High School (ATHS),_____,AJMAN,____ _____,Cycle3,____ ______ ___,Grade 11,___,Male,____,Expat,100.00%,1
2021-2022,_______ __________ _________ (ATHS),Applied Technology High School (ATHS),_____,AJMAN,____ _____,Cycle3,____ ______,Grade 10,____,Female,_______,Emirati,100.00%,194
2021-2022,_______ __________ _________ (ATHS),Applied Technology High School (ATHS),_____,AJMAN,____ _____,Cycle3,____ ______,Grade 10,____,Female,____,Expat,100.00%,8
2021-2022,_______ __________ _________ (ATHS),Applied Technology High School (ATHS),_____,AJMAN,____ _____,Cycle3,____ ______,Grade 10,___,Male,_______,Emirati,100.00%,105
2021-2022,_______ __________ _________ (ATHS),Applied Technology High School (ATHS),_____,AJMAN,____ _____,Cycle3,____ ______,Grade 10,___,Male,____,Expat,100.00%,5
2021-2022,_____ ______ _____ _____,Private Schools MOE Curriculum,_______,SHARJAH,____ ____,Cycle1,____ _____,Grade 1,____,Female,_______,Emirati,100.00%,35
2021-2022,_____ ______ _____ _____,Private Schools MOE Curriculum,_______,SHARJAH,____ ____,Cycle1,____ _____,Grade 1,____,Female,____,Expat,99.91%,1080
2021-2022,_____ ______ _____ _____,Private Schools MOE Curriculum,_______,SHARJAH,____ ____,Cycle1,____ _____,Grade 1,___,Male,_______,Emirati,100.00%,51
2021-2022,_____ ______ _____ _____,Private Schools MOE Curriculum,_______,SHARJAH,____ ____,Cycle1,____ _____,Grade 1,___,Male,____,Expat,99.91%,1123
2021-2022,_____ ______ _____ _____,Private Schools MOE Curriculum,_______,SHARJAH,____ ____,Cycle1,____ ______,Grade 3,____,Female,_______,Emirati,100.00%,30
2021-2022,_____ ______ _____ _____,Private Schools MOE Curriculum,_______,SHARJAH,____ ____,Cycle1,____ ______,Grade 3,____,Female,____,Expat,99.60%,1252
2021-2022,_____ ______ _____ _____,Private Schools MOE Curriculum,_______,SHARJAH,____ ____,Cycle1,____ ______,Grade 3,___,Male,_______,Emirati,100.00%,63
2021-2022,_____ ______ _____ _____,Private Schools MOE Curriculum,_______,SHARJAH,____ ____,Cycle1,____ ______,Grade 3,___,Male,____,Expat,99.75%,1208
2021-2022,_____ ______ _____ _____,Private Schools MOE Curriculum,_______,SHARJAH,____ ____,Cycle1,____ ______,Grade 2,____,Female,_______,Emirati,100.00%,35
2021-2022,_____ ______ _____ _____,Private Schools MOE Curriculum,_______,SHARJAH,____ ____,Cycle1,____ ______,Grade 2,____,Female,____,Expat,99.92%,1182
2021-2022,_____ ______ _____ _____,Private Schools MOE Curriculum,_______,SHARJAH,____ ____,Cycle1,____ ______,Grade 2,___,Male,_______,Emirati,100.00%,50
2021-2022,_____ ______ _____ _____,Private Schools MOE Curriculum,_______,SHARJAH,____ ____,Cycle1,____ ______,Grade 2,___,Male,____,Expat,100.00%,1108
2021-2022,_____ ______ _____ _____,Private Schools MOE Curriculum,_______,SHARJAH,____ ____,Cycle1,____ ______,Grade 4,____,Female,_______,Emirati,100.00%,29
2021-2022,_____ ______ _____ _____,Private Schools MOE Curriculum,_______,SHARJAH,____ ____,Cycle1,____ ______,Grade 4,____,Female,____,Expat,99.83%,1201
2021-2022,_____ ______ _____ _____,Private Schools MOE Curriculum,_______,SHARJAH,____ ____,Cycle1,____ ______,Grade 4,___,Male,_______,Emirati,97.67%,43
2021-2022,_____ ______ _____ _____,Private Schools MOE Curriculum,_______,SHARJAH,____ ____,Cycle1,____ ______,Grade 4,___,Male,____,Expat,100.00%,1176
2021-2022,_____ ______ _____ _____,Private Schools MOE Curriculum,_______,SHARJAH,____ _____,Cycle3,____ ______,Grade 9,____,Female,_______,Emirati,100.00%,31
2021-2022,_____ ______ _____ _____,Private Schools MOE Curriculum,_______,SHARJAH,____ _____,Cycle3,____ ______,Grade 9,____,Female,____,Expat,99.74%,1166
2021-2022,_____ ______ _____ _____,Private Schools MOE Curriculum,_______,SHARJAH,____ _____,Cycle3,____ ______,Grade 9,___,Male,_______,Emirati,100.00%,60
2021-2022,_____ ______ _____ _____,Private Schools MOE Curriculum,_______,SHARJAH,____ _____,Cycle3,____ ______,Grade 9,___,Male,____,Expat,99.84%,1218
2021-2022,_____ ______ _____ _____,Private Schools MOE Curriculum,_______,SHARJAH,____ _____,Cycle3,____ ______ ___,Grade 12,____,Female,_______,Emirati,96.43%,28
2021-2022,_____ ______ _____ _____,Private Schools MOE Curriculum,_______,SHARJAH,____ _____,Cycle3,____ ______ ___,Grade 12,____,Female,____,Expat,99.31%,1011
2021-2022,_____ ______ _____ _____,Private Schools MOE Curriculum,_______,SHARJAH,____ _____,Cycle3,____ ______ ___,Grade 12,___,Male,_______,Emirati,100.00%,80
2021-2022,_____ ______ _____ _____,Private Schools MOE Curriculum,_______,SHARJAH,____ _____,Cycle3,____ ______ ___,Grade 12,___,Male,____,Expat,100.00%,1024
2021-2022,_____ ______ _____ _____,Private Schools MOE Curriculum,_______,SHARJAH,____ _____,Cycle3,____ ______ ___,Grade 11,____,Female,_______,Emirati,100.00%,27
2021-2022,_____ ______ _____ _____,Private Schools MOE Curriculum,_______,SHARJAH,____ _____,Cycle3,____ ______ ___,Grade 11,____,Female,____,Expat,99.71%,1045
2021-2022,_____ ______ _____ _____,Private Schools MOE Curriculum,_______,SHARJAH,____ _____,Cycle3,____ ______ ___,Grade 11,___,Male,_______,Emirati,100.00%,70
2021-2022,_____ ______ _____ _____,Private Schools MOE Curriculum,_______,SHARJAH,____ _____,Cycle3,____ ______ ___,Grade 11,___,Male,____,Expat,99.72%,1088
2021-2022,_____ ______ _____ _____,Private Schools MOE Curriculum,_______,SHARJAH,____ _____,Cycle3,____ ______,Grade 10,____,Female,_______,Emirati,96.67%,30
2021-2022,_____ ______ _____ _____,Private Schools MOE Curriculum,_______,SHARJAH,____ _____,Cycle3,____ ______,Grade 10,____,Female,____,Expat,99.25%,1073
2021-2022,_____ ______ _____ _____,Private Schools MOE Curriculum,_______,SHARJAH,____ _____,Cycle3,____ ______,Grade 10,___,Male,_______,Emirati,100.00%,62
2021-2022,_____ ______ _____ _____,Private Schools MOE Curriculum,_______,SHARJAH,____ _____,Cycle3,____ ______,Grade 10,___,Male,____,Expat,99.75%,1180
2021-2022,_____ ______ _____ _____,Private Schools MOE Curriculum,_______,SHARJAH,____ _____,Cycle2,____ ______,Grade 8,____,Female,_______,Emirati,100.00%,27
2021-2022,_____ ______ _____ _____,Private Schools MOE Curriculum,_______,SHARJAH,____ _____,Cycle2,____ ______,Grade 8,____,Female,____,Expat,99.64%,1104
2021-2022,_____ ______ _____ _____,Private Schools MOE Curriculum,_______,SHARJAH,____ _____,Cycle2,____ ______,Grade 8,___,Male,_______,Emirati,98.80%,83
2021-2022,_____ ______ _____ _____,Private Schools MOE Curriculum,_______,SHARJAH,____ _____,Cycle2,____ ______,Grade 8,___,Male,____,Expat,99.82%,1132
2021-2022,_____ ______ _____ _____,Private Schools MOE Curriculum,_______,SHARJAH,____ _____,Cycle2,____ ______,Grade 5,____,Female,_______,Emirati,100.00%,30
2021-2022,_____ ______ _____ _____,Private Schools MOE Curriculum,_______,SHARJAH,____ _____,Cycle2,____ ______,Grade 5,____,Female,____,Expat,99.83%,1178
2021-2022,_____ ______ _____ _____,Private Schools MOE Curriculum,_______,SHARJAH,____ _____,Cycle2,____ ______,Grade 5,___,Male,_______,Emirati,100.00%,63
2021-2022,_____ ______ _____ _____,Private Schools MOE Curriculum,_______,SHARJAH,____ _____,Cycle2,____ ______,Grade 5,___,Male,____,Expat,99.84%,1227
2021-2022,_____ ______ _____ _____,Private Schools MOE Curriculum,_______,SHARJAH,____ _____,Cycle2,____ ______,Grade 7,____,Female,_______,Emirati,100.00%,20
2021-2022,_____ ______ _____ _____,Private Schools MOE Curriculum,_______,SHARJAH,____ _____,Cycle2,____ ______,Grade 7,____,Female,____,Expat,99.53%,1057
2021-2022,_____ ______ _____ _____,Private Schools MOE Curriculum,_______,SHARJAH,____ _____,Cycle2,____ ______,Grade 7,___,Male,_______,Emirati,100.00%,62
2021-2022,_____ ______ _____ _____,Private Schools MOE Curriculum,_______,SHARJAH,____ _____,Cycle2,____ ______,Grade 7,___,Male,____,Expat,99.91%,1058
2021-2022,_____ ______ _____ _____,Private Schools MOE Curriculum,_______,SHARJAH,____ _____,Cycle2,____ ______,Grade 6,____,Female,_______,Emirati,100.00%,26
2021-2022,_____ ______ _____ _____,Private Schools MOE Curriculum,_______,SHARJAH,____ _____,Cycle2,____ ______,Grade 6,____,Female,____,Expat,99.81%,1070
2021-2022,_____ ______ _____ _____,Private Schools MOE Curriculum,_______,SHARJAH,____ _____,Cycle2,____ ______,Grade 6,___,Male,_______,Emirati,98.08%,52
2021-2022,_____ ______ _____ _____,Private Schools MOE Curriculum,_______,SHARJAH,____ _____,Cycle2,____ ______,Grade 6,___,Male,____,Expat,100.00%,1100
2021-2022,_____ ______ _____ _____,Private Schools MOE Curriculum,______,AL DHAFRA,____ ____,Cycle1,____ _____,Grade 1,____,Female,_______,Emirati,100.00%,1
2021-2022,_____ ______ _____ _____,Private Schools MOE Curriculum,______,AL DHAFRA,____ ____,Cycle1,____ _____,Grade 1,____,Female,____,Expat,96.72%,61
2021-2022,_____ ______ _____ _____,Private Schools MOE Curriculum,______,AL DHAFRA,____ ____,Cycle1,____ _____,Grade 1,___,Male,_______,Emirati,100.00%,1
2021-2022,_____ ______ _____ _____,Private Schools MOE Curriculum,______,AL DHAFRA,____ ____,Cycle1,____ _____,Grade 1,___,Male,____,Expat,96.43%,56
2021-2022,_____ ______ _____ _____,Private Schools MOE Curriculum,______,AL DHAFRA,____ ____,Cycle1,____ ______,Grade 3,____,Female,_______,Emirati,100.00%,2
2021-2022,_____ ______ _____ _____,Private Schools MOE Curriculum,______,AL DHAFRA,____ ____,Cycle1,____ ______,Grade 3,____,Female,____,Expat,100.00%,41
2021-2022,_____ ______ _____ _____,Private Schools MOE Curriculum,______,AL DHAFRA,____ ____,Cycle1,____ ______,Grade 3,___,Male,_______,Emirati,100.00%,3
2021-2022,_____ ______ _____ _____,Private Schools MOE Curriculum,______,AL DHAFRA,____ ____,Cycle1,____ ______,Grade 3,___,Male,____,Expat,100.00%,56
2021-2022,_____ ______ _____ _____,Private Schools MOE Curriculum,______,AL DHAFRA,____ ____,Cycle1,____ ______,Grade 2,____,Female,_______,Emirati,50.00%,2
2021-2022,_____ ______ _____ _____,Private Schools MOE Curriculum,______,AL DHAFRA,____ ____,Cycle1,____ ______,Grade 2,____,Female,____,Expat,97.56%,41
2021-2022,_____ ______ _____ _____,Private Schools MOE Curriculum,______,AL DHAFRA,____ ____,Cycle1,____ ______,Grade 2,___,Male,_______,Emirati,100.00%,3
2021-2022,_____ ______ _____ _____,Private Schools MOE Curriculum,______,AL DHAFRA,____ ____,Cycle1,____ ______,Grade 2,___,Male,____,Expat,95.83%,48
2021-2022,_____ ______ _____ _____,Private Schools MOE Curriculum,______,AL DHAFRA,____ ____,Cycle1,____ ______,Grade 4,____,Female,____,Expat,100.00%,26
2021-2022,_____ ______ _____ _____,Private Schools MOE Curriculum,______,AL DHAFRA,____ ____,Cycle1,____ ______,Grade 4,___,Male,_______,Emirati,100.00%,2
2021-2022,_____ ______ _____ _____,Private Schools MOE Curriculum,______,AL DHAFRA,____ ____,Cycle1,____ ______,Grade 4,___,Male,____,Expat,100.00%,39
2021-2022,_____ ______ _____ _____,Private Schools MOE Curriculum,______,AL DHAFRA,____ _____,Cycle3,____ ______,Grade 9,____,Female,_______,Emirati,100.00%,3
2021-2022,_____ ______ _____ _____,Private Schools MOE Curriculum,______,AL DHAFRA,____ _____,Cycle3,____ ______,Grade 9,____,Female,____,Expat,100.00%,27
2021-2022,_____ ______ _____ _____,Private Schools MOE Curriculum,______,AL DHAFRA,____ _____,Cycle3,____ ______,Grade 9,___,Male,_______,Emirati,100.00%,13
2021-2022,_____ ______ _____ _____,Private Schools MOE Curriculum,______,AL DHAFRA,____ _____,Cycle3,____ ______,Grade 9,___,Male,____,Expat,100.00%,29
2021-2022,_____ ______ _____ _____,Private Schools MOE Curriculum,______,AL DHAFRA,____ _____,Cycle3,____ ______ ___,Grade 12,____,Female,_______,Emirati,100.00%,1
2021-2022,_____ ______ _____ _____,Private Schools MOE Curriculum,______,AL DHAFRA,____ _____,Cycle3,____ ______ ___,Grade 12,____,Female,____,Expat,100.00%,23
2021-2022,_____ ______ _____ _____,Private Schools MOE Curriculum,______,AL DHAFRA,____ _____,Cycle3,____ ______ ___,Grade 12,___,Male,_______,Emirati,100.00%,24
2021-2022,_____ ______ _____ _____,Private Schools MOE Curriculum,______,AL DHAFRA,____ _____,Cycle3,____ ______ ___,Grade 12,___,Male,____,Expat,100.00%,18
2021-2022,_____ ______ _____ _____,Private Schools MOE Curriculum,______,AL DHAFRA,____ _____,Cycle3,____ ______ ___,Grade 11,____,Female,_______,Emirati,100.00%,3
2021-2022,_____ ______ _____ _____,Private Schools MOE Curriculum,______,AL DHAFRA,____ _____,Cycle3,____ ______ ___,Grade 11,____,Female,____,Expat,100.00%,18
2021-2022,_____ ______ _____ _____,Private Schools MOE Curriculum,______,AL DHAFRA,____ _____,Cycle3,____ ______ ___,Grade 11,___,Male,_______,Emirati,95.65%,23
2021-2022,_____ ______ _____ _____,Private Schools MOE Curriculum,______,AL DHAFRA,____ _____,Cycle3,____ ______ ___,Grade 11,___,Male,____,Expat,100.00%,13
2021-2022,_____ ______ _____ _____,Private Schools MOE Curriculum,______,AL DHAFRA,____ _____,Cycle3,____ ______,Grade 10,____,Female,____,Expat,100.00%,19
2021-2022,_____ ______ _____ _____,Private Schools MOE Curriculum,______,AL DHAFRA,____ _____,Cycle3,____ ______,Grade 10,___,Male,_______,Emirati,100.00%,15
2021-2022,_____ ______ _____ _____,Private Schools MOE Curriculum,______,AL DHAFRA,____ _____,Cycle3,____ ______,Grade 10,___,Male,____,Expat,100.00%,41
2021-2022,_____ ______ _____ _____,Private Schools MOE Curriculum,______,AL DHAFRA,____ _____,Cycle2,____ ______,Grade 8,____,Female,____,Expat,95.65%,23
2021-2022,_____ ______ _____ _____,Private Schools MOE Curriculum,______,AL DHAFRA,____ _____,Cycle2,____ ______,Grade 8,___,Male,_______,Emirati,100.00%,13
2021-2022,_____ ______ _____ _____,Private Schools MOE Curriculum,______,AL DHAFRA,____ _____,Cycle2,____ ______,Grade 8,___,Male,____,Expat,100.00%,38
2021-2022,_____ ______ _____ _____,Private Schools MOE Curriculum,______,AL DHAFRA,____ _____,Cycle2,____ ______,Grade 5,____,Female,_______,Emirati,100.00%,1
2021-2022,_____ ______ _____ _____,Private Schools MOE Curriculum,______,AL DHAFRA,____ _____,Cycle2,____ ______,Grade 5,____,Female,____,Expat,96.00%,25
2021-2022,_____ ______ _____ _____,Private Schools MOE Curriculum,______,AL DHAFRA,____ _____,Cycle2,____ ______,Grade 5,___,Male,_______,Emirati,100.00%,3
2021-2022,_____ ______ _____ _____,Private Schools MOE Curriculum,______,AL DHAFRA,____ _____,Cycle2,____ ______,Grade 5,___,Male,____,Expat,100.00%,44
2021-2022,_____ ______ _____ _____,Private Schools MOE Curriculum,______,AL DHAFRA,____ _____,Cycle2,____ ______,Grade 7,____,Female,_______,Emirati,100.00%,2
2021-2022,_____ ______ _____ _____,Private Schools MOE Curriculum,______,AL DHAFRA,____ _____,Cycle2,____ ______,Grade 7,____,Female,____,Expat,100.00%,27
2021-2022,_____ ______ _____ _____,Private Schools MOE Curriculum,______,AL DHAFRA,____ _____,Cycle2,____ ______,Grade 7,___,Male,_______,Emirati,100.00%,7
2021-2022,_____ ______ _____ _____,Private Schools MOE Curriculum,______,AL DHAFRA,____ _____,Cycle2,____ ______,Grade 7,___,Male,____,Expat,100.00%,35
2021-2022,_____ ______ _____ _____,Private Schools MOE Curriculum,______,AL DHAFRA,____ _____,Cycle2,____ ______,Grade 6,____,Female,____,Expat,100.00%,17
2021-2022,_____ ______ _____ _____,Private Schools MOE Curriculum,______,AL DHAFRA,____ _____,Cycle2,____ ______,Grade 6,___,Male,_______,Emirati,100.00%,9
2021-2022,_____ ______ _____ _____,Private Schools MOE Curriculum,______,AL DHAFRA,____ _____,Cycle2,____ ______,Grade 6,___,Male,____,Expat,100.00%,39
2021-2022,_____ ______ _____ _____,Private Schools MOE Curriculum,_____,AL AIN,____ ____,Cycle1,____ _____,Grade 1,____,Female,_______,Emirati,100.00%,12
2021-2022,_____ ______ _____ _____,Private Schools MOE Curriculum,_____,AL AIN,____ ____,Cycle1,____ _____,Grade 1,____,Female,____,Expat,99.78%,448
2021-2022,_____ ______ _____ _____,Private Schools MOE Curriculum,_____,AL AIN,____ ____,Cycle1,____ _____,Grade 1,___,Male,_______,Emirati,100.00%,18
2021-2022,_____ ______ _____ _____,Private Schools MOE Curriculum,_____,AL AIN,____ ____,Cycle1,____ _____,Grade 1,___,Male,____,Expat,100.00%,485
2021-2022,_____ ______ _____ _____,Private Schools MOE Curriculum,_____,AL AIN,____ ____,Cycle1,____ ______,Grade 3,____,Female,_______,Emirati,100.00%,10
2021-2022,_____ ______ _____ _____,Private Schools MOE Curriculum,_____,AL AIN,____ ____,Cycle1,____ ______,Grade 3,____,Female,____,Expat,99.26%,404
2021-2022,_____ ______ _____ _____,Private Schools MOE Curriculum,_____,AL AIN,____ ____,Cycle1,____ ______,Grade 3,___,Male,_______,Emirati,100.00%,24
2021-2022,_____ ______ _____ _____,Private Schools MOE Curriculum,_____,AL AIN,____ ____,Cycle1,____ ______,Grade 3,___,Male,____,Expat,100.00%,482
2021-2022,_____ ______ _____ _____,Private Schools MOE Curriculum,_____,AL AIN,____ ____,Cycle1,____ ______,Grade 2,____,Female,_______,Emirati,100.00%,16
2021-2022,_____ ______ _____ _____,Private Schools MOE Curriculum,_____,AL AIN,____ ____,Cycle1,____ ______,Grade 2,____,Female,____,Expat,99.53%,429
2021-2022,_____ ______ _____ _____,Private Schools MOE Curriculum,_____,AL AIN,____ ____,Cycle1,____ ______,Grade 2,___,Male,_______,Emirati,100.00%,13
2021-2022,_____ ______ _____ _____,Private Schools MOE Curriculum,_____,AL AIN,____ ____,Cycle1,____ ______,Grade 2,___,Male,____,Expat,99.09%,438
2021-2022,_____ ______ _____ _____,Private Schools MOE Curriculum,_____,AL AIN,____ ____,Cycle1,____ ______,Grade 4,____,Female,_______,Emirati,100.00%,11
2021-2022,_____ ______ _____ _____,Private Schools MOE Curriculum,_____,AL AIN,____ ____,Cycle1,____ ______,Grade 4,____,Female,____,Expat,99.78%,460
2021-2022,_____ ______ _____ _____,Private Schools MOE Curriculum,_____,AL AIN,____ ____,Cycle1,____ ______,Grade 4,___,Male,_______,Emirati,100.00%,25
2021-2022,_____ ______ _____ _____,Private Schools MOE Curriculum,_____,AL AIN,____ ____,Cycle1,____ ______,Grade 4,___,Male,____,Expat,99.78%,446
2021-2022,_____ ______ _____ _____,Private Schools MOE Curriculum,_____,AL AIN,____ _____,Cycle3,____ ______,Grade 9,____,Female,_______,Emirati,100.00%,33
2021-2022,_____ ______ _____ _____,Private Schools MOE Curriculum,_____,AL AIN,____ _____,Cycle3,____ ______,Grade 9,____,Female,____,Expat,99.51%,411
2021-2022,_____ ______ _____ _____,Private Schools MOE Curriculum,_____,AL AIN,____ _____,Cycle3,____ ______,Grade 9,___,Male,_______,Emirati,100.00%,79
2021-2022,_____ ______ _____ _____,Private Schools MOE Curriculum,_____,AL AIN,____ _____,Cycle3,____ ______,Grade 9,___,Male,____,Expat,99.61%,513
2021-2022,_____ ______ _____ _____,Private Schools MOE Curriculum,_____,AL AIN,____ _____,Cycle3,____ ______ ___,Grade 12,____,Female,_______,Emirati,96.94%,98
2021-2022,_____ ______ _____ _____,Private Schools MOE Curriculum,_____,AL AIN,____ _____,Cycle3,____ ______ ___,Grade 12,____,Female,____,Expat,98.44%,449
2021-2022,_____ ______ _____ _____,Private Schools MOE Curriculum,_____,AL AIN,____ _____,Cycle3,____ ______ ___,Grade 12,___,Male,_______,Emirati,95.33%,150
2021-2022,_____ ______ _____ _____,Private Schools MOE Curriculum,_____,AL AIN,____ _____,Cycle3,____ ______ ___,Grade 12,___,Male,____,Expat,99.62%,523
2021-2022,_____ ______ _____ _____,Private Schools MOE Curriculum,_____,AL AIN,____ _____,Cycle3,____ ______ ___,Grade 11,____,Female,_______,Emirati,100.00%,39
2021-2022,_____ ______ _____ _____,Private Schools MOE Curriculum,_____,AL AIN,____ _____,Cycle3,____ ______ ___,Grade 11,____,Female,____,Expat,99.57%,466
2021-2022,_____ ______ _____ _____,Private Schools MOE Curriculum,_____,AL AIN,____ _____,Cycle3,____ ______ ___,Grade 11,___,Male,_______,Emirati,100.00%,119
2021-2022,_____ ______ _____ _____,Private Schools MOE Curriculum,_____,AL AIN,____ _____,Cycle3,____ ______ ___,Grade 11,___,Male,____,Expat,100.00%,512
2021-2022,_____ ______ _____ _____,Private Schools MOE Curriculum,_____,AL AIN,____ _____,Cycle3,____ ______,Grade 10,____,Female,_______,Emirati,100.00%,26
2021-2022,_____ ______ _____ _____,Private Schools MOE Curriculum,_____,AL AIN,____ _____,Cycle3,____ ______,Grade 10,____,Female,____,Expat,100.00%,413
2021-2022,_____ ______ _____ _____,Private Schools MOE Curriculum,_____,AL AIN,____ _____,Cycle3,____ ______,Grade 10,___,Male,_______,Emirati,97.85%,93
2021-2022,_____ ______ _____ _____,Private Schools MOE Curriculum,_____,AL AIN,____ _____,Cycle3,____ ______,Grade 10,___,Male,____,Expat,99.60%,502
2021-2022,_____ ______ _____ _____,Private Schools MOE Curriculum,_____,AL AIN,____ _____,Cycle2,____ ______,Grade 8,____,Female,_______,Emirati,100.00%,28
2021-2022,_____ ______ _____ _____,Private Schools MOE Curriculum,_____,AL AIN,____ _____,Cycle2,____ ______,Grade 8,____,Female,____,Expat,100.00%,348
2021-2022,_____ ______ _____ _____,Private Schools MOE Curriculum,_____,AL AIN,____ _____,Cycle2,____ ______,Grade 8,___,Male,_______,Emirati,100.00%,64
2021-2022,_____ ______ _____ _____,Private Schools MOE Curriculum,_____,AL AIN,____ _____,Cycle2,____ ______,Grade 8,___,Male,____,Expat,100.00%,421
2021-2022,_____ ______ _____ _____,Private Schools MOE Curriculum,_____,AL AIN,____ _____,Cycle2,____ ______,Grade 5,____,Female,_______,Emirati,100.00%,22
2021-2022,_____ ______ _____ _____,Private Schools MOE Curriculum,_____,AL AIN,____ _____,Cycle2,____ ______,Grade 5,____,Female,____,Expat,100.00%,388
2021-2022,_____ ______ _____ _____,Private Schools MOE Curriculum,_____,AL AIN,____ _____,Cycle2,____ ______,Grade 5,___,Male,_______,Emirati,100.00%,29
2021-2022,_____ ______ _____ _____,Private Schools MOE Curriculum,_____,AL AIN,____ _____,Cycle2,____ ______,Grade 5,___,Male,____,Expat,99.50%,403
2021-2022,_____ ______ _____ _____,Private Schools MOE Curriculum,_____,AL AIN,____ _____,Cycle2,____ ______,Grade 7,____,Female,_______,Emirati,100.00%,23
2021-2022,_____ ______ _____ _____,Private Schools MOE Curriculum,_____,AL AIN,____ _____,Cycle2,____ ______,Grade 7,____,Female,____,Expat,100.00%,364
2021-2022,_____ ______ _____ _____,Private Schools MOE Curriculum,_____,AL AIN,____ _____,Cycle2,____ ______,Grade 7,___,Male,_______,Emirati,100.00%,63
2021-2022,_____ ______ _____ _____,Private Schools MOE Curriculum,_____,AL AIN,____ _____,Cycle2,____ ______,Grade 7,___,Male,____,Expat,99.74%,389
2021-2022,_____ ______ _____ _____,Private Schools MOE Curriculum,_____,AL AIN,____ _____,Cycle2,____ ______,Grade 6,____,Female,_______,Emirati,100.00%,24
2021-2022,_____ ______ _____ _____,Private Schools MOE Curriculum,_____,AL AIN,____ _____,Cycle2,____ ______,Grade 6,____,Female,____,Expat,99.72%,358
2021-2022,_____ ______ _____ _____,Private Schools MOE Curriculum,_____,AL AIN,____ _____,Cycle2,____ ______,Grade 6,___,Male,_______,Emirati,100.00%,31
2021-2022,_____ ______ _____ _____,Private Schools MOE Curriculum,_____,AL AIN,____ _____,Cycle2,____ ______,Grade 6,___,Male,____,Expat,99.77%,429
2021-2022,_____ ______ _____ _____,Private Schools MOE Curriculum,_______,AL FUJAIRAH,____ ____,Cycle1,____ _____,Grade 1,____,Female,_______,Emirati,100.00%,1
2021-2022,_____ ______ _____ _____,Private Schools MOE Curriculum,_______,AL FUJAIRAH,____ ____,Cycle1,____ _____,Grade 1,____,Female,____,Expat,98.08%,104
2021-2022,_____ ______ _____ _____,Private Schools MOE Curriculum,_______,AL FUJAIRAH,____ ____,Cycle1,____ _____,Grade 1,___,Male,____,Expat,100.00%,114
2021-2022,_____ ______ _____ _____,Private Schools MOE Curriculum,_______,AL FUJAIRAH,____ ____,Cycle1,____ ______,Grade 3,____,Female,_______,Emirati,100.00%,1
2021-2022,_____ ______ _____ _____,Private Schools MOE Curriculum,_______,AL FUJAIRAH,____ ____,Cycle1,____ ______,Grade 3,____,Female,____,Expat,100.00%,99
2021-2022,_____ ______ _____ _____,Private Schools MOE Curriculum,_______,AL FUJAIRAH,____ ____,Cycle1,____ ______,Grade 3,___,Male,_______,Emirati,100.00%,2
2021-2022,_____ ______ _____ _____,Private Schools MOE Curriculum,_______,AL FUJAIRAH,____ ____,Cycle1,____ ______,Grade 3,___,Male,____,Expat,100.00%,99
2021-2022,_____ ______ _____ _____,Private Schools MOE Curriculum,_______,AL FUJAIRAH,____ ____,Cycle1,____ ______,Grade 2,____,Female,____,Expat,100.00%,101
2021-2022,_____ ______ _____ _____,Private Schools MOE Curriculum,_______,AL FUJAIRAH,____ ____,Cycle1,____ ______,Grade 2,___,Male,_______,Emirati,100.00%,2
2021-2022,_____ ______ _____ _____,Private Schools MOE Curriculum,_______,AL FUJAIRAH,____ ____,Cycle1,____ ______,Grade 2,___,Male,____,Expat,100.00%,95
2021-2022,_____ ______ _____ _____,Private Schools MOE Curriculum,_______,AL FUJAIRAH,____ ____,Cycle1,____ ______,Grade 4,____,Female,_______,Emirati,100.00%,4
2021-2022,_____ ______ _____ _____,Private Schools MOE Curriculum,_______,AL FUJAIRAH,____ ____,Cycle1,____ ______,Grade 4,____,Female,____,Expat,100.00%,119
2021-2022,_____ ______ _____ _____,Private Schools MOE Curriculum,_______,AL FUJAIRAH,____ ____,Cycle1,____ ______,Grade 4,___,Male,_______,Emirati,100.00%,2
2021-2022,_____ ______ _____ _____,Private Schools MOE Curriculum,_______,AL FUJAIRAH,____ ____,Cycle1,____ ______,Grade 4,___,Male,____,Expat,100.00%,99
2021-2022,_____ ______ _____ _____,Private Schools MOE Curriculum,_______,AL FUJAIRAH,____ _____,Cycle3,____ ______,Grade 9,____,Female,____,Expat,100.00%,69
2021-2022,_____ ______ _____ _____,Private Schools MOE Curriculum,_______,AL FUJAIRAH,____ _____,Cycle3,____ ______,Grade 9,___,Male,_______,Emirati,100.00%,1
2021-2022,_____ ______ _____ _____,Private Schools MOE Curriculum,_______,AL FUJAIRAH,____ _____,Cycle3,____ ______,Grade 9,___,Male,____,Expat,100.00%,96
2021-2022,_____ ______ _____ _____,Private Schools MOE Curriculum,_______,AL FUJAIRAH,____ _____,Cycle3,____ ______ ___,Grade 12,____,Female,____,Expat,97.47%,79
2021-2022,_____ ______ _____ _____,Private Schools MOE Curriculum,_______,AL FUJAIRAH,____ _____,Cycle3,____ ______ ___,Grade 12,___,Male,____,Expat,96.74%,92
2021-2022,_____ ______ _____ _____,Private Schools MOE Curriculum,_______,AL FUJAIRAH,____ _____,Cycle3,____ ______ ___,Grade 11,____,Female,_______,Emirati,100.00%,2
2021-2022,_____ ______ _____ _____,Private Schools MOE Curriculum,_______,AL FUJAIRAH,____ _____,Cycle3,____ ______ ___,Grade 11,____,Female,____,Expat,98.48%,66
2021-2022,_____ ______ _____ _____,Private Schools MOE Curriculum,_______,AL FUJAIRAH,____ _____,Cycle3,____ ______ ___,Grade 11,___,Male,____,Expat,98.77%,81
2021-2022,_____ ______ _____ _____,Private Schools MOE Curriculum,_______,AL FUJAIRAH,____ _____,Cycle3,____ ______,Grade 10,____,Female,____,Expat,100.00%,53
2021-2022,_____ ______ _____ _____,Private Schools MOE Curriculum,_______,AL FUJAIRAH,____ _____,Cycle3,____ ______,Grade 10,___,Male,_______,Emirati,100.00%,3
2021-2022,_____ ______ _____ _____,Private Schools MOE Curriculum,_______,AL FUJAIRAH,____ _____,Cycle3,____ ______,Grade 10,___,Male,____,Expat,100.00%,84
2021-2022,_____ ______ _____ _____,Private Schools MOE Curriculum,_______,AL FUJAIRAH,____ _____,Cycle2,____ ______,Grade 8,____,Female,_______,Emirati,100.00%,1
2021-2022,_____ ______ _____ _____,Private Schools MOE Curriculum,_______,AL FUJAIRAH,____ _____,Cycle2,____ ______,Grade 8,____,Female,____,Expat,100.00%,70
2021-2022,_____ ______ _____ _____,Private Schools MOE Curriculum,_______,AL FUJAIRAH,____ _____,Cycle2,____ ______,Grade 8,___,Male,____,Expat,100.00%,95
2021-2022,_____ ______ _____ _____,Private Schools MOE Curriculum,_______,AL FUJAIRAH,____ _____,Cycle2,____ ______,Grade 5,____,Female,_______,Emirati,100.00%,1
2021-2022,_____ ______ _____ _____,Private Schools MOE Curriculum,_______,AL FUJAIRAH,____ _____,Cycle2,____ ______,Grade 5,____,Female,____,Expat,100.00%,86
2021-2022,_____ ______ _____ _____,Private Schools MOE Curriculum,_______,AL FUJAIRAH,____ _____,Cycle2,____ ______,Grade 5,___,Male,____,Expat,100.00%,108
2021-2022,_____ ______ _____ _____,Private Schools MOE Curriculum,_______,AL FUJAIRAH,____ _____,Cycle2,____ ______,Grade 7,____,Female,_______,Emirati,0.00%,1
2021-2022,_____ ______ _____ _____,Private Schools MOE Curriculum,_______,AL FUJAIRAH,____ _____,Cycle2,____ ______,Grade 7,____,Female,____,Expat,100.00%,81
2021-2022,_____ ______ _____ _____,Private Schools MOE Curriculum,_______,AL FUJAIRAH,____ _____,Cycle2,____ ______,Grade 7,___,Male,_______,Emirati,100.00%,2
2021-2022,_____ ______ _____ _____,Private Schools MOE Curriculum,_______,AL FUJAIRAH,____ _____,Cycle2,____ ______,Grade 7,___,Male,____,Expat,100.00%,76
2021-2022,_____ ______ _____ _____,Private Schools MOE Curriculum,_______,AL FUJAIRAH,____ _____,Cycle2,____ ______,Grade 6,____,Female,_______,Emirati,0.00%,1
2021-2022,_____ ______ _____ _____,Private Schools MOE Curriculum,_______,AL FUJAIRAH,____ _____,Cycle2,____ ______,Grade 6,____,Female,____,Expat,100.00%,89
2021-2022,_____ ______ _____ _____,Private Schools MOE Curriculum,_______,AL FUJAIRAH,____ _____,Cycle2,____ ______,Grade 6,___,Male,_______,Emirati,100.00%,1
2021-2022,_____ ______ _____ _____,Private Schools MOE Curriculum,_______,AL FUJAIRAH,____ _____,Cycle2,____ ______,Grade 6,___,Male,____,Expat,100.00%,108
2021-2022,_____ ______ _____ _____,Private Schools MOE Curriculum,______,ABU DHABI,____ ____,Cycle1,____ _____,Grade 1,____,Female,_______,Emirati,97.44%,39
2021-2022,_____ ______ _____ _____,Private Schools MOE Curriculum,______,ABU DHABI,____ ____,Cycle1,____ _____,Grade 1,____,Female,____,Expat,98.80%,1086
2021-2022,_____ ______ _____ _____,Private Schools MOE Curriculum,______,ABU DHABI,____ ____,Cycle1,____ _____,Grade 1,___,Male,_______,Emirati,93.75%,32
2021-2022,_____ ______ _____ _____,Private Schools MOE Curriculum,______,ABU DHABI,____ ____,Cycle1,____ _____,Grade 1,___,Male,____,Expat,98.85%,1039
2021-2022,_____ ______ _____ _____,Private Schools MOE Curriculum,______,ABU DHABI,____ ____,Cycle1,____ ______,Grade 3,____,Female,_______,Emirati,100.00%,30
2021-2022,_____ ______ _____ _____,Private Schools MOE Curriculum,______,ABU DHABI,____ ____,Cycle1,____ ______,Grade 3,____,Female,____,Expat,98.76%,888
2021-2022,_____ ______ _____ _____,Private Schools MOE Curriculum,______,ABU DHABI,____ ____,Cycle1,____ ______,Grade 3,___,Male,_______,Emirati,88.64%,44
2021-2022,_____ ______ _____ _____,Private Schools MOE Curriculum,______,ABU DHABI,____ ____,Cycle1,____ ______,Grade 3,___,Male,____,Expat,98.48%,853
2021-2022,_____ ______ _____ _____,Private Schools MOE Curriculum,______,ABU DHABI,____ ____,Cycle1,____ ______,Grade 2,____,Female,_______,Emirati,97.44%,39
2021-2022,_____ ______ _____ _____,Private Schools MOE Curriculum,______,ABU DHABI,____ ____,Cycle1,____ ______,Grade 2,____,Female,____,Expat,98.80%,997
2021-2022,_____ ______ _____ _____,Private Schools MOE Curriculum,______,ABU DHABI,____ ____,Cycle1,____ ______,Grade 2,___,Male,_______,Emirati,94.00%,50
2021-2022,_____ ______ _____ _____,Private Schools MOE Curriculum,______,ABU DHABI,____ ____,Cycle1,____ ______,Grade 2,___,Male,____,Expat,99.07%,967
2021-2022,_____ ______ _____ _____,Private Schools MOE Curriculum,______,ABU DHABI,____ ____,Cycle1,____ ______,Grade 4,____,Female,_______,Emirati,96.49%,57
2021-2022,_____ ______ _____ _____,Private Schools MOE Curriculum,______,ABU DHABI,____ ____,Cycle1,____ ______,Grade 4,____,Female,____,Expat,99.31%,868
2021-2022,_____ ______ _____ _____,Private Schools MOE Curriculum,______,ABU DHABI,____ ____,Cycle1,____ ______,Grade 4,___,Male,_______,Emirati,95.35%,43
2021-2022,_____ ______ _____ _____,Private Schools MOE Curriculum,______,ABU DHABI,____ ____,Cycle1,____ ______,Grade 4,___,Male,____,Expat,98.98%,881
2021-2022,_____ ______ _____ _____,Private Schools MOE Curriculum,______,ABU DHABI,____ _____,Cycle3,____ ______,Grade 9,____,Female,_______,Emirati,98.15%,54
2021-2022,_____ ______ _____ _____,Private Schools MOE Curriculum,______,ABU DHABI,____ _____,Cycle3,____ ______,Grade 9,____,Female,____,Expat,98.69%,839
2021-2022,_____ ______ _____ _____,Private Schools MOE Curriculum,______,ABU DHABI,____ _____,Cycle3,____ ______,Grade 9,___,Male,_______,Emirati,99.04%,104
2021-2022,_____ ______ _____ _____,Private Schools MOE Curriculum,______,ABU DHABI,____ _____,Cycle3,____ ______,Grade 9,___,Male,____,Expat,98.75%,798
2021-2022,_____ ______ _____ _____,Private Schools MOE Curriculum,______,ABU DHABI,____ _____,Cycle3,____ ______ ___,Grade 12,____,Female,_______,Emirati,98.94%,94
2021-2022,_____ ______ _____ _____,Private Schools MOE Curriculum,______,ABU DHABI,____ _____,Cycle3,____ ______ ___,Grade 12,____,Female,____,Expat,98.07%,725
2021-2022,_____ ______ _____ _____,Private Schools MOE Curriculum,______,ABU DHABI,____ _____,Cycle3,____ ______ ___,Grade 12,___,Male,_______,Emirati,98.88%,268
2021-2022,_____ ______ _____ _____,Private Schools MOE Curriculum,______,ABU DHABI,____ _____,Cycle3,____ ______ ___,Grade 12,___,Male,____,Expat,99.49%,779
2021-2022,_____ ______ _____ _____,Private Schools MOE Curriculum,______,ABU DHABI,____ _____,Cycle3,____ ______ ___,Grade 11,____,Female,_______,Emirati,100.00%,69
2021-2022,_____ ______ _____ _____,Private Schools MOE Curriculum,______,ABU DHABI,____ _____,Cycle3,____ ______ ___,Grade 11,____,Female,____,Expat,99.35%,764
2021-2022,_____ ______ _____ _____,Private Schools MOE Curriculum,______,ABU DHABI,____ _____,Cycle3,____ ______ ___,Grade 11,___,Male,_______,Emirati,99.37%,158
2021-2022,_____ ______ _____ _____,Private Schools MOE Curriculum,______,ABU DHABI,____ _____,Cycle3,____ ______ ___,Grade 11,___,Male,____,Expat,99.46%,741
2021-2022,_____ ______ _____ _____,Private Schools MOE Curriculum,______,ABU DHABI,____ _____,Cycle3,____ ______,Grade 10,____,Female,_______,Emirati,98.28%,58
2021-2022,_____ ______ _____ _____,Private Schools MOE Curriculum,______,ABU DHABI,____ _____,Cycle3,____ ______,Grade 10,____,Female,____,Expat,99.06%,748
2021-2022,_____ ______ _____ _____,Private Schools MOE Curriculum,______,ABU DHABI,____ _____,Cycle3,____ ______,Grade 10,___,Male,_______,Emirati,96.64%,119
2021-2022,_____ ______ _____ _____,Private Schools MOE Curriculum,______,ABU DHABI,____ _____,Cycle3,____ ______,Grade 10,___,Male,____,Expat,99.08%,761
2021-2022,_____ ______ _____ _____,Private Schools MOE Curriculum,______,ABU DHABI,____ _____,Cycle2,____ ______,Grade 8,____,Female,_______,Emirati,96.23%,53
2021-2022,_____ ______ _____ _____,Private Schools MOE Curriculum,______,ABU DHABI,____ _____,Cycle2,____ ______,Grade 8,____,Female,____,Expat,98.76%,727
2021-2022,_____ ______ _____ _____,Private Schools MOE Curriculum,______,ABU DHABI,____ _____,Cycle2,____ ______,Grade 8,___,Male,_______,Emirati,94.32%,88
2021-2022,_____ ______ _____ _____,Private Schools MOE Curriculum,______,ABU DHABI,____ _____,Cycle2,____ ______,Grade 8,___,Male,____,Expat,98.71%,696
2021-2022,_____ ______ _____ _____,Private Schools MOE Curriculum,______,ABU DHABI,____ _____,Cycle2,____ ______,Grade 5,____,Female,_______,Emirati,95.45%,44
2021-2022,_____ ______ _____ _____,Private Schools MOE Curriculum,______,ABU DHABI,____ _____,Cycle2,____ ______,Grade 5,____,Female,____,Expat,98.66%,822
2021-2022,_____ ______ _____ _____,Private Schools MOE Curriculum,______,ABU DHABI,____ _____,Cycle2,____ ______,Grade 5,___,Male,_______,Emirati,88.37%,43
2021-2022,_____ ______ _____ _____,Private Schools MOE Curriculum,______,ABU DHABI,____ _____,Cycle2,____ ______,Grade 5,___,Male,____,Expat,98.48%,722
2021-2022,_____ ______ _____ _____,Private Schools MOE Curriculum,______,ABU DHABI,____ _____,Cycle2,____ ______,Grade 7,____,Female,_______,Emirati,98.44%,64
2021-2022,_____ ______ _____ _____,Private Schools MOE Curriculum,______,ABU DHABI,____ _____,Cycle2,____ ______,Grade 7,____,Female,____,Expat,99.08%,758
2021-2022,_____ ______ _____ _____,Private Schools MOE Curriculum,______,ABU DHABI,____ _____,Cycle2,____ ______,Grade 7,___,Male,_______,Emirati,95.52%,67
2021-2022,_____ ______ _____ _____,Private Schools MOE Curriculum,______,ABU DHABI,____ _____,Cycle2,____ ______,Grade 7,___,Male,____,Expat,98.74%,717
2021-2022,_____ ______ _____ _____,Private Schools MOE Curriculum,______,ABU DHABI,____ _____,Cycle2,____ ______,Grade 6,____,Female,_______,Emirati,97.92%,48
2021-2022,_____ ______ _____ _____,Private Schools MOE Curriculum,______,ABU DHABI,____ _____,Cycle2,____ ______,Grade 6,____,Female,____,Expat,98.81%,759
2021-2022,_____ ______ _____ _____,Private Schools MOE Curriculum,______,ABU DHABI,____ _____,Cycle2,____ ______,Grade 6,___,Male,_______,Emirati,95.45%,44
2021-2022,_____ ______ _____ _____,Private Schools MOE Curriculum,______,ABU DHABI,____ _____,Cycle2,____ ______,Grade 6,___,Male,____,Expat,97.97%,739
2021-2022,_____ ______ _____ _____,Private Schools MOE Curriculum,__ _______,Umm Al Quwain,____ ____,Cycle1,____ _____,Grade 1,____,Female,_______,Emirati,100.00%,1
2021-2022,_____ ______ _____ _____,Private Schools MOE Curriculum,__ _______,Umm Al Quwain,____ ____,Cycle1,____ _____,Grade 1,____,Female,____,Expat,100.00%,47
2021-2022,_____ ______ _____ _____,Private Schools MOE Curriculum,__ _______,Umm Al Quwain,____ ____,Cycle1,____ _____,Grade 1,___,Male,_______,Emirati,100.00%,1
2021-2022,_____ ______ _____ _____,Private Schools MOE Curriculum,__ _______,Umm Al Quwain,____ ____,Cycle1,____ _____,Grade 1,___,Male,____,Expat,100.00%,42
2021-2022,_____ ______ _____ _____,Private Schools MOE Curriculum,__ _______,Umm Al Quwain,____ ____,Cycle1,____ ______,Grade 3,____,Female,____,Expat,100.00%,55
2021-2022,_____ ______ _____ _____,Private Schools MOE Curriculum,__ _______,Umm Al Quwain,____ ____,Cycle1,____ ______,Grade 3,___,Male,_______,Emirati,100.00%,1
2021-2022,_____ ______ _____ _____,Private Schools MOE Curriculum,__ _______,Umm Al Quwain,____ ____,Cycle1,____ ______,Grade 3,___,Male,____,Expat,100.00%,49
2021-2022,_____ ______ _____ _____,Private Schools MOE Curriculum,__ _______,Umm Al Quwain,____ ____,Cycle1,____ ______,Grade 2,____,Female,____,Expat,100.00%,49
2021-2022,_____ ______ _____ _____,Private Schools MOE Curriculum,__ _______,Umm Al Quwain,____ ____,Cycle1,____ ______,Grade 2,___,Male,_______,Emirati,100.00%,2
2021-2022,_____ ______ _____ _____,Private Schools MOE Curriculum,__ _______,Umm Al Quwain,____ ____,Cycle1,____ ______,Grade 2,___,Male,____,Expat,100.00%,50
2021-2022,_____ ______ _____ _____,Private Schools MOE Curriculum,__ _______,Umm Al Quwain,____ ____,Cycle1,____ ______,Grade 4,____,Female,_______,Emirati,100.00%,1
2021-2022,_____ ______ _____ _____,Private Schools MOE Curriculum,__ _______,Umm Al Quwain,____ ____,Cycle1,____ ______,Grade 4,____,Female,____,Expat,100.00%,41
2021-2022,_____ ______ _____ _____,Private Schools MOE Curriculum,__ _______,Umm Al Quwain,____ ____,Cycle1,____ ______,Grade 4,___,Male,_______,Emirati,100.00%,1
2021-2022,_____ ______ _____ _____,Private Schools MOE Curriculum,__ _______,Umm Al Quwain,____ ____,Cycle1,____ ______,Grade 4,___,Male,____,Expat,100.00%,47
2021-2022,_____ ______ _____ _____,Private Schools MOE Curriculum,__ _______,Umm Al Quwain,____ _____,Cycle3,____ ______,Grade 9,____,Female,____,Expat,100.00%,35
2021-2022,_____ ______ _____ _____,Private Schools MOE Curriculum,__ _______,Umm Al Quwain,____ _____,Cycle3,____ ______,Grade 9,___,Male,____,Expat,100.00%,35
2021-2022,_____ ______ _____ _____,Private Schools MOE Curriculum,__ _______,Umm Al Quwain,____ _____,Cycle3,____ ______ ___,Grade 12,____,Female,____,Expat,100.00%,36
2021-2022,_____ ______ _____ _____,Private Schools MOE Curriculum,__ _______,Umm Al Quwain,____ _____,Cycle3,____ ______ ___,Grade 11,____,Female,____,Expat,100.00%,43
2021-2022,_____ ______ _____ _____,Private Schools MOE Curriculum,__ _______,Umm Al Quwain,____ _____,Cycle3,____ ______ ___,Grade 11,___,Male,____,Expat,100.00%,43
2021-2022,_____ ______ _____ _____,Private Schools MOE Curriculum,__ _______,Umm Al Quwain,____ _____,Cycle3,____ ______,Grade 10,____,Female,____,Expat,96.88%,32
2021-2022,_____ ______ _____ _____,Private Schools MOE Curriculum,__ _______,Umm Al Quwain,____ _____,Cycle3,____ ______,Grade 10,___,Male,____,Expat,100.00%,37
2021-2022,_____ ______ _____ _____,Private Schools MOE Curriculum,__ _______,Umm Al Quwain,____ _____,Cycle2,____ ______,Grade 8,____,Female,____,Expat,100.00%,49
2021-2022,_____ ______ _____ _____,Private Schools MOE Curriculum,__ _______,Umm Al Quwain,____ _____,Cycle2,____ ______,Grade 8,___,Male,_______,Emirati,100.00%,1
2021-2022,_____ ______ _____ _____,Private Schools MOE Curriculum,__ _______,Umm Al Quwain,____ _____,Cycle2,____ ______,Grade 8,___,Male,____,Expat,100.00%,35
2021-2022,_____ ______ _____ _____,Private Schools MOE Curriculum,__ _______,Umm Al Quwain,____ _____,Cycle2,____ ______,Grade 5,____,Female,____,Expat,98.00%,50
2021-2022,_____ ______ _____ _____,Private Schools MOE Curriculum,__ _______,Umm Al Quwain,____ _____,Cycle2,____ ______,Grade 5,___,Male,____,Expat,100.00%,25
2021-2022,_____ ______ _____ _____,Private Schools MOE Curriculum,__ _______,Umm Al Quwain,____ _____,Cycle2,____ ______,Grade 7,____,Female,____,Expat,100.00%,33
2021-2022,_____ ______ _____ _____,Private Schools MOE Curriculum,__ _______,Umm Al Quwain,____ _____,Cycle2,____ ______,Grade 7,___,Male,____,Expat,100.00%,39
2021-2022,_____ ______ _____ _____,Private Schools MOE Curriculum,__ _______,Umm Al Quwain,____ _____,Cycle2,____ ______,Grade 6,____,Female,_______,Emirati,100.00%,1
2021-2022,_____ ______ _____ _____,Private Schools MOE Curriculum,__ _______,Umm Al Quwain,____ _____,Cycle2,____ ______,Grade 6,____,Female,____,Expat,100.00%,41
2021-2022,_____ ______ _____ _____,Private Schools MOE Curriculum,__ _______,Umm Al Quwain,____ _____,Cycle2,____ ______,Grade 6,___,Male,_______,Emirati,100.00%,1
2021-2022,_____ ______ _____ _____,Private Schools MOE Curriculum,__ _______,Umm Al Quwain,____ _____,Cycle2,____ ______,Grade 6,___,Male,____,Expat,100.00%,39
2021-2022,_____ ______ _____ _____,Private Schools MOE Curriculum,___,DUBAI,____ ____,Cycle1,____ _____,Grade 1,____,Female,_______,Emirati,100.00%,26
2021-2022,_____ ______ _____ _____,Private Schools MOE Curriculum,___,DUBAI,____ ____,Cycle1,____ _____,Grade 1,____,Female,____,Expat,99.32%,441
2021-2022,_____ ______ _____ _____,Private Schools MOE Curriculum,___,DUBAI,____ ____,Cycle1,____ _____,Grade 1,___,Male,_______,Emirati,100.00%,25
2021-2022,_____ ______ _____ _____,Private Schools MOE Curriculum,___,DUBAI,____ ____,Cycle1,____ _____,Grade 1,___,Male,____,Expat,98.86%,438
2021-2022,_____ ______ _____ _____,Private Schools MOE Curriculum,___,DUBAI,____ ____,Cycle1,____ ______,Grade 3,____,Female,_______,Emirati,100.00%,27
2021-2022,_____ ______ _____ _____,Private Schools MOE Curriculum,___,DUBAI,____ ____,Cycle1,____ ______,Grade 3,____,Female,____,Expat,99.36%,467
2021-2022,_____ ______ _____ _____,Private Schools MOE Curriculum,___,DUBAI,____ ____,Cycle1,____ ______,Grade 3,___,Male,_______,Emirati,100.00%,36
2021-2022,_____ ______ _____ _____,Private Schools MOE Curriculum,___,DUBAI,____ ____,Cycle1,____ ______,Grade 3,___,Male,____,Expat,98.75%,480
2021-2022,_____ ______ _____ _____,Private Schools MOE Curriculum,___,DUBAI,____ ____,Cycle1,____ ______,Grade 2,____,Female,_______,Emirati,100.00%,30
2021-2022,_____ ______ _____ _____,Private Schools MOE Curriculum,___,DUBAI,____ ____,Cycle1,____ ______,Grade 2,____,Female,____,Expat,99.27%,412
2021-2022,_____ ______ _____ _____,Private Schools MOE Curriculum,___,DUBAI,____ ____,Cycle1,____ ______,Grade 2,___,Male,_______,Emirati,100.00%,27
2021-2022,_____ ______ _____ _____,Private Schools MOE Curriculum,___,DUBAI,____ ____,Cycle1,____ ______,Grade 2,___,Male,____,Expat,98.74%,397
2021-2022,_____ ______ _____ _____,Private Schools MOE Curriculum,___,DUBAI,____ ____,Cycle1,____ ______,Grade 4,____,Female,_______,Emirati,93.55%,31
2021-2022,_____ ______ _____ _____,Private Schools MOE Curriculum,___,DUBAI,____ ____,Cycle1,____ ______,Grade 4,____,Female,____,Expat,99.60%,501
2021-2022,_____ ______ _____ _____,Private Schools MOE Curriculum,___,DUBAI,____ ____,Cycle1,____ ______,Grade 4,___,Male,_______,Emirati,100.00%,40
2021-2022,_____ ______ _____ _____,Private Schools MOE Curriculum,___,DUBAI,____ ____,Cycle1,____ ______,Grade 4,___,Male,____,Expat,98.35%,485
2021-2022,_____ ______ _____ _____,Private Schools MOE Curriculum,___,DUBAI,____ _____,Cycle3,____ ______,Grade 9,____,Female,_______,Emirati,93.10%,29
2021-2022,_____ ______ _____ _____,Private Schools MOE Curriculum,___,DUBAI,____ _____,Cycle3,____ ______,Grade 9,____,Female,____,Expat,99.57%,463
2021-2022,_____ ______ _____ _____,Private Schools MOE Curriculum,___,DUBAI,____ _____,Cycle3,____ ______,Grade 9,___,Male,_______,Emirati,98.75%,80
2021-2022,_____ ______ _____ _____,Private Schools MOE Curriculum,___,DUBAI,____ _____,Cycle3,____ ______,Grade 9,___,Male,____,Expat,98.72%,467
2021-2022,_____ ______ _____ _____,Private Schools MOE Curriculum,___,DUBAI,____ _____,Cycle3,____ ______ ___,Grade 12,____,Female,_______,Emirati,100.00%,51
2021-2022,_____ ______ _____ _____,Private Schools MOE Curriculum,___,DUBAI,____ _____,Cycle3,____ ______ ___,Grade 12,____,Female,____,Expat,99.16%,477
2021-2022,_____ ______ _____ _____,Private Schools MOE Curriculum,___,DUBAI,____ _____,Cycle3,____ ______ ___,Grade 12,___,Male,_______,Emirati,100.00%,122
2021-2022,_____ ______ _____ _____,Private Schools MOE Curriculum,___,DUBAI,____ _____,Cycle3,____ ______ ___,Grade 12,___,Male,____,Expat,99.64%,557
2021-2022,_____ ______ _____ _____,Private Schools MOE Curriculum,___,DUBAI,____ _____,Cycle3,____ ______ ___,Grade 11,____,Female,_______,Emirati,97.56%,41
2021-2022,_____ ______ _____ _____,Private Schools MOE Curriculum,___,DUBAI,____ _____,Cycle3,____ ______ ___,Grade 11,____,Female,____,Expat,100.00%,508
2021-2022,_____ ______ _____ _____,Private Schools MOE Curriculum,___,DUBAI,____ _____,Cycle3,____ ______ ___,Grade 11,___,Male,_______,Emirati,98.95%,95
2021-2022,_____ ______ _____ _____,Private Schools MOE Curriculum,___,DUBAI,____ _____,Cycle3,____ ______ ___,Grade 11,___,Male,____,Expat,99.51%,613
2021-2022,_____ ______ _____ _____,Private Schools MOE Curriculum,___,DUBAI,____ _____,Cycle3,____ ______,Grade 10,____,Female,_______,Emirati,97.96%,49
2021-2022,_____ ______ _____ _____,Private Schools MOE Curriculum,___,DUBAI,____ _____,Cycle3,____ ______,Grade 10,____,Female,____,Expat,99.43%,527
2021-2022,_____ ______ _____ _____,Private Schools MOE Curriculum,___,DUBAI,____ _____,Cycle3,____ ______,Grade 10,___,Male,_______,Emirati,100.00%,68
2021-2022,_____ ______ _____ _____,Private Schools MOE Curriculum,___,DUBAI,____ _____,Cycle3,____ ______,Grade 10,___,Male,____,Expat,99.82%,557
2021-2022,_____ ______ _____ _____,Private Schools MOE Curriculum,___,DUBAI,____ _____,Cycle2,____ ______,Grade 8,____,Female,_______,Emirati,100.00%,33
2021-2022,_____ ______ _____ _____,Private Schools MOE Curriculum,___,DUBAI,____ _____,Cycle2,____ ______,Grade 8,____,Female,____,Expat,99.28%,415
2021-2022,_____ ______ _____ _____,Private Schools MOE Curriculum,___,DUBAI,____ _____,Cycle2,____ ______,Grade 8,___,Male,_______,Emirati,97.78%,90
2021-2022,_____ ______ _____ _____,Private Schools MOE Curriculum,___,DUBAI,____ _____,Cycle2,____ ______,Grade 8,___,Male,____,Expat,99.59%,485
2021-2022,_____ ______ _____ _____,Private Schools MOE Curriculum,___,DUBAI,____ _____,Cycle2,____ ______,Grade 5,____,Female,_______,Emirati,95.83%,24
2021-2022,_____ ______ _____ _____,Private Schools MOE Curriculum,___,DUBAI,____ _____,Cycle2,____ ______,Grade 5,____,Female,____,Expat,98.26%,460
2021-2022,_____ ______ _____ _____,Private Schools MOE Curriculum,___,DUBAI,____ _____,Cycle2,____ ______,Grade 5,___,Male,_______,Emirati,96.49%,57
2021-2022,_____ ______ _____ _____,Private Schools MOE Curriculum,___,DUBAI,____ _____,Cycle2,____ ______,Grade 5,___,Male,____,Expat,97.53%,446
2021-2022,_____ ______ _____ _____,Private Schools MOE Curriculum,___,DUBAI,____ _____,Cycle2,____ ______,Grade 7,____,Female,_______,Emirati,92.86%,28
2021-2022,_____ ______ _____ _____,Private Schools MOE Curriculum,___,DUBAI,____ _____,Cycle2,____ ______,Grade 7,____,Female,____,Expat,98.58%,422
2021-2022,_____ ______ _____ _____,Private Schools MOE Curriculum,___,DUBAI,____ _____,Cycle2,____ ______,Grade 7,___,Male,_______,Emirati,98.10%,105
2021-2022,_____ ______ _____ _____,Private Schools MOE Curriculum,___,DUBAI,____ _____,Cycle2,____ ______,Grade 7,___,Male,____,Expat,99.32%,441
2021-2022,_____ ______ _____ _____,Private Schools MOE Curriculum,___,DUBAI,____ _____,Cycle2,____ ______,Grade 6,____,Female,_______,Emirati,96.15%,26
2021-2022,_____ ______ _____ _____,Private Schools MOE Curriculum,___,DUBAI,____ _____,Cycle2,____ ______,Grade 6,____,Female,____,Expat,99.28%,414
2021-2022,_____ ______ _____ _____,Private Schools MOE Curriculum,___,DUBAI,____ _____,Cycle2,____ ______,Grade 6,___,Male,_______,Emirati,97.18%,71
2021-2022,_____ ______ _____ _____,Private Schools MOE Curriculum,___,DUBAI,____ _____,Cycle2,____ ______,Grade 6,___,Male,____,Expat,99.28%,419
2021-2022,_____ ______ _____ _____,Private Schools MOE Curriculum,___ ______,Ras Al Khaimah,____ ____,Cycle1,____ _____,Grade 1,____,Female,_______,Emirati,98.28%,58
2021-2022,_____ ______ _____ _____,Private Schools MOE Curriculum,___ ______,Ras Al Khaimah,____ ____,Cycle1,____ _____,Grade 1,____,Female,____,Expat,99.09%,219
2021-2022,_____ ______ _____ _____,Private Schools MOE Curriculum,___ ______,Ras Al Khaimah,____ ____,Cycle1,____ _____,Grade 1,___,Male,_______,Emirati,100.00%,57
2021-2022,_____ ______ _____ _____,Private Schools MOE Curriculum,___ ______,Ras Al Khaimah,____ ____,Cycle1,____ _____,Grade 1,___,Male,____,Expat,99.35%,310
2021-2022,_____ ______ _____ _____,Private Schools MOE Curriculum,___ ______,Ras Al Khaimah,____ ____,Cycle1,____ ______,Grade 3,____,Female,_______,Emirati,98.21%,56
2021-2022,_____ ______ _____ _____,Private Schools MOE Curriculum,___ ______,Ras Al Khaimah,____ ____,Cycle1,____ ______,Grade 3,____,Female,____,Expat,99.24%,263
2021-2022,_____ ______ _____ _____,Private Schools MOE Curriculum,___ ______,Ras Al Khaimah,____ ____,Cycle1,____ ______,Grade 3,___,Male,_______,Emirati,98.46%,65
2021-2022,_____ ______ _____ _____,Private Schools MOE Curriculum,___ ______,Ras Al Khaimah,____ ____,Cycle1,____ ______,Grade 3,___,Male,____,Expat,99.34%,301
2021-2022,_____ ______ _____ _____,Private Schools MOE Curriculum,___ ______,Ras Al Khaimah,____ ____,Cycle1,____ ______,Grade 2,____,Female,_______,Emirati,100.00%,45
2021-2022,_____ ______ _____ _____,Private Schools MOE Curriculum,___ ______,Ras Al Khaimah,____ ____,Cycle1,____ ______,Grade 2,____,Female,____,Expat,99.29%,280
2021-2022,_____ ______ _____ _____,Private Schools MOE Curriculum,___ ______,Ras Al Khaimah,____ ____,Cycle1,____ ______,Grade 2,___,Male,_______,Emirati,100.00%,49
2021-2022,_____ ______ _____ _____,Private Schools MOE Curriculum,___ ______,Ras Al Khaimah,____ ____,Cycle1,____ ______,Grade 2,___,Male,____,Expat,99.39%,329
2021-2022,_____ ______ _____ _____,Private Schools MOE Curriculum,___ ______,Ras Al Khaimah,____ ____,Cycle1,____ ______,Grade 4,____,Female,_______,Emirati,100.00%,50
2021-2022,_____ ______ _____ _____,Private Schools MOE Curriculum,___ ______,Ras Al Khaimah,____ ____,Cycle1,____ ______,Grade 4,____,Female,____,Expat,100.00%,274
2021-2022,_____ ______ _____ _____,Private Schools MOE Curriculum,___ ______,Ras Al Khaimah,____ ____,Cycle1,____ ______,Grade 4,___,Male,_______,Emirati,100.00%,61
2021-2022,_____ ______ _____ _____,Private Schools MOE Curriculum,___ ______,Ras Al Khaimah,____ ____,Cycle1,____ ______,Grade 4,___,Male,____,Expat,99.65%,283
2021-2022,_____ ______ _____ _____,Private Schools MOE Curriculum,___ ______,Ras Al Khaimah,____ _____,Cycle3,____ ______,Grade 9,____,Female,_______,Emirati,97.50%,40
2021-2022,_____ ______ _____ _____,Private Schools MOE Curriculum,___ ______,Ras Al Khaimah,____ _____,Cycle3,____ ______,Grade 9,____,Female,____,Expat,97.56%,246
2021-2022,_____ ______ _____ _____,Private Schools MOE Curriculum,___ ______,Ras Al Khaimah,____ _____,Cycle3,____ ______,Grade 9,___,Male,_______,Emirati,100.00%,41
2021-2022,_____ ______ _____ _____,Private Schools MOE Curriculum,___ ______,Ras Al Khaimah,____ _____,Cycle3,____ ______,Grade 9,___,Male,____,Expat,98.28%,232
2021-2022,_____ ______ _____ _____,Private Schools MOE Curriculum,___ ______,Ras Al Khaimah,____ _____,Cycle3,____ ______ ___,Grade 12,____,Female,_______,Emirati,100.00%,35
2021-2022,_____ ______ _____ _____,Private Schools MOE Curriculum,___ ______,Ras Al Khaimah,____ _____,Cycle3,____ ______ ___,Grade 12,____,Female,____,Expat,98.10%,210
2021-2022,_____ ______ _____ _____,Private Schools MOE Curriculum,___ ______,Ras Al Khaimah,____ _____,Cycle3,____ ______ ___,Grade 12,___,Male,_______,Emirati,100.00%,38
2021-2022,_____ ______ _____ _____,Private Schools MOE Curriculum,___ ______,Ras Al Khaimah,____ _____,Cycle3,____ ______ ___,Grade 12,___,Male,____,Expat,99.12%,227
2021-2022,_____ ______ _____ _____,Private Schools MOE Curriculum,___ ______,Ras Al Khaimah,____ _____,Cycle3,____ ______ ___,Grade 11,____,Female,_______,Emirati,100.00%,32
2021-2022,_____ ______ _____ _____,Private Schools MOE Curriculum,___ ______,Ras Al Khaimah,____ _____,Cycle3,____ ______ ___,Grade 11,____,Female,____,Expat,96.14%,233
2021-2022,_____ ______ _____ _____,Private Schools MOE Curriculum,___ ______,Ras Al Khaimah,____ _____,Cycle3,____ ______ ___,Grade 11,___,Male,_______,Emirati,100.00%,35
2021-2022,_____ ______ _____ _____,Private Schools MOE Curriculum,___ ______,Ras Al Khaimah,____ _____,Cycle3,____ ______ ___,Grade 11,___,Male,____,Expat,99.58%,236
2021-2022,_____ ______ _____ _____,Private Schools MOE Curriculum,___ ______,Ras Al Khaimah,____ _____,Cycle3,____ ______,Grade 10,____,Female,_______,Emirati,100.00%,29
2021-2022,_____ ______ _____ _____,Private Schools MOE Curriculum,___ ______,Ras Al Khaimah,____ _____,Cycle3,____ ______,Grade 10,____,Female,____,Expat,96.52%,230
2021-2022,_____ ______ _____ _____,Private Schools MOE Curriculum,___ ______,Ras Al Khaimah,____ _____,Cycle3,____ ______,Grade 10,___,Male,_______,Emirati,100.00%,39
2021-2022,_____ ______ _____ _____,Private Schools MOE Curriculum,___ ______,Ras Al Khaimah,____ _____,Cycle3,____ ______,Grade 10,___,Male,____,Expat,100.00%,233
2021-2022,_____ ______ _____ _____,Private Schools MOE Curriculum,___ ______,Ras Al Khaimah,____ _____,Cycle2,____ ______,Grade 8,____,Female,_______,Emirati,100.00%,46
2021-2022,_____ ______ _____ _____,Private Schools MOE Curriculum,___ ______,Ras Al Khaimah,____ _____,Cycle2,____ ______,Grade 8,____,Female,____,Expat,100.00%,236
2021-2022,_____ ______ _____ _____,Private Schools MOE Curriculum,___ ______,Ras Al Khaimah,____ _____,Cycle2,____ ______,Grade 8,___,Male,_______,Emirati,100.00%,36
2021-2022,_____ ______ _____ _____,Private Schools MOE Curriculum,___ ______,Ras Al Khaimah,____ _____,Cycle2,____ ______,Grade 8,___,Male,____,Expat,100.00%,243
2021-2022,_____ ______ _____ _____,Private Schools MOE Curriculum,___ ______,Ras Al Khaimah,____ _____,Cycle2,____ ______,Grade 5,____,Female,_______,Emirati,97.83%,46
2021-2022,_____ ______ _____ _____,Private Schools MOE Curriculum,___ ______,Ras Al Khaimah,____ _____,Cycle2,____ ______,Grade 5,____,Female,____,Expat,99.16%,239
2021-2022,_____ ______ _____ _____,Private Schools MOE Curriculum,___ ______,Ras Al Khaimah,____ _____,Cycle2,____ ______,Grade 5,___,Male,_______,Emirati,100.00%,48
2021-2022,_____ ______ _____ _____,Private Schools MOE Curriculum,___ ______,Ras Al Khaimah,____ _____,Cycle2,____ ______,Grade 5,___,Male,____,Expat,99.59%,245
2021-2022,_____ ______ _____ _____,Private Schools MOE Curriculum,___ ______,Ras Al Khaimah,____ _____,Cycle2,____ ______,Grade 7,____,Female,_______,Emirati,100.00%,30
2021-2022,_____ ______ _____ _____,Private Schools MOE Curriculum,___ ______,Ras Al Khaimah,____ _____,Cycle2,____ ______,Grade 7,____,Female,____,Expat,99.57%,234
2021-2022,_____ ______ _____ _____,Private Schools MOE Curriculum,___ ______,Ras Al Khaimah,____ _____,Cycle2,____ ______,Grade 7,___,Male,_______,Emirati,97.73%,44
2021-2022,_____ ______ _____ _____,Private Schools MOE Curriculum,___ ______,Ras Al Khaimah,____ _____,Cycle2,____ ______,Grade 7,___,Male,____,Expat,98.80%,249
2021-2022,_____ ______ _____ _____,Private Schools MOE Curriculum,___ ______,Ras Al Khaimah,____ _____,Cycle2,____ ______,Grade 6,____,Female,_______,Emirati,100.00%,34
2021-2022,_____ ______ _____ _____,Private Schools MOE Curriculum,___ ______,Ras Al Khaimah,____ _____,Cycle2,____ ______,Grade 6,____,Female,____,Expat,99.62%,261
2021-2022,_____ ______ _____ _____,Private Schools MOE Curriculum,___ ______,Ras Al Khaimah,____ _____,Cycle2,____ ______,Grade 6,___,Male,_______,Emirati,97.22%,36
2021-2022,_____ ______ _____ _____,Private Schools MOE Curriculum,___ ______,Ras Al Khaimah,____ _____,Cycle2,____ ______,Grade 6,___,Male,____,Expat,100.00%,243
2021-2022,_____ ______ _____ _____,Private Schools MOE Curriculum,_____,AJMAN,____ ____,Cycle1,____ _____,Grade 1,____,Female,_______,Emirati,100.00%,20
2021-2022,_____ ______ _____ _____,Private Schools MOE Curriculum,_____,AJMAN,____ ____,Cycle1,____ _____,Grade 1,____,Female,____,Expat,99.90%,959
2021-2022,_____ ______ _____ _____,Private Schools MOE Curriculum,_____,AJMAN,____ ____,Cycle1,____ _____,Grade 1,___,Male,_______,Emirati,100.00%,39
2021-2022,_____ ______ _____ _____,Private Schools MOE Curriculum,_____,AJMAN,____ ____,Cycle1,____ _____,Grade 1,___,Male,____,Expat,99.89%,931
2021-2022,_____ ______ _____ _____,Private Schools MOE Curriculum,_____,AJMAN,____ ____,Cycle1,____ ______,Grade 3,____,Female,_______,Emirati,100.00%,26
2021-2022,_____ ______ _____ _____,Private Schools MOE Curriculum,_____,AJMAN,____ ____,Cycle1,____ ______,Grade 3,____,Female,____,Expat,99.66%,883
2021-2022,_____ ______ _____ _____,Private Schools MOE Curriculum,_____,AJMAN,____ ____,Cycle1,____ ______,Grade 3,___,Male,_______,Emirati,100.00%,41
2021-2022,_____ ______ _____ _____,Private Schools MOE Curriculum,_____,AJMAN,____ ____,Cycle1,____ ______,Grade 3,___,Male,____,Expat,99.56%,907
2021-2022,_____ ______ _____ _____,Private Schools MOE Curriculum,_____,AJMAN,____ ____,Cycle1,____ ______,Grade 2,____,Female,_______,Emirati,100.00%,25
2021-2022,_____ ______ _____ _____,Private Schools MOE Curriculum,_____,AJMAN,____ ____,Cycle1,____ ______,Grade 2,____,Female,____,Expat,100.00%,851
2021-2022,_____ ______ _____ _____,Private Schools MOE Curriculum,_____,AJMAN,____ ____,Cycle1,____ ______,Grade 2,___,Male,_______,Emirati,100.00%,30
2021-2022,_____ ______ _____ _____,Private Schools MOE Curriculum,_____,AJMAN,____ ____,Cycle1,____ ______,Grade 2,___,Male,____,Expat,100.00%,835
2021-2022,_____ ______ _____ _____,Private Schools MOE Curriculum,_____,AJMAN,____ ____,Cycle1,____ ______,Grade 4,____,Female,_______,Emirati,100.00%,19
2021-2022,_____ ______ _____ _____,Private Schools MOE Curriculum,_____,AJMAN,____ ____,Cycle1,____ ______,Grade 4,____,Female,____,Expat,99.53%,846
2021-2022,_____ ______ _____ _____,Private Schools MOE Curriculum,_____,AJMAN,____ ____,Cycle1,____ ______,Grade 4,___,Male,_______,Emirati,100.00%,40
2021-2022,_____ ______ _____ _____,Private Schools MOE Curriculum,_____,AJMAN,____ ____,Cycle1,____ ______,Grade 4,___,Male,____,Expat,99.31%,872
2021-2022,_____ ______ _____ _____,Private Schools MOE Curriculum,_____,AJMAN,____ _____,Cycle3,____ ______,Grade 9,____,Female,_______,Emirati,100.00%,6
2021-2022,_____ ______ _____ _____,Private Schools MOE Curriculum,_____,AJMAN,____ _____,Cycle3,____ ______,Grade 9,____,Female,____,Expat,98.21%,502
2021-2022,_____ ______ _____ _____,Private Schools MOE Curriculum,_____,AJMAN,____ _____,Cycle3,____ ______,Grade 9,___,Male,_______,Emirati,100.00%,38
2021-2022,_____ ______ _____ _____,Private Schools MOE Curriculum,_____,AJMAN,____ _____,Cycle3,____ ______,Grade 9,___,Male,____,Expat,100.00%,657
2021-2022,_____ ______ _____ _____,Private Schools MOE Curriculum,_____,AJMAN,____ _____,Cycle3,____ ______ ___,Grade 12,____,Female,_______,Emirati,100.00%,6
2021-2022,_____ ______ _____ _____,Private Schools MOE Curriculum,_____,AJMAN,____ _____,Cycle3,____ ______ ___,Grade 12,____,Female,____,Expat,100.00%,420
2021-2022,_____ ______ _____ _____,Private Schools MOE Curriculum,_____,AJMAN,____ _____,Cycle3,____ ______ ___,Grade 12,___,Male,_______,Emirati,100.00%,40
2021-2022,_____ ______ _____ _____,Private Schools MOE Curriculum,_____,AJMAN,____ _____,Cycle3,____ ______ ___,Grade 12,___,Male,____,Expat,99.20%,499
2021-2022,_____ ______ _____ _____,Private Schools MOE Curriculum,_____,AJMAN,____ _____,Cycle3,____ ______ ___,Grade 11,____,Female,_______,Emirati,100.00%,12
2021-2022,_____ ______ _____ _____,Private Schools MOE Curriculum,_____,AJMAN,____ _____,Cycle3,____ ______ ___,Grade 11,____,Female,____,Expat,100.00%,449
2021-2022,_____ ______ _____ _____,Private Schools MOE Curriculum,_____,AJMAN,____ _____,Cycle3,____ ______ ___,Grade 11,___,Male,_______,Emirati,96.77%,31
2021-2022,_____ ______ _____ _____,Private Schools MOE Curriculum,_____,AJMAN,____ _____,Cycle3,____ ______ ___,Grade 11,___,Male,____,Expat,100.00%,432
2021-2022,_____ ______ _____ _____,Private Schools MOE Curriculum,_____,AJMAN,____ _____,Cycle3,____ ______,Grade 10,____,Female,_______,Emirati,100.00%,12
2021-2022,_____ ______ _____ _____,Private Schools MOE Curriculum,_____,AJMAN,____ _____,Cycle3,____ ______,Grade 10,____,Female,____,Expat,100.00%,463
2021-2022,_____ ______ _____ _____,Private Schools MOE Curriculum,_____,AJMAN,____ _____,Cycle3,____ ______,Grade 10,___,Male,_______,Emirati,100.00%,32
2021-2022,_____ ______ _____ _____,Private Schools MOE Curriculum,_____,AJMAN,____ _____,Cycle3,____ ______,Grade 10,___,Male,____,Expat,99.40%,496
2021-2022,_____ ______ _____ _____,Private Schools MOE Curriculum,_____,AJMAN,____ _____,Cycle2,____ ______,Grade 8,____,Female,_______,Emirati,100.00%,19
2021-2022,_____ ______ _____ _____,Private Schools MOE Curriculum,_____,AJMAN,____ _____,Cycle2,____ ______,Grade 8,____,Female,____,Expat,99.24%,656
2021-2022,_____ ______ _____ _____,Private Schools MOE Curriculum,_____,AJMAN,____ _____,Cycle2,____ ______,Grade 8,___,Male,_______,Emirati,100.00%,67
2021-2022,_____ ______ _____ _____,Private Schools MOE Curriculum,_____,AJMAN,____ _____,Cycle2,____ ______,Grade 8,___,Male,____,Expat,100.00%,704
2021-2022,_____ ______ _____ _____,Private Schools MOE Curriculum,_____,AJMAN,____ _____,Cycle2,____ ______,Grade 5,____,Female,_______,Emirati,100.00%,26
2021-2022,_____ ______ _____ _____,Private Schools MOE Curriculum,_____,AJMAN,____ _____,Cycle2,____ ______,Grade 5,____,Female,____,Expat,99.63%,800
2021-2022,_____ ______ _____ _____,Private Schools MOE Curriculum,_____,AJMAN,____ _____,Cycle2,____ ______,Grade 5,___,Male,_______,Emirati,100.00%,44
2021-2022,_____ ______ _____ _____,Private Schools MOE Curriculum,_____,AJMAN,____ _____,Cycle2,____ ______,Grade 5,___,Male,____,Expat,98.67%,830
2021-2022,_____ ______ _____ _____,Private Schools MOE Curriculum,_____,AJMAN,____ _____,Cycle2,____ ______,Grade 7,____,Female,_______,Emirati,100.00%,20
2021-2022,_____ ______ _____ _____,Private Schools MOE Curriculum,_____,AJMAN,____ _____,Cycle2,____ ______,Grade 7,____,Female,____,Expat,99.39%,655
2021-2022,_____ ______ _____ _____,Private Schools MOE Curriculum,_____,AJMAN,____ _____,Cycle2,____ ______,Grade 7,___,Male,_______,Emirati,100.00%,48
2021-2022,_____ ______ _____ _____,Private Schools MOE Curriculum,_____,AJMAN,____ _____,Cycle2,____ ______,Grade 7,___,Male,____,Expat,100.00%,706
2021-2022,_____ ______ _____ _____,Private Schools MOE Curriculum,_____,AJMAN,____ _____,Cycle2,____ ______,Grade 6,____,Female,_______,Emirati,100.00%,14
2021-2022,_____ ______ _____ _____,Private Schools MOE Curriculum,_____,AJMAN,____ _____,Cycle2,____ ______,Grade 6,____,Female,____,Expat,98.83%,766
2021-2022,_____ ______ _____ _____,Private Schools MOE Curriculum,_____,AJMAN,____ _____,Cycle2,____ ______,Grade 6,___,Male,_______,Emirati,100.00%,46
2021-2022,_____ ______ _____ _____,Private Schools MOE Curriculum,_____,AJMAN,____ _____,Cycle2,____ ______,Grade 6,___,Male,____,Expat,99.74%,778
2021-2022,_____ _______ _______,Continuous Education,_______,SHARJAH,____ _____,Cycle3,____ ______,Grade 9,____,Female,_______,Emirati,81.82%,11
2021-2022,_____ _______ _______,Continuous Education,_______,SHARJAH,____ _____,Cycle3,____ ______,Grade 9,____,Female,____,Resident,84.09%,44
2021-2022,_____ _______ _______,Continuous Education,_______,SHARJAH,____ _____,Cycle3,____ ______,Grade 9,___,Male,_______,Emirati,93.00%,100
2021-2022,_____ _______ _______,Continuous Education,_______,SHARJAH,____ _____,Cycle3,____ ______,Grade 9,___,Male,____,Resident,84.75%,59
2021-2022,_____ _______ _______,Continuous Education,_______,SHARJAH,____ _____,Cycle3,____ ______ ___,Grade 12,____,Female,_______,Emirati,89.72%,107
2021-2022,_____ _______ _______,Continuous Education,_______,SHARJAH,____ _____,Cycle3,____ ______ ___,Grade 12,____,Female,____,Resident,90.63%,64
2021-2022,_____ _______ _______,Continuous Education,_______,SHARJAH,____ _____,Cycle3,____ ______ ___,Grade 12,___,Male,_______,Emirati,93.37%,166
2021-2022,_____ _______ _______,Continuous Education,_______,SHARJAH,____ _____,Cycle3,____ ______ ___,Grade 12,___,Male,____,Resident,93.55%,62
2021-2022,_____ _______ _______,Continuous Education,_______,SHARJAH,____ _____,Cycle3,____ ______ ___,Grade 11,____,Female,_______,Emirati,92.11%,38
2021-2022,_____ _______ _______,Continuous Education,_______,SHARJAH,____ _____,Cycle3,____ ______ ___,Grade 11,____,Female,____,Resident,98.48%,66
2021-2022,_____ _______ _______,Continuous Education,_______,SHARJAH,____ _____,Cycle3,____ ______ ___,Grade 11,___,Male,_______,Emirati,92.42%,132
2021-2022,_____ _______ _______,Continuous Education,_______,SHARJAH,____ _____,Cycle3,____ ______ ___,Grade 11,___,Male,____,Resident,81.13%,53
2021-2022,_____ _______ _______,Continuous Education,_______,SHARJAH,____ _____,Cycle3,____ ______,Grade 10,____,Female,_______,Emirati,76.67%,30
2021-2022,_____ _______ _______,Continuous Education,_______,SHARJAH,____ _____,Cycle3,____ ______,Grade 10,____,Female,____,Resident,85.90%,78
2021-2022,_____ _______ _______,Continuous Education,_______,SHARJAH,____ _____,Cycle3,____ ______,Grade 10,___,Male,_______,Emirati,89.55%,134
2021-2022,_____ _______ _______,Continuous Education,_______,SHARJAH,____ _____,Cycle3,____ ______,Grade 10,___,Male,____,Resident,88.52%,61
2021-2022,_____ _______ _______,Continuous Education,_______,SHARJAH,____ _____,Cycle2,____ ______,Grade 8,____,Female,_______,Emirati,100.00%,3
2021-2022,_____ _______ _______,Continuous Education,_______,SHARJAH,____ _____,Cycle2,____ ______,Grade 8,____,Female,____,Resident,100.00%,33
2021-2022,_____ _______ _______,Continuous Education,_______,SHARJAH,____ _____,Cycle2,____ ______,Grade 8,___,Male,_______,Emirati,90.00%,30
2021-2022,_____ _______ _______,Continuous Education,_______,SHARJAH,____ _____,Cycle2,____ ______,Grade 8,___,Male,____,Resident,84.00%,25
2021-2022,_____ _______ _______,Continuous Education,_______,SHARJAH,____ _____,Cycle2,____ ______,Grade 7,____,Female,_______,Emirati,100.00%,2
2021-2022,_____ _______ _______,Continuous Education,_______,SHARJAH,____ _____,Cycle2,____ ______,Grade 7,____,Female,____,Resident,80.00%,15
2021-2022,_____ _______ _______,Continuous Education,_______,SHARJAH,____ _____,Cycle2,____ ______,Grade 7,___,Male,_______,Emirati,75.00%,4
2021-2022,_____ _______ _______,Continuous Education,_______,SHARJAH,____ _____,Cycle2,____ ______,Grade 7,___,Male,____,Resident,100.00%,21
2021-2022,_____ _______ _______,Continuous Education,______,AL DHAFRA,____ _____,Cycle3,____ ______,Grade 9,____,Female,_______,Emirati,100.00%,9
2021-2022,_____ _______ _______,Continuous Education,______,AL DHAFRA,____ _____,Cycle3,____ ______,Grade 9,____,Female,____,Resident,100.00%,9
2021-2022,_____ _______ _______,Continuous Education,______,AL DHAFRA,____ _____,Cycle3,____ ______,Grade 9,___,Male,_______,Emirati,84.21%,38
2021-2022,_____ _______ _______,Continuous Education,______,AL DHAFRA,____ _____,Cycle3,____ ______,Grade 9,___,Male,____,Resident,90.00%,10
2021-2022,_____ _______ _______,Continuous Education,______,AL DHAFRA,____ _____,Cycle3,____ ______ ___,Grade 12,____,Female,_______,Emirati,82.05%,39
2021-2022,_____ _______ _______,Continuous Education,______,AL DHAFRA,____ _____,Cycle3,____ ______ ___,Grade 12,____,Female,____,Resident,94.12%,17
2021-2022,_____ _______ _______,Continuous Education,______,AL DHAFRA,____ _____,Cycle3,____ ______ ___,Grade 12,___,Male,_______,Emirati,86.96%,92
2021-2022,_____ _______ _______,Continuous Education,______,AL DHAFRA,____ _____,Cycle3,____ ______ ___,Grade 12,___,Male,____,Resident,94.44%,18
2021-2022,_____ _______ _______,Continuous Education,______,AL DHAFRA,____ _____,Cycle3,____ ______ ___,Grade 11,____,Female,_______,Emirati,77.78%,18
2021-2022,_____ _______ _______,Continuous Education,______,AL DHAFRA,____ _____,Cycle3,____ ______ ___,Grade 11,____,Female,____,Resident,92.31%,13
2021-2022,_____ _______ _______,Continuous Education,______,AL DHAFRA,____ _____,Cycle3,____ ______ ___,Grade 11,___,Male,_______,Emirati,76.81%,69
2021-2022,_____ _______ _______,Continuous Education,______,AL DHAFRA,____ _____,Cycle3,____ ______ ___,Grade 11,___,Male,____,Resident,100.00%,8
2021-2022,_____ _______ _______,Continuous Education,______,AL DHAFRA,____ _____,Cycle3,____ ______,Grade 10,____,Female,_______,Emirati,84.62%,13
2021-2022,_____ _______ _______,Continuous Education,______,AL DHAFRA,____ _____,Cycle3,____ ______,Grade 10,____,Female,____,Resident,90.00%,10
2021-2022,_____ _______ _______,Continuous Education,______,AL DHAFRA,____ _____,Cycle3,____ ______,Grade 10,___,Male,_______,Emirati,73.53%,68
2021-2022,_____ _______ _______,Continuous Education,______,AL DHAFRA,____ _____,Cycle3,____ ______,Grade 10,___,Male,____,Resident,76.92%,13
2021-2022,_____ _______ _______,Continuous Education,______,AL DHAFRA,____ _____,Cycle2,____ ______,Grade 8,____,Female,_______,Emirati,100.00%,3
2021-2022,_____ _______ _______,Continuous Education,______,AL DHAFRA,____ _____,Cycle2,____ ______,Grade 8,____,Female,____,Resident,87.50%,8
2021-2022,_____ _______ _______,Continuous Education,______,AL DHAFRA,____ _____,Cycle2,____ ______,Grade 8,___,Male,_______,Emirati,100.00%,8
2021-2022,_____ _______ _______,Continuous Education,______,AL DHAFRA,____ _____,Cycle2,____ ______,Grade 8,___,Male,____,Resident,100.00%,2
2021-2022,_____ _______ _______,Continuous Education,______,AL DHAFRA,____ _____,Cycle2,____ ______,Grade 7,____,Female,_______,Emirati,100.00%,2
2021-2022,_____ _______ _______,Continuous Education,______,AL DHAFRA,____ _____,Cycle2,____ ______,Grade 7,____,Female,____,Resident,100.00%,2
2021-2022,_____ _______ _______,Continuous Education,______,AL DHAFRA,____ _____,Cycle2,____ ______,Grade 7,___,Male,_______,Emirati,100.00%,2
2021-2022,_____ _______ _______,Continuous Education,______,AL DHAFRA,____ _____,Cycle2,____ ______,Grade 7,___,Male,____,Resident,100.00%,1
2021-2022,_____ _______ _______,Continuous Education,_____,AL AIN,____ _____,Cycle3,____ ______,Grade 9,____,Female,_______,Emirati,90.70%,43
2021-2022,_____ _______ _______,Continuous Education,_____,AL AIN,____ _____,Cycle3,____ ______,Grade 9,____,Female,____,Resident,92.86%,84
2021-2022,_____ _______ _______,Continuous Education,_____,AL AIN,____ _____,Cycle3,____ ______,Grade 9,___,Male,_______,Emirati,87.00%,100
2021-2022,_____ _______ _______,Continuous Education,_____,AL AIN,____ _____,Cycle3,____ ______,Grade 9,___,Male,____,Resident,90.70%,43
2021-2022,_____ _______ _______,Continuous Education,_____,AL AIN,____ _____,Cycle3,____ ______ ___,Grade 12,____,Female,_______,Emirati,85.22%,203
2021-2022,_____ _______ _______,Continuous Education,_____,AL AIN,____ _____,Cycle3,____ ______ ___,Grade 12,____,Female,____,Resident,93.75%,64
2021-2022,_____ _______ _______,Continuous Education,_____,AL AIN,____ _____,Cycle3,____ ______ ___,Grade 12,___,Male,_______,Emirati,93.08%,347
2021-2022,_____ _______ _______,Continuous Education,_____,AL AIN,____ _____,Cycle3,____ ______ ___,Grade 12,___,Male,____,Resident,91.92%,99
2021-2022,_____ _______ _______,Continuous Education,_____,AL AIN,____ _____,Cycle3,____ ______ ___,Grade 11,____,Female,_______,Emirati,91.18%,68
2021-2022,_____ _______ _______,Continuous Education,_____,AL AIN,____ _____,Cycle3,____ ______ ___,Grade 11,____,Female,____,Resident,88.68%,53
2021-2022,_____ _______ _______,Continuous Education,_____,AL AIN,____ _____,Cycle3,____ ______ ___,Grade 11,___,Male,_______,Emirati,90.15%,203
2021-2022,_____ _______ _______,Continuous Education,_____,AL AIN,____ _____,Cycle3,____ ______ ___,Grade 11,___,Male,____,Resident,78.05%,41
2021-2022,_____ _______ _______,Continuous Education,_____,AL AIN,____ _____,Cycle3,____ ______,Grade 10,____,Female,_______,Emirati,75.38%,65
2021-2022,_____ _______ _______,Continuous Education,_____,AL AIN,____ _____,Cycle3,____ ______,Grade 10,____,Female,____,Resident,83.72%,43
2021-2022,_____ _______ _______,Continuous Education,_____,AL AIN,____ _____,Cycle3,____ ______,Grade 10,___,Male,_______,Emirati,78.01%,191
2021-2022,_____ _______ _______,Continuous Education,_____,AL AIN,____ _____,Cycle3,____ ______,Grade 10,___,Male,____,Resident,78.00%,50
2021-2022,_____ _______ _______,Continuous Education,_____,AL AIN,____ _____,Cycle2,____ ______,Grade 8,____,Female,_______,Emirati,94.44%,18
2021-2022,_____ _______ _______,Continuous Education,_____,AL AIN,____ _____,Cycle2,____ ______,Grade 8,____,Female,____,Resident,96.55%,29
2021-2022,_____ _______ _______,Continuous Education,_____,AL AIN,____ _____,Cycle2,____ ______,Grade 8,___,Male,_______,Emirati,92.86%,42
2021-2022,_____ _______ _______,Continuous Education,_____,AL AIN,____ _____,Cycle2,____ ______,Grade 8,___,Male,____,Resident,86.36%,22
2021-2022,_____ _______ _______,Continuous Education,_____,AL AIN,____ _____,Cycle2,____ ______,Grade 7,____,Female,_______,Emirati,80.00%,10
2021-2022,_____ _______ _______,Continuous Education,_____,AL AIN,____ _____,Cycle2,____ ______,Grade 7,____,Female,____,Resident,96.15%,26
2021-2022,_____ _______ _______,Continuous Education,_____,AL AIN,____ _____,Cycle2,____ ______,Grade 7,___,Male,_______,Emirati,86.36%,22
2021-2022,_____ _______ _______,Continuous Education,_____,AL AIN,____ _____,Cycle2,____ ______,Grade 7,___,Male,____,Resident,91.67%,24
2021-2022,_____ _______ _______,Continuous Education,_______,AL FUJAIRAH,____ _____,Cycle3,____ ______,Grade 9,____,Female,_______,Emirati,62.50%,8
2021-2022,_____ _______ _______,Continuous Education,_______,AL FUJAIRAH,____ _____,Cycle3,____ ______,Grade 9,____,Female,____,Resident,80.00%,10
2021-2022,_____ _______ _______,Continuous Education,_______,AL FUJAIRAH,____ _____,Cycle3,____ ______,Grade 9,___,Male,_______,Emirati,83.95%,81
2021-2022,_____ _______ _______,Continuous Education,_______,AL FUJAIRAH,____ _____,Cycle3,____ ______,Grade 9,___,Male,____,Resident,86.67%,15
2021-2022,_____ _______ _______,Continuous Education,_______,AL FUJAIRAH,____ _____,Cycle3,____ ______ ___,Grade 12,____,Female,_______,Emirati,87.23%,47
2021-2022,_____ _______ _______,Continuous Education,_______,AL FUJAIRAH,____ _____,Cycle3,____ ______ ___,Grade 12,____,Female,____,Resident,95.83%,24
2021-2022,_____ _______ _______,Continuous Education,_______,AL FUJAIRAH,____ _____,Cycle3,____ ______ ___,Grade 12,___,Male,_______,Emirati,87.17%,265
2021-2022,_____ _______ _______,Continuous Education,_______,AL FUJAIRAH,____ _____,Cycle3,____ ______ ___,Grade 12,___,Male,____,Resident,96.23%,53
2021-2022,_____ _______ _______,Continuous Education,_______,AL FUJAIRAH,____ _____,Cycle3,____ ______ ___,Grade 11,____,Female,_______,Emirati,92.86%,14
2021-2022,_____ _______ _______,Continuous Education,_______,AL FUJAIRAH,____ _____,Cycle3,____ ______ ___,Grade 11,____,Female,____,Resident,100.00%,9
2021-2022,_____ _______ _______,Continuous Education,_______,AL FUJAIRAH,____ _____,Cycle3,____ ______ ___,Grade 11,___,Male,_______,Emirati,77.70%,139
2021-2022,_____ _______ _______,Continuous Education,_______,AL FUJAIRAH,____ _____,Cycle3,____ ______ ___,Grade 11,___,Male,____,Resident,83.33%,12
2021-2022,_____ _______ _______,Continuous Education,_______,AL FUJAIRAH,____ _____,Cycle3,____ ______,Grade 10,____,Female,_______,Emirati,100.00%,15
2021-2022,_____ _______ _______,Continuous Education,_______,AL FUJAIRAH,____ _____,Cycle3,____ ______,Grade 10,____,Female,____,Resident,90.00%,10
2021-2022,_____ _______ _______,Continuous Education,_______,AL FUJAIRAH,____ _____,Cycle3,____ ______,Grade 10,___,Male,_______,Emirati,84.31%,153
2021-2022,_____ _______ _______,Continuous Education,_______,AL FUJAIRAH,____ _____,Cycle3,____ ______,Grade 10,___,Male,____,Resident,76.00%,25
2021-2022,_____ _______ _______,Continuous Education,_______,AL FUJAIRAH,____ _____,Cycle2,____ ______,Grade 8,____,Female,_______,Emirati,100.00%,2
2021-2022,_____ _______ _______,Continuous Education,_______,AL FUJAIRAH,____ _____,Cycle2,____ ______,Grade 8,____,Female,____,Resident,75.00%,4
2021-2022,_____ _______ _______,Continuous Education,_______,AL FUJAIRAH,____ _____,Cycle2,____ ______,Grade 8,___,Male,_______,Emirati,94.74%,19
2021-2022,_____ _______ _______,Continuous Education,_______,AL FUJAIRAH,____ _____,Cycle2,____ ______,Grade 8,___,Male,____,Resident,75.00%,4
2021-2022,_____ _______ _______,Continuous Education,_______,AL FUJAIRAH,____ _____,Cycle2,____ ______,Grade 7,____,Female,____,Resident,100.00%,1
2021-2022,_____ _______ _______,Continuous Education,_______,AL FUJAIRAH,____ _____,Cycle2,____ ______,Grade 7,___,Male,_______,Emirati,69.23%,13
2021-2022,_____ _______ _______,Continuous Education,_______,AL FUJAIRAH,____ _____,Cycle2,____ ______,Grade 7,___,Male,____,Resident,100.00%,7
2021-2022,_____ _______ _______,Continuous Education,______,ABU DHABI,____ _____,Cycle3,____ ______,Grade 9,____,Female,_______,Emirati,85.65%,209
2021-2022,_____ _______ _______,Continuous Education,______,ABU DHABI,____ _____,Cycle3,____ ______,Grade 9,____,Female,____,Resident,83.61%,122
2021-2022,_____ _______ _______,Continuous Education,______,ABU DHABI,____ _____,Cycle3,____ ______,Grade 9,___,Male,_______,Emirati,84.36%,179
2021-2022,_____ _______ _______,Continuous Education,______,ABU DHABI,____ _____,Cycle3,____ ______,Grade 9,___,Male,____,Resident,76.09%,46
2021-2022,_____ _______ _______,Continuous Education,______,ABU DHABI,____ _____,Cycle3,____ ______ ___,Grade 12,____,Female,_______,Emirati,85.48%,661
2021-2022,_____ _______ _______,Continuous Education,______,ABU DHABI,____ _____,Cycle3,____ ______ ___,Grade 12,____,Female,____,Resident,87.38%,214
2021-2022,_____ _______ _______,Continuous Education,______,ABU DHABI,____ _____,Cycle3,____ ______ ___,Grade 12,___,Male,_______,Emirati,86.25%,451
2021-2022,_____ _______ _______,Continuous Education,______,ABU DHABI,____ _____,Cycle3,____ ______ ___,Grade 12,___,Male,____,Resident,88.79%,116
2021-2022,_____ _______ _______,Continuous Education,______,ABU DHABI,____ _____,Cycle3,____ ______ ___,Grade 11,____,Female,_______,Emirati,83.02%,318
2021-2022,_____ _______ _______,Continuous Education,______,ABU DHABI,____ _____,Cycle3,____ ______ ___,Grade 11,____,Female,____,Resident,94.74%,152
2021-2022,_____ _______ _______,Continuous Education,______,ABU DHABI,____ _____,Cycle3,____ ______ ___,Grade 11,___,Male,_______,Emirati,74.48%,239
2021-2022,_____ _______ _______,Continuous Education,______,ABU DHABI,____ _____,Cycle3,____ ______ ___,Grade 11,___,Male,____,Resident,86.36%,44
2021-2022,_____ _______ _______,Continuous Education,______,ABU DHABI,____ _____,Cycle3,____ ______,Grade 10,____,Female,_______,Emirati,66.57%,329
2021-2022,_____ _______ _______,Continuous Education,______,ABU DHABI,____ _____,Cycle3,____ ______,Grade 10,____,Female,____,Resident,81.88%,138
2021-2022,_____ _______ _______,Continuous Education,______,ABU DHABI,____ _____,Cycle3,____ ______,Grade 10,___,Male,_______,Emirati,77.51%,289
2021-2022,_____ _______ _______,Continuous Education,______,ABU DHABI,____ _____,Cycle3,____ ______,Grade 10,___,Male,____,Resident,85.92%,71
2021-2022,_____ _______ _______,Continuous Education,______,ABU DHABI,____ _____,Cycle2,____ ______,Grade 8,____,Female,_______,Emirati,76.35%,148
2021-2022,_____ _______ _______,Continuous Education,______,ABU DHABI,____ _____,Cycle2,____ ______,Grade 8,____,Female,____,Resident,81.45%,124
2021-2022,_____ _______ _______,Continuous Education,______,ABU DHABI,____ _____,Cycle2,____ ______,Grade 8,___,Male,_______,Emirati,69.39%,49
2021-2022,_____ _______ _______,Continuous Education,______,ABU DHABI,____ _____,Cycle2,____ ______,Grade 8,___,Male,____,Resident,80.00%,25
2021-2022,_____ _______ _______,Continuous Education,______,ABU DHABI,____ _____,Cycle2,____ ______,Grade 7,____,Female,_______,Emirati,64.00%,125
2021-2022,_____ _______ _______,Continuous Education,______,ABU DHABI,____ _____,Cycle2,____ ______,Grade 7,____,Female,____,Resident,68.38%,117
2021-2022,_____ _______ _______,Continuous Education,______,ABU DHABI,____ _____,Cycle2,____ ______,Grade 7,___,Male,_______,Emirati,57.69%,52
2021-2022,_____ _______ _______,Continuous Education,______,ABU DHABI,____ _____,Cycle2,____ ______,Grade 7,___,Male,____,Resident,41.46%,41
2021-2022,_____ _______ _______,Continuous Education,______,ABU DHABI,___ ____,Undefined,NULL,L1Q6,___,Male,_______,Emirati,100.00%,11
2021-2022,_____ _______ _______,Continuous Education,______,ABU DHABI,___ ____,Undefined,NULL,L2Q1,___,Male,_______,Emirati,100.00%,23
2021-2022,_____ _______ _______,Continuous Education,______,ABU DHABI,___ ____,Undefined,NULL,L2Q4,___,Male,_______,Emirati,100.00%,8
2021-2022,_____ _______ _______,Continuous Education,______,ABU DHABI,___ ____,Undefined,NULL,L3Q1,___,Male,_______,Emirati,100.00%,18
2021-2022,_____ _______ _______,Continuous Education,______,ABU DHABI,___ ____,Undefined,NULL,L3Q4,___,Male,_______,Emirati,100.00%,30
2021-2022,_____ _______ _______,Continuous Education,______,ABU DHABI,___ ____,Undefined,NULL,L4Q1,___,Male,_______,Emirati,100.00%,25
2021-2022,_____ _______ _______,Continuous Education,______,ABU DHABI,___ ____,Undefined,NULL,L4Q4,___,Male,_______,Emirati,100.00%,73
2021-2022,_____ _______ _______,Continuous Education,______,ABU DHABI,___ ____,Undefined,NULL,L1Q6,___,Male,____,Resident,100.00%,1
2021-2022,_____ _______ _______,Continuous Education,______,ABU DHABI,___ ____,Undefined,NULL,L2Q1,___,Male,____,Resident,100.00%,3
2021-2022,_____ _______ _______,Continuous Education,______,ABU DHABI,___ ____,Undefined,NULL,L2Q4,___,Male,____,Resident,100.00%,2
2021-2022,_____ _______ _______,Continuous Education,______,ABU DHABI,___ ____,Undefined,NULL,L3Q1,___,Male,____,Resident,100.00%,1
2021-2022,_____ _______ _______,Continuous Education,______,ABU DHABI,___ ____,Undefined,NULL,L3Q4,___,Male,____,Resident,100.00%,2
2021-2022,_____ _______ _______,Continuous Education,______,ABU DHABI,___ ____,Undefined,NULL,L4Q1,___,Male,____,Resident,100.00%,3
2021-2022,_____ _______ _______,Continuous Education,______,ABU DHABI,___ ____,Undefined,NULL,L4Q4,___,Male,____,Resident,100.00%,6
2021-2022,_____ _______ _______,Continuous Education,______,ABU DHABI,___ ____,Undefined,_____ ______,Year 1,____,Female,_______,Emirati,100.00%,71
2021-2022,_____ _______ _______,Continuous Education,______,ABU DHABI,___ ____,Undefined,_____ ______,Year 1,____,Female,____,Resident,100.00%,56
2021-2022,_____ _______ _______,Continuous Education,______,ABU DHABI,___ ____,Undefined,_____ ______,Year 1,___,Male,_______,Emirati,100.00%,16
2021-2022,_____ _______ _______,Continuous Education,______,ABU DHABI,___ ____,Undefined,_____ ______,Year 1,___,Male,____,Resident,100.00%,17
2021-2022,_____ _______ _______,Continuous Education,______,ABU DHABI,___ ____,Undefined,_____ _______,Year 3,____,Female,_______,Emirati,100.00%,82
2021-2022,_____ _______ _______,Continuous Education,______,ABU DHABI,___ ____,Undefined,_____ _______,Year 3,____,Female,____,Resident,100.00%,78
2021-2022,_____ _______ _______,Continuous Education,______,ABU DHABI,___ ____,Undefined,_____ _______,Year 3,___,Male,_______,Emirati,100.00%,22
2021-2022,_____ _______ _______,Continuous Education,______,ABU DHABI,___ ____,Undefined,_____ _______,Year 3,___,Male,____,Resident,100.00%,26
2021-2022,_____ _______ _______,Continuous Education,______,ABU DHABI,___ ____,Undefined,_____ _______,Year 2,____,Female,_______,Emirati,100.00%,46
2021-2022,_____ _______ _______,Continuous Education,______,ABU DHABI,___ ____,Undefined,_____ _______,Year 2,____,Female,____,Resident,100.00%,36
2021-2022,_____ _______ _______,Continuous Education,______,ABU DHABI,___ ____,Undefined,_____ _______,Year 2,___,Male,_______,Emirati,100.00%,15
2021-2022,_____ _______ _______,Continuous Education,______,ABU DHABI,___ ____,Undefined,_____ _______,Year 2,___,Male,____,Resident,100.00%,11
2021-2022,_____ _______ _______,Continuous Education,__ _______,Umm Al Quwain,____ _____,Cycle3,____ ______,Grade 9,____,Female,_______,Emirati,83.33%,6
2021-2022,_____ _______ _______,Continuous Education,__ _______,Umm Al Quwain,____ _____,Cycle3,____ ______,Grade 9,____,Female,____,Resident,89.47%,19
2021-2022,_____ _______ _______,Continuous Education,__ _______,Umm Al Quwain,____ _____,Cycle3,____ ______,Grade 9,___,Male,_______,Emirati,95.00%,40
2021-2022,_____ _______ _______,Continuous Education,__ _______,Umm Al Quwain,____ _____,Cycle3,____ ______,Grade 9,___,Male,____,Resident,86.96%,23
2021-2022,_____ _______ _______,Continuous Education,__ _______,Umm Al Quwain,____ _____,Cycle3,____ ______ ___,Grade 12,____,Female,_______,Emirati,100.00%,12
2021-2022,_____ _______ _______,Continuous Education,__ _______,Umm Al Quwain,____ _____,Cycle3,____ ______ ___,Grade 12,____,Female,____,Resident,100.00%,15
2021-2022,_____ _______ _______,Continuous Education,__ _______,Umm Al Quwain,____ _____,Cycle3,____ ______ ___,Grade 12,___,Male,_______,Emirati,100.00%,44
2021-2022,_____ _______ _______,Continuous Education,__ _______,Umm Al Quwain,____ _____,Cycle3,____ ______ ___,Grade 12,___,Male,____,Resident,100.00%,26
2021-2022,_____ _______ _______,Continuous Education,__ _______,Umm Al Quwain,____ _____,Cycle3,____ ______ ___,Grade 11,____,Female,_______,Emirati,83.33%,6
2021-2022,_____ _______ _______,Continuous Education,__ _______,Umm Al Quwain,____ _____,Cycle3,____ ______ ___,Grade 11,____,Female,____,Resident,100.00%,11
2021-2022,_____ _______ _______,Continuous Education,__ _______,Umm Al Quwain,____ _____,Cycle3,____ ______ ___,Grade 11,___,Male,_______,Emirati,94.23%,52
2021-2022,_____ _______ _______,Continuous Education,__ _______,Umm Al Quwain,____ _____,Cycle3,____ ______ ___,Grade 11,___,Male,____,Resident,85.71%,14
2021-2022,_____ _______ _______,Continuous Education,__ _______,Umm Al Quwain,____ _____,Cycle3,____ ______,Grade 10,____,Female,_______,Emirati,90.00%,10
2021-2022,_____ _______ _______,Continuous Education,__ _______,Umm Al Quwain,____ _____,Cycle3,____ ______,Grade 10,____,Female,____,Resident,73.68%,19
2021-2022,_____ _______ _______,Continuous Education,__ _______,Umm Al Quwain,____ _____,Cycle3,____ ______,Grade 10,___,Male,_______,Emirati,91.11%,45
2021-2022,_____ _______ _______,Continuous Education,__ _______,Umm Al Quwain,____ _____,Cycle3,____ ______,Grade 10,___,Male,____,Resident,87.88%,33
2021-2022,_____ _______ _______,Continuous Education,__ _______,Umm Al Quwain,____ _____,Cycle2,____ ______,Grade 8,____,Female,_______,Emirati,100.00%,3
2021-2022,_____ _______ _______,Continuous Education,__ _______,Umm Al Quwain,____ _____,Cycle2,____ ______,Grade 8,____,Female,____,Resident,94.12%,17
2021-2022,_____ _______ _______,Continuous Education,__ _______,Umm Al Quwain,____ _____,Cycle2,____ ______,Grade 8,___,Male,_______,Emirati,100.00%,11
2021-2022,_____ _______ _______,Continuous Education,__ _______,Umm Al Quwain,____ _____,Cycle2,____ ______,Grade 8,___,Male,____,Resident,93.33%,15
2021-2022,_____ _______ _______,Continuous Education,__ _______,Umm Al Quwain,____ _____,Cycle2,____ ______,Grade 7,____,Female,_______,Emirati,100.00%,2
2021-2022,_____ _______ _______,Continuous Education,__ _______,Umm Al Quwain,____ _____,Cycle2,____ ______,Grade 7,____,Female,____,Resident,100.00%,10
2021-2022,_____ _______ _______,Continuous Education,__ _______,Umm Al Quwain,____ _____,Cycle2,____ ______,Grade 7,___,Male,_______,Emirati,88.89%,9
2021-2022,_____ _______ _______,Continuous Education,__ _______,Umm Al Quwain,____ _____,Cycle2,____ ______,Grade 7,___,Male,____,Resident,91.67%,12
2021-2022,_____ _______ _______,Continuous Education,___,DUBAI,____ _____,Cycle3,____ ______,Grade 9,____,Female,_______,Emirati,87.18%,39
2021-2022,_____ _______ _______,Continuous Education,___,DUBAI,____ _____,Cycle3,____ ______,Grade 9,____,Female,____,Resident,82.67%,75
2021-2022,_____ _______ _______,Continuous Education,___,DUBAI,____ _____,Cycle3,____ ______,Grade 9,___,Male,_______,Emirati,91.62%,179
2021-2022,_____ _______ _______,Continuous Education,___,DUBAI,____ _____,Cycle3,____ ______,Grade 9,___,Male,____,Resident,90.28%,72
2021-2022,_____ _______ _______,Continuous Education,___,DUBAI,____ _____,Cycle3,____ ______ ___,Grade 12,____,Female,_______,Emirati,91.60%,131
2021-2022,_____ _______ _______,Continuous Education,___,DUBAI,____ _____,Cycle3,____ ______ ___,Grade 12,____,Female,____,Resident,92.31%,78
2021-2022,_____ _______ _______,Continuous Education,___,DUBAI,____ _____,Cycle3,____ ______ ___,Grade 12,___,Male,_______,Emirati,92.09%,316
2021-2022,_____ _______ _______,Continuous Education,___,DUBAI,____ _____,Cycle3,____ ______ ___,Grade 12,___,Male,____,Resident,95.56%,135
2021-2022,_____ _______ _______,Continuous Education,___,DUBAI,____ _____,Cycle3,____ ______ ___,Grade 11,____,Female,_______,Emirati,89.06%,64
2021-2022,_____ _______ _______,Continuous Education,___,DUBAI,____ _____,Cycle3,____ ______ ___,Grade 11,____,Female,____,Resident,91.43%,70
2021-2022,_____ _______ _______,Continuous Education,___,DUBAI,____ _____,Cycle3,____ ______ ___,Grade 11,___,Male,_______,Emirati,88.39%,224
2021-2022,_____ _______ _______,Continuous Education,___,DUBAI,____ _____,Cycle3,____ ______ ___,Grade 11,___,Male,____,Resident,90.00%,90
2021-2022,_____ _______ _______,Continuous Education,___,DUBAI,____ _____,Cycle3,____ ______,Grade 10,____,Female,_______,Emirati,73.21%,56
2021-2022,_____ _______ _______,Continuous Education,___,DUBAI,____ _____,Cycle3,____ ______,Grade 10,____,Female,____,Resident,83.16%,95
2021-2022,_____ _______ _______,Continuous Education,___,DUBAI,____ _____,Cycle3,____ ______,Grade 10,___,Male,_______,Emirati,79.58%,289
2021-2022,_____ _______ _______,Continuous Education,___,DUBAI,____ _____,Cycle3,____ ______,Grade 10,___,Male,____,Resident,79.20%,125
2021-2022,_____ _______ _______,Continuous Education,___,DUBAI,____ _____,Cycle2,____ ______,Grade 8,____,Female,_______,Emirati,90.00%,10
2021-2022,_____ _______ _______,Continuous Education,___,DUBAI,____ _____,Cycle2,____ ______,Grade 8,____,Female,____,Resident,100.00%,16
2021-2022,_____ _______ _______,Continuous Education,___,DUBAI,____ _____,Cycle2,____ ______,Grade 8,___,Male,_______,Emirati,94.74%,38
2021-2022,_____ _______ _______,Continuous Education,___,DUBAI,____ _____,Cycle2,____ ______,Grade 8,___,Male,____,Resident,100.00%,23
2021-2022,_____ _______ _______,Continuous Education,___,DUBAI,____ _____,Cycle2,____ ______,Grade 7,____,Female,_______,Emirati,66.67%,3
2021-2022,_____ _______ _______,Continuous Education,___,DUBAI,____ _____,Cycle2,____ ______,Grade 7,____,Female,____,Resident,71.43%,14
2021-2022,_____ _______ _______,Continuous Education,___,DUBAI,____ _____,Cycle2,____ ______,Grade 7,___,Male,_______,Emirati,100.00%,8
2021-2022,_____ _______ _______,Continuous Education,___,DUBAI,____ _____,Cycle2,____ ______,Grade 7,___,Male,____,Resident,50.00%,12
2021-2022,_____ _______ _______,Continuous Education,___ ______,Ras Al Khaimah,____ _____,Cycle3,____ ______,Grade 9,____,Female,_______,Emirati,100.00%,13
2021-2022,_____ _______ _______,Continuous Education,___ ______,Ras Al Khaimah,____ _____,Cycle3,____ ______,Grade 9,____,Female,____,Resident,87.50%,24
2021-2022,_____ _______ _______,Continuous Education,___ ______,Ras Al Khaimah,____ _____,Cycle3,____ ______,Grade 9,___,Male,_______,Emirati,96.70%,91
2021-2022,_____ _______ _______,Continuous Education,___ ______,Ras Al Khaimah,____ _____,Cycle3,____ ______,Grade 9,___,Male,____,Resident,85.71%,21
2021-2022,_____ _______ _______,Continuous Education,___ ______,Ras Al Khaimah,____ _____,Cycle3,____ ______ ___,Grade 12,____,Female,_______,Emirati,82.86%,70
2021-2022,_____ _______ _______,Continuous Education,___ ______,Ras Al Khaimah,____ _____,Cycle3,____ ______ ___,Grade 12,____,Female,____,Resident,94.44%,36
2021-2022,_____ _______ _______,Continuous Education,___ ______,Ras Al Khaimah,____ _____,Cycle3,____ ______ ___,Grade 12,___,Male,_______,Emirati,94.82%,309
2021-2022,_____ _______ _______,Continuous Education,___ ______,Ras Al Khaimah,____ _____,Cycle3,____ ______ ___,Grade 12,___,Male,____,Resident,87.04%,54
2021-2022,_____ _______ _______,Continuous Education,___ ______,Ras Al Khaimah,____ _____,Cycle3,____ ______ ___,Grade 11,____,Female,_______,Emirati,75.76%,33
2021-2022,_____ _______ _______,Continuous Education,___ ______,Ras Al Khaimah,____ _____,Cycle3,____ ______ ___,Grade 11,____,Female,____,Resident,54.17%,24
2021-2022,_____ _______ _______,Continuous Education,___ ______,Ras Al Khaimah,____ _____,Cycle3,____ ______ ___,Grade 11,___,Male,_______,Emirati,88.48%,165
2021-2022,_____ _______ _______,Continuous Education,___ ______,Ras Al Khaimah,____ _____,Cycle3,____ ______ ___,Grade 11,___,Male,____,Resident,86.84%,38
2021-2022,_____ _______ _______,Continuous Education,___ ______,Ras Al Khaimah,____ _____,Cycle3,____ ______,Grade 10,____,Female,_______,Emirati,83.33%,12
2021-2022,_____ _______ _______,Continuous Education,___ ______,Ras Al Khaimah,____ _____,Cycle3,____ ______,Grade 10,____,Female,____,Resident,88.89%,18
2021-2022,_____ _______ _______,Continuous Education,___ ______,Ras Al Khaimah,____ _____,Cycle3,____ ______,Grade 10,___,Male,_______,Emirati,78.00%,150
2021-2022,_____ _______ _______,Continuous Education,___ ______,Ras Al Khaimah,____ _____,Cycle3,____ ______,Grade 10,___,Male,____,Resident,73.68%,38
2021-2022,_____ _______ _______,Continuous Education,___ ______,Ras Al Khaimah,____ _____,Cycle2,____ ______,Grade 8,____,Female,_______,Emirati,87.50%,8
2021-2022,_____ _______ _______,Continuous Education,___ ______,Ras Al Khaimah,____ _____,Cycle2,____ ______,Grade 8,____,Female,____,Resident,100.00%,3
2021-2022,_____ _______ _______,Continuous Education,___ ______,Ras Al Khaimah,____ _____,Cycle2,____ ______,Grade 8,___,Male,_______,Emirati,100.00%,36
2021-2022,_____ _______ _______,Continuous Education,___ ______,Ras Al Khaimah,____ _____,Cycle2,____ ______,Grade 8,___,Male,____,Resident,91.67%,12
2021-2022,_____ _______ _______,Continuous Education,___ ______,Ras Al Khaimah,____ _____,Cycle2,____ ______,Grade 7,____,Female,_______,Emirati,100.00%,1
2021-2022,_____ _______ _______,Continuous Education,___ ______,Ras Al Khaimah,____ _____,Cycle2,____ ______,Grade 7,____,Female,____,Resident,75.00%,8
2021-2022,_____ _______ _______,Continuous Education,___ ______,Ras Al Khaimah,____ _____,Cycle2,____ ______,Grade 7,___,Male,_______,Emirati,92.31%,13
2021-2022,_____ _______ _______,Continuous Education,___ ______,Ras Al Khaimah,____ _____,Cycle2,____ ______,Grade 7,___,Male,____,Resident,100.00%,5
2021-2022,_____ _______ _______,Continuous Education,_____,AJMAN,____ _____,Cycle3,____ ______,Grade 9,____,Female,_______,Emirati,83.33%,6
2021-2022,_____ _______ _______,Continuous Education,_____,AJMAN,____ _____,Cycle3,____ ______,Grade 9,____,Female,____,Resident,92.86%,70
2021-2022,_____ _______ _______,Continuous Education,_____,AJMAN,____ _____,Cycle3,____ ______,Grade 9,___,Male,_______,Emirati,92.59%,54
2021-2022,_____ _______ _______,Continuous Education,_____,AJMAN,____ _____,Cycle3,____ ______,Grade 9,___,Male,____,Resident,91.04%,67
2021-2022,_____ _______ _______,Continuous Education,_____,AJMAN,____ _____,Cycle3,____ ______ ___,Grade 12,____,Female,_______,Emirati,86.05%,43
2021-2022,_____ _______ _______,Continuous Education,_____,AJMAN,____ _____,Cycle3,____ ______ ___,Grade 12,____,Female,____,Resident,91.89%,74
2021-2022,_____ _______ _______,Continuous Education,_____,AJMAN,____ _____,Cycle3,____ ______ ___,Grade 12,___,Male,_______,Emirati,91.47%,129
2021-2022,_____ _______ _______,Continuous Education,_____,AJMAN,____ _____,Cycle3,____ ______ ___,Grade 12,___,Male,____,Resident,91.67%,72
2021-2022,_____ _______ _______,Continuous Education,_____,AJMAN,____ _____,Cycle3,____ ______ ___,Grade 11,____,Female,_______,Emirati,94.74%,19
2021-2022,_____ _______ _______,Continuous Education,_____,AJMAN,____ _____,Cycle3,____ ______ ___,Grade 11,____,Female,____,Resident,98.41%,63
2021-2022,_____ _______ _______,Continuous Education,_____,AJMAN,____ _____,Cycle3,____ ______ ___,Grade 11,___,Male,_______,Emirati,94.44%,90
2021-2022,_____ _______ _______,Continuous Education,_____,AJMAN,____ _____,Cycle3,____ ______ ___,Grade 11,___,Male,____,Resident,93.33%,60
2021-2022,_____ _______ _______,Continuous Education,_____,AJMAN,____ _____,Cycle3,____ ______,Grade 10,____,Female,_______,Emirati,68.00%,25
2021-2022,_____ _______ _______,Continuous Education,_____,AJMAN,____ _____,Cycle3,____ ______,Grade 10,____,Female,____,Resident,79.49%,78
2021-2022,_____ _______ _______,Continuous Education,_____,AJMAN,____ _____,Cycle3,____ ______,Grade 10,___,Male,_______,Emirati,85.71%,98
2021-2022,_____ _______ _______,Continuous Education,_____,AJMAN,____ _____,Cycle3,____ ______,Grade 10,___,Male,____,Resident,90.48%,84
2021-2022,_____ _______ _______,Continuous Education,_____,AJMAN,____ _____,Cycle2,____ ______,Grade 8,____,Female,_______,Emirati,100.00%,4
2021-2022,_____ _______ _______,Continuous Education,_____,AJMAN,____ _____,Cycle2,____ ______,Grade 8,____,Female,____,Resident,90.63%,32
2021-2022,_____ _______ _______,Continuous Education,_____,AJMAN,____ _____,Cycle2,____ ______,Grade 8,___,Male,_______,Emirati,100.00%,20
2021-2022,_____ _______ _______,Continuous Education,_____,AJMAN,____ _____,Cycle2,____ ______,Grade 8,___,Male,____,Resident,92.31%,39
2021-2022,_____ _______ _______,Continuous Education,_____,AJMAN,____ _____,Cycle2,____ ______,Grade 7,____,Female,_______,Emirati,100.00%,2
2021-2022,_____ _______ _______,Continuous Education,_____,AJMAN,____ _____,Cycle2,____ ______,Grade 7,____,Female,____,Resident,73.33%,15
2021-2022,_____ _______ _______,Continuous Education,_____,AJMAN,____ _____,Cycle2,____ ______,Grade 7,___,Male,_______,Emirati,66.67%,12
2021-2022,_____ _______ _______,Continuous Education,_____,AJMAN,____ _____,Cycle2,____ ______,Grade 7,___,Male,____,Resident,68.18%,22
2021-2022,_____ _______ _ _______ ______ (VEDC),Vocational Education Development Centers (VEDC),______,ABU DHABI,____ _____,Cycle3,L3,L3,____,Female,_______,Emirati,0.00%,1
2021-2022,_____ _______ _ _______ ______ (VEDC),Vocational Education Development Centers (VEDC),______,ABU DHABI,____ _____,Cycle3,L3,L3,___,Male,_______,Emirati,0.00%,166
2021-2022,_____ _______ _ _______ ______ (VEDC),Vocational Education Development Centers (VEDC),______,ABU DHABI,____ _____,Cycle3,L3,L3,___,Male,____,Expat,0.00%,29
2021-2022,_____ _______ _ _______ ______ (VEDC),Vocational Education Development Centers (VEDC),______,ABU DHABI,____ _____,Cycle3,L4,L4,___,Male,_______,Emirati,0.00%,102
2021-2022,_____ _______ _ _______ ______ (VEDC),Vocational Education Development Centers (VEDC),______,ABU DHABI,____ _____,Cycle3,L4,L4,___,Male,____,Expat,0.00%,1
2021-2022,_____ _______ _ _______ ______ (VEDC),Vocational Education Development Centers (VEDC),______,ABU DHABI,____ _____,Cycle3,PY,PY,___,Male,_______,Emirati,0.00%,24
2022-2023,_______ ________,Public,_______,SHARJAH,____ ____,Cycle1,____ _____,Grade 1,____,Female,_______,Emirati,99.86%,718
2022-2023,_______ ________,Public,_______,SHARJAH,____ ____,Cycle1,____ _____,Grade 1,____,Female,____,Resident,100.00%,61
2022-2023,_______ ________,Public,_______,SHARJAH,____ ____,Cycle1,____ _____,Grade 1,___,Male,_______,Emirati,99.84%,622
2022-2023,_______ ________,Public,_______,SHARJAH,____ ____,Cycle1,____ _____,Grade 1,___,Male,____,Resident,100.00%,63
2022-2023,_______ ________,Public,_______,SHARJAH,____ ____,Cycle1,____ ______,Grade 3,____,Female,_______,Emirati,100.00%,807
2022-2023,_______ ________,Public,_______,SHARJAH,____ ____,Cycle1,____ ______,Grade 3,____,Female,____,Resident,100.00%,124
2022-2023,_______ ________,Public,_______,SHARJAH,____ ____,Cycle1,____ ______,Grade 3,___,Male,_______,Emirati,99.86%,737
2022-2023,_______ ________,Public,_______,SHARJAH,____ ____,Cycle1,____ ______,Grade 3,___,Male,____,Resident,100.00%,100
2022-2023,_______ ________,Public,_______,SHARJAH,____ ____,Cycle1,____ ______,Grade 2,____,Female,_______,Emirati,99.73%,734
2022-2023,_______ ________,Public,_______,SHARJAH,____ ____,Cycle1,____ ______,Grade 2,____,Female,____,Resident,100.00%,117
2022-2023,_______ ________,Public,_______,SHARJAH,____ ____,Cycle1,____ ______,Grade 2,___,Male,_______,Emirati,99.86%,714
2022-2023,_______ ________,Public,_______,SHARJAH,____ ____,Cycle1,____ ______,Grade 2,___,Male,____,Resident,100.00%,89
2022-2023,_______ ________,Public,_______,SHARJAH,____ ____,Cycle1,____ ______,Grade 4,____,Female,_______,Emirati,99.88%,803
2022-2023,_______ ________,Public,_______,SHARJAH,____ ____,Cycle1,____ ______,Grade 4,____,Female,____,Resident,100.00%,116
2022-2023,_______ ________,Public,_______,SHARJAH,____ ____,Cycle1,____ ______,Grade 4,___,Male,_______,Emirati,100.00%,738
2022-2023,_______ ________,Public,_______,SHARJAH,____ ____,Cycle1,____ ______,Grade 4,___,Male,____,Resident,100.00%,119
2022-2023,_______ ________,Public,_______,SHARJAH,____ _____,Cycle3,____ ______,Grade 9,____,Female,_______,Emirati,88.45%,1004
2022-2023,_______ ________,Public,_______,SHARJAH,____ _____,Cycle3,____ ______,Grade 9,____,Female,____,Resident,98.00%,150
2022-2023,_______ ________,Public,_______,SHARJAH,____ _____,Cycle3,____ ______,Grade 9,___,Male,_______,Emirati,93.31%,837
2022-2023,_______ ________,Public,_______,SHARJAH,____ _____,Cycle3,____ ______,Grade 9,___,Male,____,Resident,91.79%,134
2022-2023,_______ ________,Public,_______,SHARJAH,____ _____,Cycle3,____ ______ ___,Grade 12,____,Female,_______,Emirati,97.34%,903
2022-2023,_______ ________,Public,_______,SHARJAH,____ _____,Cycle3,____ ______ ___,Grade 12,____,Female,____,Resident,98.80%,167
2022-2023,_______ ________,Public,_______,SHARJAH,____ _____,Cycle3,____ ______ ___,Grade 12,___,Male,_______,Emirati,99.74%,779
2022-2023,_______ ________,Public,_______,SHARJAH,____ _____,Cycle3,____ ______ ___,Grade 12,___,Male,____,Resident,100.00%,139
2022-2023,_______ ________,Public,_______,SHARJAH,____ _____,Cycle3,____ ______ ___,Grade 11,____,Female,_______,Emirati,94.43%,898
2022-2023,_______ ________,Public,_______,SHARJAH,____ _____,Cycle3,____ ______ ___,Grade 11,____,Female,____,Resident,98.09%,157
2022-2023,_______ ________,Public,_______,SHARJAH,____ _____,Cycle3,____ ______ ___,Grade 11,___,Male,_______,Emirati,95.82%,838
2022-2023,_______ ________,Public,_______,SHARJAH,____ _____,Cycle3,____ ______ ___,Grade 11,___,Male,____,Resident,98.63%,146
2022-2023,_______ ________,Public,_______,SHARJAH,____ _____,Cycle3,____ ______,Grade 10,____,Female,_______,Emirati,88.03%,961
2022-2023,_______ ________,Public,_______,SHARJAH,____ _____,Cycle3,____ ______,Grade 10,____,Female,____,Resident,95.71%,163
2022-2023,_______ ________,Public,_______,SHARJAH,____ _____,Cycle3,____ ______,Grade 10,___,Male,_______,Emirati,95.98%,845
2022-2023,_______ ________,Public,_______,SHARJAH,____ _____,Cycle3,____ ______,Grade 10,___,Male,____,Resident,97.71%,131
2022-2023,_______ ________,Public,_______,SHARJAH,____ _____,Cycle2,____ ______,Grade 8,____,Female,_______,Emirati,99.18%,978
2022-2023,_______ ________,Public,_______,SHARJAH,____ _____,Cycle2,____ ______,Grade 8,____,Female,____,Resident,100.00%,158
2022-2023,_______ ________,Public,_______,SHARJAH,____ _____,Cycle2,____ ______,Grade 8,___,Male,_______,Emirati,98.28%,929
2022-2023,_______ ________,Public,_______,SHARJAH,____ _____,Cycle2,____ ______,Grade 8,___,Male,____,Resident,97.66%,128
2022-2023,_______ ________,Public,_______,SHARJAH,____ _____,Cycle2,____ ______,Grade 5,____,Female,_______,Emirati,98.04%,918
2022-2023,_______ ________,Public,_______,SHARJAH,____ _____,Cycle2,____ ______,Grade 5,____,Female,____,Resident,98.91%,184
2022-2023,_______ ________,Public,_______,SHARJAH,____ _____,Cycle2,____ ______,Grade 5,___,Male,_______,Emirati,98.78%,823
2022-2023,_______ ________,Public,_______,SHARJAH,____ _____,Cycle2,____ ______,Grade 5,___,Male,____,Resident,96.18%,131
2022-2023,_______ ________,Public,_______,SHARJAH,____ _____,Cycle2,____ ______,Grade 7,____,Female,_______,Emirati,98.00%,900
2022-2023,_______ ________,Public,_______,SHARJAH,____ _____,Cycle2,____ ______,Grade 7,____,Female,____,Resident,99.38%,162
2022-2023,_______ ________,Public,_______,SHARJAH,____ _____,Cycle2,____ ______,Grade 7,___,Male,_______,Emirati,97.98%,743
2022-2023,_______ ________,Public,_______,SHARJAH,____ _____,Cycle2,____ ______,Grade 7,___,Male,____,Resident,98.57%,140
2022-2023,_______ ________,Public,_______,SHARJAH,____ _____,Cycle2,____ ______,Grade 6,____,Female,_______,Emirati,98.75%,1041
2022-2023,_______ ________,Public,_______,SHARJAH,____ _____,Cycle2,____ ______,Grade 6,____,Female,____,Resident,98.76%,161
2022-2023,_______ ________,Public,_______,SHARJAH,____ _____,Cycle2,____ ______,Grade 6,___,Male,_______,Emirati,97.17%,813
2022-2023,_______ ________,Public,_______,SHARJAH,____ _____,Cycle2,____ ______,Grade 6,___,Male,____,Resident,96.85%,127
2022-2023,_______ ________,Public,_______ / _______,Sharjah / Eastern,____ ____,Cycle1,____ _____,Grade 1,____,Female,_______,Emirati,100.00%,571
2022-2023,_______ ________,Public,_______ / _______,Sharjah / Eastern,____ ____,Cycle1,____ _____,Grade 1,____,Female,____,Resident,100.00%,30
2022-2023,_______ ________,Public,_______ / _______,Sharjah / Eastern,____ ____,Cycle1,____ _____,Grade 1,___,Male,_______,Emirati,100.00%,597
2022-2023,_______ ________,Public,_______ / _______,Sharjah / Eastern,____ ____,Cycle1,____ _____,Grade 1,___,Male,____,Resident,100.00%,40
2022-2023,_______ ________,Public,_______ / _______,Sharjah / Eastern,____ ____,Cycle1,____ ______,Grade 3,____,Female,_______,Emirati,100.00%,664
2022-2023,_______ ________,Public,_______ / _______,Sharjah / Eastern,____ ____,Cycle1,____ ______,Grade 3,____,Female,____,Resident,100.00%,44
2022-2023,_______ ________,Public,_______ / _______,Sharjah / Eastern,____ ____,Cycle1,____ ______,Grade 3,___,Male,_______,Emirati,100.00%,606
2022-2023,_______ ________,Public,_______ / _______,Sharjah / Eastern,____ ____,Cycle1,____ ______,Grade 3,___,Male,____,Resident,100.00%,46
2022-2023,_______ ________,Public,_______ / _______,Sharjah / Eastern,____ ____,Cycle1,____ ______,Grade 2,____,Female,_______,Emirati,100.00%,622
2022-2023,_______ ________,Public,_______ / _______,Sharjah / Eastern,____ ____,Cycle1,____ ______,Grade 2,____,Female,____,Resident,100.00%,29
2022-2023,_______ ________,Public,_______ / _______,Sharjah / Eastern,____ ____,Cycle1,____ ______,Grade 2,___,Male,_______,Emirati,100.00%,514
2022-2023,_______ ________,Public,_______ / _______,Sharjah / Eastern,____ ____,Cycle1,____ ______,Grade 2,___,Male,____,Resident,100.00%,44
2022-2023,_______ ________,Public,_______ / _______,Sharjah / Eastern,____ ____,Cycle1,____ ______,Grade 4,____,Female,_______,Emirati,100.00%,567
2022-2023,_______ ________,Public,_______ / _______,Sharjah / Eastern,____ ____,Cycle1,____ ______,Grade 4,____,Female,____,Resident,100.00%,40
2022-2023,_______ ________,Public,_______ / _______,Sharjah / Eastern,____ ____,Cycle1,____ ______,Grade 4,___,Male,_______,Emirati,100.00%,588
2022-2023,_______ ________,Public,_______ / _______,Sharjah / Eastern,____ ____,Cycle1,____ ______,Grade 4,___,Male,____,Resident,100.00%,32
2022-2023,_______ ________,Public,_______ / _______,Sharjah / Eastern,____ _____,Cycle3,____ ______,Grade 9,____,Female,_______,Emirati,99.69%,638
2022-2023,_______ ________,Public,_______ / _______,Sharjah / Eastern,____ _____,Cycle3,____ ______,Grade 9,____,Female,____,Resident,95.56%,45
2022-2023,_______ ________,Public,_______ / _______,Sharjah / Eastern,____ _____,Cycle3,____ ______,Grade 9,___,Male,_______,Emirati,84.55%,589
2022-2023,_______ ________,Public,_______ / _______,Sharjah / Eastern,____ _____,Cycle3,____ ______,Grade 9,___,Male,____,Resident,77.14%,35
2022-2023,_______ ________,Public,_______ / _______,Sharjah / Eastern,____ _____,Cycle3,____ ______ ___,Grade 12,____,Female,_______,Emirati,99.65%,579
2022-2023,_______ ________,Public,_______ / _______,Sharjah / Eastern,____ _____,Cycle3,____ ______ ___,Grade 12,____,Female,____,Resident,100.00%,55
2022-2023,_______ ________,Public,_______ / _______,Sharjah / Eastern,____ _____,Cycle3,____ ______ ___,Grade 12,___,Male,_______,Emirati,99.35%,611
2022-2023,_______ ________,Public,_______ / _______,Sharjah / Eastern,____ _____,Cycle3,____ ______ ___,Grade 12,___,Male,____,Resident,100.00%,32
2022-2023,_______ ________,Public,_______ / _______,Sharjah / Eastern,____ _____,Cycle3,____ ______ ___,Grade 11,____,Female,_______,Emirati,99.06%,635
2022-2023,_______ ________,Public,_______ / _______,Sharjah / Eastern,____ _____,Cycle3,____ ______ ___,Grade 11,____,Female,____,Resident,100.00%,40
2022-2023,_______ ________,Public,_______ / _______,Sharjah / Eastern,____ _____,Cycle3,____ ______ ___,Grade 11,___,Male,_______,Emirati,94.64%,541
2022-2023,_______ ________,Public,_______ / _______,Sharjah / Eastern,____ _____,Cycle3,____ ______ ___,Grade 11,___,Male,____,Resident,93.62%,47
2022-2023,_______ ________,Public,_______ / _______,Sharjah / Eastern,____ _____,Cycle3,____ ______,Grade 10,____,Female,_______,Emirati,97.75%,623
2022-2023,_______ ________,Public,_______ / _______,Sharjah / Eastern,____ _____,Cycle3,____ ______,Grade 10,____,Female,____,Resident,94.23%,52
2022-2023,_______ ________,Public,_______ / _______,Sharjah / Eastern,____ _____,Cycle3,____ ______,Grade 10,___,Male,_______,Emirati,88.20%,610
2022-2023,_______ ________,Public,_______ / _______,Sharjah / Eastern,____ _____,Cycle3,____ ______,Grade 10,___,Male,____,Resident,85.19%,54
2022-2023,_______ ________,Public,_______ / _______,Sharjah / Eastern,____ _____,Cycle2,____ ______,Grade 8,____,Female,_______,Emirati,99.57%,690
2022-2023,_______ ________,Public,_______ / _______,Sharjah / Eastern,____ _____,Cycle2,____ ______,Grade 8,____,Female,____,Resident,100.00%,48
2022-2023,_______ ________,Public,_______ / _______,Sharjah / Eastern,____ _____,Cycle2,____ ______,Grade 8,___,Male,_______,Emirati,99.13%,690
2022-2023,_______ ________,Public,_______ / _______,Sharjah / Eastern,____ _____,Cycle2,____ ______,Grade 8,___,Male,____,Resident,100.00%,39
2022-2023,_______ ________,Public,_______ / _______,Sharjah / Eastern,____ _____,Cycle2,____ ______,Grade 5,____,Female,_______,Emirati,100.00%,639
2022-2023,_______ ________,Public,_______ / _______,Sharjah / Eastern,____ _____,Cycle2,____ ______,Grade 5,____,Female,____,Resident,100.00%,47
2022-2023,_______ ________,Public,_______ / _______,Sharjah / Eastern,____ _____,Cycle2,____ ______,Grade 5,___,Male,_______,Emirati,99.24%,660
2022-2023,_______ ________,Public,_______ / _______,Sharjah / Eastern,____ _____,Cycle2,____ ______,Grade 5,___,Male,____,Resident,100.00%,43
2022-2023,_______ ________,Public,_______ / _______,Sharjah / Eastern,____ _____,Cycle2,____ ______,Grade 7,____,Female,_______,Emirati,99.83%,589
2022-2023,_______ ________,Public,_______ / _______,Sharjah / Eastern,____ _____,Cycle2,____ ______,Grade 7,____,Female,____,Resident,100.00%,43
2022-2023,_______ ________,Public,_______ / _______,Sharjah / Eastern,____ _____,Cycle2,____ ______,Grade 7,___,Male,_______,Emirati,98.04%,561
2022-2023,_______ ________,Public,_______ / _______,Sharjah / Eastern,____ _____,Cycle2,____ ______,Grade 7,___,Male,____,Resident,94.74%,38
2022-2023,_______ ________,Public,_______ / _______,Sharjah / Eastern,____ _____,Cycle2,____ ______,Grade 6,____,Female,_______,Emirati,100.00%,641
2022-2023,_______ ________,Public,_______ / _______,Sharjah / Eastern,____ _____,Cycle2,____ ______,Grade 6,____,Female,____,Resident,100.00%,50
2022-2023,_______ ________,Public,_______ / _______,Sharjah / Eastern,____ _____,Cycle2,____ ______,Grade 6,___,Male,_______,Emirati,98.14%,699
2022-2023,_______ ________,Public,_______ / _______,Sharjah / Eastern,____ _____,Cycle2,____ ______,Grade 6,___,Male,____,Resident,95.35%,43
2022-2023,_______ ________,Public,______,AL DHAFRA,____ ____,Cycle1,____ _____,Grade 1,____,Female,_______,Emirati,100.00%,252
2022-2023,_______ ________,Public,______,AL DHAFRA,____ ____,Cycle1,____ _____,Grade 1,____,Female,____,Resident,100.00%,92
2022-2023,_______ ________,Public,______,AL DHAFRA,____ ____,Cycle1,____ _____,Grade 1,___,Male,_______,Emirati,100.00%,241
2022-2023,_______ ________,Public,______,AL DHAFRA,____ ____,Cycle1,____ _____,Grade 1,___,Male,____,Resident,100.00%,65
2022-2023,_______ ________,Public,______,AL DHAFRA,____ ____,Cycle1,____ ______,Grade 3,____,Female,_______,Emirati,100.00%,252
2022-2023,_______ ________,Public,______,AL DHAFRA,____ ____,Cycle1,____ ______,Grade 3,____,Female,____,Resident,100.00%,139
2022-2023,_______ ________,Public,______,AL DHAFRA,____ ____,Cycle1,____ ______,Grade 3,___,Male,_______,Emirati,100.00%,253
2022-2023,_______ ________,Public,______,AL DHAFRA,____ ____,Cycle1,____ ______,Grade 3,___,Male,____,Resident,100.00%,132
2022-2023,_______ ________,Public,______,AL DHAFRA,____ ____,Cycle1,____ ______,Grade 2,____,Female,_______,Emirati,100.00%,290
2022-2023,_______ ________,Public,______,AL DHAFRA,____ ____,Cycle1,____ ______,Grade 2,____,Female,____,Resident,100.00%,103
2022-2023,_______ ________,Public,______,AL DHAFRA,____ ____,Cycle1,____ ______,Grade 2,___,Male,_______,Emirati,100.00%,253
2022-2023,_______ ________,Public,______,AL DHAFRA,____ ____,Cycle1,____ ______,Grade 2,___,Male,____,Resident,100.00%,86
2022-2023,_______ ________,Public,______,AL DHAFRA,____ ____,Cycle1,____ ______,Grade 4,____,Female,_______,Emirati,100.00%,300
2022-2023,_______ ________,Public,______,AL DHAFRA,____ ____,Cycle1,____ ______,Grade 4,____,Female,____,Resident,100.00%,148
2022-2023,_______ ________,Public,______,AL DHAFRA,____ ____,Cycle1,____ ______,Grade 4,___,Male,_______,Emirati,100.00%,259
2022-2023,_______ ________,Public,______,AL DHAFRA,____ ____,Cycle1,____ ______,Grade 4,___,Male,____,Resident,100.00%,130
2022-2023,_______ ________,Public,______,AL DHAFRA,____ _____,Cycle3,____ ______,Grade 9,____,Female,_______,Emirati,96.67%,240
2022-2023,_______ ________,Public,______,AL DHAFRA,____ _____,Cycle3,____ ______,Grade 9,____,Female,____,Resident,98.68%,151
2022-2023,_______ ________,Public,______,AL DHAFRA,____ _____,Cycle3,____ ______,Grade 9,___,Male,_______,Emirati,97.01%,201
2022-2023,_______ ________,Public,______,AL DHAFRA,____ _____,Cycle3,____ ______,Grade 9,___,Male,____,Resident,100.00%,166
2022-2023,_______ ________,Public,______,AL DHAFRA,____ _____,Cycle3,____ ______ ___,Grade 12,____,Female,_______,Emirati,97.39%,230
2022-2023,_______ ________,Public,______,AL DHAFRA,____ _____,Cycle3,____ ______ ___,Grade 12,____,Female,____,Resident,100.00%,170
2022-2023,_______ ________,Public,______,AL DHAFRA,____ _____,Cycle3,____ ______ ___,Grade 12,___,Male,_______,Emirati,98.90%,182
2022-2023,_______ ________,Public,______,AL DHAFRA,____ _____,Cycle3,____ ______ ___,Grade 12,___,Male,____,Resident,100.00%,177
2022-2023,_______ ________,Public,______,AL DHAFRA,____ _____,Cycle3,____ ______ ___,Grade 11,____,Female,_______,Emirati,94.48%,181
2022-2023,_______ ________,Public,______,AL DHAFRA,____ _____,Cycle3,____ ______ ___,Grade 11,____,Female,____,Resident,98.80%,167
2022-2023,_______ ________,Public,______,AL DHAFRA,____ _____,Cycle3,____ ______ ___,Grade 11,___,Male,_______,Emirati,99.36%,157
2022-2023,_______ ________,Public,______,AL DHAFRA,____ _____,Cycle3,____ ______ ___,Grade 11,___,Male,____,Resident,100.00%,141
2022-2023,_______ ________,Public,______,AL DHAFRA,____ _____,Cycle3,____ ______,Grade 10,____,Female,_______,Emirati,89.71%,243
2022-2023,_______ ________,Public,______,AL DHAFRA,____ _____,Cycle3,____ ______,Grade 10,____,Female,____,Resident,98.80%,167
2022-2023,_______ ________,Public,______,AL DHAFRA,____ _____,Cycle3,____ ______,Grade 10,___,Male,_______,Emirati,98.63%,219
2022-2023,_______ ________,Public,______,AL DHAFRA,____ _____,Cycle3,____ ______,Grade 10,___,Male,____,Resident,98.42%,190
2022-2023,_______ ________,Public,______,AL DHAFRA,____ _____,Cycle2,____ ______,Grade 8,____,Female,_______,Emirati,98.61%,216
2022-2023,_______ ________,Public,______,AL DHAFRA,____ _____,Cycle2,____ ______,Grade 8,____,Female,____,Resident,100.00%,157
2022-2023,_______ ________,Public,______,AL DHAFRA,____ _____,Cycle2,____ ______,Grade 8,___,Male,_______,Emirati,96.94%,196
2022-2023,_______ ________,Public,______,AL DHAFRA,____ _____,Cycle2,____ ______,Grade 8,___,Male,____,Resident,99.35%,154
2022-2023,_______ ________,Public,______,AL DHAFRA,____ _____,Cycle2,____ ______,Grade 5,____,Female,_______,Emirati,99.19%,248
2022-2023,_______ ________,Public,______,AL DHAFRA,____ _____,Cycle2,____ ______,Grade 5,____,Female,____,Resident,100.00%,165
2022-2023,_______ ________,Public,______,AL DHAFRA,____ _____,Cycle2,____ ______,Grade 5,___,Male,_______,Emirati,97.38%,229
2022-2023,_______ ________,Public,______,AL DHAFRA,____ _____,Cycle2,____ ______,Grade 5,___,Male,____,Resident,100.00%,145
2022-2023,_______ ________,Public,______,AL DHAFRA,____ _____,Cycle2,____ ______,Grade 7,____,Female,_______,Emirati,97.22%,216
2022-2023,_______ ________,Public,______,AL DHAFRA,____ _____,Cycle2,____ ______,Grade 7,____,Female,____,Resident,100.00%,135
2022-2023,_______ ________,Public,______,AL DHAFRA,____ _____,Cycle2,____ ______,Grade 7,___,Male,_______,Emirati,97.57%,206
2022-2023,_______ ________,Public,______,AL DHAFRA,____ _____,Cycle2,____ ______,Grade 7,___,Male,____,Resident,98.43%,127
2022-2023,_______ ________,Public,______,AL DHAFRA,____ _____,Cycle2,____ ______,Grade 6,____,Female,_______,Emirati,100.00%,248
2022-2023,_______ ________,Public,______,AL DHAFRA,____ _____,Cycle2,____ ______,Grade 6,____,Female,____,Resident,100.00%,165
2022-2023,_______ ________,Public,______,AL DHAFRA,____ _____,Cycle2,____ ______,Grade 6,___,Male,_______,Emirati,96.96%,230
2022-2023,_______ ________,Public,______,AL DHAFRA,____ _____,Cycle2,____ ______,Grade 6,___,Male,____,Resident,98.77%,162
2022-2023,_______ ________,Public,_____,AL AIN,____ ____,Cycle1,____ _____,Grade 1,____,Female,_______,Emirati,99.87%,1589
2022-2023,_______ ________,Public,_____,AL AIN,____ ____,Cycle1,____ _____,Grade 1,____,Female,____,Resident,100.00%,290
2022-2023,_______ ________,Public,_____,AL AIN,____ ____,Cycle1,____ _____,Grade 1,___,Male,_______,Emirati,99.93%,1426
2022-2023,_______ ________,Public,_____,AL AIN,____ ____,Cycle1,____ _____,Grade 1,___,Male,____,Resident,100.00%,292
2022-2023,_______ ________,Public,_____,AL AIN,____ ____,Cycle1,____ ______,Grade 3,____,Female,_______,Emirati,99.75%,1592
2022-2023,_______ ________,Public,_____,AL AIN,____ ____,Cycle1,____ ______,Grade 3,____,Female,____,Resident,100.00%,338
2022-2023,_______ ________,Public,_____,AL AIN,____ ____,Cycle1,____ ______,Grade 3,___,Male,_______,Emirati,99.93%,1534
2022-2023,_______ ________,Public,_____,AL AIN,____ ____,Cycle1,____ ______,Grade 3,___,Male,____,Resident,100.00%,349
2022-2023,_______ ________,Public,_____,AL AIN,____ ____,Cycle1,____ ______,Grade 2,____,Female,_______,Emirati,99.83%,1726
2022-2023,_______ ________,Public,_____,AL AIN,____ ____,Cycle1,____ ______,Grade 2,____,Female,____,Resident,99.67%,306
2022-2023,_______ ________,Public,_____,AL AIN,____ ____,Cycle1,____ ______,Grade 2,___,Male,_______,Emirati,100.00%,1482
2022-2023,_______ ________,Public,_____,AL AIN,____ ____,Cycle1,____ ______,Grade 2,___,Male,____,Resident,100.00%,284
2022-2023,_______ ________,Public,_____,AL AIN,____ ____,Cycle1,____ ______,Grade 4,____,Female,_______,Emirati,100.00%,1627
2022-2023,_______ ________,Public,_____,AL AIN,____ ____,Cycle1,____ ______,Grade 4,____,Female,____,Resident,99.46%,371
2022-2023,_______ ________,Public,_____,AL AIN,____ ____,Cycle1,____ ______,Grade 4,___,Male,_______,Emirati,100.00%,1591
2022-2023,_______ ________,Public,_____,AL AIN,____ ____,Cycle1,____ ______,Grade 4,___,Male,____,Resident,100.00%,344
2022-2023,_______ ________,Public,_____,AL AIN,____ _____,Cycle3,____ ______,Grade 9,____,Female,_______,Emirati,81.12%,1642
2022-2023,_______ ________,Public,_____,AL AIN,____ _____,Cycle3,____ ______,Grade 9,____,Female,____,Resident,84.76%,315
2022-2023,_______ ________,Public,_____,AL AIN,____ _____,Cycle3,____ ______,Grade 9,___,Male,_______,Emirati,89.14%,1216
2022-2023,_______ ________,Public,_____,AL AIN,____ _____,Cycle3,____ ______,Grade 9,___,Male,____,Resident,95.05%,283
2022-2023,_______ ________,Public,_____,AL AIN,____ _____,Cycle3,____ ______ ___,Grade 12,____,Female,_______,Emirati,94.08%,1519
2022-2023,_______ ________,Public,_____,AL AIN,____ _____,Cycle3,____ ______ ___,Grade 12,____,Female,____,Resident,93.49%,292
2022-2023,_______ ________,Public,_____,AL AIN,____ _____,Cycle3,____ ______ ___,Grade 12,___,Male,_______,Emirati,99.49%,1368
2022-2023,_______ ________,Public,_____,AL AIN,____ _____,Cycle3,____ ______ ___,Grade 12,___,Male,____,Resident,100.00%,313
2022-2023,_______ ________,Public,_____,AL AIN,____ _____,Cycle3,____ ______ ___,Grade 11,____,Female,_______,Emirati,89.89%,1642
2022-2023,_______ ________,Public,_____,AL AIN,____ _____,Cycle3,____ ______ ___,Grade 11,____,Female,____,Resident,93.02%,344
2022-2023,_______ ________,Public,_____,AL AIN,____ _____,Cycle3,____ ______ ___,Grade 11,___,Male,_______,Emirati,96.90%,1518
2022-2023,_______ ________,Public,_____,AL AIN,____ _____,Cycle3,____ ______ ___,Grade 11,___,Male,____,Resident,98.34%,302
2022-2023,_______ ________,Public,_____,AL AIN,____ _____,Cycle3,____ ______,Grade 10,____,Female,_______,Emirati,83.98%,1860
2022-2023,_______ ________,Public,_____,AL AIN,____ _____,Cycle3,____ ______,Grade 10,____,Female,____,Resident,92.68%,369
2022-2023,_______ ________,Public,_____,AL AIN,____ _____,Cycle3,____ ______,Grade 10,___,Male,_______,Emirati,94.34%,1625
2022-2023,_______ ________,Public,_____,AL AIN,____ _____,Cycle3,____ ______,Grade 10,___,Male,____,Resident,95.87%,315
2022-2023,_______ ________,Public,_____,AL AIN,____ _____,Cycle2,____ ______,Grade 8,____,Female,_______,Emirati,97.32%,1641
2022-2023,_______ ________,Public,_____,AL AIN,____ _____,Cycle2,____ ______,Grade 8,____,Female,____,Resident,97.19%,320
2022-2023,_______ ________,Public,_____,AL AIN,____ _____,Cycle2,____ ______,Grade 8,___,Male,_______,Emirati,98.61%,1152
2022-2023,_______ ________,Public,_____,AL AIN,____ _____,Cycle2,____ ______,Grade 8,___,Male,____,Resident,98.08%,260
2022-2023,_______ ________,Public,_____,AL AIN,____ _____,Cycle2,____ ______,Grade 5,____,Female,_______,Emirati,93.64%,1353
2022-2023,_______ ________,Public,_____,AL AIN,____ _____,Cycle2,____ ______,Grade 5,____,Female,____,Resident,95.18%,353
2022-2023,_______ ________,Public,_____,AL AIN,____ _____,Cycle2,____ ______,Grade 5,___,Male,_______,Emirati,98.95%,1238
2022-2023,_______ ________,Public,_____,AL AIN,____ _____,Cycle2,____ ______,Grade 5,___,Male,____,Resident,98.52%,338
2022-2023,_______ ________,Public,_____,AL AIN,____ _____,Cycle2,____ ______,Grade 7,____,Female,_______,Emirati,93.92%,1447
2022-2023,_______ ________,Public,_____,AL AIN,____ _____,Cycle2,____ ______,Grade 7,____,Female,____,Resident,96.47%,368
2022-2023,_______ ________,Public,_____,AL AIN,____ _____,Cycle2,____ ______,Grade 7,___,Male,_______,Emirati,97.43%,1049
2022-2023,_______ ________,Public,_____,AL AIN,____ _____,Cycle2,____ ______,Grade 7,___,Male,____,Resident,98.68%,304
2022-2023,_______ ________,Public,_____,AL AIN,____ _____,Cycle2,____ ______,Grade 6,____,Female,_______,Emirati,94.92%,1733
2022-2023,_______ ________,Public,_____,AL AIN,____ _____,Cycle2,____ ______,Grade 6,____,Female,____,Resident,97.35%,378
2022-2023,_______ ________,Public,_____,AL AIN,____ _____,Cycle2,____ ______,Grade 6,___,Male,_______,Emirati,98.64%,1249
2022-2023,_______ ________,Public,_____,AL AIN,____ _____,Cycle2,____ ______,Grade 6,___,Male,____,Resident,99.35%,310
2022-2023,_______ ________,Public,_______,AL FUJAIRAH,____ ____,Cycle1,____ _____,Grade 1,____,Female,_______,Emirati,99.88%,867
2022-2023,_______ ________,Public,_______,AL FUJAIRAH,____ ____,Cycle1,____ _____,Grade 1,____,Female,____,Resident,100.00%,14
2022-2023,_______ ________,Public,_______,AL FUJAIRAH,____ ____,Cycle1,____ _____,Grade 1,___,Male,_______,Emirati,99.88%,866
2022-2023,_______ ________,Public,_______,AL FUJAIRAH,____ ____,Cycle1,____ _____,Grade 1,___,Male,____,Resident,100.00%,9
2022-2023,_______ ________,Public,_______,AL FUJAIRAH,____ ____,Cycle1,____ ______,Grade 3,____,Female,_______,Emirati,100.00%,940
2022-2023,_______ ________,Public,_______,AL FUJAIRAH,____ ____,Cycle1,____ ______,Grade 3,____,Female,____,Resident,100.00%,16
2022-2023,_______ ________,Public,_______,AL FUJAIRAH,____ ____,Cycle1,____ ______,Grade 3,___,Male,_______,Emirati,100.00%,977
2022-2023,_______ ________,Public,_______,AL FUJAIRAH,____ ____,Cycle1,____ ______,Grade 3,___,Male,____,Resident,100.00%,20
2022-2023,_______ ________,Public,_______,AL FUJAIRAH,____ ____,Cycle1,____ ______,Grade 2,____,Female,_______,Emirati,100.00%,882
2022-2023,_______ ________,Public,_______,AL FUJAIRAH,____ ____,Cycle1,____ ______,Grade 2,____,Female,____,Resident,100.00%,24
2022-2023,_______ ________,Public,_______,AL FUJAIRAH,____ ____,Cycle1,____ ______,Grade 2,___,Male,_______,Emirati,100.00%,989
2022-2023,_______ ________,Public,_______,AL FUJAIRAH,____ ____,Cycle1,____ ______,Grade 2,___,Male,____,Resident,100.00%,15
2022-2023,_______ ________,Public,_______,AL FUJAIRAH,____ ____,Cycle1,____ ______,Grade 4,____,Female,_______,Emirati,100.00%,936
2022-2023,_______ ________,Public,_______,AL FUJAIRAH,____ ____,Cycle1,____ ______,Grade 4,____,Female,____,Resident,100.00%,28
2022-2023,_______ ________,Public,_______,AL FUJAIRAH,____ ____,Cycle1,____ ______,Grade 4,___,Male,_______,Emirati,100.00%,994
2022-2023,_______ ________,Public,_______,AL FUJAIRAH,____ ____,Cycle1,____ ______,Grade 4,___,Male,____,Resident,100.00%,25
2022-2023,_______ ________,Public,_______,AL FUJAIRAH,____ _____,Cycle3,____ ______,Grade 9,____,Female,_______,Emirati,97.69%,995
2022-2023,_______ ________,Public,_______,AL FUJAIRAH,____ _____,Cycle3,____ ______,Grade 9,____,Female,____,Resident,100.00%,35
2022-2023,_______ ________,Public,_______,AL FUJAIRAH,____ _____,Cycle3,____ ______,Grade 9,___,Male,_______,Emirati,97.23%,793
2022-2023,_______ ________,Public,_______,AL FUJAIRAH,____ _____,Cycle3,____ ______,Grade 9,___,Male,____,Resident,95.00%,20
2022-2023,_______ ________,Public,_______,AL FUJAIRAH,____ _____,Cycle3,____ ______ ___,Grade 12,____,Female,_______,Emirati,99.78%,906
2022-2023,_______ ________,Public,_______,AL FUJAIRAH,____ _____,Cycle3,____ ______ ___,Grade 12,____,Female,____,Resident,100.00%,47
2022-2023,_______ ________,Public,_______,AL FUJAIRAH,____ _____,Cycle3,____ ______ ___,Grade 12,___,Male,_______,Emirati,99.85%,671
2022-2023,_______ ________,Public,_______,AL FUJAIRAH,____ _____,Cycle3,____ ______ ___,Grade 12,___,Male,____,Resident,100.00%,38
2022-2023,_______ ________,Public,_______,AL FUJAIRAH,____ _____,Cycle3,____ ______ ___,Grade 11,____,Female,_______,Emirati,98.69%,916
2022-2023,_______ ________,Public,_______,AL FUJAIRAH,____ _____,Cycle3,____ ______ ___,Grade 11,____,Female,____,Resident,100.00%,35
2022-2023,_______ ________,Public,_______,AL FUJAIRAH,____ _____,Cycle3,____ ______ ___,Grade 11,___,Male,_______,Emirati,97.70%,696
2022-2023,_______ ________,Public,_______,AL FUJAIRAH,____ _____,Cycle3,____ ______ ___,Grade 11,___,Male,____,Resident,97.14%,35
2022-2023,_______ ________,Public,_______,AL FUJAIRAH,____ _____,Cycle3,____ ______,Grade 10,____,Female,_______,Emirati,97.77%,943
2022-2023,_______ ________,Public,_______,AL FUJAIRAH,____ _____,Cycle3,____ ______,Grade 10,____,Female,____,Resident,100.00%,49
2022-2023,_______ ________,Public,_______,AL FUJAIRAH,____ _____,Cycle3,____ ______,Grade 10,___,Male,_______,Emirati,97.91%,717
2022-2023,_______ ________,Public,_______,AL FUJAIRAH,____ _____,Cycle3,____ ______,Grade 10,___,Male,____,Resident,97.06%,34
2022-2023,_______ ________,Public,_______,AL FUJAIRAH,____ _____,Cycle2,____ ______,Grade 8,____,Female,_______,Emirati,100.00%,983
2022-2023,_______ ________,Public,_______,AL FUJAIRAH,____ _____,Cycle2,____ ______,Grade 8,____,Female,____,Resident,100.00%,26
2022-2023,_______ ________,Public,_______,AL FUJAIRAH,____ _____,Cycle2,____ ______,Grade 8,___,Male,_______,Emirati,99.88%,825
2022-2023,_______ ________,Public,_______,AL FUJAIRAH,____ _____,Cycle2,____ ______,Grade 8,___,Male,____,Resident,100.00%,20
2022-2023,_______ ________,Public,_______,AL FUJAIRAH,____ _____,Cycle2,____ ______,Grade 5,____,Female,_______,Emirati,100.00%,1041
2022-2023,_______ ________,Public,_______,AL FUJAIRAH,____ _____,Cycle2,____ ______,Grade 5,____,Female,____,Resident,100.00%,37
2022-2023,_______ ________,Public,_______,AL FUJAIRAH,____ _____,Cycle2,____ ______,Grade 5,___,Male,_______,Emirati,99.68%,945
2022-2023,_______ ________,Public,_______,AL FUJAIRAH,____ _____,Cycle2,____ ______,Grade 5,___,Male,____,Resident,100.00%,27
2022-2023,_______ ________,Public,_______,AL FUJAIRAH,____ _____,Cycle2,____ ______,Grade 7,____,Female,_______,Emirati,100.00%,915
2022-2023,_______ ________,Public,_______,AL FUJAIRAH,____ _____,Cycle2,____ ______,Grade 7,____,Female,____,Resident,100.00%,27
2022-2023,_______ ________,Public,_______,AL FUJAIRAH,____ _____,Cycle2,____ ______,Grade 7,___,Male,_______,Emirati,99.87%,787
2022-2023,_______ ________,Public,_______,AL FUJAIRAH,____ _____,Cycle2,____ ______,Grade 7,___,Male,____,Resident,100.00%,26
2022-2023,_______ ________,Public,_______,AL FUJAIRAH,____ _____,Cycle2,____ ______,Grade 6,____,Female,_______,Emirati,100.00%,1079
2022-2023,_______ ________,Public,_______,AL FUJAIRAH,____ _____,Cycle2,____ ______,Grade 6,____,Female,____,Resident,100.00%,20
2022-2023,_______ ________,Public,_______,AL FUJAIRAH,____ _____,Cycle2,____ ______,Grade 6,___,Male,_______,Emirati,99.78%,929
2022-2023,_______ ________,Public,_______,AL FUJAIRAH,____ _____,Cycle2,____ ______,Grade 6,___,Male,____,Resident,100.00%,27
2022-2023,_______ ________,Public,______,ABU DHABI,____ ____,Cycle1,____ _____,Grade 1,____,Female,_______,Emirati,99.86%,1427
2022-2023,_______ ________,Public,______,ABU DHABI,____ ____,Cycle1,____ _____,Grade 1,____,Female,____,Resident,99.19%,247
2022-2023,_______ ________,Public,______,ABU DHABI,____ ____,Cycle1,____ _____,Grade 1,___,Male,_______,Emirati,99.93%,1380
2022-2023,_______ ________,Public,______,ABU DHABI,____ ____,Cycle1,____ _____,Grade 1,___,Male,____,Resident,100.00%,220
2022-2023,_______ ________,Public,______,ABU DHABI,____ ____,Cycle1,____ ______,Grade 3,____,Female,_______,Emirati,100.00%,1492
2022-2023,_______ ________,Public,______,ABU DHABI,____ ____,Cycle1,____ ______,Grade 3,____,Female,____,Resident,100.00%,442
2022-2023,_______ ________,Public,______,ABU DHABI,____ ____,Cycle1,____ ______,Grade 3,___,Male,_______,Emirati,99.80%,1488
2022-2023,_______ ________,Public,______,ABU DHABI,____ ____,Cycle1,____ ______,Grade 3,___,Male,____,Resident,99.57%,464
2022-2023,_______ ________,Public,______,ABU DHABI,____ ____,Cycle1,____ ______,Grade 2,____,Female,_______,Emirati,99.86%,1480
2022-2023,_______ ________,Public,______,ABU DHABI,____ ____,Cycle1,____ ______,Grade 2,____,Female,____,Resident,100.00%,376
2022-2023,_______ ________,Public,______,ABU DHABI,____ ____,Cycle1,____ ______,Grade 2,___,Male,_______,Emirati,99.87%,1490
2022-2023,_______ ________,Public,______,ABU DHABI,____ ____,Cycle1,____ ______,Grade 2,___,Male,____,Resident,99.74%,383
2022-2023,_______ ________,Public,______,ABU DHABI,____ ____,Cycle1,____ ______,Grade 4,____,Female,_______,Emirati,100.00%,1518
2022-2023,_______ ________,Public,______,ABU DHABI,____ ____,Cycle1,____ ______,Grade 4,____,Female,____,Resident,100.00%,530
2022-2023,_______ ________,Public,______,ABU DHABI,____ ____,Cycle1,____ ______,Grade 4,___,Male,_______,Emirati,100.00%,1485
2022-2023,_______ ________,Public,______,ABU DHABI,____ ____,Cycle1,____ ______,Grade 4,___,Male,____,Resident,100.00%,474
2022-2023,_______ ________,Public,______,ABU DHABI,____ _____,Cycle3,____ ______,Grade 9,____,Female,_______,Emirati,90.30%,1743
2022-2023,_______ ________,Public,______,ABU DHABI,____ _____,Cycle3,____ ______,Grade 9,____,Female,____,Resident,95.76%,472
2022-2023,_______ ________,Public,______,ABU DHABI,____ _____,Cycle3,____ ______,Grade 9,___,Male,_______,Emirati,90.47%,1375
2022-2023,_______ ________,Public,______,ABU DHABI,____ _____,Cycle3,____ ______,Grade 9,___,Male,____,Resident,96.60%,382
2022-2023,_______ ________,Public,______,ABU DHABI,____ _____,Cycle3,____ ______ ___,Grade 12,____,Female,_______,Emirati,96.49%,1937
2022-2023,_______ ________,Public,______,ABU DHABI,____ _____,Cycle3,____ ______ ___,Grade 12,____,Female,____,Resident,98.29%,409
2022-2023,_______ ________,Public,______,ABU DHABI,____ _____,Cycle3,____ ______ ___,Grade 12,___,Male,_______,Emirati,97.98%,1780
2022-2023,_______ ________,Public,______,ABU DHABI,____ _____,Cycle3,____ ______ ___,Grade 12,___,Male,____,Resident,99.09%,439
2022-2023,_______ ________,Public,______,ABU DHABI,____ _____,Cycle3,____ ______ ___,Grade 11,____,Female,_______,Emirati,92.92%,1949
2022-2023,_______ ________,Public,______,ABU DHABI,____ _____,Cycle3,____ ______ ___,Grade 11,____,Female,____,Resident,96.37%,413
2022-2023,_______ ________,Public,______,ABU DHABI,____ _____,Cycle3,____ ______ ___,Grade 11,___,Male,_______,Emirati,95.28%,1842
2022-2023,_______ ________,Public,______,ABU DHABI,____ _____,Cycle3,____ ______ ___,Grade 11,___,Male,____,Resident,97.76%,401
2022-2023,_______ ________,Public,______,ABU DHABI,____ _____,Cycle3,____ ______,Grade 10,____,Female,_______,Emirati,89.42%,2060
2022-2023,_______ ________,Public,______,ABU DHABI,____ _____,Cycle3,____ ______,Grade 10,____,Female,____,Resident,92.84%,517
2022-2023,_______ ________,Public,______,ABU DHABI,____ _____,Cycle3,____ ______,Grade 10,___,Male,_______,Emirati,93.63%,1930
2022-2023,_______ ________,Public,______,ABU DHABI,____ _____,Cycle3,____ ______,Grade 10,___,Male,____,Resident,96.72%,457
2022-2023,_______ ________,Public,______,ABU DHABI,____ _____,Cycle2,____ ______,Grade 8,____,Female,_______,Emirati,96.42%,1703
2022-2023,_______ ________,Public,______,ABU DHABI,____ _____,Cycle2,____ ______,Grade 8,____,Female,____,Resident,98.16%,435
2022-2023,_______ ________,Public,______,ABU DHABI,____ _____,Cycle2,____ ______,Grade 8,___,Male,_______,Emirati,97.18%,1240
2022-2023,_______ ________,Public,______,ABU DHABI,____ _____,Cycle2,____ ______,Grade 8,___,Male,____,Resident,97.82%,321
2022-2023,_______ ________,Public,______,ABU DHABI,____ _____,Cycle2,____ ______,Grade 5,____,Female,_______,Emirati,98.88%,1431
2022-2023,_______ ________,Public,______,ABU DHABI,____ _____,Cycle2,____ ______,Grade 5,____,Female,____,Resident,99.17%,484
2022-2023,_______ ________,Public,______,ABU DHABI,____ _____,Cycle2,____ ______,Grade 5,___,Male,_______,Emirati,94.46%,1461
2022-2023,_______ ________,Public,______,ABU DHABI,____ _____,Cycle2,____ ______,Grade 5,___,Male,____,Resident,97.13%,488
2022-2023,_______ ________,Public,______,ABU DHABI,____ _____,Cycle2,____ ______,Grade 7,____,Female,_______,Emirati,95.81%,1385
2022-2023,_______ ________,Public,______,ABU DHABI,____ _____,Cycle2,____ ______,Grade 7,____,Female,____,Resident,97.69%,432
2022-2023,_______ ________,Public,______,ABU DHABI,____ _____,Cycle2,____ ______,Grade 7,___,Male,_______,Emirati,92.86%,1037
2022-2023,_______ ________,Public,______,ABU DHABI,____ _____,Cycle2,____ ______,Grade 7,___,Male,____,Resident,94.64%,373
2022-2023,_______ ________,Public,______,ABU DHABI,____ _____,Cycle2,____ ______,Grade 6,____,Female,_______,Emirati,94.64%,1567
2022-2023,_______ ________,Public,______,ABU DHABI,____ _____,Cycle2,____ ______,Grade 6,____,Female,____,Resident,97.48%,516
2022-2023,_______ ________,Public,______,ABU DHABI,____ _____,Cycle2,____ ______,Grade 6,___,Male,_______,Emirati,93.53%,1143
2022-2023,_______ ________,Public,______,ABU DHABI,____ _____,Cycle2,____ ______,Grade 6,___,Male,____,Resident,96.61%,442
2022-2023,_______ ________,Public,__ _______,Umm Al Quwain,____ ____,Cycle1,____ _____,Grade 1,____,Female,_______,Emirati,100.00%,108
2022-2023,_______ ________,Public,__ _______,Umm Al Quwain,____ ____,Cycle1,____ _____,Grade 1,____,Female,____,Resident,100.00%,22
2022-2023,_______ ________,Public,__ _______,Umm Al Quwain,____ ____,Cycle1,____ _____,Grade 1,___,Male,_______,Emirati,100.00%,92
2022-2023,_______ ________,Public,__ _______,Umm Al Quwain,____ ____,Cycle1,____ _____,Grade 1,___,Male,____,Resident,100.00%,19
2022-2023,_______ ________,Public,__ _______,Umm Al Quwain,____ ____,Cycle1,____ ______,Grade 3,____,Female,_______,Emirati,100.00%,113
2022-2023,_______ ________,Public,__ _______,Umm Al Quwain,____ ____,Cycle1,____ ______,Grade 3,____,Female,____,Resident,100.00%,37
2022-2023,_______ ________,Public,__ _______,Umm Al Quwain,____ ____,Cycle1,____ ______,Grade 3,___,Male,_______,Emirati,100.00%,110
2022-2023,_______ ________,Public,__ _______,Umm Al Quwain,____ ____,Cycle1,____ ______,Grade 3,___,Male,____,Resident,100.00%,18
2022-2023,_______ ________,Public,__ _______,Umm Al Quwain,____ ____,Cycle1,____ ______,Grade 2,____,Female,_______,Emirati,100.00%,97
2022-2023,_______ ________,Public,__ _______,Umm Al Quwain,____ ____,Cycle1,____ ______,Grade 2,____,Female,____,Resident,100.00%,20
2022-2023,_______ ________,Public,__ _______,Umm Al Quwain,____ ____,Cycle1,____ ______,Grade 2,___,Male,_______,Emirati,100.00%,105
2022-2023,_______ ________,Public,__ _______,Umm Al Quwain,____ ____,Cycle1,____ ______,Grade 2,___,Male,____,Resident,100.00%,24
2022-2023,_______ ________,Public,__ _______,Umm Al Quwain,____ ____,Cycle1,____ ______,Grade 4,____,Female,_______,Emirati,100.00%,142
2022-2023,_______ ________,Public,__ _______,Umm Al Quwain,____ ____,Cycle1,____ ______,Grade 4,____,Female,____,Resident,100.00%,30
2022-2023,_______ ________,Public,__ _______,Umm Al Quwain,____ ____,Cycle1,____ ______,Grade 4,___,Male,_______,Emirati,100.00%,112
2022-2023,_______ ________,Public,__ _______,Umm Al Quwain,____ ____,Cycle1,____ ______,Grade 4,___,Male,____,Resident,100.00%,30
2022-2023,_______ ________,Public,__ _______,Umm Al Quwain,____ _____,Cycle3,____ ______,Grade 9,____,Female,_______,Emirati,98.04%,204
2022-2023,_______ ________,Public,__ _______,Umm Al Quwain,____ _____,Cycle3,____ ______,Grade 9,____,Female,____,Resident,98.00%,50
2022-2023,_______ ________,Public,__ _______,Umm Al Quwain,____ _____,Cycle3,____ ______,Grade 9,___,Male,_______,Emirati,92.31%,169
2022-2023,_______ ________,Public,__ _______,Umm Al Quwain,____ _____,Cycle3,____ ______,Grade 9,___,Male,____,Resident,100.00%,43
2022-2023,_______ ________,Public,__ _______,Umm Al Quwain,____ _____,Cycle3,____ ______ ___,Grade 12,____,Female,_______,Emirati,100.00%,180
2022-2023,_______ ________,Public,__ _______,Umm Al Quwain,____ _____,Cycle3,____ ______ ___,Grade 12,____,Female,____,Resident,100.00%,41
2022-2023,_______ ________,Public,__ _______,Umm Al Quwain,____ _____,Cycle3,____ ______ ___,Grade 12,___,Male,_______,Emirati,96.88%,160
2022-2023,_______ ________,Public,__ _______,Umm Al Quwain,____ _____,Cycle3,____ ______ ___,Grade 12,___,Male,____,Resident,95.65%,46
2022-2023,_______ ________,Public,__ _______,Umm Al Quwain,____ _____,Cycle3,____ ______ ___,Grade 11,____,Female,_______,Emirati,99.45%,181
2022-2023,_______ ________,Public,__ _______,Umm Al Quwain,____ _____,Cycle3,____ ______ ___,Grade 11,____,Female,____,Resident,100.00%,46
2022-2023,_______ ________,Public,__ _______,Umm Al Quwain,____ _____,Cycle3,____ ______ ___,Grade 11,___,Male,_______,Emirati,97.14%,140
2022-2023,_______ ________,Public,__ _______,Umm Al Quwain,____ _____,Cycle3,____ ______ ___,Grade 11,___,Male,____,Resident,96.88%,32
2022-2023,_______ ________,Public,__ _______,Umm Al Quwain,____ _____,Cycle3,____ ______,Grade 10,____,Female,_______,Emirati,93.33%,195
2022-2023,_______ ________,Public,__ _______,Umm Al Quwain,____ _____,Cycle3,____ ______,Grade 10,____,Female,____,Resident,89.80%,49
2022-2023,_______ ________,Public,__ _______,Umm Al Quwain,____ _____,Cycle3,____ ______,Grade 10,___,Male,_______,Emirati,85.91%,149
2022-2023,_______ ________,Public,__ _______,Umm Al Quwain,____ _____,Cycle3,____ ______,Grade 10,___,Male,____,Resident,92.73%,55
2022-2023,_______ ________,Public,__ _______,Umm Al Quwain,____ _____,Cycle2,____ ______,Grade 8,____,Female,_______,Emirati,99.16%,239
2022-2023,_______ ________,Public,__ _______,Umm Al Quwain,____ _____,Cycle2,____ ______,Grade 8,____,Female,____,Resident,100.00%,48
2022-2023,_______ ________,Public,__ _______,Umm Al Quwain,____ _____,Cycle2,____ ______,Grade 8,___,Male,_______,Emirati,99.04%,209
2022-2023,_______ ________,Public,__ _______,Umm Al Quwain,____ _____,Cycle2,____ ______,Grade 8,___,Male,____,Resident,100.00%,34
2022-2023,_______ ________,Public,__ _______,Umm Al Quwain,____ _____,Cycle2,____ ______,Grade 5,____,Female,_______,Emirati,100.00%,205
2022-2023,_______ ________,Public,__ _______,Umm Al Quwain,____ _____,Cycle2,____ ______,Grade 5,____,Female,____,Resident,100.00%,35
2022-2023,_______ ________,Public,__ _______,Umm Al Quwain,____ _____,Cycle2,____ ______,Grade 5,___,Male,_______,Emirati,98.42%,190
2022-2023,_______ ________,Public,__ _______,Umm Al Quwain,____ _____,Cycle2,____ ______,Grade 5,___,Male,____,Resident,100.00%,33
2022-2023,_______ ________,Public,__ _______,Umm Al Quwain,____ _____,Cycle2,____ ______,Grade 7,____,Female,_______,Emirati,99.52%,207
2022-2023,_______ ________,Public,__ _______,Umm Al Quwain,____ _____,Cycle2,____ ______,Grade 7,____,Female,____,Resident,100.00%,29
2022-2023,_______ ________,Public,__ _______,Umm Al Quwain,____ _____,Cycle2,____ ______,Grade 7,___,Male,_______,Emirati,97.18%,142
2022-2023,_______ ________,Public,__ _______,Umm Al Quwain,____ _____,Cycle2,____ ______,Grade 7,___,Male,____,Resident,97.14%,35
2022-2023,_______ ________,Public,__ _______,Umm Al Quwain,____ _____,Cycle2,____ ______,Grade 6,____,Female,_______,Emirati,99.52%,209
2022-2023,_______ ________,Public,__ _______,Umm Al Quwain,____ _____,Cycle2,____ ______,Grade 6,____,Female,____,Resident,100.00%,42
2022-2023,_______ ________,Public,__ _______,Umm Al Quwain,____ _____,Cycle2,____ ______,Grade 6,___,Male,_______,Emirati,96.28%,188
2022-2023,_______ ________,Public,__ _______,Umm Al Quwain,____ _____,Cycle2,____ ______,Grade 6,___,Male,____,Resident,97.37%,38
2022-2023,_______ ________,Public,___,DUBAI,____ ____,Cycle1,____ _____,Grade 1,____,Female,_______,Emirati,100.00%,707
2022-2023,_______ ________,Public,___,DUBAI,____ ____,Cycle1,____ _____,Grade 1,____,Female,____,Resident,99.20%,125
2022-2023,_______ ________,Public,___,DUBAI,____ ____,Cycle1,____ _____,Grade 1,___,Male,_______,Emirati,100.00%,721
2022-2023,_______ ________,Public,___,DUBAI,____ ____,Cycle1,____ _____,Grade 1,___,Male,____,Resident,100.00%,123
2022-2023,_______ ________,Public,___,DUBAI,____ ____,Cycle1,____ ______,Grade 3,____,Female,_______,Emirati,100.00%,799
2022-2023,_______ ________,Public,___,DUBAI,____ ____,Cycle1,____ ______,Grade 3,____,Female,____,Resident,100.00%,192
2022-2023,_______ ________,Public,___,DUBAI,____ ____,Cycle1,____ ______,Grade 3,___,Male,_______,Emirati,99.87%,774
2022-2023,_______ ________,Public,___,DUBAI,____ ____,Cycle1,____ ______,Grade 3,___,Male,____,Resident,100.00%,175
2022-2023,_______ ________,Public,___,DUBAI,____ ____,Cycle1,____ ______,Grade 2,____,Female,_______,Emirati,100.00%,756
2022-2023,_______ ________,Public,___,DUBAI,____ ____,Cycle1,____ ______,Grade 2,____,Female,____,Resident,100.00%,182
2022-2023,_______ ________,Public,___,DUBAI,____ ____,Cycle1,____ ______,Grade 2,___,Male,_______,Emirati,100.00%,655
2022-2023,_______ ________,Public,___,DUBAI,____ ____,Cycle1,____ ______,Grade 2,___,Male,____,Resident,99.28%,138
2022-2023,_______ ________,Public,___,DUBAI,____ ____,Cycle1,____ ______,Grade 4,____,Female,_______,Emirati,99.87%,791
2022-2023,_______ ________,Public,___,DUBAI,____ ____,Cycle1,____ ______,Grade 4,____,Female,____,Resident,100.00%,189
2022-2023,_______ ________,Public,___,DUBAI,____ ____,Cycle1,____ ______,Grade 4,___,Male,_______,Emirati,100.00%,744
2022-2023,_______ ________,Public,___,DUBAI,____ ____,Cycle1,____ ______,Grade 4,___,Male,____,Resident,100.00%,208
2022-2023,_______ ________,Public,___,DUBAI,____ _____,Cycle3,____ ______,Grade 9,____,Female,_______,Emirati,87.63%,1180
2022-2023,_______ ________,Public,___,DUBAI,____ _____,Cycle3,____ ______,Grade 9,____,Female,____,Resident,80.74%,270
2022-2023,_______ ________,Public,___,DUBAI,____ _____,Cycle3,____ ______,Grade 9,___,Male,_______,Emirati,97.75%,1024
2022-2023,_______ ________,Public,___,DUBAI,____ _____,Cycle3,____ ______,Grade 9,___,Male,____,Resident,98.01%,251
2022-2023,_______ ________,Public,___,DUBAI,____ _____,Cycle3,____ ______ ___,Grade 12,____,Female,_______,Emirati,95.78%,1020
2022-2023,_______ ________,Public,___,DUBAI,____ _____,Cycle3,____ ______ ___,Grade 12,____,Female,____,Resident,97.42%,233
2022-2023,_______ ________,Public,___,DUBAI,____ _____,Cycle3,____ ______ ___,Grade 12,___,Male,_______,Emirati,99.77%,885
2022-2023,_______ ________,Public,___,DUBAI,____ _____,Cycle3,____ ______ ___,Grade 12,___,Male,____,Resident,100.00%,252
2022-2023,_______ ________,Public,___,DUBAI,____ _____,Cycle3,____ ______ ___,Grade 11,____,Female,_______,Emirati,92.60%,1041
2022-2023,_______ ________,Public,___,DUBAI,____ _____,Cycle3,____ ______ ___,Grade 11,____,Female,____,Resident,89.69%,223
2022-2023,_______ ________,Public,___,DUBAI,____ _____,Cycle3,____ ______ ___,Grade 11,___,Male,_______,Emirati,97.82%,870
2022-2023,_______ ________,Public,___,DUBAI,____ _____,Cycle3,____ ______ ___,Grade 11,___,Male,____,Resident,98.54%,205
2022-2023,_______ ________,Public,___,DUBAI,____ _____,Cycle3,____ ______,Grade 10,____,Female,_______,Emirati,88.66%,1182
2022-2023,_______ ________,Public,___,DUBAI,____ _____,Cycle3,____ ______,Grade 10,____,Female,____,Resident,90.56%,286
2022-2023,_______ ________,Public,___,DUBAI,____ _____,Cycle3,____ ______,Grade 10,___,Male,_______,Emirati,94.33%,934
2022-2023,_______ ________,Public,___,DUBAI,____ _____,Cycle3,____ ______,Grade 10,___,Male,____,Resident,97.51%,241
2022-2023,_______ ________,Public,___,DUBAI,____ _____,Cycle2,____ ______,Grade 8,____,Female,_______,Emirati,98.34%,1026
2022-2023,_______ ________,Public,___,DUBAI,____ _____,Cycle2,____ ______,Grade 8,____,Female,____,Resident,96.44%,225
2022-2023,_______ ________,Public,___,DUBAI,____ _____,Cycle2,____ ______,Grade 8,___,Male,_______,Emirati,98.91%,919
2022-2023,_______ ________,Public,___,DUBAI,____ _____,Cycle2,____ ______,Grade 8,___,Male,____,Resident,100.00%,216
2022-2023,_______ ________,Public,___,DUBAI,____ _____,Cycle2,____ ______,Grade 5,____,Female,_______,Emirati,96.04%,909
2022-2023,_______ ________,Public,___,DUBAI,____ _____,Cycle2,____ ______,Grade 5,____,Female,____,Resident,94.52%,219
2022-2023,_______ ________,Public,___,DUBAI,____ _____,Cycle2,____ ______,Grade 5,___,Male,_______,Emirati,97.33%,862
2022-2023,_______ ________,Public,___,DUBAI,____ _____,Cycle2,____ ______,Grade 5,___,Male,____,Resident,98.37%,184
2022-2023,_______ ________,Public,___,DUBAI,____ _____,Cycle2,____ ______,Grade 7,____,Female,_______,Emirati,96.38%,994
2022-2023,_______ ________,Public,___,DUBAI,____ _____,Cycle2,____ ______,Grade 7,____,Female,____,Resident,97.24%,254
2022-2023,_______ ________,Public,___,DUBAI,____ _____,Cycle2,____ ______,Grade 7,___,Male,_______,Emirati,98.20%,777
2022-2023,_______ ________,Public,___,DUBAI,____ _____,Cycle2,____ ______,Grade 7,___,Male,____,Resident,98.46%,195
2022-2023,_______ ________,Public,___,DUBAI,____ _____,Cycle2,____ ______,Grade 6,____,Female,_______,Emirati,97.74%,1016
2022-2023,_______ ________,Public,___,DUBAI,____ _____,Cycle2,____ ______,Grade 6,____,Female,____,Resident,95.92%,245
2022-2023,_______ ________,Public,___,DUBAI,____ _____,Cycle2,____ ______,Grade 6,___,Male,_______,Emirati,96.09%,895
2022-2023,_______ ________,Public,___,DUBAI,____ _____,Cycle2,____ ______,Grade 6,___,Male,____,Resident,98.17%,218
2022-2023,_______ ________,Public,___ ______,Ras Al Khaimah,____ ____,Cycle1,____ _____,Grade 1,____,Female,_______,Emirati,99.90%,988
2022-2023,_______ ________,Public,___ ______,Ras Al Khaimah,____ ____,Cycle1,____ _____,Grade 1,____,Female,____,Resident,100.00%,27
2022-2023,_______ ________,Public,___ ______,Ras Al Khaimah,____ ____,Cycle1,____ _____,Grade 1,___,Male,_______,Emirati,99.89%,939
2022-2023,_______ ________,Public,___ ______,Ras Al Khaimah,____ ____,Cycle1,____ _____,Grade 1,___,Male,____,Resident,100.00%,53
2022-2023,_______ ________,Public,___ ______,Ras Al Khaimah,____ ____,Cycle1,____ ______,Grade 3,____,Female,_______,Emirati,100.00%,972
2022-2023,_______ ________,Public,___ ______,Ras Al Khaimah,____ ____,Cycle1,____ ______,Grade 3,____,Female,____,Resident,100.00%,59
2022-2023,_______ ________,Public,___ ______,Ras Al Khaimah,____ ____,Cycle1,____ ______,Grade 3,___,Male,_______,Emirati,100.00%,952
2022-2023,_______ ________,Public,___ ______,Ras Al Khaimah,____ ____,Cycle1,____ ______,Grade 3,___,Male,____,Resident,100.00%,57
2022-2023,_______ ________,Public,___ ______,Ras Al Khaimah,____ ____,Cycle1,____ ______,Grade 2,____,Female,_______,Emirati,100.00%,976
2022-2023,_______ ________,Public,___ ______,Ras Al Khaimah,____ ____,Cycle1,____ ______,Grade 2,____,Female,____,Resident,100.00%,51
2022-2023,_______ ________,Public,___ ______,Ras Al Khaimah,____ ____,Cycle1,____ ______,Grade 2,___,Male,_______,Emirati,99.80%,1005
2022-2023,_______ ________,Public,___ ______,Ras Al Khaimah,____ ____,Cycle1,____ ______,Grade 2,___,Male,____,Resident,100.00%,58
2022-2023,_______ ________,Public,___ ______,Ras Al Khaimah,____ ____,Cycle1,____ ______,Grade 4,____,Female,_______,Emirati,99.91%,1053
2022-2023,_______ ________,Public,___ ______,Ras Al Khaimah,____ ____,Cycle1,____ ______,Grade 4,____,Female,____,Resident,100.00%,56
2022-2023,_______ ________,Public,___ ______,Ras Al Khaimah,____ ____,Cycle1,____ ______,Grade 4,___,Male,_______,Emirati,100.00%,995
2022-2023,_______ ________,Public,___ ______,Ras Al Khaimah,____ ____,Cycle1,____ ______,Grade 4,___,Male,____,Resident,100.00%,75
2022-2023,_______ ________,Public,___ ______,Ras Al Khaimah,____ _____,Cycle3,____ ______,Grade 9,____,Female,_______,Emirati,96.35%,1206
2022-2023,_______ ________,Public,___ ______,Ras Al Khaimah,____ _____,Cycle3,____ ______,Grade 9,____,Female,____,Resident,95.92%,98
2022-2023,_______ ________,Public,___ ______,Ras Al Khaimah,____ _____,Cycle3,____ ______,Grade 9,___,Male,_______,Emirati,96.37%,1156
2022-2023,_______ ________,Public,___ ______,Ras Al Khaimah,____ _____,Cycle3,____ ______,Grade 9,___,Male,____,Resident,89.36%,94
2022-2023,_______ ________,Public,___ ______,Ras Al Khaimah,____ _____,Cycle3,____ ______ ___,Grade 12,____,Female,_______,Emirati,98.35%,1152
2022-2023,_______ ________,Public,___ ______,Ras Al Khaimah,____ _____,Cycle3,____ ______ ___,Grade 12,____,Female,____,Resident,98.67%,75
2022-2023,_______ ________,Public,___ ______,Ras Al Khaimah,____ _____,Cycle3,____ ______ ___,Grade 12,___,Male,_______,Emirati,99.75%,1191
2022-2023,_______ ________,Public,___ ______,Ras Al Khaimah,____ _____,Cycle3,____ ______ ___,Grade 12,___,Male,____,Resident,99.18%,122
2022-2023,_______ ________,Public,___ ______,Ras Al Khaimah,____ _____,Cycle3,____ ______ ___,Grade 11,____,Female,_______,Emirati,96.57%,1165
2022-2023,_______ ________,Public,___ ______,Ras Al Khaimah,____ _____,Cycle3,____ ______ ___,Grade 11,____,Female,____,Resident,95.45%,66
2022-2023,_______ ________,Public,___ ______,Ras Al Khaimah,____ _____,Cycle3,____ ______ ___,Grade 11,___,Male,_______,Emirati,98.83%,1107
2022-2023,_______ ________,Public,___ ______,Ras Al Khaimah,____ _____,Cycle3,____ ______ ___,Grade 11,___,Male,____,Resident,100.00%,94
2022-2023,_______ ________,Public,___ ______,Ras Al Khaimah,____ _____,Cycle3,____ ______,Grade 10,____,Female,_______,Emirati,96.39%,1191
2022-2023,_______ ________,Public,___ ______,Ras Al Khaimah,____ _____,Cycle3,____ ______,Grade 10,____,Female,____,Resident,97.87%,94
2022-2023,_______ ________,Public,___ ______,Ras Al Khaimah,____ _____,Cycle3,____ ______,Grade 10,___,Male,_______,Emirati,98.99%,1187
2022-2023,_______ ________,Public,___ ______,Ras Al Khaimah,____ _____,Cycle3,____ ______,Grade 10,___,Male,____,Resident,100.00%,124
2022-2023,_______ ________,Public,___ ______,Ras Al Khaimah,____ _____,Cycle2,____ ______,Grade 8,____,Female,_______,Emirati,98.79%,1327
2022-2023,_______ ________,Public,___ ______,Ras Al Khaimah,____ _____,Cycle2,____ ______,Grade 8,____,Female,____,Resident,97.94%,97
2022-2023,_______ ________,Public,___ ______,Ras Al Khaimah,____ _____,Cycle2,____ ______,Grade 8,___,Male,_______,Emirati,99.32%,1318
2022-2023,_______ ________,Public,___ ______,Ras Al Khaimah,____ _____,Cycle2,____ ______,Grade 8,___,Male,____,Resident,100.00%,96
2022-2023,_______ ________,Public,___ ______,Ras Al Khaimah,____ _____,Cycle2,____ ______,Grade 5,____,Female,_______,Emirati,99.31%,1313
2022-2023,_______ ________,Public,___ ______,Ras Al Khaimah,____ _____,Cycle2,____ ______,Grade 5,____,Female,____,Resident,98.63%,73
2022-2023,_______ ________,Public,___ ______,Ras Al Khaimah,____ _____,Cycle2,____ ______,Grade 5,___,Male,_______,Emirati,99.36%,1251
2022-2023,_______ ________,Public,___ ______,Ras Al Khaimah,____ _____,Cycle2,____ ______,Grade 5,___,Male,____,Resident,98.80%,83
2022-2023,_______ ________,Public,___ ______,Ras Al Khaimah,____ _____,Cycle2,____ ______,Grade 7,____,Female,_______,Emirati,99.52%,1043
2022-2023,_______ ________,Public,___ ______,Ras Al Khaimah,____ _____,Cycle2,____ ______,Grade 7,____,Female,____,Resident,97.75%,89
2022-2023,_______ ________,Public,___ ______,Ras Al Khaimah,____ _____,Cycle2,____ ______,Grade 7,___,Male,_______,Emirati,99.07%,1078
2022-2023,_______ ________,Public,___ ______,Ras Al Khaimah,____ _____,Cycle2,____ ______,Grade 7,___,Male,____,Resident,100.00%,109
2022-2023,_______ ________,Public,___ ______,Ras Al Khaimah,____ _____,Cycle2,____ ______,Grade 6,____,Female,_______,Emirati,98.69%,1298
2022-2023,_______ ________,Public,___ ______,Ras Al Khaimah,____ _____,Cycle2,____ ______,Grade 6,____,Female,____,Resident,98.20%,111
2022-2023,_______ ________,Public,___ ______,Ras Al Khaimah,____ _____,Cycle2,____ ______,Grade 6,___,Male,_______,Emirati,99.32%,1325
2022-2023,_______ ________,Public,___ ______,Ras Al Khaimah,____ _____,Cycle2,____ ______,Grade 6,___,Male,____,Resident,100.00%,101
2022-2023,_______ ________,Public,_____,AJMAN,____ ____,Cycle1,____ _____,Grade 1,____,Female,_______,Emirati,100.00%,407
2022-2023,_______ ________,Public,_____,AJMAN,____ ____,Cycle1,____ _____,Grade 1,____,Female,____,Resident,100.00%,85
2022-2023,_______ ________,Public,_____,AJMAN,____ ____,Cycle1,____ _____,Grade 1,___,Male,_______,Emirati,99.50%,401
2022-2023,_______ ________,Public,_____,AJMAN,____ ____,Cycle1,____ _____,Grade 1,___,Male,____,Resident,100.00%,87
2022-2023,_______ ________,Public,_____,AJMAN,____ ____,Cycle1,____ ______,Grade 3,____,Female,_______,Emirati,99.79%,468
2022-2023,_______ ________,Public,_____,AJMAN,____ ____,Cycle1,____ ______,Grade 3,____,Female,____,Resident,100.00%,126
2022-2023,_______ ________,Public,_____,AJMAN,____ ____,Cycle1,____ ______,Grade 3,___,Male,_______,Emirati,100.00%,451
2022-2023,_______ ________,Public,_____,AJMAN,____ ____,Cycle1,____ ______,Grade 3,___,Male,____,Resident,100.00%,114
2022-2023,_______ ________,Public,_____,AJMAN,____ ____,Cycle1,____ ______,Grade 2,____,Female,_______,Emirati,100.00%,445
2022-2023,_______ ________,Public,_____,AJMAN,____ ____,Cycle1,____ ______,Grade 2,____,Female,____,Resident,100.00%,107
2022-2023,_______ ________,Public,_____,AJMAN,____ ____,Cycle1,____ ______,Grade 2,___,Male,_______,Emirati,99.77%,439
2022-2023,_______ ________,Public,_____,AJMAN,____ ____,Cycle1,____ ______,Grade 2,___,Male,____,Resident,100.00%,115
2022-2023,_______ ________,Public,_____,AJMAN,____ ____,Cycle1,____ ______,Grade 4,____,Female,_______,Emirati,100.00%,488
2022-2023,_______ ________,Public,_____,AJMAN,____ ____,Cycle1,____ ______,Grade 4,____,Female,____,Resident,100.00%,153
2022-2023,_______ ________,Public,_____,AJMAN,____ ____,Cycle1,____ ______,Grade 4,___,Male,_______,Emirati,100.00%,436
2022-2023,_______ ________,Public,_____,AJMAN,____ ____,Cycle1,____ ______,Grade 4,___,Male,____,Resident,100.00%,136
2022-2023,_______ ________,Public,_____,AJMAN,____ _____,Cycle3,____ ______,Grade 9,____,Female,_______,Emirati,95.50%,444
2022-2023,_______ ________,Public,_____,AJMAN,____ _____,Cycle3,____ ______,Grade 9,____,Female,____,Resident,98.10%,158
2022-2023,_______ ________,Public,_____,AJMAN,____ _____,Cycle3,____ ______,Grade 9,___,Male,_______,Emirati,86.96%,437
2022-2023,_______ ________,Public,_____,AJMAN,____ _____,Cycle3,____ ______,Grade 9,___,Male,____,Resident,85.06%,154
2022-2023,_______ ________,Public,_____,AJMAN,____ _____,Cycle3,____ ______ ___,Grade 12,____,Female,_______,Emirati,99.75%,395
2022-2023,_______ ________,Public,_____,AJMAN,____ _____,Cycle3,____ ______ ___,Grade 12,____,Female,____,Resident,100.00%,153
2022-2023,_______ ________,Public,_____,AJMAN,____ _____,Cycle3,____ ______ ___,Grade 12,___,Male,_______,Emirati,98.48%,329
2022-2023,_______ ________,Public,_____,AJMAN,____ _____,Cycle3,____ ______ ___,Grade 12,___,Male,____,Resident,98.31%,118
2022-2023,_______ ________,Public,_____,AJMAN,____ _____,Cycle3,____ ______ ___,Grade 11,____,Female,_______,Emirati,98.60%,429
2022-2023,_______ ________,Public,_____,AJMAN,____ _____,Cycle3,____ ______ ___,Grade 11,____,Female,____,Resident,95.27%,169
2022-2023,_______ ________,Public,_____,AJMAN,____ _____,Cycle3,____ ______ ___,Grade 11,___,Male,_______,Emirati,97.12%,416
2022-2023,_______ ________,Public,_____,AJMAN,____ _____,Cycle3,____ ______ ___,Grade 11,___,Male,____,Resident,96.58%,146
2022-2023,_______ ________,Public,_____,AJMAN,____ _____,Cycle3,____ ______,Grade 10,____,Female,_______,Emirati,98.16%,435
2022-2023,_______ ________,Public,_____,AJMAN,____ _____,Cycle3,____ ______,Grade 10,____,Female,____,Resident,97.45%,157
2022-2023,_______ ________,Public,_____,AJMAN,____ _____,Cycle3,____ ______,Grade 10,___,Male,_______,Emirati,88.12%,421
2022-2023,_______ ________,Public,_____,AJMAN,____ _____,Cycle3,____ ______,Grade 10,___,Male,____,Resident,88.41%,138
2022-2023,_______ ________,Public,_____,AJMAN,____ _____,Cycle2,____ ______,Grade 8,____,Female,_______,Emirati,99.30%,570
2022-2023,_______ ________,Public,_____,AJMAN,____ _____,Cycle2,____ ______,Grade 8,____,Female,____,Resident,99.44%,177
2022-2023,_______ ________,Public,_____,AJMAN,____ _____,Cycle2,____ ______,Grade 8,___,Male,_______,Emirati,98.16%,544
2022-2023,_______ ________,Public,_____,AJMAN,____ _____,Cycle2,____ ______,Grade 8,___,Male,____,Resident,99.45%,181
2022-2023,_______ ________,Public,_____,AJMAN,____ _____,Cycle2,____ ______,Grade 5,____,Female,_______,Emirati,99.13%,573
2022-2023,_______ ________,Public,_____,AJMAN,____ _____,Cycle2,____ ______,Grade 5,____,Female,____,Resident,99.46%,186
2022-2023,_______ ________,Public,_____,AJMAN,____ _____,Cycle2,____ ______,Grade 5,___,Male,_______,Emirati,98.01%,603
2022-2023,_______ ________,Public,_____,AJMAN,____ _____,Cycle2,____ ______,Grade 5,___,Male,____,Resident,97.14%,175
2022-2023,_______ ________,Public,_____,AJMAN,____ _____,Cycle2,____ ______,Grade 7,____,Female,_______,Emirati,99.04%,522
2022-2023,_______ ________,Public,_____,AJMAN,____ _____,Cycle2,____ ______,Grade 7,____,Female,____,Resident,98.94%,189
2022-2023,_______ ________,Public,_____,AJMAN,____ _____,Cycle2,____ ______,Grade 7,___,Male,_______,Emirati,98.07%,519
2022-2023,_______ ________,Public,_____,AJMAN,____ _____,Cycle2,____ ______,Grade 7,___,Male,____,Resident,98.52%,203
2022-2023,_______ ________,Public,_____,AJMAN,____ _____,Cycle2,____ ______,Grade 6,____,Female,_______,Emirati,99.36%,624
2022-2023,_______ ________,Public,_____,AJMAN,____ _____,Cycle2,____ ______,Grade 6,____,Female,____,Resident,100.00%,193
2022-2023,_______ ________,Public,_____,AJMAN,____ _____,Cycle2,____ ______,Grade 6,___,Male,_______,Emirati,95.59%,612
2022-2023,_______ ________,Public,_____,AJMAN,____ _____,Cycle2,____ ______,Grade 6,___,Male,____,Resident,97.37%,190
2022-2023,_______ ________ - _____,Public Ajyal,_______,SHARJAH,____ ____,Cycle1,____ _____,Grade 1,____,Female,_______,Emirati,100.00%,75
2022-2023,_______ ________ - _____,Public Ajyal,_______,SHARJAH,____ ____,Cycle1,____ _____,Grade 1,____,Female,____,Resident,100.00%,8
2022-2023,_______ ________ - _____,Public Ajyal,_______,SHARJAH,____ ____,Cycle1,____ _____,Grade 1,___,Male,_______,Emirati,100.00%,70
2022-2023,_______ ________ - _____,Public Ajyal,_______,SHARJAH,____ ____,Cycle1,____ _____,Grade 1,___,Male,____,Resident,100.00%,3
2022-2023,_______ ________ - _____,Public Ajyal,_______,SHARJAH,____ ____,Cycle1,____ ______,Grade 3,____,Female,_______,Emirati,98.51%,67
2022-2023,_______ ________ - _____,Public Ajyal,_______,SHARJAH,____ ____,Cycle1,____ ______,Grade 3,____,Female,____,Resident,100.00%,13
2022-2023,_______ ________ - _____,Public Ajyal,_______,SHARJAH,____ ____,Cycle1,____ ______,Grade 3,___,Male,_______,Emirati,100.00%,64
2022-2023,_______ ________ - _____,Public Ajyal,_______,SHARJAH,____ ____,Cycle1,____ ______,Grade 3,___,Male,____,Resident,100.00%,12
2022-2023,_______ ________ - _____,Public Ajyal,_______,SHARJAH,____ ____,Cycle1,____ ______,Grade 2,____,Female,_______,Emirati,98.75%,80
2022-2023,_______ ________ - _____,Public Ajyal,_______,SHARJAH,____ ____,Cycle1,____ ______,Grade 2,____,Female,____,Resident,100.00%,7
2022-2023,_______ ________ - _____,Public Ajyal,_______,SHARJAH,____ ____,Cycle1,____ ______,Grade 2,___,Male,_______,Emirati,100.00%,80
2022-2023,_______ ________ - _____,Public Ajyal,_______,SHARJAH,____ ____,Cycle1,____ ______,Grade 2,___,Male,____,Resident,100.00%,6
2022-2023,_______ ________ - _____,Public Ajyal,_______,SHARJAH,____ ____,Cycle1,____ ______,Grade 4,____,Female,_______,Emirati,100.00%,96
2022-2023,_______ ________ - _____,Public Ajyal,_______,SHARJAH,____ ____,Cycle1,____ ______,Grade 4,____,Female,____,Resident,100.00%,7
2022-2023,_______ ________ - _____,Public Ajyal,_______,SHARJAH,____ ____,Cycle1,____ ______,Grade 4,___,Male,_______,Emirati,100.00%,93
2022-2023,_______ ________ - _____,Public Ajyal,_______,SHARJAH,____ ____,Cycle1,____ ______,Grade 4,___,Male,____,Resident,100.00%,6
2022-2023,_______ ________ - _____,Public Ajyal,_______ / _______,Sharjah / Eastern,____ ____,Cycle1,____ _____,Grade 1,____,Female,_______,Emirati,100.00%,72
2022-2023,_______ ________ - _____,Public Ajyal,_______ / _______,Sharjah / Eastern,____ ____,Cycle1,____ _____,Grade 1,____,Female,____,Resident,100.00%,5
2022-2023,_______ ________ - _____,Public Ajyal,_______ / _______,Sharjah / Eastern,____ ____,Cycle1,____ _____,Grade 1,___,Male,_______,Emirati,100.00%,67
2022-2023,_______ ________ - _____,Public Ajyal,_______ / _______,Sharjah / Eastern,____ ____,Cycle1,____ _____,Grade 1,___,Male,____,Resident,100.00%,3
2022-2023,_______ ________ - _____,Public Ajyal,_______ / _______,Sharjah / Eastern,____ ____,Cycle1,____ ______,Grade 3,____,Female,_______,Emirati,100.00%,73
2022-2023,_______ ________ - _____,Public Ajyal,_______ / _______,Sharjah / Eastern,____ ____,Cycle1,____ ______,Grade 3,____,Female,____,Resident,100.00%,8
2022-2023,_______ ________ - _____,Public Ajyal,_______ / _______,Sharjah / Eastern,____ ____,Cycle1,____ ______,Grade 3,___,Male,_______,Emirati,100.00%,61
2022-2023,_______ ________ - _____,Public Ajyal,_______ / _______,Sharjah / Eastern,____ ____,Cycle1,____ ______,Grade 3,___,Male,____,Resident,100.00%,4
2022-2023,_______ ________ - _____,Public Ajyal,_______ / _______,Sharjah / Eastern,____ ____,Cycle1,____ ______,Grade 2,____,Female,_______,Emirati,100.00%,65
2022-2023,_______ ________ - _____,Public Ajyal,_______ / _______,Sharjah / Eastern,____ ____,Cycle1,____ ______,Grade 2,____,Female,____,Resident,100.00%,4
2022-2023,_______ ________ - _____,Public Ajyal,_______ / _______,Sharjah / Eastern,____ ____,Cycle1,____ ______,Grade 2,___,Male,_______,Emirati,100.00%,75
2022-2023,_______ ________ - _____,Public Ajyal,_______ / _______,Sharjah / Eastern,____ ____,Cycle1,____ ______,Grade 2,___,Male,____,Resident,100.00%,3
2022-2023,_______ ________ - _____,Public Ajyal,_______ / _______,Sharjah / Eastern,____ ____,Cycle1,____ ______,Grade 4,____,Female,_______,Emirati,100.00%,54
2022-2023,_______ ________ - _____,Public Ajyal,_______ / _______,Sharjah / Eastern,____ ____,Cycle1,____ ______,Grade 4,____,Female,____,Resident,100.00%,8
2022-2023,_______ ________ - _____,Public Ajyal,_______ / _______,Sharjah / Eastern,____ ____,Cycle1,____ ______,Grade 4,___,Male,_______,Emirati,100.00%,72
2022-2023,_______ ________ - _____,Public Ajyal,_______ / _______,Sharjah / Eastern,____ ____,Cycle1,____ ______,Grade 4,___,Male,____,Resident,100.00%,7
2022-2023,_______ ________ - _____,Public Ajyal,_______,AL FUJAIRAH,____ ____,Cycle1,____ ______,Grade 3,___,Male,_______,Emirati,100.00%,1
2022-2023,_______ ________ - _____,Public Ajyal,_______,AL FUJAIRAH,____ ____,Cycle1,____ ______,Grade 3,___,Male,____,Resident,100.00%,1
2022-2023,_______ ________ - _____,Public Ajyal,_______,AL FUJAIRAH,____ ____,Cycle1,____ ______,Grade 4,___,Male,_______,Emirati,100.00%,3
2022-2023,_______ ________ - _____,Public Ajyal,__ _______,Umm Al Quwain,____ ____,Cycle1,____ _____,Grade 1,____,Female,_______,Emirati,100.00%,66
2022-2023,_______ ________ - _____,Public Ajyal,__ _______,Umm Al Quwain,____ ____,Cycle1,____ _____,Grade 1,____,Female,____,Resident,100.00%,16
2022-2023,_______ ________ - _____,Public Ajyal,__ _______,Umm Al Quwain,____ ____,Cycle1,____ _____,Grade 1,___,Male,_______,Emirati,100.00%,54
2022-2023,_______ ________ - _____,Public Ajyal,__ _______,Umm Al Quwain,____ ____,Cycle1,____ _____,Grade 1,___,Male,____,Resident,100.00%,4
2022-2023,_______ ________ - _____,Public Ajyal,__ _______,Umm Al Quwain,____ ____,Cycle1,____ ______,Grade 3,____,Female,_______,Emirati,100.00%,52
2022-2023,_______ ________ - _____,Public Ajyal,__ _______,Umm Al Quwain,____ ____,Cycle1,____ ______,Grade 3,____,Female,____,Resident,100.00%,15
2022-2023,_______ ________ - _____,Public Ajyal,__ _______,Umm Al Quwain,____ ____,Cycle1,____ ______,Grade 3,___,Male,_______,Emirati,100.00%,58
2022-2023,_______ ________ - _____,Public Ajyal,__ _______,Umm Al Quwain,____ ____,Cycle1,____ ______,Grade 3,___,Male,____,Resident,100.00%,19
2022-2023,_______ ________ - _____,Public Ajyal,__ _______,Umm Al Quwain,____ ____,Cycle1,____ ______,Grade 2,____,Female,_______,Emirati,100.00%,65
2022-2023,_______ ________ - _____,Public Ajyal,__ _______,Umm Al Quwain,____ ____,Cycle1,____ ______,Grade 2,____,Female,____,Resident,100.00%,11
2022-2023,_______ ________ - _____,Public Ajyal,__ _______,Umm Al Quwain,____ ____,Cycle1,____ ______,Grade 2,___,Male,_______,Emirati,100.00%,55
2022-2023,_______ ________ - _____,Public Ajyal,__ _______,Umm Al Quwain,____ ____,Cycle1,____ ______,Grade 2,___,Male,____,Resident,100.00%,9
2022-2023,_______ ________ - _____,Public Ajyal,__ _______,Umm Al Quwain,____ ____,Cycle1,____ ______,Grade 4,____,Female,_______,Emirati,100.00%,51
2022-2023,_______ ________ - _____,Public Ajyal,__ _______,Umm Al Quwain,____ ____,Cycle1,____ ______,Grade 4,____,Female,____,Resident,100.00%,16
2022-2023,_______ ________ - _____,Public Ajyal,__ _______,Umm Al Quwain,____ ____,Cycle1,____ ______,Grade 4,___,Male,_______,Emirati,98.00%,50
2022-2023,_______ ________ - _____,Public Ajyal,__ _______,Umm Al Quwain,____ ____,Cycle1,____ ______,Grade 4,___,Male,____,Resident,100.00%,21
2022-2023,_______ ________ - _____,Public Ajyal,___,DUBAI,____ ____,Cycle1,____ _____,Grade 1,____,Female,_______,Emirati,100.00%,74
2022-2023,_______ ________ - _____,Public Ajyal,___,DUBAI,____ ____,Cycle1,____ _____,Grade 1,____,Female,____,Resident,100.00%,8
2022-2023,_______ ________ - _____,Public Ajyal,___,DUBAI,____ ____,Cycle1,____ _____,Grade 1,___,Male,_______,Emirati,100.00%,51
2022-2023,_______ ________ - _____,Public Ajyal,___,DUBAI,____ ____,Cycle1,____ _____,Grade 1,___,Male,____,Resident,100.00%,8
2022-2023,_______ ________ - _____,Public Ajyal,___,DUBAI,____ ____,Cycle1,____ ______,Grade 3,____,Female,_______,Emirati,100.00%,69
2022-2023,_______ ________ - _____,Public Ajyal,___,DUBAI,____ ____,Cycle1,____ ______,Grade 3,____,Female,____,Resident,100.00%,4
2022-2023,_______ ________ - _____,Public Ajyal,___,DUBAI,____ ____,Cycle1,____ ______,Grade 3,___,Male,_______,Emirati,100.00%,62
2022-2023,_______ ________ - _____,Public Ajyal,___,DUBAI,____ ____,Cycle1,____ ______,Grade 3,___,Male,____,Resident,100.00%,7
2022-2023,_______ ________ - _____,Public Ajyal,___,DUBAI,____ ____,Cycle1,____ ______,Grade 2,____,Female,_______,Emirati,100.00%,47
2022-2023,_______ ________ - _____,Public Ajyal,___,DUBAI,____ ____,Cycle1,____ ______,Grade 2,____,Female,____,Resident,100.00%,4
2022-2023,_______ ________ - _____,Public Ajyal,___,DUBAI,____ ____,Cycle1,____ ______,Grade 2,___,Male,_______,Emirati,100.00%,44
2022-2023,_______ ________ - _____,Public Ajyal,___,DUBAI,____ ____,Cycle1,____ ______,Grade 2,___,Male,____,Resident,100.00%,7
2022-2023,_______ ________ - _____,Public Ajyal,___,DUBAI,____ ____,Cycle1,____ ______,Grade 4,____,Female,_______,Emirati,100.00%,57
2022-2023,_______ ________ - _____,Public Ajyal,___,DUBAI,____ ____,Cycle1,____ ______,Grade 4,____,Female,____,Resident,100.00%,11
2022-2023,_______ ________ - _____,Public Ajyal,___,DUBAI,____ ____,Cycle1,____ ______,Grade 4,___,Male,_______,Emirati,100.00%,45
2022-2023,_______ ________ - _____,Public Ajyal,___,DUBAI,____ ____,Cycle1,____ ______,Grade 4,___,Male,____,Resident,100.00%,8
2022-2023,_______ ________ - _____,Public Ajyal,___ ______,Ras Al Khaimah,____ ____,Cycle1,____ _____,Grade 1,____,Female,_______,Emirati,100.00%,119
2022-2023,_______ ________ - _____,Public Ajyal,___ ______,Ras Al Khaimah,____ ____,Cycle1,____ _____,Grade 1,____,Female,____,Resident,100.00%,12
2022-2023,_______ ________ - _____,Public Ajyal,___ ______,Ras Al Khaimah,____ ____,Cycle1,____ _____,Grade 1,___,Male,_______,Emirati,99.35%,155
2022-2023,_______ ________ - _____,Public Ajyal,___ ______,Ras Al Khaimah,____ ____,Cycle1,____ _____,Grade 1,___,Male,____,Resident,100.00%,10
2022-2023,_______ ________ - _____,Public Ajyal,___ ______,Ras Al Khaimah,____ ____,Cycle1,____ ______,Grade 3,____,Female,_______,Emirati,100.00%,141
2022-2023,_______ ________ - _____,Public Ajyal,___ ______,Ras Al Khaimah,____ ____,Cycle1,____ ______,Grade 3,____,Female,____,Resident,100.00%,8
2022-2023,_______ ________ - _____,Public Ajyal,___ ______,Ras Al Khaimah,____ ____,Cycle1,____ ______,Grade 3,___,Male,_______,Emirati,100.00%,137
2022-2023,_______ ________ - _____,Public Ajyal,___ ______,Ras Al Khaimah,____ ____,Cycle1,____ ______,Grade 3,___,Male,____,Resident,100.00%,10
2022-2023,_______ ________ - _____,Public Ajyal,___ ______,Ras Al Khaimah,____ ____,Cycle1,____ ______,Grade 2,____,Female,_______,Emirati,99.25%,133
2022-2023,_______ ________ - _____,Public Ajyal,___ ______,Ras Al Khaimah,____ ____,Cycle1,____ ______,Grade 2,____,Female,____,Resident,100.00%,13
2022-2023,_______ ________ - _____,Public Ajyal,___ ______,Ras Al Khaimah,____ ____,Cycle1,____ ______,Grade 2,___,Male,_______,Emirati,100.00%,136
2022-2023,_______ ________ - _____,Public Ajyal,___ ______,Ras Al Khaimah,____ ____,Cycle1,____ ______,Grade 2,___,Male,____,Resident,100.00%,15
2022-2023,_______ ________ - _____,Public Ajyal,___ ______,Ras Al Khaimah,____ ____,Cycle1,____ ______,Grade 4,____,Female,_______,Emirati,100.00%,96
2022-2023,_______ ________ - _____,Public Ajyal,___ ______,Ras Al Khaimah,____ ____,Cycle1,____ ______,Grade 4,____,Female,____,Resident,100.00%,11
2022-2023,_______ ________ - _____,Public Ajyal,___ ______,Ras Al Khaimah,____ ____,Cycle1,____ ______,Grade 4,___,Male,_______,Emirati,100.00%,115
2022-2023,_______ ________ - _____,Public Ajyal,___ ______,Ras Al Khaimah,____ ____,Cycle1,____ ______,Grade 4,___,Male,____,Resident,100.00%,10
2022-2023,_______ ________ - _____,Public Ajyal,_____,AJMAN,____ ____,Cycle1,____ _____,Grade 1,____,Female,_______,Emirati,100.00%,57
2022-2023,_______ ________ - _____,Public Ajyal,_____,AJMAN,____ ____,Cycle1,____ _____,Grade 1,____,Female,____,Resident,100.00%,14
2022-2023,_______ ________ - _____,Public Ajyal,_____,AJMAN,____ ____,Cycle1,____ _____,Grade 1,___,Male,_______,Emirati,100.00%,35
2022-2023,_______ ________ - _____,Public Ajyal,_____,AJMAN,____ ____,Cycle1,____ _____,Grade 1,___,Male,____,Resident,100.00%,11
2022-2023,_______ ________ - _____,Public Ajyal,_____,AJMAN,____ ____,Cycle1,____ ______,Grade 3,____,Female,_______,Emirati,100.00%,85
2022-2023,_______ ________ - _____,Public Ajyal,_____,AJMAN,____ ____,Cycle1,____ ______,Grade 3,____,Female,____,Resident,100.00%,15
2022-2023,_______ ________ - _____,Public Ajyal,_____,AJMAN,____ ____,Cycle1,____ ______,Grade 3,___,Male,_______,Emirati,100.00%,54
2022-2023,_______ ________ - _____,Public Ajyal,_____,AJMAN,____ ____,Cycle1,____ ______,Grade 3,___,Male,____,Resident,100.00%,18
2022-2023,_______ ________ - _____,Public Ajyal,_____,AJMAN,____ ____,Cycle1,____ ______,Grade 2,____,Female,_______,Emirati,100.00%,40
2022-2023,_______ ________ - _____,Public Ajyal,_____,AJMAN,____ ____,Cycle1,____ ______,Grade 2,____,Female,____,Resident,100.00%,14
2022-2023,_______ ________ - _____,Public Ajyal,_____,AJMAN,____ ____,Cycle1,____ ______,Grade 2,___,Male,_______,Emirati,100.00%,48
2022-2023,_______ ________ - _____,Public Ajyal,_____,AJMAN,____ ____,Cycle1,____ ______,Grade 2,___,Male,____,Resident,100.00%,16
2022-2023,_______ ________ - _____,Public Ajyal,_____,AJMAN,____ ____,Cycle1,____ ______,Grade 4,____,Female,_______,Emirati,100.00%,62
2022-2023,_______ ________ - _____,Public Ajyal,_____,AJMAN,____ ____,Cycle1,____ ______,Grade 4,____,Female,____,Resident,100.00%,19
2022-2023,_______ ________ - _____,Public Ajyal,_____,AJMAN,____ ____,Cycle1,____ ______,Grade 4,___,Male,_______,Emirati,100.00%,68
2022-2023,_______ ________ - _____,Public Ajyal,_____,AJMAN,____ ____,Cycle1,____ ______,Grade 4,___,Male,____,Resident,100.00%,30
2022-2023,_______ __________ _________ (ATHS),Applied Technology High School (ATHS),_______,SHARJAH,____ _____,Cycle3,____ ______,Grade 9,___,Male,_______,Emirati,100.00%,104
2022-2023,_______ __________ _________ (ATHS),Applied Technology High School (ATHS),_______,SHARJAH,____ _____,Cycle3,____ ______ ___,Grade 12,___,Male,_______,Emirati,100.00%,79
2022-2023,_______ __________ _________ (ATHS),Applied Technology High School (ATHS),_______,SHARJAH,____ _____,Cycle3,____ ______ ___,Grade 12,___,Male,____,Expat,100.00%,3
2022-2023,_______ __________ _________ (ATHS),Applied Technology High School (ATHS),_______,SHARJAH,____ _____,Cycle3,____ ______ ___,Grade 11,___,Male,_______,Emirati,97.80%,91
2022-2023,_______ __________ _________ (ATHS),Applied Technology High School (ATHS),_______,SHARJAH,____ _____,Cycle3,____ ______ ___,Grade 11,___,Male,____,Expat,100.00%,5
2022-2023,_______ __________ _________ (ATHS),Applied Technology High School (ATHS),_______,SHARJAH,____ _____,Cycle3,____ ______,Grade 10,___,Male,_______,Emirati,100.00%,116
2022-2023,_______ __________ _________ (ATHS),Applied Technology High School (ATHS),_______,SHARJAH,____ _____,Cycle3,____ ______,Grade 10,___,Male,____,Expat,100.00%,1
2022-2023,_______ __________ _________ (ATHS),Applied Technology High School (ATHS),_______,AL FUJAIRAH,____ _____,Cycle3,____ ______,Grade 9,___,Male,_______,Emirati,100.00%,137
2022-2023,_______ __________ _________ (ATHS),Applied Technology High School (ATHS),_______,AL FUJAIRAH,____ _____,Cycle3,____ ______ ___,Grade 12,___,Male,_______,Emirati,98.95%,95
2022-2023,_______ __________ _________ (ATHS),Applied Technology High School (ATHS),_______,AL FUJAIRAH,____ _____,Cycle3,____ ______ ___,Grade 12,___,Male,____,Expat,100.00%,1
2022-2023,_______ __________ _________ (ATHS),Applied Technology High School (ATHS),_______,AL FUJAIRAH,____ _____,Cycle3,____ ______ ___,Grade 11,___,Male,_______,Emirati,98.04%,102
2022-2023,_______ __________ _________ (ATHS),Applied Technology High School (ATHS),_______,AL FUJAIRAH,____ _____,Cycle3,____ ______,Grade 10,___,Male,_______,Emirati,96.30%,135
2022-2023,_______ __________ _________ (ATHS),Applied Technology High School (ATHS),______,ABU DHABI,____ _____,Cycle3,____ ______,Grade 9,____,Female,_______,Emirati,100.00%,791
2022-2023,_______ __________ _________ (ATHS),Applied Technology High School (ATHS),______,ABU DHABI,____ _____,Cycle3,____ ______,Grade 9,____,Female,____,Expat,100.00%,11
2022-2023,_______ __________ _________ (ATHS),Applied Technology High School (ATHS),______,ABU DHABI,____ _____,Cycle3,____ ______,Grade 9,___,Male,_______,Emirati,99.58%,708
2022-2023,_______ __________ _________ (ATHS),Applied Technology High School (ATHS),______,ABU DHABI,____ _____,Cycle3,____ ______,Grade 9,___,Male,____,Expat,100.00%,19
2022-2023,_______ __________ _________ (ATHS),Applied Technology High School (ATHS),______,ABU DHABI,____ _____,Cycle3,____ ______ ___,Grade 12,____,Female,_______,Emirati,100.00%,602
2022-2023,_______ __________ _________ (ATHS),Applied Technology High School (ATHS),______,ABU DHABI,____ _____,Cycle3,____ ______ ___,Grade 12,____,Female,____,Expat,100.00%,20
2022-2023,_______ __________ _________ (ATHS),Applied Technology High School (ATHS),______,ABU DHABI,____ _____,Cycle3,____ ______ ___,Grade 12,___,Male,_______,Emirati,99.39%,495
2022-2023,_______ __________ _________ (ATHS),Applied Technology High School (ATHS),______,ABU DHABI,____ _____,Cycle3,____ ______ ___,Grade 12,___,Male,____,Expat,100.00%,34
2022-2023,_______ __________ _________ (ATHS),Applied Technology High School (ATHS),______,ABU DHABI,____ _____,Cycle3,____ ______ ___,Grade 11,____,Female,_______,Emirati,99.18%,728
2022-2023,_______ __________ _________ (ATHS),Applied Technology High School (ATHS),______,ABU DHABI,____ _____,Cycle3,____ ______ ___,Grade 11,____,Female,____,Expat,100.00%,24
2022-2023,_______ __________ _________ (ATHS),Applied Technology High School (ATHS),______,ABU DHABI,____ _____,Cycle3,____ ______ ___,Grade 11,___,Male,_______,Emirati,98.96%,671
2022-2023,_______ __________ _________ (ATHS),Applied Technology High School (ATHS),______,ABU DHABI,____ _____,Cycle3,____ ______ ___,Grade 11,___,Male,____,Expat,100.00%,31
2022-2023,_______ __________ _________ (ATHS),Applied Technology High School (ATHS),______,ABU DHABI,____ _____,Cycle3,____ ______,Grade 10,____,Female,_______,Emirati,96.97%,957
2022-2023,_______ __________ _________ (ATHS),Applied Technology High School (ATHS),______,ABU DHABI,____ _____,Cycle3,____ ______,Grade 10,____,Female,____,Expat,100.00%,9
2022-2023,_______ __________ _________ (ATHS),Applied Technology High School (ATHS),______,ABU DHABI,____ _____,Cycle3,____ ______,Grade 10,___,Male,_______,Emirati,94.39%,749
2022-2023,_______ __________ _________ (ATHS),Applied Technology High School (ATHS),______,ABU DHABI,____ _____,Cycle3,____ ______,Grade 10,___,Male,____,Expat,92.59%,27
2022-2023,_______ __________ _________ (ATHS),Applied Technology High School (ATHS),______,ABU DHABI,____ _____,Cycle2,____ ______,Grade 8,____,Female,_______,Emirati,100.00%,343
2022-2023,_______ __________ _________ (ATHS),Applied Technology High School (ATHS),______,ABU DHABI,____ _____,Cycle2,____ ______,Grade 8,____,Female,____,Expat,100.00%,3
2022-2023,_______ __________ _________ (ATHS),Applied Technology High School (ATHS),______,ABU DHABI,____ _____,Cycle2,____ ______,Grade 8,___,Male,_______,Emirati,99.62%,266
2022-2023,_______ __________ _________ (ATHS),Applied Technology High School (ATHS),______,ABU DHABI,____ _____,Cycle2,____ ______,Grade 8,___,Male,____,Expat,100.00%,16
2022-2023,_______ __________ _________ (ATHS),Applied Technology High School (ATHS),______,ABU DHABI,____ _____,Cycle2,____ ______,Grade 7,____,Female,_______,Emirati,100.00%,224
2022-2023,_______ __________ _________ (ATHS),Applied Technology High School (ATHS),______,ABU DHABI,____ _____,Cycle2,____ ______,Grade 7,____,Female,____,Expat,100.00%,8
2022-2023,_______ __________ _________ (ATHS),Applied Technology High School (ATHS),______,ABU DHABI,____ _____,Cycle2,____ ______,Grade 7,___,Male,_______,Emirati,99.47%,190
2022-2023,_______ __________ _________ (ATHS),Applied Technology High School (ATHS),______,ABU DHABI,____ _____,Cycle2,____ ______,Grade 7,___,Male,____,Expat,100.00%,4
2022-2023,_______ __________ _________ (ATHS),Applied Technology High School (ATHS),______,ABU DHABI,____ _____,Cycle2,____ ______,Grade 6,____,Female,_______,Emirati,100.00%,217
2022-2023,_______ __________ _________ (ATHS),Applied Technology High School (ATHS),______,ABU DHABI,____ _____,Cycle2,____ ______,Grade 6,____,Female,____,Expat,100.00%,6
2022-2023,_______ __________ _________ (ATHS),Applied Technology High School (ATHS),______,ABU DHABI,____ _____,Cycle2,____ ______,Grade 6,___,Male,_______,Emirati,100.00%,139
2022-2023,_______ __________ _________ (ATHS),Applied Technology High School (ATHS),______,ABU DHABI,____ _____,Cycle2,____ ______,Grade 6,___,Male,____,Expat,100.00%,3
2022-2023,_______ __________ _________ (ATHS),Applied Technology High School (ATHS),__ _______,Umm Al Quwain,____ _____,Cycle3,____ ______,Grade 9,____,Female,_______,Emirati,100.00%,83
2022-2023,_______ __________ _________ (ATHS),Applied Technology High School (ATHS),__ _______,Umm Al Quwain,____ _____,Cycle3,____ ______,Grade 9,____,Female,____,Expat,100.00%,1
2022-2023,_______ __________ _________ (ATHS),Applied Technology High School (ATHS),__ _______,Umm Al Quwain,____ _____,Cycle3,____ ______,Grade 9,___,Male,_______,Emirati,100.00%,59
2022-2023,_______ __________ _________ (ATHS),Applied Technology High School (ATHS),__ _______,Umm Al Quwain,____ _____,Cycle3,____ ______ ___,Grade 12,____,Female,_______,Emirati,100.00%,74
2022-2023,_______ __________ _________ (ATHS),Applied Technology High School (ATHS),__ _______,Umm Al Quwain,____ _____,Cycle3,____ ______ ___,Grade 12,____,Female,____,Expat,100.00%,2
2022-2023,_______ __________ _________ (ATHS),Applied Technology High School (ATHS),__ _______,Umm Al Quwain,____ _____,Cycle3,____ ______ ___,Grade 12,___,Male,_______,Emirati,100.00%,21
2022-2023,_______ __________ _________ (ATHS),Applied Technology High School (ATHS),__ _______,Umm Al Quwain,____ _____,Cycle3,____ ______ ___,Grade 11,____,Female,_______,Emirati,98.37%,123
2022-2023,_______ __________ _________ (ATHS),Applied Technology High School (ATHS),__ _______,Umm Al Quwain,____ _____,Cycle3,____ ______ ___,Grade 11,____,Female,____,Expat,100.00%,4
2022-2023,_______ __________ _________ (ATHS),Applied Technology High School (ATHS),__ _______,Umm Al Quwain,____ _____,Cycle3,____ ______ ___,Grade 11,___,Male,_______,Emirati,97.73%,44
2022-2023,_______ __________ _________ (ATHS),Applied Technology High School (ATHS),__ _______,Umm Al Quwain,____ _____,Cycle3,____ ______,Grade 10,____,Female,_______,Emirati,100.00%,112
2022-2023,_______ __________ _________ (ATHS),Applied Technology High School (ATHS),__ _______,Umm Al Quwain,____ _____,Cycle3,____ ______,Grade 10,____,Female,____,Expat,100.00%,1
2022-2023,_______ __________ _________ (ATHS),Applied Technology High School (ATHS),__ _______,Umm Al Quwain,____ _____,Cycle3,____ ______,Grade 10,___,Male,_______,Emirati,100.00%,49
2022-2023,_______ __________ _________ (ATHS),Applied Technology High School (ATHS),___,DUBAI,____ _____,Cycle3,____ ______,Grade 9,___,Male,_______,Emirati,98.81%,84
2022-2023,_______ __________ _________ (ATHS),Applied Technology High School (ATHS),___,DUBAI,____ _____,Cycle3,____ ______,Grade 9,___,Male,____,Expat,100.00%,1
2022-2023,_______ __________ _________ (ATHS),Applied Technology High School (ATHS),___,DUBAI,____ _____,Cycle3,____ ______ ___,Grade 12,___,Male,_______,Emirati,100.00%,93
2022-2023,_______ __________ _________ (ATHS),Applied Technology High School (ATHS),___,DUBAI,____ _____,Cycle3,____ ______ ___,Grade 12,___,Male,____,Expat,100.00%,6
2022-2023,_______ __________ _________ (ATHS),Applied Technology High School (ATHS),___,DUBAI,____ _____,Cycle3,____ ______ ___,Grade 11,___,Male,_______,Emirati,93.60%,125
2022-2023,_______ __________ _________ (ATHS),Applied Technology High School (ATHS),___,DUBAI,____ _____,Cycle3,____ ______ ___,Grade 11,___,Male,____,Expat,100.00%,7
2022-2023,_______ __________ _________ (ATHS),Applied Technology High School (ATHS),___,DUBAI,____ _____,Cycle3,____ ______,Grade 10,___,Male,_______,Emirati,89.57%,115
2022-2023,_______ __________ _________ (ATHS),Applied Technology High School (ATHS),___,DUBAI,____ _____,Cycle3,____ ______,Grade 10,___,Male,____,Expat,100.00%,3
2022-2023,_______ __________ _________ (ATHS),Applied Technology High School (ATHS),___ ______,Ras Al Khaimah,____ _____,Cycle3,____ ______,Grade 9,___,Male,_______,Emirati,100.00%,196
2022-2023,_______ __________ _________ (ATHS),Applied Technology High School (ATHS),___ ______,Ras Al Khaimah,____ _____,Cycle3,____ ______ ___,Grade 12,___,Male,_______,Emirati,100.00%,103
2022-2023,_______ __________ _________ (ATHS),Applied Technology High School (ATHS),___ ______,Ras Al Khaimah,____ _____,Cycle3,____ ______ ___,Grade 12,___,Male,____,Expat,100.00%,1
2022-2023,_______ __________ _________ (ATHS),Applied Technology High School (ATHS),___ ______,Ras Al Khaimah,____ _____,Cycle3,____ ______ ___,Grade 11,___,Male,_______,Emirati,100.00%,150
2022-2023,_______ __________ _________ (ATHS),Applied Technology High School (ATHS),___ ______,Ras Al Khaimah,____ _____,Cycle3,____ ______,Grade 10,___,Male,_______,Emirati,94.74%,171
2022-2023,_______ __________ _________ (ATHS),Applied Technology High School (ATHS),_____,AJMAN,____ _____,Cycle3,____ ______,Grade 9,____,Female,_______,Emirati,100.00%,214
2022-2023,_______ __________ _________ (ATHS),Applied Technology High School (ATHS),_____,AJMAN,____ _____,Cycle3,____ ______,Grade 9,____,Female,____,Expat,100.00%,4
2022-2023,_______ __________ _________ (ATHS),Applied Technology High School (ATHS),_____,AJMAN,____ _____,Cycle3,____ ______,Grade 9,___,Male,_______,Emirati,100.00%,119
2022-2023,_______ __________ _________ (ATHS),Applied Technology High School (ATHS),_____,AJMAN,____ _____,Cycle3,____ ______,Grade 9,___,Male,____,Expat,100.00%,1
2022-2023,_______ __________ _________ (ATHS),Applied Technology High School (ATHS),_____,AJMAN,____ _____,Cycle3,____ ______ ___,Grade 12,____,Female,_______,Emirati,100.00%,160
2022-2023,_______ __________ _________ (ATHS),Applied Technology High School (ATHS),_____,AJMAN,____ _____,Cycle3,____ ______ ___,Grade 12,____,Female,____,Expat,100.00%,2
2022-2023,_______ __________ _________ (ATHS),Applied Technology High School (ATHS),_____,AJMAN,____ _____,Cycle3,____ ______ ___,Grade 12,___,Male,_______,Emirati,100.00%,108
2022-2023,_______ __________ _________ (ATHS),Applied Technology High School (ATHS),_____,AJMAN,____ _____,Cycle3,____ ______ ___,Grade 12,___,Male,____,Expat,66.67%,3
2022-2023,_______ __________ _________ (ATHS),Applied Technology High School (ATHS),_____,AJMAN,____ _____,Cycle3,____ ______ ___,Grade 11,____,Female,_______,Emirati,99.42%,171
2022-2023,_______ __________ _________ (ATHS),Applied Technology High School (ATHS),_____,AJMAN,____ _____,Cycle3,____ ______ ___,Grade 11,____,Female,____,Expat,100.00%,6
2022-2023,_______ __________ _________ (ATHS),Applied Technology High School (ATHS),_____,AJMAN,____ _____,Cycle3,____ ______ ___,Grade 11,___,Male,_______,Emirati,99.02%,102
2022-2023,_______ __________ _________ (ATHS),Applied Technology High School (ATHS),_____,AJMAN,____ _____,Cycle3,____ ______ ___,Grade 11,___,Male,____,Expat,100.00%,4
2022-2023,_______ __________ _________ (ATHS),Applied Technology High School (ATHS),_____,AJMAN,____ _____,Cycle3,____ ______,Grade 10,____,Female,_______,Emirati,99.55%,223
2022-2023,_______ __________ _________ (ATHS),Applied Technology High School (ATHS),_____,AJMAN,____ _____,Cycle3,____ ______,Grade 10,____,Female,____,Expat,100.00%,4
2022-2023,_______ __________ _________ (ATHS),Applied Technology High School (ATHS),_____,AJMAN,____ _____,Cycle3,____ ______,Grade 10,___,Male,_______,Emirati,99.12%,114
2022-2023,_______ __________ _________ (ATHS),Applied Technology High School (ATHS),_____,AJMAN,____ _____,Cycle3,____ ______,Grade 10,___,Male,____,Expat,100.00%,2
2022-2023,_____ ______ _____ _____,Private Schools MOE Curriculum,_______,SHARJAH,____ ____,Cycle1,____ _____,Grade 1,____,Female,_______,Emirati,100.00%,17
2022-2023,_____ ______ _____ _____,Private Schools MOE Curriculum,_______,SHARJAH,____ ____,Cycle1,____ _____,Grade 1,____,Female,____,Expat,99.47%,1122
2022-2023,_____ ______ _____ _____,Private Schools MOE Curriculum,_______,SHARJAH,____ ____,Cycle1,____ _____,Grade 1,___,Male,_______,Emirati,100.00%,34
2022-2023,_____ ______ _____ _____,Private Schools MOE Curriculum,_______,SHARJAH,____ ____,Cycle1,____ _____,Grade 1,___,Male,____,Expat,99.47%,1123
2022-2023,_____ ______ _____ _____,Private Schools MOE Curriculum,_______,SHARJAH,____ ____,Cycle1,____ ______,Grade 3,____,Female,_______,Emirati,100.00%,26
2022-2023,_____ ______ _____ _____,Private Schools MOE Curriculum,_______,SHARJAH,____ ____,Cycle1,____ ______,Grade 3,____,Female,____,Expat,99.27%,1233
2022-2023,_____ ______ _____ _____,Private Schools MOE Curriculum,_______,SHARJAH,____ ____,Cycle1,____ ______,Grade 3,___,Male,_______,Emirati,100.00%,43
2022-2023,_____ ______ _____ _____,Private Schools MOE Curriculum,_______,SHARJAH,____ ____,Cycle1,____ ______,Grade 3,___,Male,____,Expat,99.41%,1183
2022-2023,_____ ______ _____ _____,Private Schools MOE Curriculum,_______,SHARJAH,____ ____,Cycle1,____ ______,Grade 2,____,Female,_______,Emirati,96.43%,28
2022-2023,_____ ______ _____ _____,Private Schools MOE Curriculum,_______,SHARJAH,____ ____,Cycle1,____ ______,Grade 2,____,Female,____,Expat,99.04%,1148
2022-2023,_____ ______ _____ _____,Private Schools MOE Curriculum,_______,SHARJAH,____ ____,Cycle1,____ ______,Grade 2,___,Male,_______,Emirati,100.00%,45
2022-2023,_____ ______ _____ _____,Private Schools MOE Curriculum,_______,SHARJAH,____ ____,Cycle1,____ ______,Grade 2,___,Male,____,Expat,99.15%,1172
2022-2023,_____ ______ _____ _____,Private Schools MOE Curriculum,_______,SHARJAH,____ ____,Cycle1,____ ______,Grade 4,____,Female,_______,Emirati,100.00%,26
2022-2023,_____ ______ _____ _____,Private Schools MOE Curriculum,_______,SHARJAH,____ ____,Cycle1,____ ______,Grade 4,____,Female,____,Expat,99.77%,1320
2022-2023,_____ ______ _____ _____,Private Schools MOE Curriculum,_______,SHARJAH,____ ____,Cycle1,____ ______,Grade 4,___,Male,_______,Emirati,98.59%,71
2022-2023,_____ ______ _____ _____,Private Schools MOE Curriculum,_______,SHARJAH,____ ____,Cycle1,____ ______,Grade 4,___,Male,____,Expat,99.15%,1298
2022-2023,_____ ______ _____ _____,Private Schools MOE Curriculum,_______,SHARJAH,____ _____,Cycle3,____ ______,Grade 9,____,Female,_______,Emirati,88.89%,27
2022-2023,_____ ______ _____ _____,Private Schools MOE Curriculum,_______,SHARJAH,____ _____,Cycle3,____ ______,Grade 9,____,Female,____,Expat,96.48%,1306
2022-2023,_____ ______ _____ _____,Private Schools MOE Curriculum,_______,SHARJAH,____ _____,Cycle3,____ ______,Grade 9,___,Male,_______,Emirati,95.52%,67
2022-2023,_____ ______ _____ _____,Private Schools MOE Curriculum,_______,SHARJAH,____ _____,Cycle3,____ ______,Grade 9,___,Male,____,Expat,96.46%,1213
2022-2023,_____ ______ _____ _____,Private Schools MOE Curriculum,_______,SHARJAH,____ _____,Cycle3,____ ______ ___,Grade 12,____,Female,_______,Emirati,96.77%,31
2022-2023,_____ ______ _____ _____,Private Schools MOE Curriculum,_______,SHARJAH,____ _____,Cycle3,____ ______ ___,Grade 12,____,Female,____,Expat,98.06%,1084
2022-2023,_____ ______ _____ _____,Private Schools MOE Curriculum,_______,SHARJAH,____ _____,Cycle3,____ ______ ___,Grade 12,___,Male,_______,Emirati,98.67%,75
2022-2023,_____ ______ _____ _____,Private Schools MOE Curriculum,_______,SHARJAH,____ _____,Cycle3,____ ______ ___,Grade 12,___,Male,____,Expat,99.29%,1120
2022-2023,_____ ______ _____ _____,Private Schools MOE Curriculum,_______,SHARJAH,____ _____,Cycle3,____ ______ ___,Grade 11,____,Female,_______,Emirati,96.67%,30
2022-2023,_____ ______ _____ _____,Private Schools MOE Curriculum,_______,SHARJAH,____ _____,Cycle3,____ ______ ___,Grade 11,____,Female,____,Expat,97.94%,1118
2022-2023,_____ ______ _____ _____,Private Schools MOE Curriculum,_______,SHARJAH,____ _____,Cycle3,____ ______ ___,Grade 11,___,Male,_______,Emirati,98.46%,65
2022-2023,_____ ______ _____ _____,Private Schools MOE Curriculum,_______,SHARJAH,____ _____,Cycle3,____ ______ ___,Grade 11,___,Male,____,Expat,98.23%,1186
2022-2023,_____ ______ _____ _____,Private Schools MOE Curriculum,_______,SHARJAH,____ _____,Cycle3,____ ______,Grade 10,____,Female,_______,Emirati,94.44%,36
2022-2023,_____ ______ _____ _____,Private Schools MOE Curriculum,_______,SHARJAH,____ _____,Cycle3,____ ______,Grade 10,____,Female,____,Expat,95.44%,1229
2022-2023,_____ ______ _____ _____,Private Schools MOE Curriculum,_______,SHARJAH,____ _____,Cycle3,____ ______,Grade 10,___,Male,_______,Emirati,98.31%,59
2022-2023,_____ ______ _____ _____,Private Schools MOE Curriculum,_______,SHARJAH,____ _____,Cycle3,____ ______,Grade 10,___,Male,____,Expat,97.53%,1335
2022-2023,_____ ______ _____ _____,Private Schools MOE Curriculum,_______,SHARJAH,____ _____,Cycle2,____ ______,Grade 8,____,Female,_______,Emirati,100.00%,22
2022-2023,_____ ______ _____ _____,Private Schools MOE Curriculum,_______,SHARJAH,____ _____,Cycle2,____ ______,Grade 8,____,Female,____,Expat,98.93%,1123
2022-2023,_____ ______ _____ _____,Private Schools MOE Curriculum,_______,SHARJAH,____ _____,Cycle2,____ ______,Grade 8,___,Male,_______,Emirati,100.00%,62
2022-2023,_____ ______ _____ _____,Private Schools MOE Curriculum,_______,SHARJAH,____ _____,Cycle2,____ ______,Grade 8,___,Male,____,Expat,98.68%,1137
2022-2023,_____ ______ _____ _____,Private Schools MOE Curriculum,_______,SHARJAH,____ _____,Cycle2,____ ______,Grade 5,____,Female,_______,Emirati,100.00%,23
2022-2023,_____ ______ _____ _____,Private Schools MOE Curriculum,_______,SHARJAH,____ _____,Cycle2,____ ______,Grade 5,____,Female,____,Expat,98.53%,1290
2022-2023,_____ ______ _____ _____,Private Schools MOE Curriculum,_______,SHARJAH,____ _____,Cycle2,____ ______,Grade 5,___,Male,_______,Emirati,97.62%,42
2022-2023,_____ ______ _____ _____,Private Schools MOE Curriculum,_______,SHARJAH,____ _____,Cycle2,____ ______,Grade 5,___,Male,____,Expat,99.13%,1264
2022-2023,_____ ______ _____ _____,Private Schools MOE Curriculum,_______,SHARJAH,____ _____,Cycle2,____ ______,Grade 7,____,Female,_______,Emirati,95.83%,24
2022-2023,_____ ______ _____ _____,Private Schools MOE Curriculum,_______,SHARJAH,____ _____,Cycle2,____ ______,Grade 7,____,Female,____,Expat,98.60%,1145
2022-2023,_____ ______ _____ _____,Private Schools MOE Curriculum,_______,SHARJAH,____ _____,Cycle2,____ ______,Grade 7,___,Male,_______,Emirati,98.00%,50
2022-2023,_____ ______ _____ _____,Private Schools MOE Curriculum,_______,SHARJAH,____ _____,Cycle2,____ ______,Grade 7,___,Male,____,Expat,98.57%,1189
2022-2023,_____ ______ _____ _____,Private Schools MOE Curriculum,_______,SHARJAH,____ _____,Cycle2,____ ______,Grade 6,____,Female,_______,Emirati,100.00%,25
2022-2023,_____ ______ _____ _____,Private Schools MOE Curriculum,_______,SHARJAH,____ _____,Cycle2,____ ______,Grade 6,____,Female,____,Expat,98.97%,1266
2022-2023,_____ ______ _____ _____,Private Schools MOE Curriculum,_______,SHARJAH,____ _____,Cycle2,____ ______,Grade 6,___,Male,_______,Emirati,88.89%,54
2022-2023,_____ ______ _____ _____,Private Schools MOE Curriculum,_______,SHARJAH,____ _____,Cycle2,____ ______,Grade 6,___,Male,____,Expat,98.77%,1296
2022-2023,_____ ______ _____ _____,Private Schools MOE Curriculum,______,AL DHAFRA,____ ____,Cycle1,____ _____,Grade 1,____,Female,____,Expat,93.94%,66
2022-2023,_____ ______ _____ _____,Private Schools MOE Curriculum,______,AL DHAFRA,____ ____,Cycle1,____ _____,Grade 1,___,Male,_______,Emirati,100.00%,1
2022-2023,_____ ______ _____ _____,Private Schools MOE Curriculum,______,AL DHAFRA,____ ____,Cycle1,____ _____,Grade 1,___,Male,____,Expat,100.00%,50
2022-2023,_____ ______ _____ _____,Private Schools MOE Curriculum,______,AL DHAFRA,____ ____,Cycle1,____ ______,Grade 3,____,Female,_______,Emirati,100.00%,2
2022-2023,_____ ______ _____ _____,Private Schools MOE Curriculum,______,AL DHAFRA,____ ____,Cycle1,____ ______,Grade 3,____,Female,____,Expat,97.37%,38
2022-2023,_____ ______ _____ _____,Private Schools MOE Curriculum,______,AL DHAFRA,____ ____,Cycle1,____ ______,Grade 3,___,Male,_______,Emirati,100.00%,2
2022-2023,_____ ______ _____ _____,Private Schools MOE Curriculum,______,AL DHAFRA,____ ____,Cycle1,____ ______,Grade 3,___,Male,____,Expat,97.67%,43
2022-2023,_____ ______ _____ _____,Private Schools MOE Curriculum,______,AL DHAFRA,____ ____,Cycle1,____ ______,Grade 2,____,Female,____,Expat,98.04%,51
2022-2023,_____ ______ _____ _____,Private Schools MOE Curriculum,______,AL DHAFRA,____ ____,Cycle1,____ ______,Grade 2,___,Male,____,Expat,94.92%,59
2022-2023,_____ ______ _____ _____,Private Schools MOE Curriculum,______,AL DHAFRA,____ ____,Cycle1,____ ______,Grade 4,____,Female,_______,Emirati,100.00%,2
2022-2023,_____ ______ _____ _____,Private Schools MOE Curriculum,______,AL DHAFRA,____ ____,Cycle1,____ ______,Grade 4,____,Female,____,Expat,100.00%,37
2022-2023,_____ ______ _____ _____,Private Schools MOE Curriculum,______,AL DHAFRA,____ ____,Cycle1,____ ______,Grade 4,___,Male,_______,Emirati,100.00%,2
2022-2023,_____ ______ _____ _____,Private Schools MOE Curriculum,______,AL DHAFRA,____ ____,Cycle1,____ ______,Grade 4,___,Male,____,Expat,100.00%,54
2022-2023,_____ ______ _____ _____,Private Schools MOE Curriculum,______,AL DHAFRA,____ _____,Cycle3,____ ______,Grade 9,____,Female,_______,Emirati,100.00%,1
2022-2023,_____ ______ _____ _____,Private Schools MOE Curriculum,______,AL DHAFRA,____ _____,Cycle3,____ ______,Grade 9,____,Female,____,Expat,100.00%,20
2022-2023,_____ ______ _____ _____,Private Schools MOE Curriculum,______,AL DHAFRA,____ _____,Cycle3,____ ______,Grade 9,___,Male,_______,Emirati,100.00%,11
2022-2023,_____ ______ _____ _____,Private Schools MOE Curriculum,______,AL DHAFRA,____ _____,Cycle3,____ ______,Grade 9,___,Male,____,Expat,100.00%,29
2022-2023,_____ ______ _____ _____,Private Schools MOE Curriculum,______,AL DHAFRA,____ _____,Cycle3,____ ______ ___,Grade 12,____,Female,_______,Emirati,100.00%,3
2022-2023,_____ ______ _____ _____,Private Schools MOE Curriculum,______,AL DHAFRA,____ _____,Cycle3,____ ______ ___,Grade 12,____,Female,____,Expat,100.00%,21
2022-2023,_____ ______ _____ _____,Private Schools MOE Curriculum,______,AL DHAFRA,____ _____,Cycle3,____ ______ ___,Grade 12,___,Male,_______,Emirati,100.00%,16
2022-2023,_____ ______ _____ _____,Private Schools MOE Curriculum,______,AL DHAFRA,____ _____,Cycle3,____ ______ ___,Grade 12,___,Male,____,Expat,100.00%,17
2022-2023,_____ ______ _____ _____,Private Schools MOE Curriculum,______,AL DHAFRA,____ _____,Cycle3,____ ______ ___,Grade 11,____,Female,____,Expat,94.44%,18
2022-2023,_____ ______ _____ _____,Private Schools MOE Curriculum,______,AL DHAFRA,____ _____,Cycle3,____ ______ ___,Grade 11,___,Male,_______,Emirati,100.00%,12
2022-2023,_____ ______ _____ _____,Private Schools MOE Curriculum,______,AL DHAFRA,____ _____,Cycle3,____ ______ ___,Grade 11,___,Male,____,Expat,97.67%,43
2022-2023,_____ ______ _____ _____,Private Schools MOE Curriculum,______,AL DHAFRA,____ _____,Cycle3,____ ______,Grade 10,____,Female,_______,Emirati,100.00%,5
2022-2023,_____ ______ _____ _____,Private Schools MOE Curriculum,______,AL DHAFRA,____ _____,Cycle3,____ ______,Grade 10,____,Female,____,Expat,100.00%,30
2022-2023,_____ ______ _____ _____,Private Schools MOE Curriculum,______,AL DHAFRA,____ _____,Cycle3,____ ______,Grade 10,___,Male,_______,Emirati,100.00%,15
2022-2023,_____ ______ _____ _____,Private Schools MOE Curriculum,______,AL DHAFRA,____ _____,Cycle3,____ ______,Grade 10,___,Male,____,Expat,100.00%,28
2022-2023,_____ ______ _____ _____,Private Schools MOE Curriculum,______,AL DHAFRA,____ _____,Cycle2,____ ______,Grade 8,____,Female,_______,Emirati,100.00%,4
2022-2023,_____ ______ _____ _____,Private Schools MOE Curriculum,______,AL DHAFRA,____ _____,Cycle2,____ ______,Grade 8,____,Female,____,Expat,100.00%,30
2022-2023,_____ ______ _____ _____,Private Schools MOE Curriculum,______,AL DHAFRA,____ _____,Cycle2,____ ______,Grade 8,___,Male,_______,Emirati,100.00%,6
2022-2023,_____ ______ _____ _____,Private Schools MOE Curriculum,______,AL DHAFRA,____ _____,Cycle2,____ ______,Grade 8,___,Male,____,Expat,100.00%,40
2022-2023,_____ ______ _____ _____,Private Schools MOE Curriculum,______,AL DHAFRA,____ _____,Cycle2,____ ______,Grade 5,____,Female,____,Expat,96.97%,33
2022-2023,_____ ______ _____ _____,Private Schools MOE Curriculum,______,AL DHAFRA,____ _____,Cycle2,____ ______,Grade 5,___,Male,_______,Emirati,100.00%,2
2022-2023,_____ ______ _____ _____,Private Schools MOE Curriculum,______,AL DHAFRA,____ _____,Cycle2,____ ______,Grade 5,___,Male,____,Expat,100.00%,35
2022-2023,_____ ______ _____ _____,Private Schools MOE Curriculum,______,AL DHAFRA,____ _____,Cycle2,____ ______,Grade 7,____,Female,____,Expat,100.00%,17
2022-2023,_____ ______ _____ _____,Private Schools MOE Curriculum,______,AL DHAFRA,____ _____,Cycle2,____ ______,Grade 7,___,Male,_______,Emirati,100.00%,12
2022-2023,_____ ______ _____ _____,Private Schools MOE Curriculum,______,AL DHAFRA,____ _____,Cycle2,____ ______,Grade 7,___,Male,____,Expat,97.30%,37
2022-2023,_____ ______ _____ _____,Private Schools MOE Curriculum,______,AL DHAFRA,____ _____,Cycle2,____ ______,Grade 6,____,Female,_______,Emirati,100.00%,1
2022-2023,_____ ______ _____ _____,Private Schools MOE Curriculum,______,AL DHAFRA,____ _____,Cycle2,____ ______,Grade 6,____,Female,____,Expat,100.00%,27
2022-2023,_____ ______ _____ _____,Private Schools MOE Curriculum,______,AL DHAFRA,____ _____,Cycle2,____ ______,Grade 6,___,Male,_______,Emirati,100.00%,4
2022-2023,_____ ______ _____ _____,Private Schools MOE Curriculum,______,AL DHAFRA,____ _____,Cycle2,____ ______,Grade 6,___,Male,____,Expat,100.00%,42
2022-2023,_____ ______ _____ _____,Private Schools MOE Curriculum,_____,AL AIN,____ ____,Cycle1,____ _____,Grade 1,____,Female,_______,Emirati,100.00%,13
2022-2023,_____ ______ _____ _____,Private Schools MOE Curriculum,_____,AL AIN,____ ____,Cycle1,____ _____,Grade 1,____,Female,____,Expat,97.95%,440
2022-2023,_____ ______ _____ _____,Private Schools MOE Curriculum,_____,AL AIN,____ ____,Cycle1,____ _____,Grade 1,___,Male,_______,Emirati,100.00%,13
2022-2023,_____ ______ _____ _____,Private Schools MOE Curriculum,_____,AL AIN,____ ____,Cycle1,____ _____,Grade 1,___,Male,____,Expat,98.68%,455
2022-2023,_____ ______ _____ _____,Private Schools MOE Curriculum,_____,AL AIN,____ ____,Cycle1,____ ______,Grade 3,____,Female,_______,Emirati,100.00%,10
2022-2023,_____ ______ _____ _____,Private Schools MOE Curriculum,_____,AL AIN,____ ____,Cycle1,____ ______,Grade 3,____,Female,____,Expat,99.05%,420
2022-2023,_____ ______ _____ _____,Private Schools MOE Curriculum,_____,AL AIN,____ ____,Cycle1,____ ______,Grade 3,___,Male,_______,Emirati,100.00%,15
2022-2023,_____ ______ _____ _____,Private Schools MOE Curriculum,_____,AL AIN,____ ____,Cycle1,____ ______,Grade 3,___,Male,____,Expat,99.15%,468
2022-2023,_____ ______ _____ _____,Private Schools MOE Curriculum,_____,AL AIN,____ ____,Cycle1,____ ______,Grade 2,____,Female,_______,Emirati,100.00%,8
2022-2023,_____ ______ _____ _____,Private Schools MOE Curriculum,_____,AL AIN,____ ____,Cycle1,____ ______,Grade 2,____,Female,____,Expat,99.13%,462
2022-2023,_____ ______ _____ _____,Private Schools MOE Curriculum,_____,AL AIN,____ ____,Cycle1,____ ______,Grade 2,___,Male,_______,Emirati,100.00%,12
2022-2023,_____ ______ _____ _____,Private Schools MOE Curriculum,_____,AL AIN,____ ____,Cycle1,____ ______,Grade 2,___,Male,____,Expat,99.59%,491
2022-2023,_____ ______ _____ _____,Private Schools MOE Curriculum,_____,AL AIN,____ ____,Cycle1,____ ______,Grade 4,____,Female,_______,Emirati,100.00%,8
2022-2023,_____ ______ _____ _____,Private Schools MOE Curriculum,_____,AL AIN,____ ____,Cycle1,____ ______,Grade 4,____,Female,____,Expat,99.06%,427
2022-2023,_____ ______ _____ _____,Private Schools MOE Curriculum,_____,AL AIN,____ ____,Cycle1,____ ______,Grade 4,___,Male,_______,Emirati,100.00%,16
2022-2023,_____ ______ _____ _____,Private Schools MOE Curriculum,_____,AL AIN,____ ____,Cycle1,____ ______,Grade 4,___,Male,____,Expat,99.20%,502
2022-2023,_____ ______ _____ _____,Private Schools MOE Curriculum,_____,AL AIN,____ _____,Cycle3,____ ______,Grade 9,____,Female,_______,Emirati,100.00%,45
2022-2023,_____ ______ _____ _____,Private Schools MOE Curriculum,_____,AL AIN,____ _____,Cycle3,____ ______,Grade 9,____,Female,____,Expat,98.58%,422
2022-2023,_____ ______ _____ _____,Private Schools MOE Curriculum,_____,AL AIN,____ _____,Cycle3,____ ______,Grade 9,___,Male,_______,Emirati,100.00%,73
2022-2023,_____ ______ _____ _____,Private Schools MOE Curriculum,_____,AL AIN,____ _____,Cycle3,____ ______,Grade 9,___,Male,____,Expat,98.63%,512
2022-2023,_____ ______ _____ _____,Private Schools MOE Curriculum,_____,AL AIN,____ _____,Cycle3,____ ______ ___,Grade 12,____,Female,_______,Emirati,82.54%,63
2022-2023,_____ ______ _____ _____,Private Schools MOE Curriculum,_____,AL AIN,____ _____,Cycle3,____ ______ ___,Grade 12,____,Female,____,Expat,92.87%,491
2022-2023,_____ ______ _____ _____,Private Schools MOE Curriculum,_____,AL AIN,____ _____,Cycle3,____ ______ ___,Grade 12,___,Male,_______,Emirati,96.64%,119
2022-2023,_____ ______ _____ _____,Private Schools MOE Curriculum,_____,AL AIN,____ _____,Cycle3,____ ______ ___,Grade 12,___,Male,____,Expat,97.97%,541
2022-2023,_____ ______ _____ _____,Private Schools MOE Curriculum,_____,AL AIN,____ _____,Cycle3,____ ______ ___,Grade 11,____,Female,_______,Emirati,100.00%,33
2022-2023,_____ ______ _____ _____,Private Schools MOE Curriculum,_____,AL AIN,____ _____,Cycle3,____ ______ ___,Grade 11,____,Female,____,Expat,99.09%,438
2022-2023,_____ ______ _____ _____,Private Schools MOE Curriculum,_____,AL AIN,____ _____,Cycle3,____ ______ ___,Grade 11,___,Male,_______,Emirati,99.06%,106
2022-2023,_____ ______ _____ _____,Private Schools MOE Curriculum,_____,AL AIN,____ _____,Cycle3,____ ______ ___,Grade 11,___,Male,____,Expat,98.30%,530
2022-2023,_____ ______ _____ _____,Private Schools MOE Curriculum,_____,AL AIN,____ _____,Cycle3,____ ______,Grade 10,____,Female,_______,Emirati,100.00%,44
2022-2023,_____ ______ _____ _____,Private Schools MOE Curriculum,_____,AL AIN,____ _____,Cycle3,____ ______,Grade 10,____,Female,____,Expat,98.11%,476
2022-2023,_____ ______ _____ _____,Private Schools MOE Curriculum,_____,AL AIN,____ _____,Cycle3,____ ______,Grade 10,___,Male,_______,Emirati,97.92%,96
2022-2023,_____ ______ _____ _____,Private Schools MOE Curriculum,_____,AL AIN,____ _____,Cycle3,____ ______,Grade 10,___,Male,____,Expat,97.52%,604
2022-2023,_____ ______ _____ _____,Private Schools MOE Curriculum,_____,AL AIN,____ _____,Cycle2,____ ______,Grade 8,____,Female,_______,Emirati,96.00%,25
2022-2023,_____ ______ _____ _____,Private Schools MOE Curriculum,_____,AL AIN,____ _____,Cycle2,____ ______,Grade 8,____,Female,____,Expat,99.22%,383
2022-2023,_____ ______ _____ _____,Private Schools MOE Curriculum,_____,AL AIN,____ _____,Cycle2,____ ______,Grade 8,___,Male,_______,Emirati,98.41%,63
2022-2023,_____ ______ _____ _____,Private Schools MOE Curriculum,_____,AL AIN,____ _____,Cycle2,____ ______,Grade 8,___,Male,____,Expat,99.31%,435
2022-2023,_____ ______ _____ _____,Private Schools MOE Curriculum,_____,AL AIN,____ _____,Cycle2,____ ______,Grade 5,____,Female,_______,Emirati,100.00%,21
2022-2023,_____ ______ _____ _____,Private Schools MOE Curriculum,_____,AL AIN,____ _____,Cycle2,____ ______,Grade 5,____,Female,____,Expat,98.92%,464
2022-2023,_____ ______ _____ _____,Private Schools MOE Curriculum,_____,AL AIN,____ _____,Cycle2,____ ______,Grade 5,___,Male,_______,Emirati,100.00%,35
2022-2023,_____ ______ _____ _____,Private Schools MOE Curriculum,_____,AL AIN,____ _____,Cycle2,____ ______,Grade 5,___,Male,____,Expat,99.34%,458
2022-2023,_____ ______ _____ _____,Private Schools MOE Curriculum,_____,AL AIN,____ _____,Cycle2,____ ______,Grade 7,____,Female,_______,Emirati,100.00%,21
2022-2023,_____ ______ _____ _____,Private Schools MOE Curriculum,_____,AL AIN,____ _____,Cycle2,____ ______,Grade 7,____,Female,____,Expat,99.73%,369
2022-2023,_____ ______ _____ _____,Private Schools MOE Curriculum,_____,AL AIN,____ _____,Cycle2,____ ______,Grade 7,___,Male,_______,Emirati,100.00%,33
2022-2023,_____ ______ _____ _____,Private Schools MOE Curriculum,_____,AL AIN,____ _____,Cycle2,____ ______,Grade 7,___,Male,____,Expat,98.87%,444
2022-2023,_____ ______ _____ _____,Private Schools MOE Curriculum,_____,AL AIN,____ _____,Cycle2,____ ______,Grade 6,____,Female,_______,Emirati,96.88%,32
2022-2023,_____ ______ _____ _____,Private Schools MOE Curriculum,_____,AL AIN,____ _____,Cycle2,____ ______,Grade 6,____,Female,____,Expat,99.27%,412
2022-2023,_____ ______ _____ _____,Private Schools MOE Curriculum,_____,AL AIN,____ _____,Cycle2,____ ______,Grade 6,___,Male,_______,Emirati,100.00%,35
2022-2023,_____ ______ _____ _____,Private Schools MOE Curriculum,_____,AL AIN,____ _____,Cycle2,____ ______,Grade 6,___,Male,____,Expat,98.65%,443
2022-2023,_____ ______ _____ _____,Private Schools MOE Curriculum,_______,AL FUJAIRAH,____ ____,Cycle1,____ _____,Grade 1,____,Female,_______,Emirati,100.00%,3
2022-2023,_____ ______ _____ _____,Private Schools MOE Curriculum,_______,AL FUJAIRAH,____ ____,Cycle1,____ _____,Grade 1,____,Female,____,Expat,100.00%,100
2022-2023,_____ ______ _____ _____,Private Schools MOE Curriculum,_______,AL FUJAIRAH,____ ____,Cycle1,____ _____,Grade 1,___,Male,_______,Emirati,100.00%,2
2022-2023,_____ ______ _____ _____,Private Schools MOE Curriculum,_______,AL FUJAIRAH,____ ____,Cycle1,____ _____,Grade 1,___,Male,____,Expat,99.07%,107
2022-2023,_____ ______ _____ _____,Private Schools MOE Curriculum,_______,AL FUJAIRAH,____ ____,Cycle1,____ ______,Grade 3,____,Female,_______,Emirati,100.00%,1
2022-2023,_____ ______ _____ _____,Private Schools MOE Curriculum,_______,AL FUJAIRAH,____ ____,Cycle1,____ ______,Grade 3,____,Female,____,Expat,99.04%,104
2022-2023,_____ ______ _____ _____,Private Schools MOE Curriculum,_______,AL FUJAIRAH,____ ____,Cycle1,____ ______,Grade 3,___,Male,_______,Emirati,100.00%,2
2022-2023,_____ ______ _____ _____,Private Schools MOE Curriculum,_______,AL FUJAIRAH,____ ____,Cycle1,____ ______,Grade 3,___,Male,____,Expat,98.97%,97
2022-2023,_____ ______ _____ _____,Private Schools MOE Curriculum,_______,AL FUJAIRAH,____ ____,Cycle1,____ ______,Grade 2,____,Female,_______,Emirati,100.00%,3
2022-2023,_____ ______ _____ _____,Private Schools MOE Curriculum,_______,AL FUJAIRAH,____ ____,Cycle1,____ ______,Grade 2,____,Female,____,Expat,100.00%,112
2022-2023,_____ ______ _____ _____,Private Schools MOE Curriculum,_______,AL FUJAIRAH,____ ____,Cycle1,____ ______,Grade 2,___,Male,____,Expat,98.08%,104
2022-2023,_____ ______ _____ _____,Private Schools MOE Curriculum,_______,AL FUJAIRAH,____ ____,Cycle1,____ ______,Grade 4,____,Female,_______,Emirati,100.00%,3
2022-2023,_____ ______ _____ _____,Private Schools MOE Curriculum,_______,AL FUJAIRAH,____ ____,Cycle1,____ ______,Grade 4,____,Female,____,Expat,98.99%,99
2022-2023,_____ ______ _____ _____,Private Schools MOE Curriculum,_______,AL FUJAIRAH,____ ____,Cycle1,____ ______,Grade 4,___,Male,_______,Emirati,100.00%,3
2022-2023,_____ ______ _____ _____,Private Schools MOE Curriculum,_______,AL FUJAIRAH,____ ____,Cycle1,____ ______,Grade 4,___,Male,____,Expat,99.00%,100
2022-2023,_____ ______ _____ _____,Private Schools MOE Curriculum,_______,AL FUJAIRAH,____ _____,Cycle3,____ ______,Grade 9,____,Female,_______,Emirati,100.00%,2
2022-2023,_____ ______ _____ _____,Private Schools MOE Curriculum,_______,AL FUJAIRAH,____ _____,Cycle3,____ ______,Grade 9,____,Female,____,Expat,100.00%,73
2022-2023,_____ ______ _____ _____,Private Schools MOE Curriculum,_______,AL FUJAIRAH,____ _____,Cycle3,____ ______,Grade 9,___,Male,_______,Emirati,100.00%,1
2022-2023,_____ ______ _____ _____,Private Schools MOE Curriculum,_______,AL FUJAIRAH,____ _____,Cycle3,____ ______,Grade 9,___,Male,____,Expat,98.15%,108
2022-2023,_____ ______ _____ _____,Private Schools MOE Curriculum,_______,AL FUJAIRAH,____ _____,Cycle3,____ ______ ___,Grade 12,____,Female,____,Expat,92.77%,83
2022-2023,_____ ______ _____ _____,Private Schools MOE Curriculum,_______,AL FUJAIRAH,____ _____,Cycle3,____ ______ ___,Grade 12,___,Male,_______,Emirati,100.00%,1
2022-2023,_____ ______ _____ _____,Private Schools MOE Curriculum,_______,AL FUJAIRAH,____ _____,Cycle3,____ ______ ___,Grade 12,___,Male,____,Expat,96.80%,125
2022-2023,_____ ______ _____ _____,Private Schools MOE Curriculum,_______,AL FUJAIRAH,____ _____,Cycle3,____ ______ ___,Grade 11,____,Female,____,Expat,98.59%,71
2022-2023,_____ ______ _____ _____,Private Schools MOE Curriculum,_______,AL FUJAIRAH,____ _____,Cycle3,____ ______ ___,Grade 11,___,Male,_______,Emirati,100.00%,1
2022-2023,_____ ______ _____ _____,Private Schools MOE Curriculum,_______,AL FUJAIRAH,____ _____,Cycle3,____ ______ ___,Grade 11,___,Male,____,Expat,100.00%,83
2022-2023,_____ ______ _____ _____,Private Schools MOE Curriculum,_______,AL FUJAIRAH,____ _____,Cycle3,____ ______,Grade 10,____,Female,____,Expat,98.57%,70
2022-2023,_____ ______ _____ _____,Private Schools MOE Curriculum,_______,AL FUJAIRAH,____ _____,Cycle3,____ ______,Grade 10,___,Male,_______,Emirati,50.00%,2
2022-2023,_____ ______ _____ _____,Private Schools MOE Curriculum,_______,AL FUJAIRAH,____ _____,Cycle3,____ ______,Grade 10,___,Male,____,Expat,98.86%,88
2022-2023,_____ ______ _____ _____,Private Schools MOE Curriculum,_______,AL FUJAIRAH,____ _____,Cycle2,____ ______,Grade 8,____,Female,_______,Emirati,100.00%,1
2022-2023,_____ ______ _____ _____,Private Schools MOE Curriculum,_______,AL FUJAIRAH,____ _____,Cycle2,____ ______,Grade 8,____,Female,____,Expat,97.70%,87
2022-2023,_____ ______ _____ _____,Private Schools MOE Curriculum,_______,AL FUJAIRAH,____ _____,Cycle2,____ ______,Grade 8,___,Male,_______,Emirati,100.00%,2
2022-2023,_____ ______ _____ _____,Private Schools MOE Curriculum,_______,AL FUJAIRAH,____ _____,Cycle2,____ ______,Grade 8,___,Male,____,Expat,100.00%,76
2022-2023,_____ ______ _____ _____,Private Schools MOE Curriculum,_______,AL FUJAIRAH,____ _____,Cycle2,____ ______,Grade 5,____,Female,_______,Emirati,100.00%,3
2022-2023,_____ ______ _____ _____,Private Schools MOE Curriculum,_______,AL FUJAIRAH,____ _____,Cycle2,____ ______,Grade 5,____,Female,____,Expat,98.28%,116
2022-2023,_____ ______ _____ _____,Private Schools MOE Curriculum,_______,AL FUJAIRAH,____ _____,Cycle2,____ ______,Grade 5,___,Male,_______,Emirati,100.00%,5
2022-2023,_____ ______ _____ _____,Private Schools MOE Curriculum,_______,AL FUJAIRAH,____ _____,Cycle2,____ ______,Grade 5,___,Male,____,Expat,100.00%,96
2022-2023,_____ ______ _____ _____,Private Schools MOE Curriculum,_______,AL FUJAIRAH,____ _____,Cycle2,____ ______,Grade 7,____,Female,_______,Emirati,100.00%,1
2022-2023,_____ ______ _____ _____,Private Schools MOE Curriculum,_______,AL FUJAIRAH,____ _____,Cycle2,____ ______,Grade 7,____,Female,____,Expat,100.00%,87
2022-2023,_____ ______ _____ _____,Private Schools MOE Curriculum,_______,AL FUJAIRAH,____ _____,Cycle2,____ ______,Grade 7,___,Male,_______,Emirati,100.00%,1
2022-2023,_____ ______ _____ _____,Private Schools MOE Curriculum,_______,AL FUJAIRAH,____ _____,Cycle2,____ ______,Grade 7,___,Male,____,Expat,99.07%,107
2022-2023,_____ ______ _____ _____,Private Schools MOE Curriculum,_______,AL FUJAIRAH,____ _____,Cycle2,____ ______,Grade 6,____,Female,_______,Emirati,100.00%,1
2022-2023,_____ ______ _____ _____,Private Schools MOE Curriculum,_______,AL FUJAIRAH,____ _____,Cycle2,____ ______,Grade 6,____,Female,____,Expat,100.00%,78
2022-2023,_____ ______ _____ _____,Private Schools MOE Curriculum,_______,AL FUJAIRAH,____ _____,Cycle2,____ ______,Grade 6,___,Male,_______,Emirati,100.00%,1
2022-2023,_____ ______ _____ _____,Private Schools MOE Curriculum,_______,AL FUJAIRAH,____ _____,Cycle2,____ ______,Grade 6,___,Male,____,Expat,98.10%,105
2022-2023,_____ ______ _____ _____,Private Schools MOE Curriculum,______,ABU DHABI,____ ____,Cycle1,____ _____,Grade 1,____,Female,_______,Emirati,100.00%,32
2022-2023,_____ ______ _____ _____,Private Schools MOE Curriculum,______,ABU DHABI,____ ____,Cycle1,____ _____,Grade 1,____,Female,____,Expat,99.19%,1115
2022-2023,_____ ______ _____ _____,Private Schools MOE Curriculum,______,ABU DHABI,____ ____,Cycle1,____ _____,Grade 1,___,Male,_______,Emirati,100.00%,22
2022-2023,_____ ______ _____ _____,Private Schools MOE Curriculum,______,ABU DHABI,____ ____,Cycle1,____ _____,Grade 1,___,Male,____,Expat,98.61%,1081
2022-2023,_____ ______ _____ _____,Private Schools MOE Curriculum,______,ABU DHABI,____ ____,Cycle1,____ ______,Grade 3,____,Female,_______,Emirati,100.00%,29
2022-2023,_____ ______ _____ _____,Private Schools MOE Curriculum,______,ABU DHABI,____ ____,Cycle1,____ ______,Grade 3,____,Female,____,Expat,98.91%,1011
2022-2023,_____ ______ _____ _____,Private Schools MOE Curriculum,______,ABU DHABI,____ ____,Cycle1,____ ______,Grade 3,___,Male,_______,Emirati,93.10%,29
2022-2023,_____ ______ _____ _____,Private Schools MOE Curriculum,______,ABU DHABI,____ ____,Cycle1,____ ______,Grade 3,___,Male,____,Expat,99.50%,993
2022-2023,_____ ______ _____ _____,Private Schools MOE Curriculum,______,ABU DHABI,____ ____,Cycle1,____ ______,Grade 2,____,Female,_______,Emirati,100.00%,26
2022-2023,_____ ______ _____ _____,Private Schools MOE Curriculum,______,ABU DHABI,____ ____,Cycle1,____ ______,Grade 2,____,Female,____,Expat,99.33%,1044
2022-2023,_____ ______ _____ _____,Private Schools MOE Curriculum,______,ABU DHABI,____ ____,Cycle1,____ ______,Grade 2,___,Male,_______,Emirati,100.00%,19
2022-2023,_____ ______ _____ _____,Private Schools MOE Curriculum,______,ABU DHABI,____ ____,Cycle1,____ ______,Grade 2,___,Male,____,Expat,99.31%,1019
2022-2023,_____ ______ _____ _____,Private Schools MOE Curriculum,______,ABU DHABI,____ ____,Cycle1,____ ______,Grade 4,____,Female,_______,Emirati,100.00%,27
2022-2023,_____ ______ _____ _____,Private Schools MOE Curriculum,______,ABU DHABI,____ ____,Cycle1,____ ______,Grade 4,____,Female,____,Expat,99.78%,895
2022-2023,_____ ______ _____ _____,Private Schools MOE Curriculum,______,ABU DHABI,____ ____,Cycle1,____ ______,Grade 4,___,Male,_______,Emirati,100.00%,24
2022-2023,_____ ______ _____ _____,Private Schools MOE Curriculum,______,ABU DHABI,____ ____,Cycle1,____ ______,Grade 4,___,Male,____,Expat,99.18%,849
2022-2023,_____ ______ _____ _____,Private Schools MOE Curriculum,______,ABU DHABI,____ _____,Cycle3,____ ______,Grade 9,____,Female,_______,Emirati,100.00%,37
2022-2023,_____ ______ _____ _____,Private Schools MOE Curriculum,______,ABU DHABI,____ _____,Cycle3,____ ______,Grade 9,____,Female,____,Expat,96.74%,768
2022-2023,_____ ______ _____ _____,Private Schools MOE Curriculum,______,ABU DHABI,____ _____,Cycle3,____ ______,Grade 9,___,Male,_______,Emirati,100.00%,72
2022-2023,_____ ______ _____ _____,Private Schools MOE Curriculum,______,ABU DHABI,____ _____,Cycle3,____ ______,Grade 9,___,Male,____,Expat,95.65%,758
2022-2023,_____ ______ _____ _____,Private Schools MOE Curriculum,______,ABU DHABI,____ _____,Cycle3,____ ______ ___,Grade 12,____,Female,_______,Emirati,90.36%,83
2022-2023,_____ ______ _____ _____,Private Schools MOE Curriculum,______,ABU DHABI,____ _____,Cycle3,____ ______ ___,Grade 12,____,Female,____,Expat,92.63%,800
2022-2023,_____ ______ _____ _____,Private Schools MOE Curriculum,______,ABU DHABI,____ _____,Cycle3,____ ______ ___,Grade 12,___,Male,_______,Emirati,98.39%,186
2022-2023,_____ ______ _____ _____,Private Schools MOE Curriculum,______,ABU DHABI,____ _____,Cycle3,____ ______ ___,Grade 12,___,Male,____,Expat,98.35%,787
2022-2023,_____ ______ _____ _____,Private Schools MOE Curriculum,______,ABU DHABI,____ _____,Cycle3,____ ______ ___,Grade 11,____,Female,_______,Emirati,98.28%,58
2022-2023,_____ ______ _____ _____,Private Schools MOE Curriculum,______,ABU DHABI,____ _____,Cycle3,____ ______ ___,Grade 11,____,Female,____,Expat,98.59%,778
2022-2023,_____ ______ _____ _____,Private Schools MOE Curriculum,______,ABU DHABI,____ _____,Cycle3,____ ______ ___,Grade 11,___,Male,_______,Emirati,98.37%,123
2022-2023,_____ ______ _____ _____,Private Schools MOE Curriculum,______,ABU DHABI,____ _____,Cycle3,____ ______ ___,Grade 11,___,Male,____,Expat,98.78%,819
2022-2023,_____ ______ _____ _____,Private Schools MOE Curriculum,______,ABU DHABI,____ _____,Cycle3,____ ______,Grade 10,____,Female,_______,Emirati,100.00%,49
2022-2023,_____ ______ _____ _____,Private Schools MOE Curriculum,______,ABU DHABI,____ _____,Cycle3,____ ______,Grade 10,____,Female,____,Expat,96.76%,894
2022-2023,_____ ______ _____ _____,Private Schools MOE Curriculum,______,ABU DHABI,____ _____,Cycle3,____ ______,Grade 10,___,Male,_______,Emirati,96.46%,113
2022-2023,_____ ______ _____ _____,Private Schools MOE Curriculum,______,ABU DHABI,____ _____,Cycle3,____ ______,Grade 10,___,Male,____,Expat,97.03%,843
2022-2023,_____ ______ _____ _____,Private Schools MOE Curriculum,______,ABU DHABI,____ _____,Cycle2,____ ______,Grade 8,____,Female,_______,Emirati,100.00%,50
2022-2023,_____ ______ _____ _____,Private Schools MOE Curriculum,______,ABU DHABI,____ _____,Cycle2,____ ______,Grade 8,____,Female,____,Expat,99.49%,783
2022-2023,_____ ______ _____ _____,Private Schools MOE Curriculum,______,ABU DHABI,____ _____,Cycle2,____ ______,Grade 8,___,Male,_______,Emirati,98.39%,62
2022-2023,_____ ______ _____ _____,Private Schools MOE Curriculum,______,ABU DHABI,____ _____,Cycle2,____ ______,Grade 8,___,Male,____,Expat,98.94%,757
2022-2023,_____ ______ _____ _____,Private Schools MOE Curriculum,______,ABU DHABI,____ _____,Cycle2,____ ______,Grade 5,____,Female,_______,Emirati,97.78%,45
2022-2023,_____ ______ _____ _____,Private Schools MOE Curriculum,______,ABU DHABI,____ _____,Cycle2,____ ______,Grade 5,____,Female,____,Expat,98.79%,906
2022-2023,_____ ______ _____ _____,Private Schools MOE Curriculum,______,ABU DHABI,____ _____,Cycle2,____ ______,Grade 5,___,Male,_______,Emirati,100.00%,28
2022-2023,_____ ______ _____ _____,Private Schools MOE Curriculum,______,ABU DHABI,____ _____,Cycle2,____ ______,Grade 5,___,Male,____,Expat,98.35%,910
2022-2023,_____ ______ _____ _____,Private Schools MOE Curriculum,______,ABU DHABI,____ _____,Cycle2,____ ______,Grade 7,____,Female,_______,Emirati,97.37%,38
2022-2023,_____ ______ _____ _____,Private Schools MOE Curriculum,______,ABU DHABI,____ _____,Cycle2,____ ______,Grade 7,____,Female,____,Expat,98.51%,803
2022-2023,_____ ______ _____ _____,Private Schools MOE Curriculum,______,ABU DHABI,____ _____,Cycle2,____ ______,Grade 7,___,Male,_______,Emirati,100.00%,44
2022-2023,_____ ______ _____ _____,Private Schools MOE Curriculum,______,ABU DHABI,____ _____,Cycle2,____ ______,Grade 7,___,Male,____,Expat,97.03%,809
2022-2023,_____ ______ _____ _____,Private Schools MOE Curriculum,______,ABU DHABI,____ _____,Cycle2,____ ______,Grade 6,____,Female,_______,Emirati,97.06%,34
2022-2023,_____ ______ _____ _____,Private Schools MOE Curriculum,______,ABU DHABI,____ _____,Cycle2,____ ______,Grade 6,____,Female,____,Expat,97.93%,869
2022-2023,_____ ______ _____ _____,Private Schools MOE Curriculum,______,ABU DHABI,____ _____,Cycle2,____ ______,Grade 6,___,Male,_______,Emirati,100.00%,43
2022-2023,_____ ______ _____ _____,Private Schools MOE Curriculum,______,ABU DHABI,____ _____,Cycle2,____ ______,Grade 6,___,Male,____,Expat,97.39%,767
2022-2023,_____ ______ _____ _____,Private Schools MOE Curriculum,__ _______,Umm Al Quwain,____ ____,Cycle1,____ _____,Grade 1,____,Female,____,Expat,97.92%,48
2022-2023,_____ ______ _____ _____,Private Schools MOE Curriculum,__ _______,Umm Al Quwain,____ ____,Cycle1,____ _____,Grade 1,___,Male,_______,Emirati,100.00%,1
2022-2023,_____ ______ _____ _____,Private Schools MOE Curriculum,__ _______,Umm Al Quwain,____ ____,Cycle1,____ _____,Grade 1,___,Male,____,Expat,97.78%,45
2022-2023,_____ ______ _____ _____,Private Schools MOE Curriculum,__ _______,Umm Al Quwain,____ ____,Cycle1,____ ______,Grade 3,____,Female,____,Expat,100.00%,46
2022-2023,_____ ______ _____ _____,Private Schools MOE Curriculum,__ _______,Umm Al Quwain,____ ____,Cycle1,____ ______,Grade 3,___,Male,____,Expat,100.00%,49
2022-2023,_____ ______ _____ _____,Private Schools MOE Curriculum,__ _______,Umm Al Quwain,____ ____,Cycle1,____ ______,Grade 2,____,Female,_______,Emirati,100.00%,1
2022-2023,_____ ______ _____ _____,Private Schools MOE Curriculum,__ _______,Umm Al Quwain,____ ____,Cycle1,____ ______,Grade 2,____,Female,____,Expat,100.00%,46
2022-2023,_____ ______ _____ _____,Private Schools MOE Curriculum,__ _______,Umm Al Quwain,____ ____,Cycle1,____ ______,Grade 2,___,Male,_______,Emirati,100.00%,2
2022-2023,_____ ______ _____ _____,Private Schools MOE Curriculum,__ _______,Umm Al Quwain,____ ____,Cycle1,____ ______,Grade 2,___,Male,____,Expat,100.00%,49
2022-2023,_____ ______ _____ _____,Private Schools MOE Curriculum,__ _______,Umm Al Quwain,____ ____,Cycle1,____ ______,Grade 4,____,Female,____,Expat,100.00%,54
2022-2023,_____ ______ _____ _____,Private Schools MOE Curriculum,__ _______,Umm Al Quwain,____ ____,Cycle1,____ ______,Grade 4,___,Male,_______,Emirati,100.00%,1
2022-2023,_____ ______ _____ _____,Private Schools MOE Curriculum,__ _______,Umm Al Quwain,____ ____,Cycle1,____ ______,Grade 4,___,Male,____,Expat,98.00%,50
2022-2023,_____ ______ _____ _____,Private Schools MOE Curriculum,__ _______,Umm Al Quwain,____ _____,Cycle3,____ ______,Grade 9,____,Female,____,Expat,100.00%,41
2022-2023,_____ ______ _____ _____,Private Schools MOE Curriculum,__ _______,Umm Al Quwain,____ _____,Cycle3,____ ______,Grade 9,___,Male,_______,Emirati,100.00%,1
2022-2023,_____ ______ _____ _____,Private Schools MOE Curriculum,__ _______,Umm Al Quwain,____ _____,Cycle3,____ ______,Grade 9,___,Male,____,Expat,100.00%,35
2022-2023,_____ ______ _____ _____,Private Schools MOE Curriculum,__ _______,Umm Al Quwain,____ _____,Cycle3,____ ______ ___,Grade 12,____,Female,____,Expat,97.37%,38
2022-2023,_____ ______ _____ _____,Private Schools MOE Curriculum,__ _______,Umm Al Quwain,____ _____,Cycle3,____ ______ ___,Grade 11,____,Female,____,Expat,97.14%,35
2022-2023,_____ ______ _____ _____,Private Schools MOE Curriculum,__ _______,Umm Al Quwain,____ _____,Cycle3,____ ______ ___,Grade 11,___,Male,____,Expat,100.00%,36
2022-2023,_____ ______ _____ _____,Private Schools MOE Curriculum,__ _______,Umm Al Quwain,____ _____,Cycle3,____ ______,Grade 10,____,Female,____,Expat,100.00%,28
2022-2023,_____ ______ _____ _____,Private Schools MOE Curriculum,__ _______,Umm Al Quwain,____ _____,Cycle3,____ ______,Grade 10,___,Male,____,Expat,100.00%,36
2022-2023,_____ ______ _____ _____,Private Schools MOE Curriculum,__ _______,Umm Al Quwain,____ _____,Cycle2,____ ______,Grade 8,____,Female,____,Expat,100.00%,30
2022-2023,_____ ______ _____ _____,Private Schools MOE Curriculum,__ _______,Umm Al Quwain,____ _____,Cycle2,____ ______,Grade 8,___,Male,____,Expat,100.00%,40
2022-2023,_____ ______ _____ _____,Private Schools MOE Curriculum,__ _______,Umm Al Quwain,____ _____,Cycle2,____ ______,Grade 5,____,Female,____,Expat,100.00%,43
2022-2023,_____ ______ _____ _____,Private Schools MOE Curriculum,__ _______,Umm Al Quwain,____ _____,Cycle2,____ ______,Grade 5,___,Male,_______,Emirati,100.00%,1
2022-2023,_____ ______ _____ _____,Private Schools MOE Curriculum,__ _______,Umm Al Quwain,____ _____,Cycle2,____ ______,Grade 5,___,Male,____,Expat,100.00%,39
2022-2023,_____ ______ _____ _____,Private Schools MOE Curriculum,__ _______,Umm Al Quwain,____ _____,Cycle2,____ ______,Grade 7,____,Female,_______,Emirati,100.00%,2
2022-2023,_____ ______ _____ _____,Private Schools MOE Curriculum,__ _______,Umm Al Quwain,____ _____,Cycle2,____ ______,Grade 7,____,Female,____,Expat,100.00%,49
2022-2023,_____ ______ _____ _____,Private Schools MOE Curriculum,__ _______,Umm Al Quwain,____ _____,Cycle2,____ ______,Grade 7,___,Male,____,Expat,97.06%,34
2022-2023,_____ ______ _____ _____,Private Schools MOE Curriculum,__ _______,Umm Al Quwain,____ _____,Cycle2,____ ______,Grade 6,____,Female,____,Expat,100.00%,60
2022-2023,_____ ______ _____ _____,Private Schools MOE Curriculum,__ _______,Umm Al Quwain,____ _____,Cycle2,____ ______,Grade 6,___,Male,____,Expat,100.00%,22
2022-2023,_____ ______ _____ _____,Private Schools MOE Curriculum,___,DUBAI,____ ____,Cycle1,____ _____,Grade 1,____,Female,_______,Emirati,100.00%,19
2022-2023,_____ ______ _____ _____,Private Schools MOE Curriculum,___,DUBAI,____ ____,Cycle1,____ _____,Grade 1,____,Female,____,Expat,99.10%,442
2022-2023,_____ ______ _____ _____,Private Schools MOE Curriculum,___,DUBAI,____ ____,Cycle1,____ _____,Grade 1,___,Male,_______,Emirati,100.00%,18
2022-2023,_____ ______ _____ _____,Private Schools MOE Curriculum,___,DUBAI,____ ____,Cycle1,____ _____,Grade 1,___,Male,____,Expat,98.64%,368
2022-2023,_____ ______ _____ _____,Private Schools MOE Curriculum,___,DUBAI,____ ____,Cycle1,____ ______,Grade 3,____,Female,_______,Emirati,100.00%,24
2022-2023,_____ ______ _____ _____,Private Schools MOE Curriculum,___,DUBAI,____ ____,Cycle1,____ ______,Grade 3,____,Female,____,Expat,99.01%,404
2022-2023,_____ ______ _____ _____,Private Schools MOE Curriculum,___,DUBAI,____ ____,Cycle1,____ ______,Grade 3,___,Male,_______,Emirati,95.83%,24
2022-2023,_____ ______ _____ _____,Private Schools MOE Curriculum,___,DUBAI,____ ____,Cycle1,____ ______,Grade 3,___,Male,____,Expat,98.24%,398
2022-2023,_____ ______ _____ _____,Private Schools MOE Curriculum,___,DUBAI,____ ____,Cycle1,____ ______,Grade 2,____,Female,_______,Emirati,95.45%,22
2022-2023,_____ ______ _____ _____,Private Schools MOE Curriculum,___,DUBAI,____ ____,Cycle1,____ ______,Grade 2,____,Female,____,Expat,98.98%,391
2022-2023,_____ ______ _____ _____,Private Schools MOE Curriculum,___,DUBAI,____ ____,Cycle1,____ ______,Grade 2,___,Male,_______,Emirati,100.00%,19
2022-2023,_____ ______ _____ _____,Private Schools MOE Curriculum,___,DUBAI,____ ____,Cycle1,____ ______,Grade 2,___,Male,____,Expat,98.82%,425
2022-2023,_____ ______ _____ _____,Private Schools MOE Curriculum,___,DUBAI,____ ____,Cycle1,____ ______,Grade 4,____,Female,_______,Emirati,100.00%,26
2022-2023,_____ ______ _____ _____,Private Schools MOE Curriculum,___,DUBAI,____ ____,Cycle1,____ ______,Grade 4,____,Female,____,Expat,99.34%,458
2022-2023,_____ ______ _____ _____,Private Schools MOE Curriculum,___,DUBAI,____ ____,Cycle1,____ ______,Grade 4,___,Male,_______,Emirati,100.00%,29
2022-2023,_____ ______ _____ _____,Private Schools MOE Curriculum,___,DUBAI,____ ____,Cycle1,____ ______,Grade 4,___,Male,____,Expat,99.39%,488
2022-2023,_____ ______ _____ _____,Private Schools MOE Curriculum,___,DUBAI,____ _____,Cycle3,____ ______,Grade 9,____,Female,_______,Emirati,94.12%,34
2022-2023,_____ ______ _____ _____,Private Schools MOE Curriculum,___,DUBAI,____ _____,Cycle3,____ ______,Grade 9,____,Female,____,Expat,98.03%,456
2022-2023,_____ ______ _____ _____,Private Schools MOE Curriculum,___,DUBAI,____ _____,Cycle3,____ ______,Grade 9,___,Male,_______,Emirati,96.43%,84
2022-2023,_____ ______ _____ _____,Private Schools MOE Curriculum,___,DUBAI,____ _____,Cycle3,____ ______,Grade 9,___,Male,____,Expat,97.54%,529
2022-2023,_____ ______ _____ _____,Private Schools MOE Curriculum,___,DUBAI,____ _____,Cycle3,____ ______ ___,Grade 12,____,Female,_______,Emirati,95.74%,47
2022-2023,_____ ______ _____ _____,Private Schools MOE Curriculum,___,DUBAI,____ _____,Cycle3,____ ______ ___,Grade 12,____,Female,____,Expat,96.53%,547
2022-2023,_____ ______ _____ _____,Private Schools MOE Curriculum,___,DUBAI,____ _____,Cycle3,____ ______ ___,Grade 12,___,Male,_______,Emirati,100.00%,103
2022-2023,_____ ______ _____ _____,Private Schools MOE Curriculum,___,DUBAI,____ _____,Cycle3,____ ______ ___,Grade 12,___,Male,____,Expat,94.80%,635
2022-2023,_____ ______ _____ _____,Private Schools MOE Curriculum,___,DUBAI,____ _____,Cycle3,____ ______ ___,Grade 11,____,Female,_______,Emirati,93.75%,48
2022-2023,_____ ______ _____ _____,Private Schools MOE Curriculum,___,DUBAI,____ _____,Cycle3,____ ______ ___,Grade 11,____,Female,____,Expat,97.74%,532
2022-2023,_____ ______ _____ _____,Private Schools MOE Curriculum,___,DUBAI,____ _____,Cycle3,____ ______ ___,Grade 11,___,Male,_______,Emirati,100.00%,67
2022-2023,_____ ______ _____ _____,Private Schools MOE Curriculum,___,DUBAI,____ _____,Cycle3,____ ______ ___,Grade 11,___,Male,____,Expat,98.62%,578
2022-2023,_____ ______ _____ _____,Private Schools MOE Curriculum,___,DUBAI,____ _____,Cycle3,____ ______,Grade 10,____,Female,_______,Emirati,92.31%,26
2022-2023,_____ ______ _____ _____,Private Schools MOE Curriculum,___,DUBAI,____ _____,Cycle3,____ ______,Grade 10,____,Female,____,Expat,95.98%,498
2022-2023,_____ ______ _____ _____,Private Schools MOE Curriculum,___,DUBAI,____ _____,Cycle3,____ ______,Grade 10,___,Male,_______,Emirati,93.06%,72
2022-2023,_____ ______ _____ _____,Private Schools MOE Curriculum,___,DUBAI,____ _____,Cycle3,____ ______,Grade 10,___,Male,____,Expat,98.86%,528
2022-2023,_____ ______ _____ _____,Private Schools MOE Curriculum,___,DUBAI,____ _____,Cycle2,____ ______,Grade 8,____,Female,_______,Emirati,100.00%,26
2022-2023,_____ ______ _____ _____,Private Schools MOE Curriculum,___,DUBAI,____ _____,Cycle2,____ ______,Grade 8,____,Female,____,Expat,98.65%,443
2022-2023,_____ ______ _____ _____,Private Schools MOE Curriculum,___,DUBAI,____ _____,Cycle2,____ ______,Grade 8,___,Male,_______,Emirati,97.87%,94
2022-2023,_____ ______ _____ _____,Private Schools MOE Curriculum,___,DUBAI,____ _____,Cycle2,____ ______,Grade 8,___,Male,____,Expat,98.05%,461
2022-2023,_____ ______ _____ _____,Private Schools MOE Curriculum,___,DUBAI,____ _____,Cycle2,____ ______,Grade 5,____,Female,_______,Emirati,92.00%,25
2022-2023,_____ ______ _____ _____,Private Schools MOE Curriculum,___,DUBAI,____ _____,Cycle2,____ ______,Grade 5,____,Female,____,Expat,97.16%,529
2022-2023,_____ ______ _____ _____,Private Schools MOE Curriculum,___,DUBAI,____ _____,Cycle2,____ ______,Grade 5,___,Male,_______,Emirati,100.00%,53
2022-2023,_____ ______ _____ _____,Private Schools MOE Curriculum,___,DUBAI,____ _____,Cycle2,____ ______,Grade 5,___,Male,____,Expat,98.78%,491
2022-2023,_____ ______ _____ _____,Private Schools MOE Curriculum,___,DUBAI,____ _____,Cycle2,____ ______,Grade 7,____,Female,_______,Emirati,90.48%,21
2022-2023,_____ ______ _____ _____,Private Schools MOE Curriculum,___,DUBAI,____ _____,Cycle2,____ ______,Grade 7,____,Female,____,Expat,98.45%,453
2022-2023,_____ ______ _____ _____,Private Schools MOE Curriculum,___,DUBAI,____ _____,Cycle2,____ ______,Grade 7,___,Male,_______,Emirati,100.00%,78
2022-2023,_____ ______ _____ _____,Private Schools MOE Curriculum,___,DUBAI,____ _____,Cycle2,____ ______,Grade 7,___,Male,____,Expat,98.88%,448
2022-2023,_____ ______ _____ _____,Private Schools MOE Curriculum,___,DUBAI,____ _____,Cycle2,____ ______,Grade 6,____,Female,_______,Emirati,100.00%,23
2022-2023,_____ ______ _____ _____,Private Schools MOE Curriculum,___,DUBAI,____ _____,Cycle2,____ ______,Grade 6,____,Female,____,Expat,97.69%,476
2022-2023,_____ ______ _____ _____,Private Schools MOE Curriculum,___,DUBAI,____ _____,Cycle2,____ ______,Grade 6,___,Male,_______,Emirati,100.00%,60
2022-2023,_____ ______ _____ _____,Private Schools MOE Curriculum,___,DUBAI,____ _____,Cycle2,____ ______,Grade 6,___,Male,____,Expat,98.74%,477
2022-2023,_____ ______ _____ _____,Private Schools MOE Curriculum,___ ______,Ras Al Khaimah,____ ____,Cycle1,____ _____,Grade 1,____,Female,_______,Emirati,100.00%,40
2022-2023,_____ ______ _____ _____,Private Schools MOE Curriculum,___ ______,Ras Al Khaimah,____ ____,Cycle1,____ _____,Grade 1,____,Female,____,Expat,98.87%,265
2022-2023,_____ ______ _____ _____,Private Schools MOE Curriculum,___ ______,Ras Al Khaimah,____ ____,Cycle1,____ _____,Grade 1,___,Male,_______,Emirati,100.00%,41
2022-2023,_____ ______ _____ _____,Private Schools MOE Curriculum,___ ______,Ras Al Khaimah,____ ____,Cycle1,____ _____,Grade 1,___,Male,____,Expat,97.80%,273
2022-2023,_____ ______ _____ _____,Private Schools MOE Curriculum,___ ______,Ras Al Khaimah,____ ____,Cycle1,____ ______,Grade 3,____,Female,_______,Emirati,100.00%,38
2022-2023,_____ ______ _____ _____,Private Schools MOE Curriculum,___ ______,Ras Al Khaimah,____ ____,Cycle1,____ ______,Grade 3,____,Female,____,Expat,97.94%,291
2022-2023,_____ ______ _____ _____,Private Schools MOE Curriculum,___ ______,Ras Al Khaimah,____ ____,Cycle1,____ ______,Grade 3,___,Male,_______,Emirati,100.00%,45
2022-2023,_____ ______ _____ _____,Private Schools MOE Curriculum,___ ______,Ras Al Khaimah,____ ____,Cycle1,____ ______,Grade 3,___,Male,____,Expat,98.11%,317
2022-2023,_____ ______ _____ _____,Private Schools MOE Curriculum,___ ______,Ras Al Khaimah,____ ____,Cycle1,____ ______,Grade 2,____,Female,_______,Emirati,100.00%,48
2022-2023,_____ ______ _____ _____,Private Schools MOE Curriculum,___ ______,Ras Al Khaimah,____ ____,Cycle1,____ ______,Grade 2,____,Female,____,Expat,99.13%,230
2022-2023,_____ ______ _____ _____,Private Schools MOE Curriculum,___ ______,Ras Al Khaimah,____ ____,Cycle1,____ ______,Grade 2,___,Male,_______,Emirati,100.00%,45
2022-2023,_____ ______ _____ _____,Private Schools MOE Curriculum,___ ______,Ras Al Khaimah,____ ____,Cycle1,____ ______,Grade 2,___,Male,____,Expat,97.99%,299
2022-2023,_____ ______ _____ _____,Private Schools MOE Curriculum,___ ______,Ras Al Khaimah,____ ____,Cycle1,____ ______,Grade 4,____,Female,_______,Emirati,100.00%,53
2022-2023,_____ ______ _____ _____,Private Schools MOE Curriculum,___ ______,Ras Al Khaimah,____ ____,Cycle1,____ ______,Grade 4,____,Female,____,Expat,98.14%,269
2022-2023,_____ ______ _____ _____,Private Schools MOE Curriculum,___ ______,Ras Al Khaimah,____ ____,Cycle1,____ ______,Grade 4,___,Male,_______,Emirati,100.00%,54
2022-2023,_____ ______ _____ _____,Private Schools MOE Curriculum,___ ______,Ras Al Khaimah,____ ____,Cycle1,____ ______,Grade 4,___,Male,____,Expat,98.40%,312
2022-2023,_____ ______ _____ _____,Private Schools MOE Curriculum,___ ______,Ras Al Khaimah,____ _____,Cycle3,____ ______,Grade 9,____,Female,_______,Emirati,100.00%,42
2022-2023,_____ ______ _____ _____,Private Schools MOE Curriculum,___ ______,Ras Al Khaimah,____ _____,Cycle3,____ ______,Grade 9,____,Female,____,Expat,96.65%,239
2022-2023,_____ ______ _____ _____,Private Schools MOE Curriculum,___ ______,Ras Al Khaimah,____ _____,Cycle3,____ ______,Grade 9,___,Male,_______,Emirati,100.00%,35
2022-2023,_____ ______ _____ _____,Private Schools MOE Curriculum,___ ______,Ras Al Khaimah,____ _____,Cycle3,____ ______,Grade 9,___,Male,____,Expat,96.02%,251
2022-2023,_____ ______ _____ _____,Private Schools MOE Curriculum,___ ______,Ras Al Khaimah,____ _____,Cycle3,____ ______ ___,Grade 12,____,Female,_______,Emirati,100.00%,44
2022-2023,_____ ______ _____ _____,Private Schools MOE Curriculum,___ ______,Ras Al Khaimah,____ _____,Cycle3,____ ______ ___,Grade 12,____,Female,____,Expat,95.13%,226
2022-2023,_____ ______ _____ _____,Private Schools MOE Curriculum,___ ______,Ras Al Khaimah,____ _____,Cycle3,____ ______ ___,Grade 12,___,Male,_______,Emirati,97.22%,36
2022-2023,_____ ______ _____ _____,Private Schools MOE Curriculum,___ ______,Ras Al Khaimah,____ _____,Cycle3,____ ______ ___,Grade 12,___,Male,____,Expat,99.59%,246
2022-2023,_____ ______ _____ _____,Private Schools MOE Curriculum,___ ______,Ras Al Khaimah,____ _____,Cycle3,____ ______ ___,Grade 11,____,Female,_______,Emirati,100.00%,31
2022-2023,_____ ______ _____ _____,Private Schools MOE Curriculum,___ ______,Ras Al Khaimah,____ _____,Cycle3,____ ______ ___,Grade 11,____,Female,____,Expat,99.09%,220
2022-2023,_____ ______ _____ _____,Private Schools MOE Curriculum,___ ______,Ras Al Khaimah,____ _____,Cycle3,____ ______ ___,Grade 11,___,Male,_______,Emirati,100.00%,41
2022-2023,_____ ______ _____ _____,Private Schools MOE Curriculum,___ ______,Ras Al Khaimah,____ _____,Cycle3,____ ______ ___,Grade 11,___,Male,____,Expat,100.00%,233
2022-2023,_____ ______ _____ _____,Private Schools MOE Curriculum,___ ______,Ras Al Khaimah,____ _____,Cycle3,____ ______,Grade 10,____,Female,_______,Emirati,95.65%,46
2022-2023,_____ ______ _____ _____,Private Schools MOE Curriculum,___ ______,Ras Al Khaimah,____ _____,Cycle3,____ ______,Grade 10,____,Female,____,Expat,97.21%,251
2022-2023,_____ ______ _____ _____,Private Schools MOE Curriculum,___ ______,Ras Al Khaimah,____ _____,Cycle3,____ ______,Grade 10,___,Male,_______,Emirati,100.00%,39
2022-2023,_____ ______ _____ _____,Private Schools MOE Curriculum,___ ______,Ras Al Khaimah,____ _____,Cycle3,____ ______,Grade 10,___,Male,____,Expat,98.25%,229
2022-2023,_____ ______ _____ _____,Private Schools MOE Curriculum,___ ______,Ras Al Khaimah,____ _____,Cycle2,____ ______,Grade 8,____,Female,_______,Emirati,100.00%,30
2022-2023,_____ ______ _____ _____,Private Schools MOE Curriculum,___ ______,Ras Al Khaimah,____ _____,Cycle2,____ ______,Grade 8,____,Female,____,Expat,96.22%,238
2022-2023,_____ ______ _____ _____,Private Schools MOE Curriculum,___ ______,Ras Al Khaimah,____ _____,Cycle2,____ ______,Grade 8,___,Male,_______,Emirati,100.00%,35
2022-2023,_____ ______ _____ _____,Private Schools MOE Curriculum,___ ______,Ras Al Khaimah,____ _____,Cycle2,____ ______,Grade 8,___,Male,____,Expat,100.00%,243
2022-2023,_____ ______ _____ _____,Private Schools MOE Curriculum,___ ______,Ras Al Khaimah,____ _____,Cycle2,____ ______,Grade 5,____,Female,_______,Emirati,100.00%,49
2022-2023,_____ ______ _____ _____,Private Schools MOE Curriculum,___ ______,Ras Al Khaimah,____ _____,Cycle2,____ ______,Grade 5,____,Female,____,Expat,99.29%,280
2022-2023,_____ ______ _____ _____,Private Schools MOE Curriculum,___ ______,Ras Al Khaimah,____ _____,Cycle2,____ ______,Grade 5,___,Male,_______,Emirati,100.00%,54
2022-2023,_____ ______ _____ _____,Private Schools MOE Curriculum,___ ______,Ras Al Khaimah,____ _____,Cycle2,____ ______,Grade 5,___,Male,____,Expat,94.22%,294
2022-2023,_____ ______ _____ _____,Private Schools MOE Curriculum,___ ______,Ras Al Khaimah,____ _____,Cycle2,____ ______,Grade 7,____,Female,_______,Emirati,100.00%,29
2022-2023,_____ ______ _____ _____,Private Schools MOE Curriculum,___ ______,Ras Al Khaimah,____ _____,Cycle2,____ ______,Grade 7,____,Female,____,Expat,95.60%,273
2022-2023,_____ ______ _____ _____,Private Schools MOE Curriculum,___ ______,Ras Al Khaimah,____ _____,Cycle2,____ ______,Grade 7,___,Male,_______,Emirati,100.00%,34
2022-2023,_____ ______ _____ _____,Private Schools MOE Curriculum,___ ______,Ras Al Khaimah,____ _____,Cycle2,____ ______,Grade 7,___,Male,____,Expat,97.85%,233
2022-2023,_____ ______ _____ _____,Private Schools MOE Curriculum,___ ______,Ras Al Khaimah,____ _____,Cycle2,____ ______,Grade 6,____,Female,_______,Emirati,100.00%,37
2022-2023,_____ ______ _____ _____,Private Schools MOE Curriculum,___ ______,Ras Al Khaimah,____ _____,Cycle2,____ ______,Grade 6,____,Female,____,Expat,98.76%,242
2022-2023,_____ ______ _____ _____,Private Schools MOE Curriculum,___ ______,Ras Al Khaimah,____ _____,Cycle2,____ ______,Grade 6,___,Male,_______,Emirati,100.00%,38
2022-2023,_____ ______ _____ _____,Private Schools MOE Curriculum,___ ______,Ras Al Khaimah,____ _____,Cycle2,____ ______,Grade 6,___,Male,____,Expat,97.24%,254
2022-2023,_____ ______ _____ _____,Private Schools MOE Curriculum,_____,AJMAN,____ ____,Cycle1,____ _____,Grade 1,____,Female,_______,Emirati,100.00%,21
2022-2023,_____ ______ _____ _____,Private Schools MOE Curriculum,_____,AJMAN,____ ____,Cycle1,____ _____,Grade 1,____,Female,____,Expat,99.36%,939
2022-2023,_____ ______ _____ _____,Private Schools MOE Curriculum,_____,AJMAN,____ ____,Cycle1,____ _____,Grade 1,___,Male,_______,Emirati,100.00%,22
2022-2023,_____ ______ _____ _____,Private Schools MOE Curriculum,_____,AJMAN,____ ____,Cycle1,____ _____,Grade 1,___,Male,____,Expat,99.45%,904
2022-2023,_____ ______ _____ _____,Private Schools MOE Curriculum,_____,AJMAN,____ ____,Cycle1,____ ______,Grade 3,____,Female,_______,Emirati,100.00%,21
2022-2023,_____ ______ _____ _____,Private Schools MOE Curriculum,_____,AJMAN,____ ____,Cycle1,____ ______,Grade 3,____,Female,____,Expat,99.21%,881
2022-2023,_____ ______ _____ _____,Private Schools MOE Curriculum,_____,AJMAN,____ ____,Cycle1,____ ______,Grade 3,___,Male,_______,Emirati,100.00%,26
2022-2023,_____ ______ _____ _____,Private Schools MOE Curriculum,_____,AJMAN,____ ____,Cycle1,____ ______,Grade 3,___,Male,____,Expat,99.31%,865
2022-2023,_____ ______ _____ _____,Private Schools MOE Curriculum,_____,AJMAN,____ ____,Cycle1,____ ______,Grade 2,____,Female,_______,Emirati,100.00%,15
2022-2023,_____ ______ _____ _____,Private Schools MOE Curriculum,_____,AJMAN,____ ____,Cycle1,____ ______,Grade 2,____,Female,____,Expat,99.44%,900
2022-2023,_____ ______ _____ _____,Private Schools MOE Curriculum,_____,AJMAN,____ ____,Cycle1,____ ______,Grade 2,___,Male,_______,Emirati,100.00%,32
2022-2023,_____ ______ _____ _____,Private Schools MOE Curriculum,_____,AJMAN,____ ____,Cycle1,____ ______,Grade 2,___,Male,____,Expat,99.33%,894
2022-2023,_____ ______ _____ _____,Private Schools MOE Curriculum,_____,AJMAN,____ ____,Cycle1,____ ______,Grade 4,____,Female,_______,Emirati,100.00%,23
2022-2023,_____ ______ _____ _____,Private Schools MOE Curriculum,_____,AJMAN,____ ____,Cycle1,____ ______,Grade 4,____,Female,____,Expat,99.24%,916
2022-2023,_____ ______ _____ _____,Private Schools MOE Curriculum,_____,AJMAN,____ ____,Cycle1,____ ______,Grade 4,___,Male,_______,Emirati,100.00%,39
2022-2023,_____ ______ _____ _____,Private Schools MOE Curriculum,_____,AJMAN,____ ____,Cycle1,____ ______,Grade 4,___,Male,____,Expat,99.47%,936
2022-2023,_____ ______ _____ _____,Private Schools MOE Curriculum,_____,AJMAN,____ _____,Cycle3,____ ______,Grade 9,____,Female,_______,Emirati,100.00%,10
2022-2023,_____ ______ _____ _____,Private Schools MOE Curriculum,_____,AJMAN,____ _____,Cycle3,____ ______,Grade 9,____,Female,____,Expat,97.35%,529
2022-2023,_____ ______ _____ _____,Private Schools MOE Curriculum,_____,AJMAN,____ _____,Cycle3,____ ______,Grade 9,___,Male,_______,Emirati,95.74%,47
2022-2023,_____ ______ _____ _____,Private Schools MOE Curriculum,_____,AJMAN,____ _____,Cycle3,____ ______,Grade 9,___,Male,____,Expat,97.86%,700
2022-2023,_____ ______ _____ _____,Private Schools MOE Curriculum,_____,AJMAN,____ _____,Cycle3,____ ______ ___,Grade 12,____,Female,_______,Emirati,78.57%,14
2022-2023,_____ ______ _____ _____,Private Schools MOE Curriculum,_____,AJMAN,____ _____,Cycle3,____ ______ ___,Grade 12,____,Female,____,Expat,97.45%,471
2022-2023,_____ ______ _____ _____,Private Schools MOE Curriculum,_____,AJMAN,____ _____,Cycle3,____ ______ ___,Grade 12,___,Male,_______,Emirati,96.55%,29
2022-2023,_____ ______ _____ _____,Private Schools MOE Curriculum,_____,AJMAN,____ _____,Cycle3,____ ______ ___,Grade 12,___,Male,____,Expat,97.66%,470
2022-2023,_____ ______ _____ _____,Private Schools MOE Curriculum,_____,AJMAN,____ _____,Cycle3,____ ______ ___,Grade 11,____,Female,_______,Emirati,100.00%,13
2022-2023,_____ ______ _____ _____,Private Schools MOE Curriculum,_____,AJMAN,____ _____,Cycle3,____ ______ ___,Grade 11,____,Female,____,Expat,98.03%,457
2022-2023,_____ ______ _____ _____,Private Schools MOE Curriculum,_____,AJMAN,____ _____,Cycle3,____ ______ ___,Grade 11,___,Male,_______,Emirati,100.00%,31
2022-2023,_____ ______ _____ _____,Private Schools MOE Curriculum,_____,AJMAN,____ _____,Cycle3,____ ______ ___,Grade 11,___,Male,____,Expat,99.41%,510
2022-2023,_____ ______ _____ _____,Private Schools MOE Curriculum,_____,AJMAN,____ _____,Cycle3,____ ______,Grade 10,____,Female,_______,Emirati,87.50%,8
2022-2023,_____ ______ _____ _____,Private Schools MOE Curriculum,_____,AJMAN,____ _____,Cycle3,____ ______,Grade 10,____,Female,____,Expat,97.19%,499
2022-2023,_____ ______ _____ _____,Private Schools MOE Curriculum,_____,AJMAN,____ _____,Cycle3,____ ______,Grade 10,___,Male,_______,Emirati,97.30%,37
2022-2023,_____ ______ _____ _____,Private Schools MOE Curriculum,_____,AJMAN,____ _____,Cycle3,____ ______,Grade 10,___,Male,____,Expat,96.25%,533
2022-2023,_____ ______ _____ _____,Private Schools MOE Curriculum,_____,AJMAN,____ _____,Cycle2,____ ______,Grade 8,____,Female,_______,Emirati,100.00%,17
2022-2023,_____ ______ _____ _____,Private Schools MOE Curriculum,_____,AJMAN,____ _____,Cycle2,____ ______,Grade 8,____,Female,____,Expat,98.79%,661
2022-2023,_____ ______ _____ _____,Private Schools MOE Curriculum,_____,AJMAN,____ _____,Cycle2,____ ______,Grade 8,___,Male,_______,Emirati,100.00%,38
2022-2023,_____ ______ _____ _____,Private Schools MOE Curriculum,_____,AJMAN,____ _____,Cycle2,____ ______,Grade 8,___,Male,____,Expat,99.44%,713
2022-2023,_____ ______ _____ _____,Private Schools MOE Curriculum,_____,AJMAN,____ _____,Cycle2,____ ______,Grade 5,____,Female,_______,Emirati,100.00%,18
2022-2023,_____ ______ _____ _____,Private Schools MOE Curriculum,_____,AJMAN,____ _____,Cycle2,____ ______,Grade 5,____,Female,____,Expat,97.08%,857
2022-2023,_____ ______ _____ _____,Private Schools MOE Curriculum,_____,AJMAN,____ _____,Cycle2,____ ______,Grade 5,___,Male,_______,Emirati,100.00%,39
2022-2023,_____ ______ _____ _____,Private Schools MOE Curriculum,_____,AJMAN,____ _____,Cycle2,____ ______,Grade 5,___,Male,____,Expat,97.33%,899
2022-2023,_____ ______ _____ _____,Private Schools MOE Curriculum,_____,AJMAN,____ _____,Cycle2,____ ______,Grade 7,____,Female,_______,Emirati,100.00%,15
2022-2023,_____ ______ _____ _____,Private Schools MOE Curriculum,_____,AJMAN,____ _____,Cycle2,____ ______,Grade 7,____,Female,____,Expat,98.39%,744
2022-2023,_____ ______ _____ _____,Private Schools MOE Curriculum,_____,AJMAN,____ _____,Cycle2,____ ______,Grade 7,___,Male,_______,Emirati,100.00%,41
2022-2023,_____ ______ _____ _____,Private Schools MOE Curriculum,_____,AJMAN,____ _____,Cycle2,____ ______,Grade 7,___,Male,____,Expat,97.93%,820
2022-2023,_____ ______ _____ _____,Private Schools MOE Curriculum,_____,AJMAN,____ _____,Cycle2,____ ______,Grade 6,____,Female,_______,Emirati,100.00%,24
2022-2023,_____ ______ _____ _____,Private Schools MOE Curriculum,_____,AJMAN,____ _____,Cycle2,____ ______,Grade 6,____,Female,____,Expat,97.42%,776
2022-2023,_____ ______ _____ _____,Private Schools MOE Curriculum,_____,AJMAN,____ _____,Cycle2,____ ______,Grade 6,___,Male,_______,Emirati,100.00%,44
2022-2023,_____ ______ _____ _____,Private Schools MOE Curriculum,_____,AJMAN,____ _____,Cycle2,____ ______,Grade 6,___,Male,____,Expat,98.94%,850
2022-2023,_____ _______ _______,Continuous Education,_______,SHARJAH,____ _____,Cycle3,____ ______,Grade 9,____,Female,_______,Emirati,63.64%,11
2022-2023,_____ _______ _______,Continuous Education,_______,SHARJAH,____ _____,Cycle3,____ ______,Grade 9,____,Female,____,Resident,77.94%,68
2022-2023,_____ _______ _______,Continuous Education,_______,SHARJAH,____ _____,Cycle3,____ ______,Grade 9,___,Male,_______,Emirati,79.75%,79
2022-2023,_____ _______ _______,Continuous Education,_______,SHARJAH,____ _____,Cycle3,____ ______,Grade 9,___,Male,____,Resident,90.32%,62
2022-2023,_____ _______ _______,Continuous Education,_______,SHARJAH,____ _____,Cycle3,____ ______ ___,Grade 12,____,Female,_______,Emirati,85.19%,81
2022-2023,_____ _______ _______,Continuous Education,_______,SHARJAH,____ _____,Cycle3,____ ______ ___,Grade 12,____,Female,____,Resident,93.33%,90
2022-2023,_____ _______ _______,Continuous Education,_______,SHARJAH,____ _____,Cycle3,____ ______ ___,Grade 12,___,Male,_______,Emirati,87.29%,181
2022-2023,_____ _______ _______,Continuous Education,_______,SHARJAH,____ _____,Cycle3,____ ______ ___,Grade 12,___,Male,____,Resident,94.44%,72
2022-2023,_____ _______ _______,Continuous Education,_______,SHARJAH,____ _____,Cycle3,____ ______ ___,Grade 11,____,Female,_______,Emirati,78.13%,32
2022-2023,_____ _______ _______,Continuous Education,_______,SHARJAH,____ _____,Cycle3,____ ______ ___,Grade 11,____,Female,____,Resident,90.14%,71
2022-2023,_____ _______ _______,Continuous Education,_______,SHARJAH,____ _____,Cycle3,____ ______ ___,Grade 11,___,Male,_______,Emirati,92.57%,148
2022-2023,_____ _______ _______,Continuous Education,_______,SHARJAH,____ _____,Cycle3,____ ______ ___,Grade 11,___,Male,____,Resident,90.79%,76
2022-2023,_____ _______ _______,Continuous Education,_______,SHARJAH,____ _____,Cycle3,____ ______,Grade 10,____,Female,_______,Emirati,93.10%,29
2022-2023,_____ _______ _______,Continuous Education,_______,SHARJAH,____ _____,Cycle3,____ ______,Grade 10,____,Female,____,Resident,64.00%,50
2022-2023,_____ _______ _______,Continuous Education,_______,SHARJAH,____ _____,Cycle3,____ ______,Grade 10,___,Male,_______,Emirati,81.29%,139
2022-2023,_____ _______ _______,Continuous Education,_______,SHARJAH,____ _____,Cycle3,____ ______,Grade 10,___,Male,____,Resident,94.29%,70
2022-2023,_____ _______ _______,Continuous Education,_______,SHARJAH,____ _____,Cycle2,____ ______,Grade 8,____,Female,_______,Emirati,80.00%,5
2022-2023,_____ _______ _______,Continuous Education,_______,SHARJAH,____ _____,Cycle2,____ ______,Grade 8,____,Female,____,Resident,68.75%,32
2022-2023,_____ _______ _______,Continuous Education,_______,SHARJAH,____ _____,Cycle2,____ ______,Grade 8,___,Male,_______,Emirati,86.67%,15
2022-2023,_____ _______ _______,Continuous Education,_______,SHARJAH,____ _____,Cycle2,____ ______,Grade 8,___,Male,____,Resident,87.50%,32
2022-2023,_____ _______ _______,Continuous Education,_______,SHARJAH,____ _____,Cycle2,____ ______,Grade 7,____,Female,_______,Emirati,62.50%,8
2022-2023,_____ _______ _______,Continuous Education,_______,SHARJAH,____ _____,Cycle2,____ ______,Grade 7,____,Female,____,Resident,55.56%,27
2022-2023,_____ _______ _______,Continuous Education,_______,SHARJAH,____ _____,Cycle2,____ ______,Grade 7,___,Male,_______,Emirati,60.00%,15
2022-2023,_____ _______ _______,Continuous Education,_______,SHARJAH,____ _____,Cycle2,____ ______,Grade 7,___,Male,____,Resident,78.57%,28
2022-2023,_____ _______ _______,Continuous Education,______,AL DHAFRA,____ _____,Cycle3,____ ______,Grade 9,____,Female,_______,Emirati,50.00%,12
2022-2023,_____ _______ _______,Continuous Education,______,AL DHAFRA,____ _____,Cycle3,____ ______,Grade 9,____,Female,____,Resident,100.00%,10
2022-2023,_____ _______ _______,Continuous Education,______,AL DHAFRA,____ _____,Cycle3,____ ______,Grade 9,___,Male,_______,Emirati,90.91%,33
2022-2023,_____ _______ _______,Continuous Education,______,AL DHAFRA,____ _____,Cycle3,____ ______,Grade 9,___,Male,____,Resident,100.00%,5
2022-2023,_____ _______ _______,Continuous Education,______,AL DHAFRA,____ _____,Cycle3,____ ______ ___,Grade 12,____,Female,_______,Emirati,80.65%,31
2022-2023,_____ _______ _______,Continuous Education,______,AL DHAFRA,____ _____,Cycle3,____ ______ ___,Grade 12,____,Female,____,Resident,86.67%,15
2022-2023,_____ _______ _______,Continuous Education,______,AL DHAFRA,____ _____,Cycle3,____ ______ ___,Grade 12,___,Male,_______,Emirati,88.06%,67
2022-2023,_____ _______ _______,Continuous Education,______,AL DHAFRA,____ _____,Cycle3,____ ______ ___,Grade 12,___,Male,____,Resident,100.00%,11
2022-2023,_____ _______ _______,Continuous Education,______,AL DHAFRA,____ _____,Cycle3,____ ______ ___,Grade 11,____,Female,_______,Emirati,85.71%,14
2022-2023,_____ _______ _______,Continuous Education,______,AL DHAFRA,____ _____,Cycle3,____ ______ ___,Grade 11,____,Female,____,Resident,90.00%,10
2022-2023,_____ _______ _______,Continuous Education,______,AL DHAFRA,____ _____,Cycle3,____ ______ ___,Grade 11,___,Male,_______,Emirati,92.42%,66
2022-2023,_____ _______ _______,Continuous Education,______,AL DHAFRA,____ _____,Cycle3,____ ______ ___,Grade 11,___,Male,____,Resident,80.00%,10
2022-2023,_____ _______ _______,Continuous Education,______,AL DHAFRA,____ _____,Cycle3,____ ______,Grade 10,____,Female,_______,Emirati,69.23%,13
2022-2023,_____ _______ _______,Continuous Education,______,AL DHAFRA,____ _____,Cycle3,____ ______,Grade 10,____,Female,____,Resident,100.00%,8
2022-2023,_____ _______ _______,Continuous Education,______,AL DHAFRA,____ _____,Cycle3,____ ______,Grade 10,___,Male,_______,Emirati,87.04%,54
2022-2023,_____ _______ _______,Continuous Education,______,AL DHAFRA,____ _____,Cycle3,____ ______,Grade 10,___,Male,____,Resident,84.62%,13
2022-2023,_____ _______ _______,Continuous Education,______,AL DHAFRA,____ _____,Cycle2,____ ______,Grade 8,____,Female,_______,Emirati,83.33%,6
2022-2023,_____ _______ _______,Continuous Education,______,AL DHAFRA,____ _____,Cycle2,____ ______,Grade 8,____,Female,____,Resident,100.00%,2
2022-2023,_____ _______ _______,Continuous Education,______,AL DHAFRA,____ _____,Cycle2,____ ______,Grade 8,___,Male,_______,Emirati,100.00%,3
2022-2023,_____ _______ _______,Continuous Education,______,AL DHAFRA,____ _____,Cycle2,____ ______,Grade 8,___,Male,____,Resident,100.00%,2
2022-2023,_____ _______ _______,Continuous Education,______,AL DHAFRA,____ _____,Cycle2,____ ______,Grade 7,____,Female,_______,Emirati,75.00%,4
2022-2023,_____ _______ _______,Continuous Education,______,AL DHAFRA,____ _____,Cycle2,____ ______,Grade 7,____,Female,____,Resident,33.33%,3
2022-2023,_____ _______ _______,Continuous Education,______,AL DHAFRA,____ _____,Cycle2,____ ______,Grade 7,___,Male,_______,Emirati,100.00%,1
2022-2023,_____ _______ _______,Continuous Education,_____,AL AIN,____ _____,Cycle3,____ ______,Grade 9,____,Female,_______,Emirati,68.42%,38
2022-2023,_____ _______ _______,Continuous Education,_____,AL AIN,____ _____,Cycle3,____ ______,Grade 9,____,Female,____,Resident,43.75%,64
2022-2023,_____ _______ _______,Continuous Education,_____,AL AIN,____ _____,Cycle3,____ ______,Grade 9,___,Male,_______,Emirati,86.36%,110
2022-2023,_____ _______ _______,Continuous Education,_____,AL AIN,____ _____,Cycle3,____ ______,Grade 9,___,Male,____,Resident,75.47%,53
2022-2023,_____ _______ _______,Continuous Education,_____,AL AIN,____ _____,Cycle3,____ ______ ___,Grade 12,____,Female,_______,Emirati,75.89%,253
2022-2023,_____ _______ _______,Continuous Education,_____,AL AIN,____ _____,Cycle3,____ ______ ___,Grade 12,____,Female,____,Resident,70.65%,92
2022-2023,_____ _______ _______,Continuous Education,_____,AL AIN,____ _____,Cycle3,____ ______ ___,Grade 12,___,Male,_______,Emirati,91.39%,302
2022-2023,_____ _______ _______,Continuous Education,_____,AL AIN,____ _____,Cycle3,____ ______ ___,Grade 12,___,Male,____,Resident,93.37%,166
2022-2023,_____ _______ _______,Continuous Education,_____,AL AIN,____ _____,Cycle3,____ ______ ___,Grade 11,____,Female,_______,Emirati,73.44%,64
2022-2023,_____ _______ _______,Continuous Education,_____,AL AIN,____ _____,Cycle3,____ ______ ___,Grade 11,____,Female,____,Resident,69.05%,42
2022-2023,_____ _______ _______,Continuous Education,_____,AL AIN,____ _____,Cycle3,____ ______ ___,Grade 11,___,Male,_______,Emirati,82.99%,194
2022-2023,_____ _______ _______,Continuous Education,_____,AL AIN,____ _____,Cycle3,____ ______ ___,Grade 11,___,Male,____,Resident,93.85%,65
2022-2023,_____ _______ _______,Continuous Education,_____,AL AIN,____ _____,Cycle3,____ ______,Grade 10,____,Female,_______,Emirati,52.78%,72
2022-2023,_____ _______ _______,Continuous Education,_____,AL AIN,____ _____,Cycle3,____ ______,Grade 10,____,Female,____,Resident,50.00%,70
2022-2023,_____ _______ _______,Continuous Education,_____,AL AIN,____ _____,Cycle3,____ ______,Grade 10,___,Male,_______,Emirati,83.82%,136
2022-2023,_____ _______ _______,Continuous Education,_____,AL AIN,____ _____,Cycle3,____ ______,Grade 10,___,Male,____,Resident,96.30%,54
2022-2023,_____ _______ _______,Continuous Education,_____,AL AIN,____ _____,Cycle2,____ ______,Grade 8,____,Female,_______,Emirati,57.14%,7
2022-2023,_____ _______ _______,Continuous Education,_____,AL AIN,____ _____,Cycle2,____ ______,Grade 8,____,Female,____,Resident,31.03%,29
2022-2023,_____ _______ _______,Continuous Education,_____,AL AIN,____ _____,Cycle2,____ ______,Grade 8,___,Male,_______,Emirati,81.25%,32
2022-2023,_____ _______ _______,Continuous Education,_____,AL AIN,____ _____,Cycle2,____ ______,Grade 8,___,Male,____,Resident,76.67%,30
2022-2023,_____ _______ _______,Continuous Education,_____,AL AIN,____ _____,Cycle2,____ ______,Grade 7,____,Female,_______,Emirati,66.67%,9
2022-2023,_____ _______ _______,Continuous Education,_____,AL AIN,____ _____,Cycle2,____ ______,Grade 7,____,Female,____,Resident,47.62%,21
2022-2023,_____ _______ _______,Continuous Education,_____,AL AIN,____ _____,Cycle2,____ ______,Grade 7,___,Male,_______,Emirati,60.00%,10
2022-2023,_____ _______ _______,Continuous Education,_____,AL AIN,____ _____,Cycle2,____ ______,Grade 7,___,Male,____,Resident,20.00%,10
2022-2023,_____ _______ _______,Continuous Education,_______,AL FUJAIRAH,____ _____,Cycle3,____ ______,Grade 9,____,Female,_______,Emirati,75.00%,8
2022-2023,_____ _______ _______,Continuous Education,_______,AL FUJAIRAH,____ _____,Cycle3,____ ______,Grade 9,____,Female,____,Resident,80.00%,10
2022-2023,_____ _______ _______,Continuous Education,_______,AL FUJAIRAH,____ _____,Cycle3,____ ______,Grade 9,___,Male,_______,Emirati,82.61%,46
2022-2023,_____ _______ _______,Continuous Education,_______,AL FUJAIRAH,____ _____,Cycle3,____ ______,Grade 9,___,Male,____,Resident,80.00%,10
2022-2023,_____ _______ _______,Continuous Education,_______,AL FUJAIRAH,____ _____,Cycle3,____ ______ ___,Grade 12,____,Female,_______,Emirati,80.39%,51
2022-2023,_____ _______ _______,Continuous Education,_______,AL FUJAIRAH,____ _____,Cycle3,____ ______ ___,Grade 12,____,Female,____,Resident,76.92%,26
2022-2023,_____ _______ _______,Continuous Education,_______,AL FUJAIRAH,____ _____,Cycle3,____ ______ ___,Grade 12,___,Male,_______,Emirati,93.46%,153
2022-2023,_____ _______ _______,Continuous Education,_______,AL FUJAIRAH,____ _____,Cycle3,____ ______ ___,Grade 12,___,Male,____,Resident,96.97%,165
2022-2023,_____ _______ _______,Continuous Education,_______,AL FUJAIRAH,____ _____,Cycle3,____ ______ ___,Grade 11,____,Female,_______,Emirati,94.44%,18
2022-2023,_____ _______ _______,Continuous Education,_______,AL FUJAIRAH,____ _____,Cycle3,____ ______ ___,Grade 11,____,Female,____,Resident,81.82%,11
2022-2023,_____ _______ _______,Continuous Education,_______,AL FUJAIRAH,____ _____,Cycle3,____ ______ ___,Grade 11,___,Male,_______,Emirati,89.82%,167
2022-2023,_____ _______ _______,Continuous Education,_______,AL FUJAIRAH,____ _____,Cycle3,____ ______ ___,Grade 11,___,Male,____,Resident,85.19%,27
2022-2023,_____ _______ _______,Continuous Education,_______,AL FUJAIRAH,____ _____,Cycle3,____ ______,Grade 10,____,Female,_______,Emirati,90.00%,10
2022-2023,_____ _______ _______,Continuous Education,_______,AL FUJAIRAH,____ _____,Cycle3,____ ______,Grade 10,____,Female,____,Resident,93.33%,15
2022-2023,_____ _______ _______,Continuous Education,_______,AL FUJAIRAH,____ _____,Cycle3,____ ______,Grade 10,___,Male,_______,Emirati,76.98%,126
2022-2023,_____ _______ _______,Continuous Education,_______,AL FUJAIRAH,____ _____,Cycle3,____ ______,Grade 10,___,Male,____,Resident,70.83%,24
2022-2023,_____ _______ _______,Continuous Education,_______,AL FUJAIRAH,____ _____,Cycle2,____ ______,Grade 8,____,Female,_______,Emirati,100.00%,1
2022-2023,_____ _______ _______,Continuous Education,_______,AL FUJAIRAH,____ _____,Cycle2,____ ______,Grade 8,____,Female,____,Resident,90.91%,11
2022-2023,_____ _______ _______,Continuous Education,_______,AL FUJAIRAH,____ _____,Cycle2,____ ______,Grade 8,___,Male,_______,Emirati,64.71%,17
2022-2023,_____ _______ _______,Continuous Education,_______,AL FUJAIRAH,____ _____,Cycle2,____ ______,Grade 8,___,Male,____,Resident,90.00%,10
2022-2023,_____ _______ _______,Continuous Education,_______,AL FUJAIRAH,____ _____,Cycle2,____ ______,Grade 7,____,Female,_______,Emirati,100.00%,1
2022-2023,_____ _______ _______,Continuous Education,_______,AL FUJAIRAH,____ _____,Cycle2,____ ______,Grade 7,____,Female,____,Resident,75.00%,4
2022-2023,_____ _______ _______,Continuous Education,_______,AL FUJAIRAH,____ _____,Cycle2,____ ______,Grade 7,___,Male,_______,Emirati,50.00%,2
2022-2023,_____ _______ _______,Continuous Education,_______,AL FUJAIRAH,____ _____,Cycle2,____ ______,Grade 7,___,Male,____,Resident,33.33%,3
2022-2023,_____ _______ _______,Continuous Education,______,ABU DHABI,____ _____,Cycle3,____ ______,Grade 9,____,Female,_______,Emirati,67.04%,179
2022-2023,_____ _______ _______,Continuous Education,______,ABU DHABI,____ _____,Cycle3,____ ______,Grade 9,____,Female,____,Resident,70.14%,144
2022-2023,_____ _______ _______,Continuous Education,______,ABU DHABI,____ _____,Cycle3,____ ______,Grade 9,___,Male,_______,Emirati,65.79%,114
2022-2023,_____ _______ _______,Continuous Education,______,ABU DHABI,____ _____,Cycle3,____ ______,Grade 9,___,Male,____,Resident,62.50%,48
2022-2023,_____ _______ _______,Continuous Education,______,ABU DHABI,____ _____,Cycle3,____ ______ ___,Grade 12,____,Female,_______,Emirati,73.63%,512
2022-2023,_____ _______ _______,Continuous Education,______,ABU DHABI,____ _____,Cycle3,____ ______ ___,Grade 12,____,Female,____,Resident,86.19%,210
2022-2023,_____ _______ _______,Continuous Education,______,ABU DHABI,____ _____,Cycle3,____ ______ ___,Grade 12,___,Male,_______,Emirati,80.87%,366
2022-2023,_____ _______ _______,Continuous Education,______,ABU DHABI,____ _____,Cycle3,____ ______ ___,Grade 12,___,Male,____,Resident,89.36%,94
2022-2023,_____ _______ _______,Continuous Education,______,ABU DHABI,____ _____,Cycle3,____ ______ ___,Grade 11,____,Female,_______,Emirati,78.21%,312
2022-2023,_____ _______ _______,Continuous Education,______,ABU DHABI,____ _____,Cycle3,____ ______ ___,Grade 11,____,Female,____,Resident,87.60%,129
2022-2023,_____ _______ _______,Continuous Education,______,ABU DHABI,____ _____,Cycle3,____ ______ ___,Grade 11,___,Male,_______,Emirati,79.40%,301
2022-2023,_____ _______ _______,Continuous Education,______,ABU DHABI,____ _____,Cycle3,____ ______ ___,Grade 11,___,Male,____,Resident,85.07%,67
2022-2023,_____ _______ _______,Continuous Education,______,ABU DHABI,____ _____,Cycle3,____ ______,Grade 10,____,Female,_______,Emirati,60.00%,330
2022-2023,_____ _______ _______,Continuous Education,______,ABU DHABI,____ _____,Cycle3,____ ______,Grade 10,____,Female,____,Resident,72.93%,133
2022-2023,_____ _______ _______,Continuous Education,______,ABU DHABI,____ _____,Cycle3,____ ______,Grade 10,___,Male,_______,Emirati,67.90%,271
2022-2023,_____ _______ _______,Continuous Education,______,ABU DHABI,____ _____,Cycle3,____ ______,Grade 10,___,Male,____,Resident,65.31%,49
2022-2023,_____ _______ _______,Continuous Education,______,ABU DHABI,____ _____,Cycle2,____ ______,Grade 8,____,Female,_______,Emirati,39.17%,120
2022-2023,_____ _______ _______,Continuous Education,______,ABU DHABI,____ _____,Cycle2,____ ______,Grade 8,____,Female,____,Resident,57.84%,102
2022-2023,_____ _______ _______,Continuous Education,______,ABU DHABI,____ _____,Cycle2,____ ______,Grade 8,___,Male,_______,Emirati,55.00%,40
2022-2023,_____ _______ _______,Continuous Education,______,ABU DHABI,____ _____,Cycle2,____ ______,Grade 8,___,Male,____,Resident,83.33%,12
2022-2023,_____ _______ _______,Continuous Education,______,ABU DHABI,____ _____,Cycle2,____ ______,Grade 7,____,Female,_______,Emirati,28.00%,125
2022-2023,_____ _______ _______,Continuous Education,______,ABU DHABI,____ _____,Cycle2,____ ______,Grade 7,____,Female,____,Resident,55.96%,109
2022-2023,_____ _______ _______,Continuous Education,______,ABU DHABI,____ _____,Cycle2,____ ______,Grade 7,___,Male,_______,Emirati,30.43%,23
2022-2023,_____ _______ _______,Continuous Education,______,ABU DHABI,____ _____,Cycle2,____ ______,Grade 7,___,Male,____,Resident,60.00%,15
2022-2023,_____ _______ _______,Continuous Education,______,ABU DHABI,___ ____,Undefined,NULL,L2Q4,___,Male,_______,Emirati,100.00%,18
2022-2023,_____ _______ _______,Continuous Education,______,ABU DHABI,___ ____,Undefined,NULL,L3Q4,___,Male,_______,Emirati,100.00%,12
2022-2023,_____ _______ _______,Continuous Education,______,ABU DHABI,___ ____,Undefined,NULL,L4Q4,___,Male,_______,Emirati,100.00%,69
2022-2023,_____ _______ _______,Continuous Education,______,ABU DHABI,___ ____,Undefined,NULL,L2Q4,___,Male,____,Resident,100.00%,2
2022-2023,_____ _______ _______,Continuous Education,______,ABU DHABI,___ ____,Undefined,NULL,L3Q4,___,Male,____,Resident,100.00%,1
2022-2023,_____ _______ _______,Continuous Education,______,ABU DHABI,___ ____,Undefined,NULL,L4Q4,___,Male,____,Resident,100.00%,5
2022-2023,_____ _______ _______,Continuous Education,______,ABU DHABI,___ ____,Undefined,_____ ______,Year 1,____,Female,_______,Emirati,100.00%,24
2022-2023,_____ _______ _______,Continuous Education,______,ABU DHABI,___ ____,Undefined,_____ ______,Year 1,____,Female,____,Resident,100.00%,34
2022-2023,_____ _______ _______,Continuous Education,______,ABU DHABI,___ ____,Undefined,_____ ______,Year 1,___,Male,_______,Emirati,100.00%,21
2022-2023,_____ _______ _______,Continuous Education,______,ABU DHABI,___ ____,Undefined,_____ ______,Year 1,___,Male,____,Resident,100.00%,14
2022-2023,_____ _______ _______,Continuous Education,______,ABU DHABI,___ ____,Undefined,_____ _______,Year 3,____,Female,_______,Emirati,100.00%,43
2022-2023,_____ _______ _______,Continuous Education,______,ABU DHABI,___ ____,Undefined,_____ _______,Year 3,____,Female,____,Resident,100.00%,46
2022-2023,_____ _______ _______,Continuous Education,______,ABU DHABI,___ ____,Undefined,_____ _______,Year 3,___,Male,_______,Emirati,100.00%,16
2022-2023,_____ _______ _______,Continuous Education,______,ABU DHABI,___ ____,Undefined,_____ _______,Year 3,___,Male,____,Resident,100.00%,15
2022-2023,_____ _______ _______,Continuous Education,______,ABU DHABI,___ ____,Undefined,_____ _______,Year 2,____,Female,_______,Emirati,100.00%,56
2022-2023,_____ _______ _______,Continuous Education,______,ABU DHABI,___ ____,Undefined,_____ _______,Year 2,____,Female,____,Resident,100.00%,47
2022-2023,_____ _______ _______,Continuous Education,______,ABU DHABI,___ ____,Undefined,_____ _______,Year 2,___,Male,_______,Emirati,100.00%,15
2022-2023,_____ _______ _______,Continuous Education,______,ABU DHABI,___ ____,Undefined,_____ _______,Year 2,___,Male,____,Resident,100.00%,13
2022-2023,_____ _______ _______,Continuous Education,__ _______,Umm Al Quwain,____ _____,Cycle3,____ ______,Grade 9,____,Female,_______,Emirati,80.00%,5
2022-2023,_____ _______ _______,Continuous Education,__ _______,Umm Al Quwain,____ _____,Cycle3,____ ______,Grade 9,____,Female,____,Resident,96.00%,25
2022-2023,_____ _______ _______,Continuous Education,__ _______,Umm Al Quwain,____ _____,Cycle3,____ ______,Grade 9,___,Male,_______,Emirati,90.00%,30
2022-2023,_____ _______ _______,Continuous Education,__ _______,Umm Al Quwain,____ _____,Cycle3,____ ______,Grade 9,___,Male,____,Resident,92.86%,28
2022-2023,_____ _______ _______,Continuous Education,__ _______,Umm Al Quwain,____ _____,Cycle3,____ ______ ___,Grade 12,____,Female,_______,Emirati,76.92%,13
2022-2023,_____ _______ _______,Continuous Education,__ _______,Umm Al Quwain,____ _____,Cycle3,____ ______ ___,Grade 12,____,Female,____,Resident,100.00%,13
2022-2023,_____ _______ _______,Continuous Education,__ _______,Umm Al Quwain,____ _____,Cycle3,____ ______ ___,Grade 12,___,Male,_______,Emirati,100.00%,59
2022-2023,_____ _______ _______,Continuous Education,__ _______,Umm Al Quwain,____ _____,Cycle3,____ ______ ___,Grade 12,___,Male,____,Resident,100.00%,17
2022-2023,_____ _______ _______,Continuous Education,__ _______,Umm Al Quwain,____ _____,Cycle3,____ ______ ___,Grade 11,____,Female,_______,Emirati,100.00%,8
2022-2023,_____ _______ _______,Continuous Education,__ _______,Umm Al Quwain,____ _____,Cycle3,____ ______ ___,Grade 11,____,Female,____,Resident,92.86%,14
2022-2023,_____ _______ _______,Continuous Education,__ _______,Umm Al Quwain,____ _____,Cycle3,____ ______ ___,Grade 11,___,Male,_______,Emirati,95.24%,42
2022-2023,_____ _______ _______,Continuous Education,__ _______,Umm Al Quwain,____ _____,Cycle3,____ ______ ___,Grade 11,___,Male,____,Resident,96.77%,31
2022-2023,_____ _______ _______,Continuous Education,__ _______,Umm Al Quwain,____ _____,Cycle3,____ ______,Grade 10,____,Female,_______,Emirati,80.00%,5
2022-2023,_____ _______ _______,Continuous Education,__ _______,Umm Al Quwain,____ _____,Cycle3,____ ______,Grade 10,____,Female,____,Resident,88.89%,27
2022-2023,_____ _______ _______,Continuous Education,__ _______,Umm Al Quwain,____ _____,Cycle3,____ ______,Grade 10,___,Male,_______,Emirati,94.44%,54
2022-2023,_____ _______ _______,Continuous Education,__ _______,Umm Al Quwain,____ _____,Cycle3,____ ______,Grade 10,___,Male,____,Resident,91.67%,24
2022-2023,_____ _______ _______,Continuous Education,__ _______,Umm Al Quwain,____ _____,Cycle2,____ ______,Grade 8,____,Female,_______,Emirati,100.00%,2
2022-2023,_____ _______ _______,Continuous Education,__ _______,Umm Al Quwain,____ _____,Cycle2,____ ______,Grade 8,____,Female,____,Resident,92.86%,14
2022-2023,_____ _______ _______,Continuous Education,__ _______,Umm Al Quwain,____ _____,Cycle2,____ ______,Grade 8,___,Male,_______,Emirati,91.67%,12
2022-2023,_____ _______ _______,Continuous Education,__ _______,Umm Al Quwain,____ _____,Cycle2,____ ______,Grade 8,___,Male,____,Resident,86.67%,15
2022-2023,_____ _______ _______,Continuous Education,__ _______,Umm Al Quwain,____ _____,Cycle2,____ ______,Grade 7,____,Female,____,Resident,66.67%,3
2022-2023,_____ _______ _______,Continuous Education,__ _______,Umm Al Quwain,____ _____,Cycle2,____ ______,Grade 7,___,Male,_______,Emirati,60.00%,5
2022-2023,_____ _______ _______,Continuous Education,__ _______,Umm Al Quwain,____ _____,Cycle2,____ ______,Grade 7,___,Male,____,Resident,100.00%,6
2022-2023,_____ _______ _______,Continuous Education,___,DUBAI,____ _____,Cycle3,____ ______,Grade 9,____,Female,_______,Emirati,64.71%,17
2022-2023,_____ _______ _______,Continuous Education,___,DUBAI,____ _____,Cycle3,____ ______,Grade 9,____,Female,____,Resident,75.81%,62
2022-2023,_____ _______ _______,Continuous Education,___,DUBAI,____ _____,Cycle3,____ ______,Grade 9,___,Male,_______,Emirati,70.93%,86
2022-2023,_____ _______ _______,Continuous Education,___,DUBAI,____ _____,Cycle3,____ ______,Grade 9,___,Male,____,Resident,80.00%,45
2022-2023,_____ _______ _______,Continuous Education,___,DUBAI,____ _____,Cycle3,____ ______ ___,Grade 12,____,Female,_______,Emirati,83.49%,109
2022-2023,_____ _______ _______,Continuous Education,___,DUBAI,____ _____,Cycle3,____ ______ ___,Grade 12,____,Female,____,Resident,90.91%,77
2022-2023,_____ _______ _______,Continuous Education,___,DUBAI,____ _____,Cycle3,____ ______ ___,Grade 12,___,Male,_______,Emirati,93.03%,244
2022-2023,_____ _______ _______,Continuous Education,___,DUBAI,____ _____,Cycle3,____ ______ ___,Grade 12,___,Male,____,Resident,92.31%,104
2022-2023,_____ _______ _______,Continuous Education,___,DUBAI,____ _____,Cycle3,____ ______ ___,Grade 11,____,Female,_______,Emirati,80.65%,62
2022-2023,_____ _______ _______,Continuous Education,___,DUBAI,____ _____,Cycle3,____ ______ ___,Grade 11,____,Female,____,Resident,94.74%,76
2022-2023,_____ _______ _______,Continuous Education,___,DUBAI,____ _____,Cycle3,____ ______ ___,Grade 11,___,Male,_______,Emirati,87.39%,230
2022-2023,_____ _______ _______,Continuous Education,___,DUBAI,____ _____,Cycle3,____ ______ ___,Grade 11,___,Male,____,Resident,96.74%,92
2022-2023,_____ _______ _______,Continuous Education,___,DUBAI,____ _____,Cycle3,____ ______,Grade 10,____,Female,_______,Emirati,65.96%,47
2022-2023,_____ _______ _______,Continuous Education,___,DUBAI,____ _____,Cycle3,____ ______,Grade 10,____,Female,____,Resident,82.09%,67
2022-2023,_____ _______ _______,Continuous Education,___,DUBAI,____ _____,Cycle3,____ ______,Grade 10,___,Male,_______,Emirati,85.59%,222
2022-2023,_____ _______ _______,Continuous Education,___,DUBAI,____ _____,Cycle3,____ ______,Grade 10,___,Male,____,Resident,76.71%,73
2022-2023,_____ _______ _______,Continuous Education,___,DUBAI,____ _____,Cycle2,____ ______,Grade 8,____,Female,_______,Emirati,50.00%,6
2022-2023,_____ _______ _______,Continuous Education,___,DUBAI,____ _____,Cycle2,____ ______,Grade 8,____,Female,____,Resident,61.54%,13
2022-2023,_____ _______ _______,Continuous Education,___,DUBAI,____ _____,Cycle2,____ ______,Grade 8,___,Male,_______,Emirati,85.71%,21
2022-2023,_____ _______ _______,Continuous Education,___,DUBAI,____ _____,Cycle2,____ ______,Grade 8,___,Male,____,Resident,92.31%,13
2022-2023,_____ _______ _______,Continuous Education,___,DUBAI,____ _____,Cycle2,____ ______,Grade 7,____,Female,_______,Emirati,25.00%,4
2022-2023,_____ _______ _______,Continuous Education,___,DUBAI,____ _____,Cycle2,____ ______,Grade 7,____,Female,____,Resident,83.33%,6
2022-2023,_____ _______ _______,Continuous Education,___,DUBAI,____ _____,Cycle2,____ ______,Grade 7,___,Male,_______,Emirati,64.00%,25
2022-2023,_____ _______ _______,Continuous Education,___,DUBAI,____ _____,Cycle2,____ ______,Grade 7,___,Male,____,Resident,73.91%,23
2022-2023,_____ _______ _______,Continuous Education,___ ______,Ras Al Khaimah,____ _____,Cycle3,____ ______,Grade 9,____,Female,_______,Emirati,50.00%,6
2022-2023,_____ _______ _______,Continuous Education,___ ______,Ras Al Khaimah,____ _____,Cycle3,____ ______,Grade 9,____,Female,____,Resident,70.00%,20
2022-2023,_____ _______ _______,Continuous Education,___ ______,Ras Al Khaimah,____ _____,Cycle3,____ ______,Grade 9,___,Male,_______,Emirati,81.82%,66
2022-2023,_____ _______ _______,Continuous Education,___ ______,Ras Al Khaimah,____ _____,Cycle3,____ ______,Grade 9,___,Male,____,Resident,80.00%,15
2022-2023,_____ _______ _______,Continuous Education,___ ______,Ras Al Khaimah,____ _____,Cycle3,____ ______ ___,Grade 12,____,Female,_______,Emirati,85.19%,81
2022-2023,_____ _______ _______,Continuous Education,___ ______,Ras Al Khaimah,____ _____,Cycle3,____ ______ ___,Grade 12,____,Female,____,Resident,100.00%,20
2022-2023,_____ _______ _______,Continuous Education,___ ______,Ras Al Khaimah,____ _____,Cycle3,____ ______ ___,Grade 12,___,Male,_______,Emirati,90.69%,204
2022-2023,_____ _______ _______,Continuous Education,___ ______,Ras Al Khaimah,____ _____,Cycle3,____ ______ ___,Grade 12,___,Male,____,Resident,90.72%,97
2022-2023,_____ _______ _______,Continuous Education,___ ______,Ras Al Khaimah,____ _____,Cycle3,____ ______ ___,Grade 11,____,Female,_______,Emirati,94.44%,18
2022-2023,_____ _______ _______,Continuous Education,___ ______,Ras Al Khaimah,____ _____,Cycle3,____ ______ ___,Grade 11,____,Female,____,Resident,96.15%,26
2022-2023,_____ _______ _______,Continuous Education,___ ______,Ras Al Khaimah,____ _____,Cycle3,____ ______ ___,Grade 11,___,Male,_______,Emirati,87.97%,133
2022-2023,_____ _______ _______,Continuous Education,___ ______,Ras Al Khaimah,____ _____,Cycle3,____ ______ ___,Grade 11,___,Male,____,Resident,87.50%,32
2022-2023,_____ _______ _______,Continuous Education,___ ______,Ras Al Khaimah,____ _____,Cycle3,____ ______,Grade 10,____,Female,_______,Emirati,77.78%,27
2022-2023,_____ _______ _______,Continuous Education,___ ______,Ras Al Khaimah,____ _____,Cycle3,____ ______,Grade 10,____,Female,____,Resident,95.83%,24
2022-2023,_____ _______ _______,Continuous Education,___ ______,Ras Al Khaimah,____ _____,Cycle3,____ ______,Grade 10,___,Male,_______,Emirati,84.93%,146
2022-2023,_____ _______ _______,Continuous Education,___ ______,Ras Al Khaimah,____ _____,Cycle3,____ ______,Grade 10,___,Male,____,Resident,64.29%,28
2022-2023,_____ _______ _______,Continuous Education,___ ______,Ras Al Khaimah,____ _____,Cycle2,____ ______,Grade 8,____,Female,_______,Emirati,66.67%,3
2022-2023,_____ _______ _______,Continuous Education,___ ______,Ras Al Khaimah,____ _____,Cycle2,____ ______,Grade 8,____,Female,____,Resident,50.00%,6
2022-2023,_____ _______ _______,Continuous Education,___ ______,Ras Al Khaimah,____ _____,Cycle2,____ ______,Grade 8,___,Male,_______,Emirati,62.50%,16
2022-2023,_____ _______ _______,Continuous Education,___ ______,Ras Al Khaimah,____ _____,Cycle2,____ ______,Grade 8,___,Male,____,Resident,83.33%,6
2022-2023,_____ _______ _______,Continuous Education,___ ______,Ras Al Khaimah,____ _____,Cycle2,____ ______,Grade 7,____,Female,____,Resident,0.00%,2
2022-2023,_____ _______ _______,Continuous Education,___ ______,Ras Al Khaimah,____ _____,Cycle2,____ ______,Grade 7,___,Male,_______,Emirati,62.50%,8
2022-2023,_____ _______ _______,Continuous Education,___ ______,Ras Al Khaimah,____ _____,Cycle2,____ ______,Grade 7,___,Male,____,Resident,33.33%,3
2022-2023,_____ _______ _______,Continuous Education,_____,AJMAN,____ _____,Cycle3,____ ______,Grade 9,____,Female,_______,Emirati,71.43%,7
2022-2023,_____ _______ _______,Continuous Education,_____,AJMAN,____ _____,Cycle3,____ ______,Grade 9,____,Female,____,Resident,77.61%,67
2022-2023,_____ _______ _______,Continuous Education,_____,AJMAN,____ _____,Cycle3,____ ______,Grade 9,___,Male,_______,Emirati,80.00%,45
2022-2023,_____ _______ _______,Continuous Education,_____,AJMAN,____ _____,Cycle3,____ ______,Grade 9,___,Male,____,Resident,71.95%,82
2022-2023,_____ _______ _______,Continuous Education,_____,AJMAN,____ _____,Cycle3,____ ______ ___,Grade 12,____,Female,_______,Emirati,85.29%,34
2022-2023,_____ _______ _______,Continuous Education,_____,AJMAN,____ _____,Cycle3,____ ______ ___,Grade 12,____,Female,____,Resident,94.87%,78
2022-2023,_____ _______ _______,Continuous Education,_____,AJMAN,____ _____,Cycle3,____ ______ ___,Grade 12,___,Male,_______,Emirati,85.86%,99
2022-2023,_____ _______ _______,Continuous Education,_____,AJMAN,____ _____,Cycle3,____ ______ ___,Grade 12,___,Male,____,Resident,85.54%,83
2022-2023,_____ _______ _______,Continuous Education,_____,AJMAN,____ _____,Cycle3,____ ______ ___,Grade 11,____,Female,_______,Emirati,94.44%,18
2022-2023,_____ _______ _______,Continuous Education,_____,AJMAN,____ _____,Cycle3,____ ______ ___,Grade 11,____,Female,____,Resident,94.03%,67
2022-2023,_____ _______ _______,Continuous Education,_____,AJMAN,____ _____,Cycle3,____ ______ ___,Grade 11,___,Male,_______,Emirati,89.58%,96
2022-2023,_____ _______ _______,Continuous Education,_____,AJMAN,____ _____,Cycle3,____ ______ ___,Grade 11,___,Male,____,Resident,90.59%,85
2022-2023,_____ _______ _______,Continuous Education,_____,AJMAN,____ _____,Cycle3,____ ______,Grade 10,____,Female,_______,Emirati,83.33%,12
2022-2023,_____ _______ _______,Continuous Education,_____,AJMAN,____ _____,Cycle3,____ ______,Grade 10,____,Female,____,Resident,72.62%,84
2022-2023,_____ _______ _______,Continuous Education,_____,AJMAN,____ _____,Cycle3,____ ______,Grade 10,___,Male,_______,Emirati,76.62%,77
2022-2023,_____ _______ _______,Continuous Education,_____,AJMAN,____ _____,Cycle3,____ ______,Grade 10,___,Male,____,Resident,82.14%,84
2022-2023,_____ _______ _______,Continuous Education,_____,AJMAN,____ _____,Cycle2,____ ______,Grade 8,____,Female,_______,Emirati,100.00%,3
2022-2023,_____ _______ _______,Continuous Education,_____,AJMAN,____ _____,Cycle2,____ ______,Grade 8,____,Female,____,Resident,61.11%,18
2022-2023,_____ _______ _______,Continuous Education,_____,AJMAN,____ _____,Cycle2,____ ______,Grade 8,___,Male,_______,Emirati,69.23%,13
2022-2023,_____ _______ _______,Continuous Education,_____,AJMAN,____ _____,Cycle2,____ ______,Grade 8,___,Male,____,Resident,78.26%,23
2022-2023,_____ _______ _______,Continuous Education,_____,AJMAN,____ _____,Cycle2,____ ______,Grade 7,____,Female,_______,Emirati,0.00%,1
2022-2023,_____ _______ _______,Continuous Education,_____,AJMAN,____ _____,Cycle2,____ ______,Grade 7,____,Female,____,Resident,63.16%,19
2022-2023,_____ _______ _______,Continuous Education,_____,AJMAN,____ _____,Cycle2,____ ______,Grade 7,___,Male,_______,Emirati,50.00%,8
2022-2023,_____ _______ _______,Continuous Education,_____,AJMAN,____ _____,Cycle2,____ ______,Grade 7,___,Male,____,Resident,31.25%,16
2023-2024,_______ ________,Public,_______,SHARJAH,____ ____,Cycle1,____ _____,Grade 1,____,Female,_______,Emirati,100.00%,484
2023-2024,_______ ________,Public,_______,SHARJAH,____ ____,Cycle1,____ _____,Grade 1,____,Female,____,Resident,98.70%,77
2023-2024,_______ ________,Public,_______,SHARJAH,____ ____,Cycle1,____ _____,Grade 1,___,Male,_______,Emirati,99.77%,439
2023-2024,_______ ________,Public,_______,SHARJAH,____ ____,Cycle1,____ _____,Grade 1,___,Male,____,Resident,100.00%,66
2023-2024,_______ ________,Public,_______,SHARJAH,____ ____,Cycle1,____ ______,Grade 3,____,Female,_______,Emirati,99.85%,686
2023-2024,_______ ________,Public,_______,SHARJAH,____ ____,Cycle1,____ ______,Grade 3,____,Female,____,Resident,100.00%,113
2023-2024,_______ ________,Public,_______,SHARJAH,____ ____,Cycle1,____ ______,Grade 3,___,Male,_______,Emirati,99.85%,669
2023-2024,_______ ________,Public,_______,SHARJAH,____ ____,Cycle1,____ ______,Grade 3,___,Male,____,Resident,100.00%,100
2023-2024,_______ ________,Public,_______,SHARJAH,____ ____,Cycle1,____ ______,Grade 2,____,Female,_______,Emirati,100.00%,686
2023-2024,_______ ________,Public,_______,SHARJAH,____ ____,Cycle1,____ ______,Grade 2,____,Female,____,Resident,98.72%,78
2023-2024,_______ ________,Public,_______,SHARJAH,____ ____,Cycle1,____ ______,Grade 2,___,Male,_______,Emirati,100.00%,594
2023-2024,_______ ________,Public,_______,SHARJAH,____ ____,Cycle1,____ ______,Grade 2,___,Male,____,Resident,100.00%,79
2023-2024,_______ ________,Public,_______,SHARJAH,____ ____,Cycle1,____ ______,Grade 4,____,Female,_______,Emirati,100.00%,759
2023-2024,_______ ________,Public,_______,SHARJAH,____ ____,Cycle1,____ ______,Grade 4,____,Female,____,Resident,100.00%,129
2023-2024,_______ ________,Public,_______,SHARJAH,____ ____,Cycle1,____ ______,Grade 4,___,Male,_______,Emirati,99.85%,684
2023-2024,_______ ________,Public,_______,SHARJAH,____ ____,Cycle1,____ ______,Grade 4,___,Male,____,Resident,100.00%,107
2023-2024,_______ ________,Public,_______,SHARJAH,____ _____,Cycle3,____ ______,Grade 9,____,Female,_______,Emirati,91.96%,1045
2023-2024,_______ ________,Public,_______,SHARJAH,____ _____,Cycle3,____ ______,Grade 9,____,Female,____,Resident,96.57%,175
2023-2024,_______ ________,Public,_______,SHARJAH,____ _____,Cycle3,____ ______,Grade 9,___,Male,_______,Emirati,91.44%,923
2023-2024,_______ ________,Public,_______,SHARJAH,____ _____,Cycle3,____ ______,Grade 9,___,Male,____,Resident,89.04%,146
2023-2024,_______ ________,Public,_______,SHARJAH,____ _____,Cycle3,____ ______ ___,Grade 12,____,Female,_______,Emirati,96.74%,828
2023-2024,_______ ________,Public,_______,SHARJAH,____ _____,Cycle3,____ ______ ___,Grade 12,____,Female,____,Resident,96.62%,148
2023-2024,_______ ________,Public,_______,SHARJAH,____ _____,Cycle3,____ ______ ___,Grade 12,___,Male,_______,Emirati,96.92%,812
2023-2024,_______ ________,Public,_______,SHARJAH,____ _____,Cycle3,____ ______ ___,Grade 12,___,Male,____,Resident,96.53%,144
2023-2024,_______ ________,Public,_______,SHARJAH,____ _____,Cycle3,____ ______ ___,Grade 11,____,Female,_______,Emirati,98.52%,877
2023-2024,_______ ________,Public,_______,SHARJAH,____ _____,Cycle3,____ ______ ___,Grade 11,____,Female,____,Resident,99.38%,162
2023-2024,_______ ________,Public,_______,SHARJAH,____ _____,Cycle3,____ ______ ___,Grade 11,___,Male,_______,Emirati,93.46%,856
2023-2024,_______ ________,Public,_______,SHARJAH,____ _____,Cycle3,____ ______ ___,Grade 11,___,Male,____,Resident,96.18%,131
2023-2024,_______ ________,Public,_______,SHARJAH,____ _____,Cycle3,____ ______,Grade 10,____,Female,_______,Emirati,94.44%,1007
2023-2024,_______ ________,Public,_______,SHARJAH,____ _____,Cycle3,____ ______,Grade 10,____,Female,____,Resident,90.85%,164
2023-2024,_______ ________,Public,_______,SHARJAH,____ _____,Cycle3,____ ______,Grade 10,___,Male,_______,Emirati,90.76%,844
2023-2024,_______ ________,Public,_______,SHARJAH,____ _____,Cycle3,____ ______,Grade 10,___,Male,____,Resident,93.43%,137
2023-2024,_______ ________,Public,_______,SHARJAH,____ _____,Cycle2,____ ______,Grade 8,____,Female,_______,Emirati,99.13%,916
2023-2024,_______ ________,Public,_______,SHARJAH,____ _____,Cycle2,____ ______,Grade 8,____,Female,____,Resident,100.00%,169
2023-2024,_______ ________,Public,_______,SHARJAH,____ _____,Cycle2,____ ______,Grade 8,___,Male,_______,Emirati,96.45%,760
2023-2024,_______ ________,Public,_______,SHARJAH,____ _____,Cycle2,____ ______,Grade 8,___,Male,____,Resident,95.36%,151
2023-2024,_______ ________,Public,_______,SHARJAH,____ _____,Cycle2,____ ______,Grade 5,____,Female,_______,Emirati,99.29%,988
2023-2024,_______ ________,Public,_______,SHARJAH,____ _____,Cycle2,____ ______,Grade 5,____,Female,____,Resident,99.30%,143
2023-2024,_______ ________,Public,_______,SHARJAH,____ _____,Cycle2,____ ______,Grade 5,___,Male,_______,Emirati,96.67%,870
2023-2024,_______ ________,Public,_______,SHARJAH,____ _____,Cycle2,____ ______,Grade 5,___,Male,____,Resident,95.45%,154
2023-2024,_______ ________,Public,_______,SHARJAH,____ _____,Cycle2,____ ______,Grade 7,____,Female,_______,Emirati,98.97%,1068
2023-2024,_______ ________,Public,_______,SHARJAH,____ _____,Cycle2,____ ______,Grade 7,____,Female,____,Resident,100.00%,168
2023-2024,_______ ________,Public,_______,SHARJAH,____ _____,Cycle2,____ ______,Grade 7,___,Male,_______,Emirati,94.20%,827
2023-2024,_______ ________,Public,_______,SHARJAH,____ _____,Cycle2,____ ______,Grade 7,___,Male,____,Resident,93.57%,140
2023-2024,_______ ________,Public,_______,SHARJAH,____ _____,Cycle2,____ ______,Grade 6,____,Female,_______,Emirati,98.24%,965
2023-2024,_______ ________,Public,_______,SHARJAH,____ _____,Cycle2,____ ______,Grade 6,____,Female,____,Resident,97.84%,185
2023-2024,_______ ________,Public,_______,SHARJAH,____ _____,Cycle2,____ ______,Grade 6,___,Male,_______,Emirati,93.60%,875
2023-2024,_______ ________,Public,_______,SHARJAH,____ _____,Cycle2,____ ______,Grade 6,___,Male,____,Resident,88.46%,130
2023-2024,_______ ________,Public,_______ / _______,Sharjah / Eastern,____ ____,Cycle1,____ _____,Grade 1,____,Female,_______,Emirati,100.00%,353
2023-2024,_______ ________,Public,_______ / _______,Sharjah / Eastern,____ ____,Cycle1,____ _____,Grade 1,____,Female,____,Resident,100.00%,35
2023-2024,_______ ________,Public,_______ / _______,Sharjah / Eastern,____ ____,Cycle1,____ _____,Grade 1,___,Male,_______,Emirati,100.00%,303
2023-2024,_______ ________,Public,_______ / _______,Sharjah / Eastern,____ ____,Cycle1,____ _____,Grade 1,___,Male,____,Resident,100.00%,31
2023-2024,_______ ________,Public,_______ / _______,Sharjah / Eastern,____ ____,Cycle1,____ ______,Grade 3,____,Female,_______,Emirati,100.00%,464
2023-2024,_______ ________,Public,_______ / _______,Sharjah / Eastern,____ ____,Cycle1,____ ______,Grade 3,____,Female,____,Resident,100.00%,37
2023-2024,_______ ________,Public,_______ / _______,Sharjah / Eastern,____ ____,Cycle1,____ ______,Grade 3,___,Male,_______,Emirati,100.00%,420
2023-2024,_______ ________,Public,_______ / _______,Sharjah / Eastern,____ ____,Cycle1,____ ______,Grade 3,___,Male,____,Resident,100.00%,39
2023-2024,_______ ________,Public,_______ / _______,Sharjah / Eastern,____ ____,Cycle1,____ ______,Grade 2,____,Female,_______,Emirati,100.00%,420
2023-2024,_______ ________,Public,_______ / _______,Sharjah / Eastern,____ ____,Cycle1,____ ______,Grade 2,____,Female,____,Resident,100.00%,33
2023-2024,_______ ________,Public,_______ / _______,Sharjah / Eastern,____ ____,Cycle1,____ ______,Grade 2,___,Male,_______,Emirati,100.00%,438
2023-2024,_______ ________,Public,_______ / _______,Sharjah / Eastern,____ ____,Cycle1,____ ______,Grade 2,___,Male,____,Resident,100.00%,46
2023-2024,_______ ________,Public,_______ / _______,Sharjah / Eastern,____ ____,Cycle1,____ ______,Grade 4,____,Female,_______,Emirati,100.00%,482
2023-2024,_______ ________,Public,_______ / _______,Sharjah / Eastern,____ ____,Cycle1,____ ______,Grade 4,____,Female,____,Resident,100.00%,45
2023-2024,_______ ________,Public,_______ / _______,Sharjah / Eastern,____ ____,Cycle1,____ ______,Grade 4,___,Male,_______,Emirati,100.00%,510
2023-2024,_______ ________,Public,_______ / _______,Sharjah / Eastern,____ ____,Cycle1,____ ______,Grade 4,___,Male,____,Resident,100.00%,47
2023-2024,_______ ________,Public,_______ / _______,Sharjah / Eastern,____ _____,Cycle3,____ ______,Grade 9,____,Female,_______,Emirati,98.42%,698
2023-2024,_______ ________,Public,_______ / _______,Sharjah / Eastern,____ _____,Cycle3,____ ______,Grade 9,____,Female,____,Resident,100.00%,51
2023-2024,_______ ________,Public,_______ / _______,Sharjah / Eastern,____ _____,Cycle3,____ ______,Grade 9,___,Male,_______,Emirati,97.13%,731
2023-2024,_______ ________,Public,_______ / _______,Sharjah / Eastern,____ _____,Cycle3,____ ______,Grade 9,___,Male,____,Resident,98.21%,56
2023-2024,_______ ________,Public,_______ / _______,Sharjah / Eastern,____ _____,Cycle3,____ ______ ___,Grade 12,____,Female,_______,Emirati,99.68%,627
2023-2024,_______ ________,Public,_______ / _______,Sharjah / Eastern,____ _____,Cycle3,____ ______ ___,Grade 12,____,Female,____,Resident,97.78%,45
2023-2024,_______ ________,Public,_______ / _______,Sharjah / Eastern,____ _____,Cycle3,____ ______ ___,Grade 12,___,Male,_______,Emirati,99.81%,521
2023-2024,_______ ________,Public,_______ / _______,Sharjah / Eastern,____ _____,Cycle3,____ ______ ___,Grade 12,___,Male,____,Resident,100.00%,47
2023-2024,_______ ________,Public,_______ / _______,Sharjah / Eastern,____ _____,Cycle3,____ ______ ___,Grade 11,____,Female,_______,Emirati,99.36%,626
2023-2024,_______ ________,Public,_______ / _______,Sharjah / Eastern,____ _____,Cycle3,____ ______ ___,Grade 11,____,Female,____,Resident,100.00%,53
2023-2024,_______ ________,Public,_______ / _______,Sharjah / Eastern,____ _____,Cycle3,____ ______ ___,Grade 11,___,Male,_______,Emirati,99.47%,565
2023-2024,_______ ________,Public,_______ / _______,Sharjah / Eastern,____ _____,Cycle3,____ ______ ___,Grade 11,___,Male,____,Resident,100.00%,50
2023-2024,_______ ________,Public,_______ / _______,Sharjah / Eastern,____ _____,Cycle3,____ ______,Grade 10,____,Female,_______,Emirati,99.25%,664
2023-2024,_______ ________,Public,_______ / _______,Sharjah / Eastern,____ _____,Cycle3,____ ______,Grade 10,____,Female,____,Resident,100.00%,50
2023-2024,_______ ________,Public,_______ / _______,Sharjah / Eastern,____ _____,Cycle3,____ ______,Grade 10,___,Male,_______,Emirati,98.08%,573
2023-2024,_______ ________,Public,_______ / _______,Sharjah / Eastern,____ _____,Cycle3,____ ______,Grade 10,___,Male,____,Resident,94.59%,37
2023-2024,_______ ________,Public,_______ / _______,Sharjah / Eastern,____ _____,Cycle2,____ ______,Grade 8,____,Female,_______,Emirati,100.00%,597
2023-2024,_______ ________,Public,_______ / _______,Sharjah / Eastern,____ _____,Cycle2,____ ______,Grade 8,____,Female,____,Resident,100.00%,44
2023-2024,_______ ________,Public,_______ / _______,Sharjah / Eastern,____ _____,Cycle2,____ ______,Grade 8,___,Male,_______,Emirati,99.46%,558
2023-2024,_______ ________,Public,_______ / _______,Sharjah / Eastern,____ _____,Cycle2,____ ______,Grade 8,___,Male,____,Resident,100.00%,38
2023-2024,_______ ________,Public,_______ / _______,Sharjah / Eastern,____ _____,Cycle2,____ ______,Grade 5,____,Female,_______,Emirati,100.00%,631
2023-2024,_______ ________,Public,_______ / _______,Sharjah / Eastern,____ _____,Cycle2,____ ______,Grade 5,____,Female,____,Resident,100.00%,47
2023-2024,_______ ________,Public,_______ / _______,Sharjah / Eastern,____ _____,Cycle2,____ ______,Grade 5,___,Male,_______,Emirati,99.85%,669
2023-2024,_______ ________,Public,_______ / _______,Sharjah / Eastern,____ _____,Cycle2,____ ______,Grade 5,___,Male,____,Resident,100.00%,39
2023-2024,_______ ________,Public,_______ / _______,Sharjah / Eastern,____ _____,Cycle2,____ ______,Grade 7,____,Female,_______,Emirati,100.00%,643
2023-2024,_______ ________,Public,_______ / _______,Sharjah / Eastern,____ _____,Cycle2,____ ______,Grade 7,____,Female,____,Resident,100.00%,52
2023-2024,_______ ________,Public,_______ / _______,Sharjah / Eastern,____ _____,Cycle2,____ ______,Grade 7,___,Male,_______,Emirati,98.99%,696
2023-2024,_______ ________,Public,_______ / _______,Sharjah / Eastern,____ _____,Cycle2,____ ______,Grade 7,___,Male,____,Resident,95.56%,45
2023-2024,_______ ________,Public,_______ / _______,Sharjah / Eastern,____ _____,Cycle2,____ ______,Grade 6,____,Female,_______,Emirati,99.69%,649
2023-2024,_______ ________,Public,_______ / _______,Sharjah / Eastern,____ _____,Cycle2,____ ______,Grade 6,____,Female,____,Resident,100.00%,53
2023-2024,_______ ________,Public,_______ / _______,Sharjah / Eastern,____ _____,Cycle2,____ ______,Grade 6,___,Male,_______,Emirati,99.11%,675
2023-2024,_______ ________,Public,_______ / _______,Sharjah / Eastern,____ _____,Cycle2,____ ______,Grade 6,___,Male,____,Resident,95.65%,46
2023-2024,_______ ________,Public,______,AL DHAFRA,____ ____,Cycle1,____ _____,Grade 1,____,Female,_______,Emirati,100.00%,211
2023-2024,_______ ________,Public,______,AL DHAFRA,____ ____,Cycle1,____ _____,Grade 1,____,Female,____,Resident,100.00%,68
2023-2024,_______ ________,Public,______,AL DHAFRA,____ ____,Cycle1,____ _____,Grade 1,___,Male,_______,Emirati,100.00%,208
2023-2024,_______ ________,Public,______,AL DHAFRA,____ ____,Cycle1,____ _____,Grade 1,___,Male,____,Resident,100.00%,86
2023-2024,_______ ________,Public,______,AL DHAFRA,____ ____,Cycle1,____ ______,Grade 3,____,Female,_______,Emirati,100.00%,290
2023-2024,_______ ________,Public,______,AL DHAFRA,____ ____,Cycle1,____ ______,Grade 3,____,Female,____,Resident,100.00%,108
2023-2024,_______ ________,Public,______,AL DHAFRA,____ ____,Cycle1,____ ______,Grade 3,___,Male,_______,Emirati,100.00%,253
2023-2024,_______ ________,Public,______,AL DHAFRA,____ ____,Cycle1,____ ______,Grade 3,___,Male,____,Resident,100.00%,92
2023-2024,_______ ________,Public,______,AL DHAFRA,____ ____,Cycle1,____ ______,Grade 2,____,Female,_______,Emirati,100.00%,250
2023-2024,_______ ________,Public,______,AL DHAFRA,____ ____,Cycle1,____ ______,Grade 2,____,Female,____,Resident,100.00%,100
2023-2024,_______ ________,Public,______,AL DHAFRA,____ ____,Cycle1,____ ______,Grade 2,___,Male,_______,Emirati,100.00%,246
2023-2024,_______ ________,Public,______,AL DHAFRA,____ ____,Cycle1,____ ______,Grade 2,___,Male,____,Resident,100.00%,83
2023-2024,_______ ________,Public,______,AL DHAFRA,____ ____,Cycle1,____ ______,Grade 4,____,Female,_______,Emirati,100.00%,259
2023-2024,_______ ________,Public,______,AL DHAFRA,____ ____,Cycle1,____ ______,Grade 4,____,Female,____,Resident,100.00%,139
2023-2024,_______ ________,Public,______,AL DHAFRA,____ ____,Cycle1,____ ______,Grade 4,___,Male,_______,Emirati,100.00%,259
2023-2024,_______ ________,Public,______,AL DHAFRA,____ ____,Cycle1,____ ______,Grade 4,___,Male,____,Resident,100.00%,129
2023-2024,_______ ________,Public,______,AL DHAFRA,____ _____,Cycle3,____ ______,Grade 9,____,Female,_______,Emirati,94.44%,216
2023-2024,_______ ________,Public,______,AL DHAFRA,____ _____,Cycle3,____ ______,Grade 9,____,Female,____,Resident,99.36%,157
2023-2024,_______ ________,Public,______,AL DHAFRA,____ _____,Cycle3,____ ______,Grade 9,___,Male,_______,Emirati,88.67%,203
2023-2024,_______ ________,Public,______,AL DHAFRA,____ _____,Cycle3,____ ______,Grade 9,___,Male,____,Resident,96.86%,159
2023-2024,_______ ________,Public,______,AL DHAFRA,____ _____,Cycle3,____ ______ ___,Grade 12,____,Female,_______,Emirati,88.69%,168
2023-2024,_______ ________,Public,______,AL DHAFRA,____ _____,Cycle3,____ ______ ___,Grade 12,____,Female,____,Resident,99.39%,165
2023-2024,_______ ________,Public,______,AL DHAFRA,____ _____,Cycle3,____ ______ ___,Grade 12,___,Male,_______,Emirati,95.54%,157
2023-2024,_______ ________,Public,______,AL DHAFRA,____ _____,Cycle3,____ ______ ___,Grade 12,___,Male,____,Resident,99.29%,141
2023-2024,_______ ________,Public,______,AL DHAFRA,____ _____,Cycle3,____ ______ ___,Grade 11,____,Female,_______,Emirati,95.18%,228
2023-2024,_______ ________,Public,______,AL DHAFRA,____ _____,Cycle3,____ ______ ___,Grade 11,____,Female,____,Resident,100.00%,168
2023-2024,_______ ________,Public,______,AL DHAFRA,____ _____,Cycle3,____ ______ ___,Grade 11,___,Male,_______,Emirati,94.04%,218
2023-2024,_______ ________,Public,______,AL DHAFRA,____ _____,Cycle3,____ ______ ___,Grade 11,___,Male,____,Resident,98.91%,184
2023-2024,_______ ________,Public,______,AL DHAFRA,____ _____,Cycle3,____ ______,Grade 10,____,Female,_______,Emirati,86.75%,249
2023-2024,_______ ________,Public,______,AL DHAFRA,____ _____,Cycle3,____ ______,Grade 10,____,Female,____,Resident,99.36%,156
2023-2024,_______ ________,Public,______,AL DHAFRA,____ _____,Cycle3,____ ______,Grade 10,___,Male,_______,Emirati,76.26%,198
2023-2024,_______ ________,Public,______,AL DHAFRA,____ _____,Cycle3,____ ______,Grade 10,___,Male,____,Resident,96.49%,171
2023-2024,_______ ________,Public,______,AL DHAFRA,____ _____,Cycle2,____ ______,Grade 8,____,Female,_______,Emirati,99.06%,212
2023-2024,_______ ________,Public,______,AL DHAFRA,____ _____,Cycle2,____ ______,Grade 8,____,Female,____,Resident,100.00%,136
2023-2024,_______ ________,Public,______,AL DHAFRA,____ _____,Cycle2,____ ______,Grade 8,___,Male,_______,Emirati,99.03%,206
2023-2024,_______ ________,Public,______,AL DHAFRA,____ _____,Cycle2,____ ______,Grade 8,___,Male,____,Resident,98.47%,131
2023-2024,_______ ________,Public,______,AL DHAFRA,____ _____,Cycle2,____ ______,Grade 5,____,Female,_______,Emirati,100.00%,307
2023-2024,_______ ________,Public,______,AL DHAFRA,____ _____,Cycle2,____ ______,Grade 5,____,Female,____,Resident,100.00%,150
2023-2024,_______ ________,Public,______,AL DHAFRA,____ _____,Cycle2,____ ______,Grade 5,___,Male,_______,Emirati,98.04%,255
2023-2024,_______ ________,Public,______,AL DHAFRA,____ _____,Cycle2,____ ______,Grade 5,___,Male,____,Resident,100.00%,130
2023-2024,_______ ________,Public,______,AL DHAFRA,____ _____,Cycle2,____ ______,Grade 7,____,Female,_______,Emirati,98.83%,256
2023-2024,_______ ________,Public,______,AL DHAFRA,____ _____,Cycle2,____ ______,Grade 7,____,Female,____,Resident,100.00%,166
2023-2024,_______ ________,Public,______,AL DHAFRA,____ _____,Cycle2,____ ______,Grade 7,___,Male,_______,Emirati,98.17%,218
2023-2024,_______ ________,Public,______,AL DHAFRA,____ _____,Cycle2,____ ______,Grade 7,___,Male,____,Resident,100.00%,154
2023-2024,_______ ________,Public,______,AL DHAFRA,____ _____,Cycle2,____ ______,Grade 6,____,Female,_______,Emirati,100.00%,241
2023-2024,_______ ________,Public,______,AL DHAFRA,____ _____,Cycle2,____ ______,Grade 6,____,Female,____,Resident,99.39%,165
2023-2024,_______ ________,Public,______,AL DHAFRA,____ _____,Cycle2,____ ______,Grade 6,___,Male,_______,Emirati,98.26%,230
2023-2024,_______ ________,Public,______,AL DHAFRA,____ _____,Cycle2,____ ______,Grade 6,___,Male,____,Resident,99.33%,149
2023-2024,_______ ________,Public,_____,AL AIN,____ ____,Cycle1,____ _____,Grade 1,____,Female,_______,Emirati,99.84%,1221
2023-2024,_______ ________,Public,_____,AL AIN,____ ____,Cycle1,____ _____,Grade 1,____,Female,____,Resident,100.00%,243
2023-2024,_______ ________,Public,_____,AL AIN,____ ____,Cycle1,____ _____,Grade 1,___,Male,_______,Emirati,100.00%,1164
2023-2024,_______ ________,Public,_____,AL AIN,____ ____,Cycle1,____ _____,Grade 1,___,Male,____,Resident,100.00%,240
2023-2024,_______ ________,Public,_____,AL AIN,____ ____,Cycle1,____ ______,Grade 3,____,Female,_______,Emirati,99.94%,1749
2023-2024,_______ ________,Public,_____,AL AIN,____ ____,Cycle1,____ ______,Grade 3,____,Female,____,Resident,100.00%,339
2023-2024,_______ ________,Public,_____,AL AIN,____ ____,Cycle1,____ ______,Grade 3,___,Male,_______,Emirati,100.00%,1479
2023-2024,_______ ________,Public,_____,AL AIN,____ ____,Cycle1,____ ______,Grade 3,___,Male,____,Resident,100.00%,317
2023-2024,_______ ________,Public,_____,AL AIN,____ ____,Cycle1,____ ______,Grade 2,____,Female,_______,Emirati,99.94%,1615
2023-2024,_______ ________,Public,_____,AL AIN,____ ____,Cycle1,____ ______,Grade 2,____,Female,____,Resident,99.40%,336
2023-2024,_______ ________,Public,_____,AL AIN,____ ____,Cycle1,____ ______,Grade 2,___,Male,_______,Emirati,100.00%,1444
2023-2024,_______ ________,Public,_____,AL AIN,____ ____,Cycle1,____ ______,Grade 2,___,Male,____,Resident,99.70%,338
2023-2024,_______ ________,Public,_____,AL AIN,____ ____,Cycle1,____ ______,Grade 4,____,Female,_______,Emirati,99.81%,1617
2023-2024,_______ ________,Public,_____,AL AIN,____ ____,Cycle1,____ ______,Grade 4,____,Female,____,Resident,99.72%,359
2023-2024,_______ ________,Public,_____,AL AIN,____ ____,Cycle1,____ ______,Grade 4,___,Male,_______,Emirati,99.81%,1547
2023-2024,_______ ________,Public,_____,AL AIN,____ ____,Cycle1,____ ______,Grade 4,___,Male,____,Resident,100.00%,377
2023-2024,_______ ________,Public,_____,AL AIN,____ _____,Cycle3,____ ______,Grade 9,____,Female,_______,Emirati,89.42%,1786
2023-2024,_______ ________,Public,_____,AL AIN,____ _____,Cycle3,____ ______,Grade 9,____,Female,____,Resident,91.92%,359
2023-2024,_______ ________,Public,_____,AL AIN,____ _____,Cycle3,____ ______,Grade 9,___,Male,_______,Emirati,86.62%,1203
2023-2024,_______ ________,Public,_____,AL AIN,____ _____,Cycle3,____ ______,Grade 9,___,Male,____,Resident,93.88%,278
2023-2024,_______ ________,Public,_____,AL AIN,____ _____,Cycle3,____ ______ ___,Grade 12,____,Female,_______,Emirati,98.10%,1423
2023-2024,_______ ________,Public,_____,AL AIN,____ _____,Cycle3,____ ______ ___,Grade 12,____,Female,____,Resident,99.38%,325
2023-2024,_______ ________,Public,_____,AL AIN,____ _____,Cycle3,____ ______ ___,Grade 12,___,Male,_______,Emirati,89.83%,1328
2023-2024,_______ ________,Public,_____,AL AIN,____ _____,Cycle3,____ ______ ___,Grade 12,___,Male,____,Resident,95.64%,298
2023-2024,_______ ________,Public,_____,AL AIN,____ _____,Cycle3,____ ______ ___,Grade 11,____,Female,_______,Emirati,97.98%,1686
2023-2024,_______ ________,Public,_____,AL AIN,____ _____,Cycle3,____ ______ ___,Grade 11,____,Female,____,Resident,98.13%,374
2023-2024,_______ ________,Public,_____,AL AIN,____ _____,Cycle3,____ ______ ___,Grade 11,___,Male,_______,Emirati,89.46%,1565
2023-2024,_______ ________,Public,_____,AL AIN,____ _____,Cycle3,____ ______ ___,Grade 11,___,Male,____,Resident,96.17%,313
2023-2024,_______ ________,Public,_____,AL AIN,____ _____,Cycle3,____ ______,Grade 10,____,Female,_______,Emirati,93.64%,1572
2023-2024,_______ ________,Public,_____,AL AIN,____ _____,Cycle3,____ ______,Grade 10,____,Female,____,Resident,96.66%,299
2023-2024,_______ ________,Public,_____,AL AIN,____ _____,Cycle3,____ ______,Grade 10,___,Male,_______,Emirati,79.20%,1173
2023-2024,_______ ________,Public,_____,AL AIN,____ _____,Cycle3,____ ______,Grade 10,___,Male,____,Resident,90.66%,289
2023-2024,_______ ________,Public,_____,AL AIN,____ _____,Cycle2,____ ______,Grade 8,____,Female,_______,Emirati,98.80%,1170
2023-2024,_______ ________,Public,_____,AL AIN,____ _____,Cycle2,____ ______,Grade 8,____,Female,____,Resident,99.43%,348
2023-2024,_______ ________,Public,_____,AL AIN,____ _____,Cycle2,____ ______,Grade 8,___,Male,_______,Emirati,96.04%,984
2023-2024,_______ ________,Public,_____,AL AIN,____ _____,Cycle2,____ ______,Grade 8,___,Male,____,Resident,99.35%,309
2023-2024,_______ ________,Public,_____,AL AIN,____ _____,Cycle2,____ ______,Grade 5,____,Female,_______,Emirati,99.31%,1731
2023-2024,_______ ________,Public,_____,AL AIN,____ _____,Cycle2,____ ______,Grade 5,____,Female,____,Resident,99.49%,396
2023-2024,_______ ________,Public,_____,AL AIN,____ _____,Cycle2,____ ______,Grade 5,___,Male,_______,Emirati,98.77%,1546
2023-2024,_______ ________,Public,_____,AL AIN,____ _____,Cycle2,____ ______,Grade 5,___,Male,____,Resident,98.66%,374
2023-2024,_______ ________,Public,_____,AL AIN,____ _____,Cycle2,____ ______,Grade 7,____,Female,_______,Emirati,98.70%,1466
2023-2024,_______ ________,Public,_____,AL AIN,____ _____,Cycle2,____ ______,Grade 7,____,Female,____,Resident,98.90%,365
2023-2024,_______ ________,Public,_____,AL AIN,____ _____,Cycle2,____ ______,Grade 7,___,Male,_______,Emirati,95.94%,1183
2023-2024,_______ ________,Public,_____,AL AIN,____ _____,Cycle2,____ ______,Grade 7,___,Male,____,Resident,98.12%,319
2023-2024,_______ ________,Public,_____,AL AIN,____ _____,Cycle2,____ ______,Grade 6,____,Female,_______,Emirati,97.25%,1275
2023-2024,_______ ________,Public,_____,AL AIN,____ _____,Cycle2,____ ______,Grade 6,____,Female,____,Resident,98.03%,355
2023-2024,_______ ________,Public,_____,AL AIN,____ _____,Cycle2,____ ______,Grade 6,___,Male,_______,Emirati,92.53%,1178
2023-2024,_______ ________,Public,_____,AL AIN,____ _____,Cycle2,____ ______,Grade 6,___,Male,____,Resident,98.26%,344
2023-2024,_______ ________,Public,_______,AL FUJAIRAH,____ ____,Cycle1,____ _____,Grade 1,____,Female,_______,Emirati,99.85%,669
2023-2024,_______ ________,Public,_______,AL FUJAIRAH,____ ____,Cycle1,____ _____,Grade 1,____,Female,____,Resident,92.86%,14
2023-2024,_______ ________,Public,_______,AL FUJAIRAH,____ ____,Cycle1,____ _____,Grade 1,___,Male,_______,Emirati,100.00%,617
2023-2024,_______ ________,Public,_______,AL FUJAIRAH,____ ____,Cycle1,____ _____,Grade 1,___,Male,____,Resident,100.00%,26
2023-2024,_______ ________,Public,_______,AL FUJAIRAH,____ ____,Cycle1,____ ______,Grade 3,____,Female,_______,Emirati,100.00%,875
2023-2024,_______ ________,Public,_______,AL FUJAIRAH,____ ____,Cycle1,____ ______,Grade 3,____,Female,____,Resident,100.00%,27
2023-2024,_______ ________,Public,_______,AL FUJAIRAH,____ ____,Cycle1,____ ______,Grade 3,___,Male,_______,Emirati,100.00%,915
2023-2024,_______ ________,Public,_______,AL FUJAIRAH,____ ____,Cycle1,____ ______,Grade 3,___,Male,____,Resident,100.00%,23
2023-2024,_______ ________,Public,_______,AL FUJAIRAH,____ ____,Cycle1,____ ______,Grade 2,____,Female,_______,Emirati,100.00%,828
2023-2024,_______ ________,Public,_______,AL FUJAIRAH,____ ____,Cycle1,____ ______,Grade 2,____,Female,____,Resident,100.00%,25
2023-2024,_______ ________,Public,_______,AL FUJAIRAH,____ ____,Cycle1,____ ______,Grade 2,___,Male,_______,Emirati,100.00%,857
2023-2024,_______ ________,Public,_______,AL FUJAIRAH,____ ____,Cycle1,____ ______,Grade 2,___,Male,____,Resident,100.00%,13
2023-2024,_______ ________,Public,_______,AL FUJAIRAH,____ ____,Cycle1,____ ______,Grade 4,____,Female,_______,Emirati,100.00%,932
2023-2024,_______ ________,Public,_______,AL FUJAIRAH,____ ____,Cycle1,____ ______,Grade 4,____,Female,____,Resident,100.00%,23
2023-2024,_______ ________,Public,_______,AL FUJAIRAH,____ ____,Cycle1,____ ______,Grade 4,___,Male,_______,Emirati,100.00%,912
2023-2024,_______ ________,Public,_______,AL FUJAIRAH,____ ____,Cycle1,____ ______,Grade 4,___,Male,____,Resident,100.00%,24
2023-2024,_______ ________,Public,_______,AL FUJAIRAH,____ _____,Cycle3,____ ______,Grade 9,____,Female,_______,Emirati,97.46%,984
2023-2024,_______ ________,Public,_______,AL FUJAIRAH,____ _____,Cycle3,____ ______,Grade 9,____,Female,____,Resident,96.30%,27
2023-2024,_______ ________,Public,_______,AL FUJAIRAH,____ _____,Cycle3,____ ______,Grade 9,___,Male,_______,Emirati,93.27%,787
2023-2024,_______ ________,Public,_______,AL FUJAIRAH,____ _____,Cycle3,____ ______,Grade 9,___,Male,____,Resident,100.00%,24
2023-2024,_______ ________,Public,_______,AL FUJAIRAH,____ _____,Cycle3,____ ______ ___,Grade 12,____,Female,_______,Emirati,99.45%,903
2023-2024,_______ ________,Public,_______,AL FUJAIRAH,____ _____,Cycle3,____ ______ ___,Grade 12,____,Female,____,Resident,100.00%,35
2023-2024,_______ ________,Public,_______,AL FUJAIRAH,____ _____,Cycle3,____ ______ ___,Grade 12,___,Male,_______,Emirati,95.92%,687
2023-2024,_______ ________,Public,_______,AL FUJAIRAH,____ _____,Cycle3,____ ______ ___,Grade 12,___,Male,____,Resident,100.00%,38
2023-2024,_______ ________,Public,_______,AL FUJAIRAH,____ _____,Cycle3,____ ______ ___,Grade 11,____,Female,_______,Emirati,99.14%,926
2023-2024,_______ ________,Public,_______,AL FUJAIRAH,____ _____,Cycle3,____ ______ ___,Grade 11,____,Female,____,Resident,97.96%,49
2023-2024,_______ ________,Public,_______,AL FUJAIRAH,____ _____,Cycle3,____ ______ ___,Grade 11,___,Male,_______,Emirati,96.68%,722
2023-2024,_______ ________,Public,_______,AL FUJAIRAH,____ _____,Cycle3,____ ______ ___,Grade 11,___,Male,____,Resident,100.00%,37
2023-2024,_______ ________,Public,_______,AL FUJAIRAH,____ _____,Cycle3,____ ______,Grade 10,____,Female,_______,Emirati,96.78%,994
2023-2024,_______ ________,Public,_______,AL FUJAIRAH,____ _____,Cycle3,____ ______,Grade 10,____,Female,____,Resident,97.62%,42
2023-2024,_______ ________,Public,_______,AL FUJAIRAH,____ _____,Cycle3,____ ______,Grade 10,___,Male,_______,Emirati,92.66%,804
2023-2024,_______ ________,Public,_______,AL FUJAIRAH,____ _____,Cycle3,____ ______,Grade 10,___,Male,____,Resident,96.43%,28
2023-2024,_______ ________,Public,_______,AL FUJAIRAH,____ _____,Cycle2,____ ______,Grade 8,____,Female,_______,Emirati,99.89%,915
2023-2024,_______ ________,Public,_______,AL FUJAIRAH,____ _____,Cycle2,____ ______,Grade 8,____,Female,____,Resident,100.00%,28
2023-2024,_______ ________,Public,_______,AL FUJAIRAH,____ _____,Cycle2,____ ______,Grade 8,___,Male,_______,Emirati,97.42%,775
2023-2024,_______ ________,Public,_______,AL FUJAIRAH,____ _____,Cycle2,____ ______,Grade 8,___,Male,____,Resident,100.00%,32
2023-2024,_______ ________,Public,_______,AL FUJAIRAH,____ _____,Cycle2,____ ______,Grade 5,____,Female,_______,Emirati,100.00%,1041
2023-2024,_______ ________,Public,_______,AL FUJAIRAH,____ _____,Cycle2,____ ______,Grade 5,____,Female,____,Resident,100.00%,40
2023-2024,_______ ________,Public,_______,AL FUJAIRAH,____ _____,Cycle2,____ ______,Grade 5,___,Male,_______,Emirati,99.12%,1027
2023-2024,_______ ________,Public,_______,AL FUJAIRAH,____ _____,Cycle2,____ ______,Grade 5,___,Male,____,Resident,96.15%,26
2023-2024,_______ ________,Public,_______,AL FUJAIRAH,____ _____,Cycle2,____ ______,Grade 7,____,Female,_______,Emirati,99.91%,1088
2023-2024,_______ ________,Public,_______,AL FUJAIRAH,____ _____,Cycle2,____ ______,Grade 7,____,Female,____,Resident,100.00%,22
2023-2024,_______ ________,Public,_______,AL FUJAIRAH,____ _____,Cycle2,____ ______,Grade 7,___,Male,_______,Emirati,97.57%,904
2023-2024,_______ ________,Public,_______,AL FUJAIRAH,____ _____,Cycle2,____ ______,Grade 7,___,Male,____,Resident,92.59%,27
2023-2024,_______ ________,Public,_______,AL FUJAIRAH,____ _____,Cycle2,____ ______,Grade 6,____,Female,_______,Emirati,99.81%,1057
2023-2024,_______ ________,Public,_______,AL FUJAIRAH,____ _____,Cycle2,____ ______,Grade 6,____,Female,____,Resident,100.00%,42
2023-2024,_______ ________,Public,_______,AL FUJAIRAH,____ _____,Cycle2,____ ______,Grade 6,___,Male,_______,Emirati,96.72%,977
2023-2024,_______ ________,Public,_______,AL FUJAIRAH,____ _____,Cycle2,____ ______,Grade 6,___,Male,____,Resident,96.55%,29
2023-2024,_______ ________,Public,______,ABU DHABI,____ ____,Cycle1,____ _____,Grade 1,____,Female,_______,Emirati,99.91%,1066
2023-2024,_______ ________,Public,______,ABU DHABI,____ ____,Cycle1,____ _____,Grade 1,____,Female,____,Resident,99.51%,206
2023-2024,_______ ________,Public,______,ABU DHABI,____ ____,Cycle1,____ _____,Grade 1,___,Male,_______,Emirati,100.00%,1101
2023-2024,_______ ________,Public,______,ABU DHABI,____ ____,Cycle1,____ _____,Grade 1,___,Male,____,Resident,99.47%,187
2023-2024,_______ ________,Public,______,ABU DHABI,____ ____,Cycle1,____ ______,Grade 3,____,Female,_______,Emirati,99.85%,1375
2023-2024,_______ ________,Public,______,ABU DHABI,____ ____,Cycle1,____ ______,Grade 3,____,Female,____,Resident,100.00%,372
2023-2024,_______ ________,Public,______,ABU DHABI,____ ____,Cycle1,____ ______,Grade 3,___,Male,_______,Emirati,99.93%,1361
2023-2024,_______ ________,Public,______,ABU DHABI,____ ____,Cycle1,____ ______,Grade 3,___,Male,____,Resident,99.73%,374
2023-2024,_______ ________,Public,______,ABU DHABI,____ ____,Cycle1,____ ______,Grade 2,____,Female,_______,Emirati,100.00%,1322
2023-2024,_______ ________,Public,______,ABU DHABI,____ ____,Cycle1,____ ______,Grade 2,____,Female,____,Resident,100.00%,285
2023-2024,_______ ________,Public,______,ABU DHABI,____ ____,Cycle1,____ ______,Grade 2,___,Male,_______,Emirati,99.92%,1254
2023-2024,_______ ________,Public,______,ABU DHABI,____ ____,Cycle1,____ ______,Grade 2,___,Male,____,Resident,100.00%,267
2023-2024,_______ ________,Public,______,ABU DHABI,____ ____,Cycle1,____ ______,Grade 4,____,Female,_______,Emirati,100.00%,1359
2023-2024,_______ ________,Public,______,ABU DHABI,____ ____,Cycle1,____ ______,Grade 4,____,Female,____,Resident,100.00%,438
2023-2024,_______ ________,Public,______,ABU DHABI,____ ____,Cycle1,____ ______,Grade 4,___,Male,_______,Emirati,100.00%,1366
2023-2024,_______ ________,Public,______,ABU DHABI,____ ____,Cycle1,____ ______,Grade 4,___,Male,____,Resident,100.00%,440
2023-2024,_______ ________,Public,______,ABU DHABI,____ _____,Cycle3,____ ______,Grade 9,____,Female,_______,Emirati,92.39%,1591
2023-2024,_______ ________,Public,______,ABU DHABI,____ _____,Cycle3,____ ______,Grade 9,____,Female,____,Resident,96.75%,462
2023-2024,_______ ________,Public,______,ABU DHABI,____ _____,Cycle3,____ ______,Grade 9,___,Male,_______,Emirati,84.74%,1271
2023-2024,_______ ________,Public,______,ABU DHABI,____ _____,Cycle3,____ ______,Grade 9,___,Male,____,Resident,92.16%,357
2023-2024,_______ ________,Public,______,ABU DHABI,____ _____,Cycle3,____ ______ ___,Grade 12,____,Female,_______,Emirati,97.45%,1841
2023-2024,_______ ________,Public,______,ABU DHABI,____ _____,Cycle3,____ ______ ___,Grade 12,____,Female,____,Resident,98.99%,396
2023-2024,_______ ________,Public,______,ABU DHABI,____ _____,Cycle3,____ ______ ___,Grade 12,___,Male,_______,Emirati,95.85%,1760
2023-2024,_______ ________,Public,______,ABU DHABI,____ _____,Cycle3,____ ______ ___,Grade 12,___,Male,____,Resident,97.53%,405
2023-2024,_______ ________,Public,______,ABU DHABI,____ _____,Cycle3,____ ______ ___,Grade 11,____,Female,_______,Emirati,96.63%,1986
2023-2024,_______ ________,Public,______,ABU DHABI,____ _____,Cycle3,____ ______ ___,Grade 11,____,Female,____,Resident,98.61%,504
2023-2024,_______ ________,Public,______,ABU DHABI,____ _____,Cycle3,____ ______ ___,Grade 11,___,Male,_______,Emirati,93.67%,1911
2023-2024,_______ ________,Public,______,ABU DHABI,____ _____,Cycle3,____ ______ ___,Grade 11,___,Male,____,Resident,95.85%,458
2023-2024,_______ ________,Public,______,ABU DHABI,____ _____,Cycle3,____ ______,Grade 10,____,Female,_______,Emirati,91.74%,1779
2023-2024,_______ ________,Public,______,ABU DHABI,____ _____,Cycle3,____ ______,Grade 10,____,Female,____,Resident,94.51%,492
2023-2024,_______ ________,Public,______,ABU DHABI,____ _____,Cycle3,____ ______,Grade 10,___,Male,_______,Emirati,80.15%,1431
2023-2024,_______ ________,Public,______,ABU DHABI,____ _____,Cycle3,____ ______,Grade 10,___,Male,____,Resident,89.59%,413
2023-2024,_______ ________,Public,______,ABU DHABI,____ _____,Cycle2,____ ______,Grade 8,____,Female,_______,Emirati,98.90%,1358
2023-2024,_______ ________,Public,______,ABU DHABI,____ _____,Cycle2,____ ______,Grade 8,____,Female,____,Resident,99.10%,442
2023-2024,_______ ________,Public,______,ABU DHABI,____ _____,Cycle2,____ ______,Grade 8,___,Male,_______,Emirati,95.91%,1002
2023-2024,_______ ________,Public,______,ABU DHABI,____ _____,Cycle2,____ ______,Grade 8,___,Male,____,Resident,98.05%,359
2023-2024,_______ ________,Public,______,ABU DHABI,____ _____,Cycle2,____ ______,Grade 5,____,Female,_______,Emirati,99.67%,1517
2023-2024,_______ ________,Public,______,ABU DHABI,____ _____,Cycle2,____ ______,Grade 5,____,Female,____,Resident,99.62%,531
2023-2024,_______ ________,Public,______,ABU DHABI,____ _____,Cycle2,____ ______,Grade 5,___,Male,_______,Emirati,95.93%,1448
2023-2024,_______ ________,Public,______,ABU DHABI,____ _____,Cycle2,____ ______,Grade 5,___,Male,____,Resident,97.46%,473
2023-2024,_______ ________,Public,______,ABU DHABI,____ _____,Cycle2,____ ______,Grade 7,____,Female,_______,Emirati,98.56%,1530
2023-2024,_______ ________,Public,______,ABU DHABI,____ _____,Cycle2,____ ______,Grade 7,____,Female,____,Resident,98.44%,514
2023-2024,_______ ________,Public,______,ABU DHABI,____ _____,Cycle2,____ ______,Grade 7,___,Male,_______,Emirati,93.90%,1164
2023-2024,_______ ________,Public,______,ABU DHABI,____ _____,Cycle2,____ ______,Grade 7,___,Male,____,Resident,96.80%,437
2023-2024,_______ ________,Public,______,ABU DHABI,____ _____,Cycle2,____ ______,Grade 6,____,Female,_______,Emirati,96.43%,1485
2023-2024,_______ ________,Public,______,ABU DHABI,____ _____,Cycle2,____ ______,Grade 6,____,Female,____,Resident,96.99%,499
2023-2024,_______ ________,Public,______,ABU DHABI,____ _____,Cycle2,____ ______,Grade 6,___,Male,_______,Emirati,88.79%,1365
2023-2024,_______ ________,Public,______,ABU DHABI,____ _____,Cycle2,____ ______,Grade 6,___,Male,____,Resident,95.11%,491
2023-2024,_______ ________,Public,__ _______,Umm Al Quwain,____ ____,Cycle1,____ _____,Grade 1,____,Female,_______,Emirati,100.00%,76
2023-2024,_______ ________,Public,__ _______,Umm Al Quwain,____ ____,Cycle1,____ _____,Grade 1,____,Female,____,Resident,100.00%,17
2023-2024,_______ ________,Public,__ _______,Umm Al Quwain,____ ____,Cycle1,____ _____,Grade 1,___,Male,_______,Emirati,100.00%,60
2023-2024,_______ ________,Public,__ _______,Umm Al Quwain,____ ____,Cycle1,____ _____,Grade 1,___,Male,____,Resident,100.00%,17
2023-2024,_______ ________,Public,__ _______,Umm Al Quwain,____ ____,Cycle1,____ ______,Grade 3,____,Female,_______,Emirati,100.00%,97
2023-2024,_______ ________,Public,__ _______,Umm Al Quwain,____ ____,Cycle1,____ ______,Grade 3,____,Female,____,Resident,100.00%,25
2023-2024,_______ ________,Public,__ _______,Umm Al Quwain,____ ____,Cycle1,____ ______,Grade 3,___,Male,_______,Emirati,100.00%,103
2023-2024,_______ ________,Public,__ _______,Umm Al Quwain,____ ____,Cycle1,____ ______,Grade 3,___,Male,____,Resident,100.00%,26
2023-2024,_______ ________,Public,__ _______,Umm Al Quwain,____ ____,Cycle1,____ ______,Grade 2,____,Female,_______,Emirati,100.00%,107
2023-2024,_______ ________,Public,__ _______,Umm Al Quwain,____ ____,Cycle1,____ ______,Grade 2,____,Female,____,Resident,100.00%,28
2023-2024,_______ ________,Public,__ _______,Umm Al Quwain,____ ____,Cycle1,____ ______,Grade 2,___,Male,_______,Emirati,100.00%,86
2023-2024,_______ ________,Public,__ _______,Umm Al Quwain,____ ____,Cycle1,____ ______,Grade 2,___,Male,____,Resident,100.00%,23
2023-2024,_______ ________,Public,__ _______,Umm Al Quwain,____ ____,Cycle1,____ ______,Grade 4,____,Female,_______,Emirati,100.00%,115
2023-2024,_______ ________,Public,__ _______,Umm Al Quwain,____ ____,Cycle1,____ ______,Grade 4,____,Female,____,Resident,100.00%,45
2023-2024,_______ ________,Public,__ _______,Umm Al Quwain,____ ____,Cycle1,____ ______,Grade 4,___,Male,_______,Emirati,100.00%,117
2023-2024,_______ ________,Public,__ _______,Umm Al Quwain,____ ____,Cycle1,____ ______,Grade 4,___,Male,____,Resident,100.00%,21
2023-2024,_______ ________,Public,__ _______,Umm Al Quwain,____ _____,Cycle3,____ ______,Grade 9,____,Female,_______,Emirati,89.90%,198
2023-2024,_______ ________,Public,__ _______,Umm Al Quwain,____ _____,Cycle3,____ ______,Grade 9,____,Female,____,Resident,90.74%,54
2023-2024,_______ ________,Public,__ _______,Umm Al Quwain,____ _____,Cycle3,____ ______,Grade 9,___,Male,_______,Emirati,75.84%,178
2023-2024,_______ ________,Public,__ _______,Umm Al Quwain,____ _____,Cycle3,____ ______,Grade 9,___,Male,____,Resident,89.47%,38
2023-2024,_______ ________,Public,__ _______,Umm Al Quwain,____ _____,Cycle3,____ ______ ___,Grade 12,____,Female,_______,Emirati,95.98%,174
2023-2024,_______ ________,Public,__ _______,Umm Al Quwain,____ _____,Cycle3,____ ______ ___,Grade 12,____,Female,____,Resident,93.48%,46
2023-2024,_______ ________,Public,__ _______,Umm Al Quwain,____ _____,Cycle3,____ ______ ___,Grade 12,___,Male,_______,Emirati,93.18%,132
2023-2024,_______ ________,Public,__ _______,Umm Al Quwain,____ _____,Cycle3,____ ______ ___,Grade 12,___,Male,____,Resident,93.18%,44
2023-2024,_______ ________,Public,__ _______,Umm Al Quwain,____ _____,Cycle3,____ ______ ___,Grade 11,____,Female,_______,Emirati,96.77%,186
2023-2024,_______ ________,Public,__ _______,Umm Al Quwain,____ _____,Cycle3,____ ______ ___,Grade 11,____,Female,____,Resident,93.88%,49
2023-2024,_______ ________,Public,__ _______,Umm Al Quwain,____ _____,Cycle3,____ ______ ___,Grade 11,___,Male,_______,Emirati,90.24%,123
2023-2024,_______ ________,Public,__ _______,Umm Al Quwain,____ _____,Cycle3,____ ______ ___,Grade 11,___,Male,____,Resident,91.23%,57
2023-2024,_______ ________,Public,__ _______,Umm Al Quwain,____ _____,Cycle3,____ ______,Grade 10,____,Female,_______,Emirati,95.26%,211
2023-2024,_______ ________,Public,__ _______,Umm Al Quwain,____ _____,Cycle3,____ ______,Grade 10,____,Female,____,Resident,90.74%,54
2023-2024,_______ ________,Public,__ _______,Umm Al Quwain,____ _____,Cycle3,____ ______,Grade 10,___,Male,_______,Emirati,81.87%,171
2023-2024,_______ ________,Public,__ _______,Umm Al Quwain,____ _____,Cycle3,____ ______,Grade 10,___,Male,____,Resident,76.09%,46
2023-2024,_______ ________,Public,__ _______,Umm Al Quwain,____ _____,Cycle2,____ ______,Grade 8,____,Female,_______,Emirati,98.09%,209
2023-2024,_______ ________,Public,__ _______,Umm Al Quwain,____ _____,Cycle2,____ ______,Grade 8,____,Female,____,Resident,100.00%,34
2023-2024,_______ ________,Public,__ _______,Umm Al Quwain,____ _____,Cycle2,____ ______,Grade 8,___,Male,_______,Emirati,99.27%,137
2023-2024,_______ ________,Public,__ _______,Umm Al Quwain,____ _____,Cycle2,____ ______,Grade 8,___,Male,____,Resident,100.00%,40
2023-2024,_______ ________,Public,__ _______,Umm Al Quwain,____ _____,Cycle2,____ ______,Grade 5,____,Female,_______,Emirati,100.00%,226
2023-2024,_______ ________,Public,__ _______,Umm Al Quwain,____ _____,Cycle2,____ ______,Grade 5,____,Female,____,Resident,100.00%,47
2023-2024,_______ ________,Public,__ _______,Umm Al Quwain,____ _____,Cycle2,____ ______,Grade 5,___,Male,_______,Emirati,100.00%,154
2023-2024,_______ ________,Public,__ _______,Umm Al Quwain,____ _____,Cycle2,____ ______,Grade 5,___,Male,____,Resident,100.00%,57
2023-2024,_______ ________,Public,__ _______,Umm Al Quwain,____ _____,Cycle2,____ ______,Grade 7,____,Female,_______,Emirati,98.64%,221
2023-2024,_______ ________,Public,__ _______,Umm Al Quwain,____ _____,Cycle2,____ ______,Grade 7,____,Female,____,Resident,97.73%,44
2023-2024,_______ ________,Public,__ _______,Umm Al Quwain,____ _____,Cycle2,____ ______,Grade 7,___,Male,_______,Emirati,98.89%,180
2023-2024,_______ ________,Public,__ _______,Umm Al Quwain,____ _____,Cycle2,____ ______,Grade 7,___,Male,____,Resident,100.00%,40
2023-2024,_______ ________,Public,__ _______,Umm Al Quwain,____ _____,Cycle2,____ ______,Grade 6,____,Female,_______,Emirati,99.09%,219
2023-2024,_______ ________,Public,__ _______,Umm Al Quwain,____ _____,Cycle2,____ ______,Grade 6,____,Female,____,Resident,100.00%,40
2023-2024,_______ ________,Public,__ _______,Umm Al Quwain,____ _____,Cycle2,____ ______,Grade 6,___,Male,_______,Emirati,100.00%,194
2023-2024,_______ ________,Public,__ _______,Umm Al Quwain,____ _____,Cycle2,____ ______,Grade 6,___,Male,____,Resident,100.00%,37
2023-2024,_______ ________,Public,___,DUBAI,____ ____,Cycle1,____ _____,Grade 1,____,Female,_______,Emirati,100.00%,473
2023-2024,_______ ________,Public,___,DUBAI,____ ____,Cycle1,____ _____,Grade 1,____,Female,____,Resident,100.00%,112
2023-2024,_______ ________,Public,___,DUBAI,____ ____,Cycle1,____ _____,Grade 1,___,Male,_______,Emirati,99.34%,454
2023-2024,_______ ________,Public,___,DUBAI,____ ____,Cycle1,____ _____,Grade 1,___,Male,____,Resident,100.00%,109
2023-2024,_______ ________,Public,___,DUBAI,____ ____,Cycle1,____ ______,Grade 3,____,Female,_______,Emirati,99.69%,635
2023-2024,_______ ________,Public,___,DUBAI,____ ____,Cycle1,____ ______,Grade 3,____,Female,____,Resident,100.00%,169
2023-2024,_______ ________,Public,___,DUBAI,____ ____,Cycle1,____ ______,Grade 3,___,Male,_______,Emirati,100.00%,544
2023-2024,_______ ________,Public,___,DUBAI,____ ____,Cycle1,____ ______,Grade 3,___,Male,____,Resident,100.00%,142
2023-2024,_______ ________,Public,___,DUBAI,____ ____,Cycle1,____ ______,Grade 2,____,Female,_______,Emirati,100.00%,616
2023-2024,_______ ________,Public,___,DUBAI,____ ____,Cycle1,____ ______,Grade 2,____,Female,____,Resident,100.00%,120
2023-2024,_______ ________,Public,___,DUBAI,____ ____,Cycle1,____ ______,Grade 2,___,Male,_______,Emirati,100.00%,607
2023-2024,_______ ________,Public,___,DUBAI,____ ____,Cycle1,____ ______,Grade 2,___,Male,____,Resident,99.10%,111
2023-2024,_______ ________,Public,___,DUBAI,____ ____,Cycle1,____ ______,Grade 4,____,Female,_______,Emirati,99.70%,672
2023-2024,_______ ________,Public,___,DUBAI,____ ____,Cycle1,____ ______,Grade 4,____,Female,____,Resident,100.00%,170
2023-2024,_______ ________,Public,___,DUBAI,____ ____,Cycle1,____ ______,Grade 4,___,Male,_______,Emirati,99.85%,661
2023-2024,_______ ________,Public,___,DUBAI,____ ____,Cycle1,____ ______,Grade 4,___,Male,____,Resident,100.00%,154
2023-2024,_______ ________,Public,___,DUBAI,____ _____,Cycle3,____ ______,Grade 9,____,Female,_______,Emirati,93.05%,1280
2023-2024,_______ ________,Public,___,DUBAI,____ _____,Cycle3,____ ______,Grade 9,____,Female,____,Resident,89.97%,289
2023-2024,_______ ________,Public,___,DUBAI,____ _____,Cycle3,____ ______,Grade 9,___,Male,_______,Emirati,89.37%,1025
2023-2024,_______ ________,Public,___,DUBAI,____ _____,Cycle3,____ ______,Grade 9,___,Male,____,Resident,90.20%,255
2023-2024,_______ ________,Public,___,DUBAI,____ _____,Cycle3,____ ______ ___,Grade 12,____,Female,_______,Emirati,99.08%,978
2023-2024,_______ ________,Public,___,DUBAI,____ _____,Cycle3,____ ______ ___,Grade 12,____,Female,____,Resident,100.00%,199
2023-2024,_______ ________,Public,___,DUBAI,____ _____,Cycle3,____ ______ ___,Grade 12,___,Male,_______,Emirati,97.99%,847
2023-2024,_______ ________,Public,___,DUBAI,____ _____,Cycle3,____ ______ ___,Grade 12,___,Male,____,Resident,99.01%,202
2023-2024,_______ ________,Public,___,DUBAI,____ _____,Cycle3,____ ______ ___,Grade 11,____,Female,_______,Emirati,98.39%,1115
2023-2024,_______ ________,Public,___,DUBAI,____ _____,Cycle3,____ ______ ___,Grade 11,____,Female,____,Resident,98.88%,268
2023-2024,_______ ________,Public,___,DUBAI,____ _____,Cycle3,____ ______ ___,Grade 11,___,Male,_______,Emirati,95.72%,934
2023-2024,_______ ________,Public,___,DUBAI,____ _____,Cycle3,____ ______ ___,Grade 11,___,Male,____,Resident,95.74%,235
2023-2024,_______ ________,Public,___,DUBAI,____ _____,Cycle3,____ ______,Grade 10,____,Female,_______,Emirati,93.92%,1167
2023-2024,_______ ________,Public,___,DUBAI,____ _____,Cycle3,____ ______,Grade 10,____,Female,____,Resident,94.98%,239
2023-2024,_______ ________,Public,___,DUBAI,____ _____,Cycle3,____ ______,Grade 10,___,Male,_______,Emirati,87.70%,1081
2023-2024,_______ ________,Public,___,DUBAI,____ _____,Cycle3,____ ______,Grade 10,___,Male,____,Resident,88.48%,243
2023-2024,_______ ________,Public,___,DUBAI,____ _____,Cycle2,____ ______,Grade 8,____,Female,_______,Emirati,98.58%,985
2023-2024,_______ ________,Public,___,DUBAI,____ _____,Cycle2,____ ______,Grade 8,____,Female,____,Resident,97.98%,248
2023-2024,_______ ________,Public,___,DUBAI,____ _____,Cycle2,____ ______,Grade 8,___,Male,_______,Emirati,95.84%,793
2023-2024,_______ ________,Public,___,DUBAI,____ _____,Cycle2,____ ______,Grade 8,___,Male,____,Resident,97.24%,181
2023-2024,_______ ________,Public,___,DUBAI,____ _____,Cycle2,____ ______,Grade 5,____,Female,_______,Emirati,99.34%,903
2023-2024,_______ ________,Public,___,DUBAI,____ _____,Cycle2,____ ______,Grade 5,____,Female,____,Resident,99.55%,222
2023-2024,_______ ________,Public,___,DUBAI,____ _____,Cycle2,____ ______,Grade 5,___,Male,_______,Emirati,98.36%,792
2023-2024,_______ ________,Public,___,DUBAI,____ _____,Cycle2,____ ______,Grade 5,___,Male,____,Resident,97.13%,209
2023-2024,_______ ________,Public,___,DUBAI,____ _____,Cycle2,____ ______,Grade 7,____,Female,_______,Emirati,97.79%,1042
2023-2024,_______ ________,Public,___,DUBAI,____ _____,Cycle2,____ ______,Grade 7,____,Female,____,Resident,94.65%,243
2023-2024,_______ ________,Public,___,DUBAI,____ _____,Cycle2,____ ______,Grade 7,___,Male,_______,Emirati,95.35%,881
2023-2024,_______ ________,Public,___,DUBAI,____ _____,Cycle2,____ ______,Grade 7,___,Male,____,Resident,95.83%,216
2023-2024,_______ ________,Public,___,DUBAI,____ _____,Cycle2,____ ______,Grade 6,____,Female,_______,Emirati,98.34%,901
2023-2024,_______ ________,Public,___,DUBAI,____ _____,Cycle2,____ ______,Grade 6,____,Female,____,Resident,97.51%,201
2023-2024,_______ ________,Public,___,DUBAI,____ _____,Cycle2,____ ______,Grade 6,___,Male,_______,Emirati,92.61%,880
2023-2024,_______ ________,Public,___,DUBAI,____ _____,Cycle2,____ ______,Grade 6,___,Male,____,Resident,88.30%,188
2023-2024,_______ ________,Public,___ ______,Ras Al Khaimah,____ ____,Cycle1,____ _____,Grade 1,____,Female,_______,Emirati,100.00%,629
2023-2024,_______ ________,Public,___ ______,Ras Al Khaimah,____ ____,Cycle1,____ _____,Grade 1,____,Female,____,Resident,100.00%,31
2023-2024,_______ ________,Public,___ ______,Ras Al Khaimah,____ ____,Cycle1,____ _____,Grade 1,___,Male,_______,Emirati,100.00%,659
2023-2024,_______ ________,Public,___ ______,Ras Al Khaimah,____ ____,Cycle1,____ _____,Grade 1,___,Male,____,Resident,100.00%,40
2023-2024,_______ ________,Public,___ ______,Ras Al Khaimah,____ ____,Cycle1,____ ______,Grade 3,____,Female,_______,Emirati,99.89%,918
2023-2024,_______ ________,Public,___ ______,Ras Al Khaimah,____ ____,Cycle1,____ ______,Grade 3,____,Female,____,Resident,100.00%,51
2023-2024,_______ ________,Public,___ ______,Ras Al Khaimah,____ ____,Cycle1,____ ______,Grade 3,___,Male,_______,Emirati,100.00%,961
2023-2024,_______ ________,Public,___ ______,Ras Al Khaimah,____ ____,Cycle1,____ ______,Grade 3,___,Male,____,Resident,100.00%,54
2023-2024,_______ ________,Public,___ ______,Ras Al Khaimah,____ ____,Cycle1,____ ______,Grade 2,____,Female,_______,Emirati,100.00%,927
2023-2024,_______ ________,Public,___ ______,Ras Al Khaimah,____ ____,Cycle1,____ ______,Grade 2,____,Female,____,Resident,100.00%,31
2023-2024,_______ ________,Public,___ ______,Ras Al Khaimah,____ ____,Cycle1,____ ______,Grade 2,___,Male,_______,Emirati,100.00%,909
2023-2024,_______ ________,Public,___ ______,Ras Al Khaimah,____ ____,Cycle1,____ ______,Grade 2,___,Male,____,Resident,100.00%,55
2023-2024,_______ ________,Public,___ ______,Ras Al Khaimah,____ ____,Cycle1,____ ______,Grade 4,____,Female,_______,Emirati,99.89%,938
2023-2024,_______ ________,Public,___ ______,Ras Al Khaimah,____ ____,Cycle1,____ ______,Grade 4,____,Female,____,Resident,100.00%,52
2023-2024,_______ ________,Public,___ ______,Ras Al Khaimah,____ ____,Cycle1,____ ______,Grade 4,___,Male,_______,Emirati,100.00%,916
2023-2024,_______ ________,Public,___ ______,Ras Al Khaimah,____ ____,Cycle1,____ ______,Grade 4,___,Male,____,Resident,100.00%,56
2023-2024,_______ ________,Public,___ ______,Ras Al Khaimah,____ _____,Cycle3,____ ______,Grade 9,____,Female,_______,Emirati,98.54%,1370
2023-2024,_______ ________,Public,___ ______,Ras Al Khaimah,____ _____,Cycle3,____ ______,Grade 9,____,Female,____,Resident,99.04%,104
2023-2024,_______ ________,Public,___ ______,Ras Al Khaimah,____ _____,Cycle3,____ ______,Grade 9,___,Male,_______,Emirati,95.00%,1259
2023-2024,_______ ________,Public,___ ______,Ras Al Khaimah,____ _____,Cycle3,____ ______,Grade 9,___,Male,____,Resident,97.17%,106
2023-2024,_______ ________,Public,___ ______,Ras Al Khaimah,____ _____,Cycle3,____ ______ ___,Grade 12,____,Female,_______,Emirati,98.58%,1123
2023-2024,_______ ________,Public,___ ______,Ras Al Khaimah,____ _____,Cycle3,____ ______ ___,Grade 12,____,Female,____,Resident,98.44%,64
2023-2024,_______ ________,Public,___ ______,Ras Al Khaimah,____ _____,Cycle3,____ ______ ___,Grade 12,___,Male,_______,Emirati,98.64%,1103
2023-2024,_______ ________,Public,___ ______,Ras Al Khaimah,____ _____,Cycle3,____ ______ ___,Grade 12,___,Male,____,Resident,97.85%,93
2023-2024,_______ ________,Public,___ ______,Ras Al Khaimah,____ _____,Cycle3,____ ______ ___,Grade 11,____,Female,_______,Emirati,98.65%,1185
2023-2024,_______ ________,Public,___ ______,Ras Al Khaimah,____ _____,Cycle3,____ ______ ___,Grade 11,____,Female,____,Resident,100.00%,98
2023-2024,_______ ________,Public,___ ______,Ras Al Khaimah,____ _____,Cycle3,____ ______ ___,Grade 11,___,Male,_______,Emirati,98.09%,1202
2023-2024,_______ ________,Public,___ ______,Ras Al Khaimah,____ _____,Cycle3,____ ______ ___,Grade 11,___,Male,____,Resident,98.45%,129
2023-2024,_______ ________,Public,___ ______,Ras Al Khaimah,____ _____,Cycle3,____ ______,Grade 10,____,Female,_______,Emirati,98.44%,1215
2023-2024,_______ ________,Public,___ ______,Ras Al Khaimah,____ _____,Cycle3,____ ______,Grade 10,____,Female,____,Resident,97.87%,94
2023-2024,_______ ________,Public,___ ______,Ras Al Khaimah,____ _____,Cycle3,____ ______,Grade 10,___,Male,_______,Emirati,96.21%,1161
2023-2024,_______ ________,Public,___ ______,Ras Al Khaimah,____ _____,Cycle3,____ ______,Grade 10,___,Male,____,Resident,96.55%,87
2023-2024,_______ ________,Public,___ ______,Ras Al Khaimah,____ _____,Cycle2,____ ______,Grade 8,____,Female,_______,Emirati,99.62%,1063
2023-2024,_______ ________,Public,___ ______,Ras Al Khaimah,____ _____,Cycle2,____ ______,Grade 8,____,Female,____,Resident,98.96%,96
2023-2024,_______ ________,Public,___ ______,Ras Al Khaimah,____ _____,Cycle2,____ ______,Grade 8,___,Male,_______,Emirati,98.84%,1120
2023-2024,_______ ________,Public,___ ______,Ras Al Khaimah,____ _____,Cycle2,____ ______,Grade 8,___,Male,____,Resident,99.17%,120
2023-2024,_______ ________,Public,___ ______,Ras Al Khaimah,____ _____,Cycle2,____ ______,Grade 5,____,Female,_______,Emirati,99.77%,1287
2023-2024,_______ ________,Public,___ ______,Ras Al Khaimah,____ _____,Cycle2,____ ______,Grade 5,____,Female,____,Resident,100.00%,84
2023-2024,_______ ________,Public,___ ______,Ras Al Khaimah,____ _____,Cycle2,____ ______,Grade 5,___,Male,_______,Emirati,99.24%,1310
2023-2024,_______ ________,Public,___ ______,Ras Al Khaimah,____ _____,Cycle2,____ ______,Grade 5,___,Male,____,Resident,100.00%,90
2023-2024,_______ ________,Public,___ ______,Ras Al Khaimah,____ _____,Cycle2,____ ______,Grade 7,____,Female,_______,Emirati,99.77%,1310
2023-2024,_______ ________,Public,___ ______,Ras Al Khaimah,____ _____,Cycle2,____ ______,Grade 7,____,Female,____,Resident,99.14%,116
2023-2024,_______ ________,Public,___ ______,Ras Al Khaimah,____ _____,Cycle2,____ ______,Grade 7,___,Male,_______,Emirati,99.42%,1385
2023-2024,_______ ________,Public,___ ______,Ras Al Khaimah,____ _____,Cycle2,____ ______,Grade 7,___,Male,____,Resident,99.08%,109
2023-2024,_______ ________,Public,___ ______,Ras Al Khaimah,____ _____,Cycle2,____ ______,Grade 6,____,Female,_______,Emirati,99.42%,1376
2023-2024,_______ ________,Public,___ ______,Ras Al Khaimah,____ _____,Cycle2,____ ______,Grade 6,____,Female,____,Resident,100.00%,75
2023-2024,_______ ________,Public,___ ______,Ras Al Khaimah,____ _____,Cycle2,____ ______,Grade 6,___,Male,_______,Emirati,98.33%,1314
2023-2024,_______ ________,Public,___ ______,Ras Al Khaimah,____ _____,Cycle2,____ ______,Grade 6,___,Male,____,Resident,98.85%,87
2023-2024,_______ ________,Public,_____,AJMAN,____ ____,Cycle1,____ _____,Grade 1,____,Female,_______,Emirati,99.60%,248
2023-2024,_______ ________,Public,_____,AJMAN,____ ____,Cycle1,____ _____,Grade 1,____,Female,____,Resident,100.00%,89
2023-2024,_______ ________,Public,_____,AJMAN,____ ____,Cycle1,____ _____,Grade 1,___,Male,_______,Emirati,99.08%,218
2023-2024,_______ ________,Public,_____,AJMAN,____ ____,Cycle1,____ _____,Grade 1,___,Male,____,Resident,100.00%,93
2023-2024,_______ ________,Public,_____,AJMAN,____ ____,Cycle1,____ ______,Grade 3,____,Female,_______,Emirati,99.69%,325
2023-2024,_______ ________,Public,_____,AJMAN,____ ____,Cycle1,____ ______,Grade 3,____,Female,____,Resident,100.00%,122
2023-2024,_______ ________,Public,_____,AJMAN,____ ____,Cycle1,____ ______,Grade 3,___,Male,_______,Emirati,100.00%,303
2023-2024,_______ ________,Public,_____,AJMAN,____ ____,Cycle1,____ ______,Grade 3,___,Male,____,Resident,100.00%,131
2023-2024,_______ ________,Public,_____,AJMAN,____ ____,Cycle1,____ ______,Grade 2,____,Female,_______,Emirati,100.00%,285
2023-2024,_______ ________,Public,_____,AJMAN,____ ____,Cycle1,____ ______,Grade 2,____,Female,____,Resident,100.00%,114
2023-2024,_______ ________,Public,_____,AJMAN,____ ____,Cycle1,____ ______,Grade 2,___,Male,_______,Emirati,100.00%,261
2023-2024,_______ ________,Public,_____,AJMAN,____ ____,Cycle1,____ ______,Grade 2,___,Male,____,Resident,100.00%,110
2023-2024,_______ ________,Public,_____,AJMAN,____ ____,Cycle1,____ ______,Grade 4,____,Female,_______,Emirati,100.00%,338
2023-2024,_______ ________,Public,_____,AJMAN,____ ____,Cycle1,____ ______,Grade 4,____,Female,____,Resident,100.00%,137
2023-2024,_______ ________,Public,_____,AJMAN,____ ____,Cycle1,____ ______,Grade 4,___,Male,_______,Emirati,99.69%,320
2023-2024,_______ ________,Public,_____,AJMAN,____ ____,Cycle1,____ ______,Grade 4,___,Male,____,Resident,100.00%,123
2023-2024,_______ ________,Public,_____,AJMAN,____ _____,Cycle3,____ ______,Grade 9,____,Female,_______,Emirati,90.53%,412
2023-2024,_______ ________,Public,_____,AJMAN,____ _____,Cycle3,____ ______,Grade 9,____,Female,____,Resident,96.59%,176
2023-2024,_______ ________,Public,_____,AJMAN,____ _____,Cycle3,____ ______,Grade 9,___,Male,_______,Emirati,81.84%,413
2023-2024,_______ ________,Public,_____,AJMAN,____ _____,Cycle3,____ ______,Grade 9,___,Male,____,Resident,85.56%,180
2023-2024,_______ ________,Public,_____,AJMAN,____ _____,Cycle3,____ ______ ___,Grade 12,____,Female,_______,Emirati,97.87%,423
2023-2024,_______ ________,Public,_____,AJMAN,____ _____,Cycle3,____ ______ ___,Grade 12,____,Female,____,Resident,97.11%,173
2023-2024,_______ ________,Public,_____,AJMAN,____ _____,Cycle3,____ ______ ___,Grade 12,___,Male,_______,Emirati,92.63%,407
2023-2024,_______ ________,Public,_____,AJMAN,____ _____,Cycle3,____ ______ ___,Grade 12,___,Male,____,Resident,97.16%,141
2023-2024,_______ ________,Public,_____,AJMAN,____ _____,Cycle3,____ ______ ___,Grade 11,____,Female,_______,Emirati,94.69%,433
2023-2024,_______ ________,Public,_____,AJMAN,____ _____,Cycle3,____ ______ ___,Grade 11,____,Female,____,Resident,94.77%,172
2023-2024,_______ ________,Public,_____,AJMAN,____ _____,Cycle3,____ ______ ___,Grade 11,___,Male,_______,Emirati,84.54%,388
2023-2024,_______ ________,Public,_____,AJMAN,____ _____,Cycle3,____ ______ ___,Grade 11,___,Male,____,Resident,96.32%,136
2023-2024,_______ ________,Public,_____,AJMAN,____ _____,Cycle3,____ ______,Grade 10,____,Female,_______,Emirati,93.53%,433
2023-2024,_______ ________,Public,_____,AJMAN,____ _____,Cycle3,____ ______,Grade 10,____,Female,____,Resident,94.05%,168
2023-2024,_______ ________,Public,_____,AJMAN,____ _____,Cycle3,____ ______,Grade 10,___,Male,_______,Emirati,76.53%,409
2023-2024,_______ ________,Public,_____,AJMAN,____ _____,Cycle3,____ ______,Grade 10,___,Male,____,Resident,91.19%,159
2023-2024,_______ ________,Public,_____,AJMAN,____ _____,Cycle2,____ ______,Grade 8,____,Female,_______,Emirati,99.62%,522
2023-2024,_______ ________,Public,_____,AJMAN,____ _____,Cycle2,____ ______,Grade 8,____,Female,____,Resident,100.00%,206
2023-2024,_______ ________,Public,_____,AJMAN,____ _____,Cycle2,____ ______,Grade 8,___,Male,_______,Emirati,97.45%,509
2023-2024,_______ ________,Public,_____,AJMAN,____ _____,Cycle2,____ ______,Grade 8,___,Male,____,Resident,96.30%,216
2023-2024,_______ ________,Public,_____,AJMAN,____ _____,Cycle2,____ ______,Grade 5,____,Female,_______,Emirati,99.69%,646
2023-2024,_______ ________,Public,_____,AJMAN,____ _____,Cycle2,____ ______,Grade 5,____,Female,____,Resident,99.53%,215
2023-2024,_______ ________,Public,_____,AJMAN,____ _____,Cycle2,____ ______,Grade 5,___,Male,_______,Emirati,96.69%,574
2023-2024,_______ ________,Public,_____,AJMAN,____ _____,Cycle2,____ ______,Grade 5,___,Male,____,Resident,94.74%,209
2023-2024,_______ ________,Public,_____,AJMAN,____ _____,Cycle2,____ ______,Grade 7,____,Female,_______,Emirati,99.53%,641
2023-2024,_______ ________,Public,_____,AJMAN,____ _____,Cycle2,____ ______,Grade 7,____,Female,____,Resident,98.49%,199
2023-2024,_______ ________,Public,_____,AJMAN,____ _____,Cycle2,____ ______,Grade 7,___,Male,_______,Emirati,94.10%,593
2023-2024,_______ ________,Public,_____,AJMAN,____ _____,Cycle2,____ ______,Grade 7,___,Male,____,Resident,95.96%,198
2023-2024,_______ ________,Public,_____,AJMAN,____ _____,Cycle2,____ ______,Grade 6,____,Female,_______,Emirati,98.99%,597
2023-2024,_______ ________,Public,_____,AJMAN,____ _____,Cycle2,____ ______,Grade 6,____,Female,____,Resident,99.03%,207
2023-2024,_______ ________,Public,_____,AJMAN,____ _____,Cycle2,____ ______,Grade 6,___,Male,_______,Emirati,93.44%,610
2023-2024,_______ ________,Public,_____,AJMAN,____ _____,Cycle2,____ ______,Grade 6,___,Male,____,Resident,93.30%,179
2023-2024,_______ ________ - _____,Public Ajyal,_______,SHARJAH,____ ____,Cycle1,____ _____,Grade 1,____,Female,_______,Emirati,100.00%,133
2023-2024,_______ ________ - _____,Public Ajyal,_______,SHARJAH,____ ____,Cycle1,____ _____,Grade 1,____,Female,____,Resident,100.00%,11
2023-2024,_______ ________ - _____,Public Ajyal,_______,SHARJAH,____ ____,Cycle1,____ _____,Grade 1,___,Male,_______,Emirati,100.00%,149
2023-2024,_______ ________ - _____,Public Ajyal,_______,SHARJAH,____ ____,Cycle1,____ _____,Grade 1,___,Male,____,Resident,100.00%,4
2023-2024,_______ ________ - _____,Public Ajyal,_______,SHARJAH,____ ____,Cycle1,____ ______,Grade 3,____,Female,_______,Emirati,100.00%,186
2023-2024,_______ ________ - _____,Public Ajyal,_______,SHARJAH,____ ____,Cycle1,____ ______,Grade 3,____,Female,____,Resident,100.00%,16
2023-2024,_______ ________ - _____,Public Ajyal,_______,SHARJAH,____ ____,Cycle1,____ ______,Grade 3,___,Male,_______,Emirati,100.00%,200
2023-2024,_______ ________ - _____,Public Ajyal,_______,SHARJAH,____ ____,Cycle1,____ ______,Grade 3,___,Male,____,Resident,100.00%,11
2023-2024,_______ ________ - _____,Public Ajyal,_______,SHARJAH,____ ____,Cycle1,____ ______,Grade 2,____,Female,_______,Emirati,100.00%,150
2023-2024,_______ ________ - _____,Public Ajyal,_______,SHARJAH,____ ____,Cycle1,____ ______,Grade 2,____,Female,____,Resident,100.00%,12
2023-2024,_______ ________ - _____,Public Ajyal,_______,SHARJAH,____ ____,Cycle1,____ ______,Grade 2,___,Male,_______,Emirati,100.00%,155
2023-2024,_______ ________ - _____,Public Ajyal,_______,SHARJAH,____ ____,Cycle1,____ ______,Grade 2,___,Male,____,Resident,100.00%,7
2023-2024,_______ ________ - _____,Public Ajyal,_______,SHARJAH,____ ____,Cycle1,____ ______,Grade 4,____,Female,_______,Emirati,100.00%,187
2023-2024,_______ ________ - _____,Public Ajyal,_______,SHARJAH,____ ____,Cycle1,____ ______,Grade 4,____,Female,____,Resident,100.00%,20
2023-2024,_______ ________ - _____,Public Ajyal,_______,SHARJAH,____ ____,Cycle1,____ ______,Grade 4,___,Male,_______,Emirati,100.00%,170
2023-2024,_______ ________ - _____,Public Ajyal,_______,SHARJAH,____ ____,Cycle1,____ ______,Grade 4,___,Male,____,Resident,100.00%,15
2023-2024,_______ ________ - _____,Public Ajyal,_______ / _______,Sharjah / Eastern,____ ____,Cycle1,____ _____,Grade 1,____,Female,_______,Emirati,100.00%,139
2023-2024,_______ ________ - _____,Public Ajyal,_______ / _______,Sharjah / Eastern,____ ____,Cycle1,____ _____,Grade 1,____,Female,____,Resident,100.00%,4
2023-2024,_______ ________ - _____,Public Ajyal,_______ / _______,Sharjah / Eastern,____ ____,Cycle1,____ _____,Grade 1,___,Male,_______,Emirati,100.00%,137
2023-2024,_______ ________ - _____,Public Ajyal,_______ / _______,Sharjah / Eastern,____ ____,Cycle1,____ _____,Grade 1,___,Male,____,Resident,100.00%,2
2023-2024,_______ ________ - _____,Public Ajyal,_______ / _______,Sharjah / Eastern,____ ____,Cycle1,____ ______,Grade 3,____,Female,_______,Emirati,99.39%,164
2023-2024,_______ ________ - _____,Public Ajyal,_______ / _______,Sharjah / Eastern,____ ____,Cycle1,____ ______,Grade 3,____,Female,____,Resident,100.00%,6
2023-2024,_______ ________ - _____,Public Ajyal,_______ / _______,Sharjah / Eastern,____ ____,Cycle1,____ ______,Grade 3,___,Male,_______,Emirati,100.00%,167
2023-2024,_______ ________ - _____,Public Ajyal,_______ / _______,Sharjah / Eastern,____ ____,Cycle1,____ ______,Grade 3,___,Male,____,Resident,100.00%,8
2023-2024,_______ ________ - _____,Public Ajyal,_______ / _______,Sharjah / Eastern,____ ____,Cycle1,____ ______,Grade 2,____,Female,_______,Emirati,100.00%,173
2023-2024,_______ ________ - _____,Public Ajyal,_______ / _______,Sharjah / Eastern,____ ____,Cycle1,____ ______,Grade 2,____,Female,____,Resident,100.00%,7
2023-2024,_______ ________ - _____,Public Ajyal,_______ / _______,Sharjah / Eastern,____ ____,Cycle1,____ ______,Grade 2,___,Male,_______,Emirati,100.00%,162
2023-2024,_______ ________ - _____,Public Ajyal,_______ / _______,Sharjah / Eastern,____ ____,Cycle1,____ ______,Grade 2,___,Male,____,Resident,100.00%,7
2023-2024,_______ ________ - _____,Public Ajyal,_______ / _______,Sharjah / Eastern,____ ____,Cycle1,____ ______,Grade 4,____,Female,_______,Emirati,100.00%,183
2023-2024,_______ ________ - _____,Public Ajyal,_______ / _______,Sharjah / Eastern,____ ____,Cycle1,____ ______,Grade 4,____,Female,____,Resident,100.00%,10
2023-2024,_______ ________ - _____,Public Ajyal,_______ / _______,Sharjah / Eastern,____ ____,Cycle1,____ ______,Grade 4,___,Male,_______,Emirati,100.00%,166
2023-2024,_______ ________ - _____,Public Ajyal,_______ / _______,Sharjah / Eastern,____ ____,Cycle1,____ ______,Grade 4,___,Male,____,Resident,100.00%,6
2023-2024,_______ ________ - _____,Public Ajyal,_______,AL FUJAIRAH,____ ____,Cycle1,____ _____,Grade 1,____,Female,_______,Emirati,100.00%,155
2023-2024,_______ ________ - _____,Public Ajyal,_______,AL FUJAIRAH,____ ____,Cycle1,____ _____,Grade 1,____,Female,____,Resident,100.00%,4
2023-2024,_______ ________ - _____,Public Ajyal,_______,AL FUJAIRAH,____ ____,Cycle1,____ _____,Grade 1,___,Male,_______,Emirati,100.00%,141
2023-2024,_______ ________ - _____,Public Ajyal,_______,AL FUJAIRAH,____ ____,Cycle1,____ _____,Grade 1,___,Male,____,Resident,100.00%,4
2023-2024,_______ ________ - _____,Public Ajyal,_______,AL FUJAIRAH,____ ____,Cycle1,____ ______,Grade 3,____,Female,_______,Emirati,100.00%,180
2023-2024,_______ ________ - _____,Public Ajyal,_______,AL FUJAIRAH,____ ____,Cycle1,____ ______,Grade 3,____,Female,____,Resident,100.00%,8
2023-2024,_______ ________ - _____,Public Ajyal,_______,AL FUJAIRAH,____ ____,Cycle1,____ ______,Grade 3,___,Male,_______,Emirati,100.00%,190
2023-2024,_______ ________ - _____,Public Ajyal,_______,AL FUJAIRAH,____ ____,Cycle1,____ ______,Grade 3,___,Male,____,Resident,100.00%,4
2023-2024,_______ ________ - _____,Public Ajyal,_______,AL FUJAIRAH,____ ____,Cycle1,____ ______,Grade 2,____,Female,_______,Emirati,100.00%,177
2023-2024,_______ ________ - _____,Public Ajyal,_______,AL FUJAIRAH,____ ____,Cycle1,____ ______,Grade 2,____,Female,____,Resident,100.00%,1
2023-2024,_______ ________ - _____,Public Ajyal,_______,AL FUJAIRAH,____ ____,Cycle1,____ ______,Grade 2,___,Male,_______,Emirati,100.00%,191
2023-2024,_______ ________ - _____,Public Ajyal,_______,AL FUJAIRAH,____ ____,Cycle1,____ ______,Grade 2,___,Male,____,Resident,100.00%,7
2023-2024,_______ ________ - _____,Public Ajyal,_______,AL FUJAIRAH,____ ____,Cycle1,____ ______,Grade 4,____,Female,_______,Emirati,100.00%,198
2023-2024,_______ ________ - _____,Public Ajyal,_______,AL FUJAIRAH,____ ____,Cycle1,____ ______,Grade 4,____,Female,____,Resident,100.00%,5
2023-2024,_______ ________ - _____,Public Ajyal,_______,AL FUJAIRAH,____ ____,Cycle1,____ ______,Grade 4,___,Male,_______,Emirati,100.00%,167
2023-2024,_______ ________ - _____,Public Ajyal,_______,AL FUJAIRAH,____ ____,Cycle1,____ ______,Grade 4,___,Male,____,Resident,100.00%,5
2023-2024,_______ ________ - _____,Public Ajyal,__ _______,Umm Al Quwain,____ ____,Cycle1,____ _____,Grade 1,____,Female,_______,Emirati,98.68%,76
2023-2024,_______ ________ - _____,Public Ajyal,__ _______,Umm Al Quwain,____ ____,Cycle1,____ _____,Grade 1,____,Female,____,Resident,100.00%,2
2023-2024,_______ ________ - _____,Public Ajyal,__ _______,Umm Al Quwain,____ ____,Cycle1,____ _____,Grade 1,___,Male,_______,Emirati,100.00%,67
2023-2024,_______ ________ - _____,Public Ajyal,__ _______,Umm Al Quwain,____ ____,Cycle1,____ _____,Grade 1,___,Male,____,Resident,100.00%,8
2023-2024,_______ ________ - _____,Public Ajyal,__ _______,Umm Al Quwain,____ ____,Cycle1,____ ______,Grade 3,____,Female,_______,Emirati,100.00%,79
2023-2024,_______ ________ - _____,Public Ajyal,__ _______,Umm Al Quwain,____ ____,Cycle1,____ ______,Grade 3,____,Female,____,Resident,100.00%,10
2023-2024,_______ ________ - _____,Public Ajyal,__ _______,Umm Al Quwain,____ ____,Cycle1,____ ______,Grade 3,___,Male,_______,Emirati,100.00%,80
2023-2024,_______ ________ - _____,Public Ajyal,__ _______,Umm Al Quwain,____ ____,Cycle1,____ ______,Grade 3,___,Male,____,Resident,100.00%,9
2023-2024,_______ ________ - _____,Public Ajyal,__ _______,Umm Al Quwain,____ ____,Cycle1,____ ______,Grade 2,____,Female,_______,Emirati,100.00%,79
2023-2024,_______ ________ - _____,Public Ajyal,__ _______,Umm Al Quwain,____ ____,Cycle1,____ ______,Grade 2,____,Female,____,Resident,100.00%,16
2023-2024,_______ ________ - _____,Public Ajyal,__ _______,Umm Al Quwain,____ ____,Cycle1,____ ______,Grade 2,___,Male,_______,Emirati,100.00%,65
2023-2024,_______ ________ - _____,Public Ajyal,__ _______,Umm Al Quwain,____ ____,Cycle1,____ ______,Grade 2,___,Male,____,Resident,100.00%,3
2023-2024,_______ ________ - _____,Public Ajyal,__ _______,Umm Al Quwain,____ ____,Cycle1,____ ______,Grade 4,____,Female,_______,Emirati,100.00%,70
2023-2024,_______ ________ - _____,Public Ajyal,__ _______,Umm Al Quwain,____ ____,Cycle1,____ ______,Grade 4,____,Female,____,Resident,100.00%,15
2023-2024,_______ ________ - _____,Public Ajyal,__ _______,Umm Al Quwain,____ ____,Cycle1,____ ______,Grade 4,___,Male,_______,Emirati,100.00%,67
2023-2024,_______ ________ - _____,Public Ajyal,__ _______,Umm Al Quwain,____ ____,Cycle1,____ ______,Grade 4,___,Male,____,Resident,100.00%,19
2023-2024,_______ ________ - _____,Public Ajyal,___,DUBAI,____ ____,Cycle1,____ _____,Grade 1,____,Female,_______,Emirati,99.55%,221
2023-2024,_______ ________ - _____,Public Ajyal,___,DUBAI,____ ____,Cycle1,____ _____,Grade 1,____,Female,____,Resident,100.00%,15
2023-2024,_______ ________ - _____,Public Ajyal,___,DUBAI,____ ____,Cycle1,____ _____,Grade 1,___,Male,_______,Emirati,99.53%,213
2023-2024,_______ ________ - _____,Public Ajyal,___,DUBAI,____ ____,Cycle1,____ _____,Grade 1,___,Male,____,Resident,100.00%,15
2023-2024,_______ ________ - _____,Public Ajyal,___,DUBAI,____ ____,Cycle1,____ ______,Grade 3,____,Female,_______,Emirati,100.00%,248
2023-2024,_______ ________ - _____,Public Ajyal,___,DUBAI,____ ____,Cycle1,____ ______,Grade 3,____,Female,____,Resident,100.00%,34
2023-2024,_______ ________ - _____,Public Ajyal,___,DUBAI,____ ____,Cycle1,____ ______,Grade 3,___,Male,_______,Emirati,99.61%,255
2023-2024,_______ ________ - _____,Public Ajyal,___,DUBAI,____ ____,Cycle1,____ ______,Grade 3,___,Male,____,Resident,100.00%,36
2023-2024,_______ ________ - _____,Public Ajyal,___,DUBAI,____ ____,Cycle1,____ ______,Grade 2,____,Female,_______,Emirati,100.00%,252
2023-2024,_______ ________ - _____,Public Ajyal,___,DUBAI,____ ____,Cycle1,____ ______,Grade 2,____,Female,____,Resident,100.00%,38
2023-2024,_______ ________ - _____,Public Ajyal,___,DUBAI,____ ____,Cycle1,____ ______,Grade 2,___,Male,_______,Emirati,100.00%,265
2023-2024,_______ ________ - _____,Public Ajyal,___,DUBAI,____ ____,Cycle1,____ ______,Grade 2,___,Male,____,Resident,100.00%,40
2023-2024,_______ ________ - _____,Public Ajyal,___,DUBAI,____ ____,Cycle1,____ ______,Grade 4,____,Female,_______,Emirati,100.00%,298
2023-2024,_______ ________ - _____,Public Ajyal,___,DUBAI,____ ____,Cycle1,____ ______,Grade 4,____,Female,____,Resident,100.00%,45
2023-2024,_______ ________ - _____,Public Ajyal,___,DUBAI,____ ____,Cycle1,____ ______,Grade 4,___,Male,_______,Emirati,100.00%,268
2023-2024,_______ ________ - _____,Public Ajyal,___,DUBAI,____ ____,Cycle1,____ ______,Grade 4,___,Male,____,Resident,97.73%,44
2023-2024,_______ ________ - _____,Public Ajyal,___ ______,Ras Al Khaimah,____ ____,Cycle1,____ _____,Grade 1,____,Female,_______,Emirati,100.00%,247
2023-2024,_______ ________ - _____,Public Ajyal,___ ______,Ras Al Khaimah,____ ____,Cycle1,____ _____,Grade 1,____,Female,____,Resident,100.00%,13
2023-2024,_______ ________ - _____,Public Ajyal,___ ______,Ras Al Khaimah,____ ____,Cycle1,____ _____,Grade 1,___,Male,_______,Emirati,99.66%,293
2023-2024,_______ ________ - _____,Public Ajyal,___ ______,Ras Al Khaimah,____ ____,Cycle1,____ _____,Grade 1,___,Male,____,Resident,100.00%,4
2023-2024,_______ ________ - _____,Public Ajyal,___ ______,Ras Al Khaimah,____ ____,Cycle1,____ ______,Grade 3,____,Female,_______,Emirati,100.00%,321
2023-2024,_______ ________ - _____,Public Ajyal,___ ______,Ras Al Khaimah,____ ____,Cycle1,____ ______,Grade 3,____,Female,____,Resident,100.00%,26
2023-2024,_______ ________ - _____,Public Ajyal,___ ______,Ras Al Khaimah,____ ____,Cycle1,____ ______,Grade 3,___,Male,_______,Emirati,100.00%,304
2023-2024,_______ ________ - _____,Public Ajyal,___ ______,Ras Al Khaimah,____ ____,Cycle1,____ ______,Grade 3,___,Male,____,Resident,100.00%,21
2023-2024,_______ ________ - _____,Public Ajyal,___ ______,Ras Al Khaimah,____ ____,Cycle1,____ ______,Grade 2,____,Female,_______,Emirati,100.00%,298
2023-2024,_______ ________ - _____,Public Ajyal,___ ______,Ras Al Khaimah,____ ____,Cycle1,____ ______,Grade 2,____,Female,____,Resident,100.00%,21
2023-2024,_______ ________ - _____,Public Ajyal,___ ______,Ras Al Khaimah,____ ____,Cycle1,____ ______,Grade 2,___,Male,_______,Emirati,100.00%,291
2023-2024,_______ ________ - _____,Public Ajyal,___ ______,Ras Al Khaimah,____ ____,Cycle1,____ ______,Grade 2,___,Male,____,Resident,100.00%,23
2023-2024,_______ ________ - _____,Public Ajyal,___ ______,Ras Al Khaimah,____ ____,Cycle1,____ ______,Grade 4,____,Female,_______,Emirati,100.00%,293
2023-2024,_______ ________ - _____,Public Ajyal,___ ______,Ras Al Khaimah,____ ____,Cycle1,____ ______,Grade 4,____,Female,____,Resident,100.00%,23
2023-2024,_______ ________ - _____,Public Ajyal,___ ______,Ras Al Khaimah,____ ____,Cycle1,____ ______,Grade 4,___,Male,_______,Emirati,100.00%,295
2023-2024,_______ ________ - _____,Public Ajyal,___ ______,Ras Al Khaimah,____ ____,Cycle1,____ ______,Grade 4,___,Male,____,Resident,100.00%,19
2023-2024,_______ ________ - _____,Public Ajyal,_____,AJMAN,____ ____,Cycle1,____ _____,Grade 1,____,Female,_______,Emirati,100.00%,190
2023-2024,_______ ________ - _____,Public Ajyal,_____,AJMAN,____ ____,Cycle1,____ _____,Grade 1,____,Female,____,Resident,93.75%,16
2023-2024,_______ ________ - _____,Public Ajyal,_____,AJMAN,____ ____,Cycle1,____ _____,Grade 1,___,Male,_______,Emirati,100.00%,153
2023-2024,_______ ________ - _____,Public Ajyal,_____,AJMAN,____ ____,Cycle1,____ _____,Grade 1,___,Male,____,Resident,100.00%,14
2023-2024,_______ ________ - _____,Public Ajyal,_____,AJMAN,____ ____,Cycle1,____ ______,Grade 3,____,Female,_______,Emirati,100.00%,191
2023-2024,_______ ________ - _____,Public Ajyal,_____,AJMAN,____ ____,Cycle1,____ ______,Grade 3,____,Female,____,Resident,95.65%,23
2023-2024,_______ ________ - _____,Public Ajyal,_____,AJMAN,____ ____,Cycle1,____ ______,Grade 3,___,Male,_______,Emirati,100.00%,203
2023-2024,_______ ________ - _____,Public Ajyal,_____,AJMAN,____ ____,Cycle1,____ ______,Grade 3,___,Male,____,Resident,100.00%,28
2023-2024,_______ ________ - _____,Public Ajyal,_____,AJMAN,____ ____,Cycle1,____ ______,Grade 2,____,Female,_______,Emirati,100.00%,212
2023-2024,_______ ________ - _____,Public Ajyal,_____,AJMAN,____ ____,Cycle1,____ ______,Grade 2,____,Female,____,Resident,100.00%,18
2023-2024,_______ ________ - _____,Public Ajyal,_____,AJMAN,____ ____,Cycle1,____ ______,Grade 2,___,Male,_______,Emirati,100.00%,205
2023-2024,_______ ________ - _____,Public Ajyal,_____,AJMAN,____ ____,Cycle1,____ ______,Grade 2,___,Male,____,Resident,100.00%,20
2023-2024,_______ ________ - _____,Public Ajyal,_____,AJMAN,____ ____,Cycle1,____ ______,Grade 4,____,Female,_______,Emirati,100.00%,232
2023-2024,_______ ________ - _____,Public Ajyal,_____,AJMAN,____ ____,Cycle1,____ ______,Grade 4,____,Female,____,Resident,100.00%,24
2023-2024,_______ ________ - _____,Public Ajyal,_____,AJMAN,____ ____,Cycle1,____ ______,Grade 4,___,Male,_______,Emirati,100.00%,237
2023-2024,_______ ________ - _____,Public Ajyal,_____,AJMAN,____ ____,Cycle1,____ ______,Grade 4,___,Male,____,Resident,100.00%,33
2023-2024,_______ __________ _________ (ATHS),Applied Technology High School (ATHS),_______,SHARJAH,____ _____,Cycle3,____ ______,Grade 9,___,Male,_______,Emirati,97.84%,139
2023-2024,_______ __________ _________ (ATHS),Applied Technology High School (ATHS),_______,SHARJAH,____ _____,Cycle3,____ ______ ___,Grade 12,___,Male,_______,Emirati,100.00%,75
2023-2024,_______ __________ _________ (ATHS),Applied Technology High School (ATHS),_______,SHARJAH,____ _____,Cycle3,____ ______ ___,Grade 12,___,Male,____,Expat,100.00%,5
2023-2024,_______ __________ _________ (ATHS),Applied Technology High School (ATHS),_______,SHARJAH,____ _____,Cycle3,____ ______ ___,Grade 11,___,Male,_______,Emirati,99.08%,109
2023-2024,_______ __________ _________ (ATHS),Applied Technology High School (ATHS),_______,SHARJAH,____ _____,Cycle3,____ ______ ___,Grade 11,___,Male,____,Expat,100.00%,1
2023-2024,_______ __________ _________ (ATHS),Applied Technology High School (ATHS),_______,SHARJAH,____ _____,Cycle3,____ ______,Grade 10,___,Male,_______,Emirati,94.90%,98
2023-2024,_______ __________ _________ (ATHS),Applied Technology High School (ATHS),_______,AL FUJAIRAH,____ _____,Cycle3,____ ______,Grade 9,___,Male,_______,Emirati,100.00%,180
2023-2024,_______ __________ _________ (ATHS),Applied Technology High School (ATHS),_______,AL FUJAIRAH,____ _____,Cycle3,____ ______,Grade 9,___,Male,____,Expat,100.00%,1
2023-2024,_______ __________ _________ (ATHS),Applied Technology High School (ATHS),_______,AL FUJAIRAH,____ _____,Cycle3,____ ______ ___,Grade 12,___,Male,_______,Emirati,100.00%,85
2023-2024,_______ __________ _________ (ATHS),Applied Technology High School (ATHS),_______,AL FUJAIRAH,____ _____,Cycle3,____ ______ ___,Grade 11,___,Male,_______,Emirati,98.39%,124
2023-2024,_______ __________ _________ (ATHS),Applied Technology High School (ATHS),_______,AL FUJAIRAH,____ _____,Cycle3,____ ______,Grade 10,___,Male,_______,Emirati,98.41%,126
2023-2024,_______ __________ _________ (ATHS),Applied Technology High School (ATHS),_______,AL FUJAIRAH,____ _____,Cycle3,____ ______,Grade 10,___,Male,____,Expat,100.00%,1
2023-2024,_______ __________ _________ (ATHS),Applied Technology High School (ATHS),______,ABU DHABI,____ _____,Cycle3,____ ______,Grade 9,____,Female,_______,Emirati,98.18%,879
2023-2024,_______ __________ _________ (ATHS),Applied Technology High School (ATHS),______,ABU DHABI,____ _____,Cycle3,____ ______,Grade 9,____,Female,____,Expat,100.00%,7
2023-2024,_______ __________ _________ (ATHS),Applied Technology High School (ATHS),______,ABU DHABI,____ _____,Cycle3,____ ______,Grade 9,___,Male,_______,Emirati,91.78%,864
2023-2024,_______ __________ _________ (ATHS),Applied Technology High School (ATHS),______,ABU DHABI,____ _____,Cycle3,____ ______,Grade 9,___,Male,____,Expat,100.00%,22
2023-2024,_______ __________ _________ (ATHS),Applied Technology High School (ATHS),______,ABU DHABI,____ _____,Cycle3,____ ______ ___,Grade 12,____,Female,_______,Emirati,100.00%,664
2023-2024,_______ __________ _________ (ATHS),Applied Technology High School (ATHS),______,ABU DHABI,____ _____,Cycle3,____ ______ ___,Grade 12,____,Female,____,Expat,100.00%,21
2023-2024,_______ __________ _________ (ATHS),Applied Technology High School (ATHS),______,ABU DHABI,____ _____,Cycle3,____ ______ ___,Grade 12,___,Male,_______,Emirati,100.00%,614
2023-2024,_______ __________ _________ (ATHS),Applied Technology High School (ATHS),______,ABU DHABI,____ _____,Cycle3,____ ______ ___,Grade 12,___,Male,____,Expat,100.00%,30
2023-2024,_______ __________ _________ (ATHS),Applied Technology High School (ATHS),______,ABU DHABI,____ _____,Cycle3,____ ______ ___,Grade 11,____,Female,_______,Emirati,99.77%,863
2023-2024,_______ __________ _________ (ATHS),Applied Technology High School (ATHS),______,ABU DHABI,____ _____,Cycle3,____ ______ ___,Grade 11,____,Female,____,Expat,100.00%,8
2023-2024,_______ __________ _________ (ATHS),Applied Technology High School (ATHS),______,ABU DHABI,____ _____,Cycle3,____ ______ ___,Grade 11,___,Male,_______,Emirati,99.70%,672
2023-2024,_______ __________ _________ (ATHS),Applied Technology High School (ATHS),______,ABU DHABI,____ _____,Cycle3,____ ______ ___,Grade 11,___,Male,____,Expat,100.00%,23
2023-2024,_______ __________ _________ (ATHS),Applied Technology High School (ATHS),______,ABU DHABI,____ _____,Cycle3,____ ______,Grade 10,____,Female,_______,Emirati,97.10%,759
2023-2024,_______ __________ _________ (ATHS),Applied Technology High School (ATHS),______,ABU DHABI,____ _____,Cycle3,____ ______,Grade 10,____,Female,____,Expat,90.91%,11
2023-2024,_______ __________ _________ (ATHS),Applied Technology High School (ATHS),______,ABU DHABI,____ _____,Cycle3,____ ______,Grade 10,___,Male,_______,Emirati,91.68%,673
2023-2024,_______ __________ _________ (ATHS),Applied Technology High School (ATHS),______,ABU DHABI,____ _____,Cycle3,____ ______,Grade 10,___,Male,____,Expat,100.00%,18
2023-2024,_______ __________ _________ (ATHS),Applied Technology High School (ATHS),______,ABU DHABI,____ _____,Cycle2,____ ______,Grade 8,____,Female,_______,Emirati,99.49%,393
2023-2024,_______ __________ _________ (ATHS),Applied Technology High School (ATHS),______,ABU DHABI,____ _____,Cycle2,____ ______,Grade 8,____,Female,____,Expat,100.00%,9
2023-2024,_______ __________ _________ (ATHS),Applied Technology High School (ATHS),______,ABU DHABI,____ _____,Cycle2,____ ______,Grade 8,___,Male,_______,Emirati,98.85%,260
2023-2024,_______ __________ _________ (ATHS),Applied Technology High School (ATHS),______,ABU DHABI,____ _____,Cycle2,____ ______,Grade 8,___,Male,____,Expat,100.00%,5
2023-2024,_______ __________ _________ (ATHS),Applied Technology High School (ATHS),______,ABU DHABI,____ _____,Cycle2,____ ______,Grade 7,____,Female,_______,Emirati,99.33%,451
2023-2024,_______ __________ _________ (ATHS),Applied Technology High School (ATHS),______,ABU DHABI,____ _____,Cycle2,____ ______,Grade 7,____,Female,____,Expat,100.00%,7
2023-2024,_______ __________ _________ (ATHS),Applied Technology High School (ATHS),______,ABU DHABI,____ _____,Cycle2,____ ______,Grade 7,___,Male,_______,Emirati,98.34%,241
2023-2024,_______ __________ _________ (ATHS),Applied Technology High School (ATHS),______,ABU DHABI,____ _____,Cycle2,____ ______,Grade 7,___,Male,____,Expat,100.00%,6
2023-2024,_______ __________ _________ (ATHS),Applied Technology High School (ATHS),______,ABU DHABI,____ _____,Cycle2,____ ______,Grade 6,____,Female,_______,Emirati,100.00%,348
2023-2024,_______ __________ _________ (ATHS),Applied Technology High School (ATHS),______,ABU DHABI,____ _____,Cycle2,____ ______,Grade 6,____,Female,____,Expat,100.00%,4
2023-2024,_______ __________ _________ (ATHS),Applied Technology High School (ATHS),______,ABU DHABI,____ _____,Cycle2,____ ______,Grade 6,___,Male,_______,Emirati,95.85%,217
2023-2024,_______ __________ _________ (ATHS),Applied Technology High School (ATHS),______,ABU DHABI,____ _____,Cycle2,____ ______,Grade 6,___,Male,____,Expat,100.00%,3
2023-2024,_______ __________ _________ (ATHS),Applied Technology High School (ATHS),__ _______,Umm Al Quwain,____ _____,Cycle3,____ ______,Grade 9,____,Female,_______,Emirati,98.04%,102
2023-2024,_______ __________ _________ (ATHS),Applied Technology High School (ATHS),__ _______,Umm Al Quwain,____ _____,Cycle3,____ ______,Grade 9,___,Male,_______,Emirati,94.92%,59
2023-2024,_______ __________ _________ (ATHS),Applied Technology High School (ATHS),__ _______,Umm Al Quwain,____ _____,Cycle3,____ ______ ___,Grade 12,____,Female,_______,Emirati,99.13%,115
2023-2024,_______ __________ _________ (ATHS),Applied Technology High School (ATHS),__ _______,Umm Al Quwain,____ _____,Cycle3,____ ______ ___,Grade 12,____,Female,____,Expat,100.00%,3
2023-2024,_______ __________ _________ (ATHS),Applied Technology High School (ATHS),__ _______,Umm Al Quwain,____ _____,Cycle3,____ ______ ___,Grade 12,___,Male,_______,Emirati,100.00%,40
2023-2024,_______ __________ _________ (ATHS),Applied Technology High School (ATHS),__ _______,Umm Al Quwain,____ _____,Cycle3,____ ______ ___,Grade 11,____,Female,_______,Emirati,98.15%,108
2023-2024,_______ __________ _________ (ATHS),Applied Technology High School (ATHS),__ _______,Umm Al Quwain,____ _____,Cycle3,____ ______ ___,Grade 11,____,Female,____,Expat,100.00%,1
2023-2024,_______ __________ _________ (ATHS),Applied Technology High School (ATHS),__ _______,Umm Al Quwain,____ _____,Cycle3,____ ______ ___,Grade 11,___,Male,_______,Emirati,100.00%,45
2023-2024,_______ __________ _________ (ATHS),Applied Technology High School (ATHS),__ _______,Umm Al Quwain,____ _____,Cycle3,____ ______,Grade 10,____,Female,_______,Emirati,97.53%,81
2023-2024,_______ __________ _________ (ATHS),Applied Technology High School (ATHS),__ _______,Umm Al Quwain,____ _____,Cycle3,____ ______,Grade 10,____,Female,____,Expat,100.00%,1
2023-2024,_______ __________ _________ (ATHS),Applied Technology High School (ATHS),__ _______,Umm Al Quwain,____ _____,Cycle3,____ ______,Grade 10,___,Male,_______,Emirati,92.59%,54
2023-2024,_______ __________ _________ (ATHS),Applied Technology High School (ATHS),___,DUBAI,____ _____,Cycle3,____ ______,Grade 9,___,Male,_______,Emirati,95.69%,116
2023-2024,_______ __________ _________ (ATHS),Applied Technology High School (ATHS),___,DUBAI,____ _____,Cycle3,____ ______,Grade 9,___,Male,____,Expat,100.00%,1
2023-2024,_______ __________ _________ (ATHS),Applied Technology High School (ATHS),___,DUBAI,____ _____,Cycle3,____ ______ ___,Grade 12,___,Male,_______,Emirati,100.00%,110
2023-2024,_______ __________ _________ (ATHS),Applied Technology High School (ATHS),___,DUBAI,____ _____,Cycle3,____ ______ ___,Grade 12,___,Male,____,Expat,100.00%,7
2023-2024,_______ __________ _________ (ATHS),Applied Technology High School (ATHS),___,DUBAI,____ _____,Cycle3,____ ______ ___,Grade 11,___,Male,_______,Emirati,98.92%,93
2023-2024,_______ __________ _________ (ATHS),Applied Technology High School (ATHS),___,DUBAI,____ _____,Cycle3,____ ______ ___,Grade 11,___,Male,____,Expat,100.00%,3
2023-2024,_______ __________ _________ (ATHS),Applied Technology High School (ATHS),___,DUBAI,____ _____,Cycle3,____ ______,Grade 10,___,Male,_______,Emirati,95.00%,80
2023-2024,_______ __________ _________ (ATHS),Applied Technology High School (ATHS),___,DUBAI,____ _____,Cycle3,____ ______,Grade 10,___,Male,____,Expat,100.00%,1
2023-2024,_______ __________ _________ (ATHS),Applied Technology High School (ATHS),___ ______,Ras Al Khaimah,____ _____,Cycle3,____ ______,Grade 9,___,Male,_______,Emirati,98.32%,179
2023-2024,_______ __________ _________ (ATHS),Applied Technology High School (ATHS),___ ______,Ras Al Khaimah,____ _____,Cycle3,____ ______,Grade 9,___,Male,____,Expat,100.00%,1
2023-2024,_______ __________ _________ (ATHS),Applied Technology High School (ATHS),___ ______,Ras Al Khaimah,____ _____,Cycle3,____ ______ ___,Grade 12,___,Male,_______,Emirati,100.00%,135
2023-2024,_______ __________ _________ (ATHS),Applied Technology High School (ATHS),___ ______,Ras Al Khaimah,____ _____,Cycle3,____ ______ ___,Grade 11,___,Male,_______,Emirati,100.00%,146
2023-2024,_______ __________ _________ (ATHS),Applied Technology High School (ATHS),___ ______,Ras Al Khaimah,____ _____,Cycle3,____ ______,Grade 10,___,Male,_______,Emirati,88.52%,183
2023-2024,_______ __________ _________ (ATHS),Applied Technology High School (ATHS),_____,AJMAN,____ _____,Cycle3,____ ______,Grade 9,____,Female,_______,Emirati,98.09%,209
2023-2024,_______ __________ _________ (ATHS),Applied Technology High School (ATHS),_____,AJMAN,____ _____,Cycle3,____ ______,Grade 9,___,Male,_______,Emirati,98.37%,123
2023-2024,_______ __________ _________ (ATHS),Applied Technology High School (ATHS),_____,AJMAN,____ _____,Cycle3,____ ______,Grade 9,___,Male,____,Expat,100.00%,2
2023-2024,_______ __________ _________ (ATHS),Applied Technology High School (ATHS),_____,AJMAN,____ _____,Cycle3,____ ______ ___,Grade 12,____,Female,_______,Emirati,100.00%,157
2023-2024,_______ __________ _________ (ATHS),Applied Technology High School (ATHS),_____,AJMAN,____ _____,Cycle3,____ ______ ___,Grade 12,____,Female,____,Expat,100.00%,5
2023-2024,_______ __________ _________ (ATHS),Applied Technology High School (ATHS),_____,AJMAN,____ _____,Cycle3,____ ______ ___,Grade 12,___,Male,_______,Emirati,100.00%,94
2023-2024,_______ __________ _________ (ATHS),Applied Technology High School (ATHS),_____,AJMAN,____ _____,Cycle3,____ ______ ___,Grade 12,___,Male,____,Expat,100.00%,4
2023-2024,_______ __________ _________ (ATHS),Applied Technology High School (ATHS),_____,AJMAN,____ _____,Cycle3,____ ______ ___,Grade 11,____,Female,_______,Emirati,99.48%,191
2023-2024,_______ __________ _________ (ATHS),Applied Technology High School (ATHS),_____,AJMAN,____ _____,Cycle3,____ ______ ___,Grade 11,____,Female,____,Expat,100.00%,2
2023-2024,_______ __________ _________ (ATHS),Applied Technology High School (ATHS),_____,AJMAN,____ _____,Cycle3,____ ______ ___,Grade 11,___,Male,_______,Emirati,99.09%,110
2023-2024,_______ __________ _________ (ATHS),Applied Technology High School (ATHS),_____,AJMAN,____ _____,Cycle3,____ ______ ___,Grade 11,___,Male,____,Expat,100.00%,2
2023-2024,_______ __________ _________ (ATHS),Applied Technology High School (ATHS),_____,AJMAN,____ _____,Cycle3,____ ______,Grade 10,____,Female,_______,Emirati,98.60%,214
2023-2024,_______ __________ _________ (ATHS),Applied Technology High School (ATHS),_____,AJMAN,____ _____,Cycle3,____ ______,Grade 10,____,Female,____,Expat,100.00%,4
2023-2024,_______ __________ _________ (ATHS),Applied Technology High School (ATHS),_____,AJMAN,____ _____,Cycle3,____ ______,Grade 10,___,Male,_______,Emirati,94.69%,113
2023-2024,_______ __________ _________ (ATHS),Applied Technology High School (ATHS),_____,AJMAN,____ _____,Cycle3,____ ______,Grade 10,___,Male,____,Expat,100.00%,1
2023-2024,_____ ______ _____ _____,Private Schools MOE Curriculum,_______,SHARJAH,____ ____,Cycle1,____ _____,Grade 1,____,Female,_______,Emirati,100.00%,15
2023-2024,_____ ______ _____ _____,Private Schools MOE Curriculum,_______,SHARJAH,____ ____,Cycle1,____ _____,Grade 1,____,Female,____,Expat,100.00%,1258
2023-2024,_____ ______ _____ _____,Private Schools MOE Curriculum,_______,SHARJAH,____ ____,Cycle1,____ _____,Grade 1,___,Male,_______,Emirati,100.00%,32
2023-2024,_____ ______ _____ _____,Private Schools MOE Curriculum,_______,SHARJAH,____ ____,Cycle1,____ _____,Grade 1,___,Male,____,Expat,99.92%,1252
2023-2024,_____ ______ _____ _____,Private Schools MOE Curriculum,_______,SHARJAH,____ ____,Cycle1,____ ______,Grade 3,____,Female,_______,Emirati,100.00%,24
2023-2024,_____ ______ _____ _____,Private Schools MOE Curriculum,_______,SHARJAH,____ ____,Cycle1,____ ______,Grade 3,____,Female,____,Expat,99.84%,1237
2023-2024,_____ ______ _____ _____,Private Schools MOE Curriculum,_______,SHARJAH,____ ____,Cycle1,____ ______,Grade 3,___,Male,_______,Emirati,100.00%,37
2023-2024,_____ ______ _____ _____,Private Schools MOE Curriculum,_______,SHARJAH,____ ____,Cycle1,____ ______,Grade 3,___,Male,____,Expat,100.00%,1263
2023-2024,_____ ______ _____ _____,Private Schools MOE Curriculum,_______,SHARJAH,____ ____,Cycle1,____ ______,Grade 2,____,Female,_______,Emirati,100.00%,10
2023-2024,_____ ______ _____ _____,Private Schools MOE Curriculum,_______,SHARJAH,____ ____,Cycle1,____ ______,Grade 2,____,Female,____,Expat,99.83%,1210
2023-2024,_____ ______ _____ _____,Private Schools MOE Curriculum,_______,SHARJAH,____ ____,Cycle1,____ ______,Grade 2,___,Male,_______,Emirati,100.00%,19
2023-2024,_____ ______ _____ _____,Private Schools MOE Curriculum,_______,SHARJAH,____ ____,Cycle1,____ ______,Grade 2,___,Male,____,Expat,99.92%,1190
2023-2024,_____ ______ _____ _____,Private Schools MOE Curriculum,_______,SHARJAH,____ ____,Cycle1,____ ______,Grade 4,____,Female,_______,Emirati,100.00%,21
2023-2024,_____ ______ _____ _____,Private Schools MOE Curriculum,_______,SHARJAH,____ ____,Cycle1,____ ______,Grade 4,____,Female,____,Expat,99.85%,1300
2023-2024,_____ ______ _____ _____,Private Schools MOE Curriculum,_______,SHARJAH,____ ____,Cycle1,____ ______,Grade 4,___,Male,_______,Emirati,100.00%,29
2023-2024,_____ ______ _____ _____,Private Schools MOE Curriculum,_______,SHARJAH,____ ____,Cycle1,____ ______,Grade 4,___,Male,____,Expat,99.84%,1244
2023-2024,_____ ______ _____ _____,Private Schools MOE Curriculum,_______,SHARJAH,____ _____,Cycle3,____ ______,Grade 9,____,Female,_______,Emirati,100.00%,26
2023-2024,_____ ______ _____ _____,Private Schools MOE Curriculum,_______,SHARJAH,____ _____,Cycle3,____ ______,Grade 9,____,Female,____,Expat,99.34%,1358
2023-2024,_____ ______ _____ _____,Private Schools MOE Curriculum,_______,SHARJAH,____ _____,Cycle3,____ ______,Grade 9,___,Male,_______,Emirati,98.31%,59
2023-2024,_____ ______ _____ _____,Private Schools MOE Curriculum,_______,SHARJAH,____ _____,Cycle3,____ ______,Grade 9,___,Male,____,Expat,98.72%,1250
2023-2024,_____ ______ _____ _____,Private Schools MOE Curriculum,_______,SHARJAH,____ _____,Cycle3,____ ______ ___,Grade 12,____,Female,_______,Emirati,90.00%,30
2023-2024,_____ ______ _____ _____,Private Schools MOE Curriculum,_______,SHARJAH,____ _____,Cycle3,____ ______ ___,Grade 12,____,Female,____,Expat,98.12%,1172
2023-2024,_____ ______ _____ _____,Private Schools MOE Curriculum,_______,SHARJAH,____ _____,Cycle3,____ ______ ___,Grade 12,___,Male,_______,Emirati,98.39%,62
2023-2024,_____ ______ _____ _____,Private Schools MOE Curriculum,_______,SHARJAH,____ _____,Cycle3,____ ______ ___,Grade 12,___,Male,____,Expat,97.82%,1238
2023-2024,_____ ______ _____ _____,Private Schools MOE Curriculum,_______,SHARJAH,____ _____,Cycle3,____ ______ ___,Grade 11,____,Female,_______,Emirati,100.00%,29
2023-2024,_____ ______ _____ _____,Private Schools MOE Curriculum,_______,SHARJAH,____ _____,Cycle3,____ ______ ___,Grade 11,____,Female,____,Expat,99.75%,1216
2023-2024,_____ ______ _____ _____,Private Schools MOE Curriculum,_______,SHARJAH,____ _____,Cycle3,____ ______ ___,Grade 11,___,Male,_______,Emirati,100.00%,63
2023-2024,_____ ______ _____ _____,Private Schools MOE Curriculum,_______,SHARJAH,____ _____,Cycle3,____ ______ ___,Grade 11,___,Male,____,Expat,99.27%,1376
2023-2024,_____ ______ _____ _____,Private Schools MOE Curriculum,_______,SHARJAH,____ _____,Cycle3,____ ______,Grade 10,____,Female,_______,Emirati,100.00%,27
2023-2024,_____ ______ _____ _____,Private Schools MOE Curriculum,_______,SHARJAH,____ _____,Cycle3,____ ______,Grade 10,____,Female,____,Expat,99.70%,1338
2023-2024,_____ ______ _____ _____,Private Schools MOE Curriculum,_______,SHARJAH,____ _____,Cycle3,____ ______,Grade 10,___,Male,_______,Emirati,100.00%,61
2023-2024,_____ ______ _____ _____,Private Schools MOE Curriculum,_______,SHARJAH,____ _____,Cycle3,____ ______,Grade 10,___,Male,____,Expat,99.31%,1300
2023-2024,_____ ______ _____ _____,Private Schools MOE Curriculum,_______,SHARJAH,____ _____,Cycle2,____ ______,Grade 8,____,Female,_______,Emirati,100.00%,20
2023-2024,_____ ______ _____ _____,Private Schools MOE Curriculum,_______,SHARJAH,____ _____,Cycle2,____ ______,Grade 8,____,Female,____,Expat,99.92%,1249
2023-2024,_____ ______ _____ _____,Private Schools MOE Curriculum,_______,SHARJAH,____ _____,Cycle2,____ ______,Grade 8,___,Male,_______,Emirati,100.00%,43
2023-2024,_____ ______ _____ _____,Private Schools MOE Curriculum,_______,SHARJAH,____ _____,Cycle2,____ ______,Grade 8,___,Male,____,Expat,99.69%,1281
2023-2024,_____ ______ _____ _____,Private Schools MOE Curriculum,_______,SHARJAH,____ _____,Cycle2,____ ______,Grade 5,____,Female,_______,Emirati,100.00%,19
2023-2024,_____ ______ _____ _____,Private Schools MOE Curriculum,_______,SHARJAH,____ _____,Cycle2,____ ______,Grade 5,____,Female,____,Expat,99.93%,1385
2023-2024,_____ ______ _____ _____,Private Schools MOE Curriculum,_______,SHARJAH,____ _____,Cycle2,____ ______,Grade 5,___,Male,_______,Emirati,100.00%,59
2023-2024,_____ ______ _____ _____,Private Schools MOE Curriculum,_______,SHARJAH,____ _____,Cycle2,____ ______,Grade 5,___,Male,____,Expat,99.34%,1361
2023-2024,_____ ______ _____ _____,Private Schools MOE Curriculum,_______,SHARJAH,____ _____,Cycle2,____ ______,Grade 7,____,Female,_______,Emirati,100.00%,19
2023-2024,_____ ______ _____ _____,Private Schools MOE Curriculum,_______,SHARJAH,____ _____,Cycle2,____ ______,Grade 7,____,Female,____,Expat,99.78%,1374
2023-2024,_____ ______ _____ _____,Private Schools MOE Curriculum,_______,SHARJAH,____ _____,Cycle2,____ ______,Grade 7,___,Male,_______,Emirati,100.00%,43
2023-2024,_____ ______ _____ _____,Private Schools MOE Curriculum,_______,SHARJAH,____ _____,Cycle2,____ ______,Grade 7,___,Male,____,Expat,99.85%,1378
2023-2024,_____ ______ _____ _____,Private Schools MOE Curriculum,_______,SHARJAH,____ _____,Cycle2,____ ______,Grade 6,____,Female,_______,Emirati,100.00%,15
2023-2024,_____ ______ _____ _____,Private Schools MOE Curriculum,_______,SHARJAH,____ _____,Cycle2,____ ______,Grade 6,____,Female,____,Expat,99.78%,1359
2023-2024,_____ ______ _____ _____,Private Schools MOE Curriculum,_______,SHARJAH,____ _____,Cycle2,____ ______,Grade 6,___,Male,_______,Emirati,100.00%,36
2023-2024,_____ ______ _____ _____,Private Schools MOE Curriculum,_______,SHARJAH,____ _____,Cycle2,____ ______,Grade 6,___,Male,____,Expat,99.70%,1340
2023-2024,_____ ______ _____ _____,Private Schools MOE Curriculum,______,AL DHAFRA,____ ____,Cycle1,____ _____,Grade 1,____,Female,____,Expat,98.18%,55
2023-2024,_____ ______ _____ _____,Private Schools MOE Curriculum,______,AL DHAFRA,____ ____,Cycle1,____ _____,Grade 1,___,Male,_______,Emirati,100.00%,1
2023-2024,_____ ______ _____ _____,Private Schools MOE Curriculum,______,AL DHAFRA,____ ____,Cycle1,____ _____,Grade 1,___,Male,____,Expat,98.28%,58
2023-2024,_____ ______ _____ _____,Private Schools MOE Curriculum,______,AL DHAFRA,____ ____,Cycle1,____ ______,Grade 3,____,Female,_______,Emirati,100.00%,1
2023-2024,_____ ______ _____ _____,Private Schools MOE Curriculum,______,AL DHAFRA,____ ____,Cycle1,____ ______,Grade 3,____,Female,____,Expat,96.88%,64
2023-2024,_____ ______ _____ _____,Private Schools MOE Curriculum,______,AL DHAFRA,____ ____,Cycle1,____ ______,Grade 3,___,Male,_______,Emirati,100.00%,1
2023-2024,_____ ______ _____ _____,Private Schools MOE Curriculum,______,AL DHAFRA,____ ____,Cycle1,____ ______,Grade 3,___,Male,____,Expat,100.00%,54
2023-2024,_____ ______ _____ _____,Private Schools MOE Curriculum,______,AL DHAFRA,____ ____,Cycle1,____ ______,Grade 2,____,Female,____,Expat,93.75%,64
2023-2024,_____ ______ _____ _____,Private Schools MOE Curriculum,______,AL DHAFRA,____ ____,Cycle1,____ ______,Grade 2,___,Male,_______,Emirati,100.00%,1
2023-2024,_____ ______ _____ _____,Private Schools MOE Curriculum,______,AL DHAFRA,____ ____,Cycle1,____ ______,Grade 2,___,Male,____,Expat,100.00%,53
2023-2024,_____ ______ _____ _____,Private Schools MOE Curriculum,______,AL DHAFRA,____ ____,Cycle1,____ ______,Grade 4,____,Female,_______,Emirati,100.00%,2
2023-2024,_____ ______ _____ _____,Private Schools MOE Curriculum,______,AL DHAFRA,____ ____,Cycle1,____ ______,Grade 4,____,Female,____,Expat,97.73%,44
2023-2024,_____ ______ _____ _____,Private Schools MOE Curriculum,______,AL DHAFRA,____ ____,Cycle1,____ ______,Grade 4,___,Male,_______,Emirati,100.00%,3
2023-2024,_____ ______ _____ _____,Private Schools MOE Curriculum,______,AL DHAFRA,____ ____,Cycle1,____ ______,Grade 4,___,Male,____,Expat,97.87%,47
2023-2024,_____ ______ _____ _____,Private Schools MOE Curriculum,______,AL DHAFRA,____ _____,Cycle3,____ ______,Grade 9,____,Female,_______,Emirati,100.00%,4
2023-2024,_____ ______ _____ _____,Private Schools MOE Curriculum,______,AL DHAFRA,____ _____,Cycle3,____ ______,Grade 9,____,Female,____,Expat,100.00%,28
2023-2024,_____ ______ _____ _____,Private Schools MOE Curriculum,______,AL DHAFRA,____ _____,Cycle3,____ ______,Grade 9,___,Male,_______,Emirati,100.00%,5
2023-2024,_____ ______ _____ _____,Private Schools MOE Curriculum,______,AL DHAFRA,____ _____,Cycle3,____ ______,Grade 9,___,Male,____,Expat,100.00%,48
2023-2024,_____ ______ _____ _____,Private Schools MOE Curriculum,______,AL DHAFRA,____ _____,Cycle3,____ ______ ___,Grade 12,____,Female,____,Expat,96.15%,26
2023-2024,_____ ______ _____ _____,Private Schools MOE Curriculum,______,AL DHAFRA,____ _____,Cycle3,____ ______ ___,Grade 12,___,Male,_______,Emirati,62.50%,8
2023-2024,_____ ______ _____ _____,Private Schools MOE Curriculum,______,AL DHAFRA,____ _____,Cycle3,____ ______ ___,Grade 12,___,Male,____,Expat,98.08%,52
2023-2024,_____ ______ _____ _____,Private Schools MOE Curriculum,______,AL DHAFRA,____ _____,Cycle3,____ ______ ___,Grade 11,____,Female,_______,Emirati,100.00%,4
2023-2024,_____ ______ _____ _____,Private Schools MOE Curriculum,______,AL DHAFRA,____ _____,Cycle3,____ ______ ___,Grade 11,____,Female,____,Expat,100.00%,40
2023-2024,_____ ______ _____ _____,Private Schools MOE Curriculum,______,AL DHAFRA,____ _____,Cycle3,____ ______ ___,Grade 11,___,Male,_______,Emirati,93.33%,15
2023-2024,_____ ______ _____ _____,Private Schools MOE Curriculum,______,AL DHAFRA,____ _____,Cycle3,____ ______ ___,Grade 11,___,Male,____,Expat,100.00%,36
2023-2024,_____ ______ _____ _____,Private Schools MOE Curriculum,______,AL DHAFRA,____ _____,Cycle3,____ ______,Grade 10,____,Female,____,Expat,100.00%,27
2023-2024,_____ ______ _____ _____,Private Schools MOE Curriculum,______,AL DHAFRA,____ _____,Cycle3,____ ______,Grade 10,___,Male,_______,Emirati,100.00%,12
2023-2024,_____ ______ _____ _____,Private Schools MOE Curriculum,______,AL DHAFRA,____ _____,Cycle3,____ ______,Grade 10,___,Male,____,Expat,100.00%,33
2023-2024,_____ ______ _____ _____,Private Schools MOE Curriculum,______,AL DHAFRA,____ _____,Cycle2,____ ______,Grade 8,____,Female,____,Expat,100.00%,19
2023-2024,_____ ______ _____ _____,Private Schools MOE Curriculum,______,AL DHAFRA,____ _____,Cycle2,____ ______,Grade 8,___,Male,_______,Emirati,100.00%,14
2023-2024,_____ ______ _____ _____,Private Schools MOE Curriculum,______,AL DHAFRA,____ _____,Cycle2,____ ______,Grade 8,___,Male,____,Expat,97.44%,39
2023-2024,_____ ______ _____ _____,Private Schools MOE Curriculum,______,AL DHAFRA,____ _____,Cycle2,____ ______,Grade 5,____,Female,_______,Emirati,100.00%,1
2023-2024,_____ ______ _____ _____,Private Schools MOE Curriculum,______,AL DHAFRA,____ _____,Cycle2,____ ______,Grade 5,____,Female,____,Expat,100.00%,37
2023-2024,_____ ______ _____ _____,Private Schools MOE Curriculum,______,AL DHAFRA,____ _____,Cycle2,____ ______,Grade 5,___,Male,_______,Emirati,100.00%,4
2023-2024,_____ ______ _____ _____,Private Schools MOE Curriculum,______,AL DHAFRA,____ _____,Cycle2,____ ______,Grade 5,___,Male,____,Expat,100.00%,59
2023-2024,_____ ______ _____ _____,Private Schools MOE Curriculum,______,AL DHAFRA,____ _____,Cycle2,____ ______,Grade 7,____,Female,_______,Emirati,100.00%,1
2023-2024,_____ ______ _____ _____,Private Schools MOE Curriculum,______,AL DHAFRA,____ _____,Cycle2,____ ______,Grade 7,____,Female,____,Expat,100.00%,28
2023-2024,_____ ______ _____ _____,Private Schools MOE Curriculum,______,AL DHAFRA,____ _____,Cycle2,____ ______,Grade 7,___,Male,_______,Emirati,100.00%,7
2023-2024,_____ ______ _____ _____,Private Schools MOE Curriculum,______,AL DHAFRA,____ _____,Cycle2,____ ______,Grade 7,___,Male,____,Expat,100.00%,53
2023-2024,_____ ______ _____ _____,Private Schools MOE Curriculum,______,AL DHAFRA,____ _____,Cycle2,____ ______,Grade 6,____,Female,____,Expat,100.00%,35
2023-2024,_____ ______ _____ _____,Private Schools MOE Curriculum,______,AL DHAFRA,____ _____,Cycle2,____ ______,Grade 6,___,Male,_______,Emirati,100.00%,2
2023-2024,_____ ______ _____ _____,Private Schools MOE Curriculum,______,AL DHAFRA,____ _____,Cycle2,____ ______,Grade 6,___,Male,____,Expat,100.00%,33
2023-2024,_____ ______ _____ _____,Private Schools MOE Curriculum,_____,AL AIN,____ ____,Cycle1,____ _____,Grade 1,____,Female,_______,Emirati,100.00%,3
2023-2024,_____ ______ _____ _____,Private Schools MOE Curriculum,_____,AL AIN,____ ____,Cycle1,____ _____,Grade 1,____,Female,____,Expat,95.12%,492
2023-2024,_____ ______ _____ _____,Private Schools MOE Curriculum,_____,AL AIN,____ ____,Cycle1,____ _____,Grade 1,___,Male,____,Expat,96.90%,548
2023-2024,_____ ______ _____ _____,Private Schools MOE Curriculum,_____,AL AIN,____ ____,Cycle1,____ ______,Grade 3,____,Female,_______,Emirati,83.33%,6
2023-2024,_____ ______ _____ _____,Private Schools MOE Curriculum,_____,AL AIN,____ ____,Cycle1,____ ______,Grade 3,____,Female,____,Expat,98.98%,491
2023-2024,_____ ______ _____ _____,Private Schools MOE Curriculum,_____,AL AIN,____ ____,Cycle1,____ ______,Grade 3,___,Male,_______,Emirati,100.00%,11
2023-2024,_____ ______ _____ _____,Private Schools MOE Curriculum,_____,AL AIN,____ ____,Cycle1,____ ______,Grade 3,___,Male,____,Expat,99.24%,523
2023-2024,_____ ______ _____ _____,Private Schools MOE Curriculum,_____,AL AIN,____ ____,Cycle1,____ ______,Grade 2,____,Female,_______,Emirati,100.00%,9
2023-2024,_____ ______ _____ _____,Private Schools MOE Curriculum,_____,AL AIN,____ ____,Cycle1,____ ______,Grade 2,____,Female,____,Expat,97.16%,493
2023-2024,_____ ______ _____ _____,Private Schools MOE Curriculum,_____,AL AIN,____ ____,Cycle1,____ ______,Grade 2,___,Male,_______,Emirati,100.00%,9
2023-2024,_____ ______ _____ _____,Private Schools MOE Curriculum,_____,AL AIN,____ ____,Cycle1,____ ______,Grade 2,___,Male,____,Expat,97.97%,493
2023-2024,_____ ______ _____ _____,Private Schools MOE Curriculum,_____,AL AIN,____ ____,Cycle1,____ ______,Grade 4,____,Female,_______,Emirati,100.00%,6
2023-2024,_____ ______ _____ _____,Private Schools MOE Curriculum,_____,AL AIN,____ ____,Cycle1,____ ______,Grade 4,____,Female,____,Expat,98.72%,467
2023-2024,_____ ______ _____ _____,Private Schools MOE Curriculum,_____,AL AIN,____ ____,Cycle1,____ ______,Grade 4,___,Male,_______,Emirati,100.00%,18
2023-2024,_____ ______ _____ _____,Private Schools MOE Curriculum,_____,AL AIN,____ ____,Cycle1,____ ______,Grade 4,___,Male,____,Expat,99.06%,531
2023-2024,_____ ______ _____ _____,Private Schools MOE Curriculum,_____,AL AIN,____ _____,Cycle3,____ ______,Grade 9,____,Female,_______,Emirati,100.00%,26
2023-2024,_____ ______ _____ _____,Private Schools MOE Curriculum,_____,AL AIN,____ _____,Cycle3,____ ______,Grade 9,____,Female,____,Expat,99.55%,441
2023-2024,_____ ______ _____ _____,Private Schools MOE Curriculum,_____,AL AIN,____ _____,Cycle3,____ ______,Grade 9,___,Male,_______,Emirati,98.36%,61
2023-2024,_____ ______ _____ _____,Private Schools MOE Curriculum,_____,AL AIN,____ _____,Cycle3,____ ______,Grade 9,___,Male,____,Expat,99.80%,498
2023-2024,_____ ______ _____ _____,Private Schools MOE Curriculum,_____,AL AIN,____ _____,Cycle3,____ ______ ___,Grade 12,____,Female,_______,Emirati,75.00%,28
2023-2024,_____ ______ _____ _____,Private Schools MOE Curriculum,_____,AL AIN,____ _____,Cycle3,____ ______ ___,Grade 12,____,Female,____,Expat,94.27%,489
2023-2024,_____ ______ _____ _____,Private Schools MOE Curriculum,_____,AL AIN,____ _____,Cycle3,____ ______ ___,Grade 12,___,Male,_______,Emirati,73.58%,53
2023-2024,_____ ______ _____ _____,Private Schools MOE Curriculum,_____,AL AIN,____ _____,Cycle3,____ ______ ___,Grade 12,___,Male,____,Expat,95.63%,572
2023-2024,_____ ______ _____ _____,Private Schools MOE Curriculum,_____,AL AIN,____ _____,Cycle3,____ ______ ___,Grade 11,____,Female,_______,Emirati,100.00%,39
2023-2024,_____ ______ _____ _____,Private Schools MOE Curriculum,_____,AL AIN,____ _____,Cycle3,____ ______ ___,Grade 11,____,Female,____,Expat,99.40%,503
2023-2024,_____ ______ _____ _____,Private Schools MOE Curriculum,_____,AL AIN,____ _____,Cycle3,____ ______ ___,Grade 11,___,Male,_______,Emirati,98.97%,97
2023-2024,_____ ______ _____ _____,Private Schools MOE Curriculum,_____,AL AIN,____ _____,Cycle3,____ ______ ___,Grade 11,___,Male,____,Expat,99.20%,624
2023-2024,_____ ______ _____ _____,Private Schools MOE Curriculum,_____,AL AIN,____ _____,Cycle3,____ ______,Grade 10,____,Female,_______,Emirati,100.00%,52
2023-2024,_____ ______ _____ _____,Private Schools MOE Curriculum,_____,AL AIN,____ _____,Cycle3,____ ______,Grade 10,____,Female,____,Expat,98.73%,472
2023-2024,_____ ______ _____ _____,Private Schools MOE Curriculum,_____,AL AIN,____ _____,Cycle3,____ ______,Grade 10,___,Male,_______,Emirati,100.00%,79
2023-2024,_____ ______ _____ _____,Private Schools MOE Curriculum,_____,AL AIN,____ _____,Cycle3,____ ______,Grade 10,___,Male,____,Expat,98.80%,582
2023-2024,_____ ______ _____ _____,Private Schools MOE Curriculum,_____,AL AIN,____ _____,Cycle2,____ ______,Grade 8,____,Female,_______,Emirati,100.00%,24
2023-2024,_____ ______ _____ _____,Private Schools MOE Curriculum,_____,AL AIN,____ _____,Cycle2,____ ______,Grade 8,____,Female,____,Expat,99.57%,466
2023-2024,_____ ______ _____ _____,Private Schools MOE Curriculum,_____,AL AIN,____ _____,Cycle2,____ ______,Grade 8,___,Male,_______,Emirati,100.00%,33
2023-2024,_____ ______ _____ _____,Private Schools MOE Curriculum,_____,AL AIN,____ _____,Cycle2,____ ______,Grade 8,___,Male,____,Expat,99.81%,518
2023-2024,_____ ______ _____ _____,Private Schools MOE Curriculum,_____,AL AIN,____ _____,Cycle2,____ ______,Grade 5,____,Female,_______,Emirati,100.00%,13
2023-2024,_____ ______ _____ _____,Private Schools MOE Curriculum,_____,AL AIN,____ _____,Cycle2,____ ______,Grade 5,____,Female,____,Expat,99.56%,453
2023-2024,_____ ______ _____ _____,Private Schools MOE Curriculum,_____,AL AIN,____ _____,Cycle2,____ ______,Grade 5,___,Male,_______,Emirati,100.00%,18
2023-2024,_____ ______ _____ _____,Private Schools MOE Curriculum,_____,AL AIN,____ _____,Cycle2,____ ______,Grade 5,___,Male,____,Expat,99.30%,569
2023-2024,_____ ______ _____ _____,Private Schools MOE Curriculum,_____,AL AIN,____ _____,Cycle2,____ ______,Grade 7,____,Female,_______,Emirati,100.00%,30
2023-2024,_____ ______ _____ _____,Private Schools MOE Curriculum,_____,AL AIN,____ _____,Cycle2,____ ______,Grade 7,____,Female,____,Expat,99.18%,487
2023-2024,_____ ______ _____ _____,Private Schools MOE Curriculum,_____,AL AIN,____ _____,Cycle2,____ ______,Grade 7,___,Male,_______,Emirati,100.00%,34
2023-2024,_____ ______ _____ _____,Private Schools MOE Curriculum,_____,AL AIN,____ _____,Cycle2,____ ______,Grade 7,___,Male,____,Expat,98.81%,506
2023-2024,_____ ______ _____ _____,Private Schools MOE Curriculum,_____,AL AIN,____ _____,Cycle2,____ ______,Grade 6,____,Female,_______,Emirati,100.00%,18
2023-2024,_____ ______ _____ _____,Private Schools MOE Curriculum,_____,AL AIN,____ _____,Cycle2,____ ______,Grade 6,____,Female,____,Expat,99.44%,536
2023-2024,_____ ______ _____ _____,Private Schools MOE Curriculum,_____,AL AIN,____ _____,Cycle2,____ ______,Grade 6,___,Male,_______,Emirati,97.06%,34
2023-2024,_____ ______ _____ _____,Private Schools MOE Curriculum,_____,AL AIN,____ _____,Cycle2,____ ______,Grade 6,___,Male,____,Expat,99.25%,536
2023-2024,_____ ______ _____ _____,Private Schools MOE Curriculum,_______,AL FUJAIRAH,____ ____,Cycle1,____ _____,Grade 1,____,Female,_______,Emirati,100.00%,1
2023-2024,_____ ______ _____ _____,Private Schools MOE Curriculum,_______,AL FUJAIRAH,____ ____,Cycle1,____ _____,Grade 1,____,Female,____,Expat,100.00%,101
2023-2024,_____ ______ _____ _____,Private Schools MOE Curriculum,_______,AL FUJAIRAH,____ ____,Cycle1,____ _____,Grade 1,___,Male,_______,Emirati,0.00%,1
2023-2024,_____ ______ _____ _____,Private Schools MOE Curriculum,_______,AL FUJAIRAH,____ ____,Cycle1,____ _____,Grade 1,___,Male,____,Expat,96.64%,119
2023-2024,_____ ______ _____ _____,Private Schools MOE Curriculum,_______,AL FUJAIRAH,____ ____,Cycle1,____ ______,Grade 3,____,Female,_______,Emirati,100.00%,1
2023-2024,_____ ______ _____ _____,Private Schools MOE Curriculum,_______,AL FUJAIRAH,____ ____,Cycle1,____ ______,Grade 3,____,Female,____,Expat,97.85%,93
2023-2024,_____ ______ _____ _____,Private Schools MOE Curriculum,_______,AL FUJAIRAH,____ ____,Cycle1,____ ______,Grade 3,___,Male,____,Expat,98.96%,96
2023-2024,_____ ______ _____ _____,Private Schools MOE Curriculum,_______,AL FUJAIRAH,____ ____,Cycle1,____ ______,Grade 2,____,Female,_______,Emirati,100.00%,1
2023-2024,_____ ______ _____ _____,Private Schools MOE Curriculum,_______,AL FUJAIRAH,____ ____,Cycle1,____ ______,Grade 2,____,Female,____,Expat,97.87%,94
2023-2024,_____ ______ _____ _____,Private Schools MOE Curriculum,_______,AL FUJAIRAH,____ ____,Cycle1,____ ______,Grade 2,___,Male,_______,Emirati,100.00%,1
2023-2024,_____ ______ _____ _____,Private Schools MOE Curriculum,_______,AL FUJAIRAH,____ ____,Cycle1,____ ______,Grade 2,___,Male,____,Expat,96.74%,92
2023-2024,_____ ______ _____ _____,Private Schools MOE Curriculum,_______,AL FUJAIRAH,____ ____,Cycle1,____ ______,Grade 4,____,Female,_______,Emirati,100.00%,1
2023-2024,_____ ______ _____ _____,Private Schools MOE Curriculum,_______,AL FUJAIRAH,____ ____,Cycle1,____ ______,Grade 4,____,Female,____,Expat,97.85%,93
2023-2024,_____ ______ _____ _____,Private Schools MOE Curriculum,_______,AL FUJAIRAH,____ ____,Cycle1,____ ______,Grade 4,___,Male,_______,Emirati,100.00%,1
2023-2024,_____ ______ _____ _____,Private Schools MOE Curriculum,_______,AL FUJAIRAH,____ ____,Cycle1,____ ______,Grade 4,___,Male,____,Expat,96.63%,89
2023-2024,_____ ______ _____ _____,Private Schools MOE Curriculum,_______,AL FUJAIRAH,____ _____,Cycle3,____ ______,Grade 9,____,Female,____,Expat,96.47%,85
2023-2024,_____ ______ _____ _____,Private Schools MOE Curriculum,_______,AL FUJAIRAH,____ _____,Cycle3,____ ______,Grade 9,___,Male,_______,Emirati,100.00%,2
2023-2024,_____ ______ _____ _____,Private Schools MOE Curriculum,_______,AL FUJAIRAH,____ _____,Cycle3,____ ______,Grade 9,___,Male,____,Expat,94.87%,78
2023-2024,_____ ______ _____ _____,Private Schools MOE Curriculum,_______,AL FUJAIRAH,____ _____,Cycle3,____ ______ ___,Grade 12,____,Female,_______,Emirati,100.00%,1
2023-2024,_____ ______ _____ _____,Private Schools MOE Curriculum,_______,AL FUJAIRAH,____ _____,Cycle3,____ ______ ___,Grade 12,____,Female,____,Expat,97.56%,123
2023-2024,_____ ______ _____ _____,Private Schools MOE Curriculum,_______,AL FUJAIRAH,____ _____,Cycle3,____ ______ ___,Grade 12,___,Male,____,Expat,93.63%,157
2023-2024,_____ ______ _____ _____,Private Schools MOE Curriculum,_______,AL FUJAIRAH,____ _____,Cycle3,____ ______ ___,Grade 11,____,Female,____,Expat,100.00%,75
2023-2024,_____ ______ _____ _____,Private Schools MOE Curriculum,_______,AL FUJAIRAH,____ _____,Cycle3,____ ______ ___,Grade 11,___,Male,_______,Emirati,100.00%,1
2023-2024,_____ ______ _____ _____,Private Schools MOE Curriculum,_______,AL FUJAIRAH,____ _____,Cycle3,____ ______ ___,Grade 11,___,Male,____,Expat,93.33%,90
2023-2024,_____ ______ _____ _____,Private Schools MOE Curriculum,_______,AL FUJAIRAH,____ _____,Cycle3,____ ______,Grade 10,____,Female,_______,Emirati,100.00%,3
2023-2024,_____ ______ _____ _____,Private Schools MOE Curriculum,_______,AL FUJAIRAH,____ _____,Cycle3,____ ______,Grade 10,____,Female,____,Expat,97.33%,75
2023-2024,_____ ______ _____ _____,Private Schools MOE Curriculum,_______,AL FUJAIRAH,____ _____,Cycle3,____ ______,Grade 10,___,Male,____,Expat,90.32%,93
2023-2024,_____ ______ _____ _____,Private Schools MOE Curriculum,_______,AL FUJAIRAH,____ _____,Cycle2,____ ______,Grade 8,____,Female,_______,Emirati,100.00%,3
2023-2024,_____ ______ _____ _____,Private Schools MOE Curriculum,_______,AL FUJAIRAH,____ _____,Cycle2,____ ______,Grade 8,____,Female,____,Expat,98.92%,93
2023-2024,_____ ______ _____ _____,Private Schools MOE Curriculum,_______,AL FUJAIRAH,____ _____,Cycle2,____ ______,Grade 8,___,Male,_______,Emirati,100.00%,2
2023-2024,_____ ______ _____ _____,Private Schools MOE Curriculum,_______,AL FUJAIRAH,____ _____,Cycle2,____ ______,Grade 8,___,Male,____,Expat,100.00%,109
2023-2024,_____ ______ _____ _____,Private Schools MOE Curriculum,_______,AL FUJAIRAH,____ _____,Cycle2,____ ______,Grade 5,____,Female,_______,Emirati,100.00%,2
2023-2024,_____ ______ _____ _____,Private Schools MOE Curriculum,_______,AL FUJAIRAH,____ _____,Cycle2,____ ______,Grade 5,____,Female,____,Expat,97.00%,100
2023-2024,_____ ______ _____ _____,Private Schools MOE Curriculum,_______,AL FUJAIRAH,____ _____,Cycle2,____ ______,Grade 5,___,Male,_______,Emirati,100.00%,1
2023-2024,_____ ______ _____ _____,Private Schools MOE Curriculum,_______,AL FUJAIRAH,____ _____,Cycle2,____ ______,Grade 5,___,Male,____,Expat,98.96%,96
2023-2024,_____ ______ _____ _____,Private Schools MOE Curriculum,_______,AL FUJAIRAH,____ _____,Cycle2,____ ______,Grade 7,____,Female,_______,Emirati,100.00%,1
2023-2024,_____ ______ _____ _____,Private Schools MOE Curriculum,_______,AL FUJAIRAH,____ _____,Cycle2,____ ______,Grade 7,____,Female,____,Expat,97.40%,77
2023-2024,_____ ______ _____ _____,Private Schools MOE Curriculum,_______,AL FUJAIRAH,____ _____,Cycle2,____ ______,Grade 7,___,Male,_______,Emirati,100.00%,1
2023-2024,_____ ______ _____ _____,Private Schools MOE Curriculum,_______,AL FUJAIRAH,____ _____,Cycle2,____ ______,Grade 7,___,Male,____,Expat,99.02%,102
2023-2024,_____ ______ _____ _____,Private Schools MOE Curriculum,_______,AL FUJAIRAH,____ _____,Cycle2,____ ______,Grade 6,____,Female,_______,Emirati,100.00%,2
2023-2024,_____ ______ _____ _____,Private Schools MOE Curriculum,_______,AL FUJAIRAH,____ _____,Cycle2,____ ______,Grade 6,____,Female,____,Expat,96.12%,103
2023-2024,_____ ______ _____ _____,Private Schools MOE Curriculum,_______,AL FUJAIRAH,____ _____,Cycle2,____ ______,Grade 6,___,Male,_______,Emirati,100.00%,1
2023-2024,_____ ______ _____ _____,Private Schools MOE Curriculum,_______,AL FUJAIRAH,____ _____,Cycle2,____ ______,Grade 6,___,Male,____,Expat,97.85%,93
2023-2024,_____ ______ _____ _____,Private Schools MOE Curriculum,______,ABU DHABI,____ ____,Cycle1,____ _____,Grade 1,____,Female,_______,Emirati,93.75%,16
2023-2024,_____ ______ _____ _____,Private Schools MOE Curriculum,______,ABU DHABI,____ ____,Cycle1,____ _____,Grade 1,____,Female,____,Expat,98.71%,1162
2023-2024,_____ ______ _____ _____,Private Schools MOE Curriculum,______,ABU DHABI,____ ____,Cycle1,____ _____,Grade 1,___,Male,_______,Emirati,95.24%,21
2023-2024,_____ ______ _____ _____,Private Schools MOE Curriculum,______,ABU DHABI,____ ____,Cycle1,____ _____,Grade 1,___,Male,____,Expat,97.98%,1137
2023-2024,_____ ______ _____ _____,Private Schools MOE Curriculum,______,ABU DHABI,____ ____,Cycle1,____ ______,Grade 3,____,Female,_______,Emirati,100.00%,25
2023-2024,_____ ______ _____ _____,Private Schools MOE Curriculum,______,ABU DHABI,____ ____,Cycle1,____ ______,Grade 3,____,Female,____,Expat,99.53%,1062
2023-2024,_____ ______ _____ _____,Private Schools MOE Curriculum,______,ABU DHABI,____ ____,Cycle1,____ ______,Grade 3,___,Male,_______,Emirati,100.00%,16
2023-2024,_____ ______ _____ _____,Private Schools MOE Curriculum,______,ABU DHABI,____ ____,Cycle1,____ ______,Grade 3,___,Male,____,Expat,99.43%,1049
2023-2024,_____ ______ _____ _____,Private Schools MOE Curriculum,______,ABU DHABI,____ ____,Cycle1,____ ______,Grade 2,____,Female,_______,Emirati,95.65%,23
2023-2024,_____ ______ _____ _____,Private Schools MOE Curriculum,______,ABU DHABI,____ ____,Cycle1,____ ______,Grade 2,____,Female,____,Expat,98.14%,1077
2023-2024,_____ ______ _____ _____,Private Schools MOE Curriculum,______,ABU DHABI,____ ____,Cycle1,____ ______,Grade 2,___,Male,_______,Emirati,100.00%,17
2023-2024,_____ ______ _____ _____,Private Schools MOE Curriculum,______,ABU DHABI,____ ____,Cycle1,____ ______,Grade 2,___,Male,____,Expat,98.06%,1032
2023-2024,_____ ______ _____ _____,Private Schools MOE Curriculum,______,ABU DHABI,____ ____,Cycle1,____ ______,Grade 4,____,Female,_______,Emirati,100.00%,24
2023-2024,_____ ______ _____ _____,Private Schools MOE Curriculum,______,ABU DHABI,____ ____,Cycle1,____ ______,Grade 4,____,Female,____,Expat,99.15%,1063
2023-2024,_____ ______ _____ _____,Private Schools MOE Curriculum,______,ABU DHABI,____ ____,Cycle1,____ ______,Grade 4,___,Male,_______,Emirati,95.00%,20
2023-2024,_____ ______ _____ _____,Private Schools MOE Curriculum,______,ABU DHABI,____ ____,Cycle1,____ ______,Grade 4,___,Male,____,Expat,99.53%,1057
2023-2024,_____ ______ _____ _____,Private Schools MOE Curriculum,______,ABU DHABI,____ _____,Cycle3,____ ______,Grade 9,____,Female,_______,Emirati,100.00%,48
2023-2024,_____ ______ _____ _____,Private Schools MOE Curriculum,______,ABU DHABI,____ _____,Cycle3,____ ______,Grade 9,____,Female,____,Expat,99.05%,838
2023-2024,_____ ______ _____ _____,Private Schools MOE Curriculum,______,ABU DHABI,____ _____,Cycle3,____ ______,Grade 9,___,Male,_______,Emirati,100.00%,60
2023-2024,_____ ______ _____ _____,Private Schools MOE Curriculum,______,ABU DHABI,____ _____,Cycle3,____ ______,Grade 9,___,Male,____,Expat,99.76%,842
2023-2024,_____ ______ _____ _____,Private Schools MOE Curriculum,______,ABU DHABI,____ _____,Cycle3,____ ______ ___,Grade 12,____,Female,_______,Emirati,93.85%,65
2023-2024,_____ ______ _____ _____,Private Schools MOE Curriculum,______,ABU DHABI,____ _____,Cycle3,____ ______ ___,Grade 12,____,Female,____,Expat,97.75%,846
2023-2024,_____ ______ _____ _____,Private Schools MOE Curriculum,______,ABU DHABI,____ _____,Cycle3,____ ______ ___,Grade 12,___,Male,_______,Emirati,90.91%,132
2023-2024,_____ ______ _____ _____,Private Schools MOE Curriculum,______,ABU DHABI,____ _____,Cycle3,____ ______ ___,Grade 12,___,Male,____,Expat,97.72%,877
2023-2024,_____ ______ _____ _____,Private Schools MOE Curriculum,______,ABU DHABI,____ _____,Cycle3,____ ______ ___,Grade 11,____,Female,_______,Emirati,98.21%,56
2023-2024,_____ ______ _____ _____,Private Schools MOE Curriculum,______,ABU DHABI,____ _____,Cycle3,____ ______ ___,Grade 11,____,Female,____,Expat,99.44%,900
2023-2024,_____ ______ _____ _____,Private Schools MOE Curriculum,______,ABU DHABI,____ _____,Cycle3,____ ______ ___,Grade 11,___,Male,_______,Emirati,99.12%,113
2023-2024,_____ ______ _____ _____,Private Schools MOE Curriculum,______,ABU DHABI,____ _____,Cycle3,____ ______ ___,Grade 11,___,Male,____,Expat,99.65%,867
2023-2024,_____ ______ _____ _____,Private Schools MOE Curriculum,______,ABU DHABI,____ _____,Cycle3,____ ______,Grade 10,____,Female,_______,Emirati,94.29%,35
2023-2024,_____ ______ _____ _____,Private Schools MOE Curriculum,______,ABU DHABI,____ _____,Cycle3,____ ______,Grade 10,____,Female,____,Expat,99.74%,780
2023-2024,_____ ______ _____ _____,Private Schools MOE Curriculum,______,ABU DHABI,____ _____,Cycle3,____ ______,Grade 10,___,Male,_______,Emirati,100.00%,84
2023-2024,_____ ______ _____ _____,Private Schools MOE Curriculum,______,ABU DHABI,____ _____,Cycle3,____ ______,Grade 10,___,Male,____,Expat,99.74%,779
2023-2024,_____ ______ _____ _____,Private Schools MOE Curriculum,______,ABU DHABI,____ _____,Cycle2,____ ______,Grade 8,____,Female,_______,Emirati,100.00%,37
2023-2024,_____ ______ _____ _____,Private Schools MOE Curriculum,______,ABU DHABI,____ _____,Cycle2,____ ______,Grade 8,____,Female,____,Expat,99.17%,843
2023-2024,_____ ______ _____ _____,Private Schools MOE Curriculum,______,ABU DHABI,____ _____,Cycle2,____ ______,Grade 8,___,Male,_______,Emirati,100.00%,45
2023-2024,_____ ______ _____ _____,Private Schools MOE Curriculum,______,ABU DHABI,____ _____,Cycle2,____ ______,Grade 8,___,Male,____,Expat,99.31%,873
2023-2024,_____ ______ _____ _____,Private Schools MOE Curriculum,______,ABU DHABI,____ _____,Cycle2,____ ______,Grade 5,____,Female,_______,Emirati,100.00%,23
2023-2024,_____ ______ _____ _____,Private Schools MOE Curriculum,______,ABU DHABI,____ _____,Cycle2,____ ______,Grade 5,____,Female,____,Expat,99.37%,958
2023-2024,_____ ______ _____ _____,Private Schools MOE Curriculum,______,ABU DHABI,____ _____,Cycle2,____ ______,Grade 5,___,Male,_______,Emirati,100.00%,23
2023-2024,_____ ______ _____ _____,Private Schools MOE Curriculum,______,ABU DHABI,____ _____,Cycle2,____ ______,Grade 5,___,Male,____,Expat,99.33%,889
2023-2024,_____ ______ _____ _____,Private Schools MOE Curriculum,______,ABU DHABI,____ _____,Cycle2,____ ______,Grade 7,____,Female,_______,Emirati,100.00%,30
2023-2024,_____ ______ _____ _____,Private Schools MOE Curriculum,______,ABU DHABI,____ _____,Cycle2,____ ______,Grade 7,____,Female,____,Expat,99.67%,917
2023-2024,_____ ______ _____ _____,Private Schools MOE Curriculum,______,ABU DHABI,____ _____,Cycle2,____ ______,Grade 7,___,Male,_______,Emirati,100.00%,36
2023-2024,_____ ______ _____ _____,Private Schools MOE Curriculum,______,ABU DHABI,____ _____,Cycle2,____ ______,Grade 7,___,Male,____,Expat,99.42%,868
2023-2024,_____ ______ _____ _____,Private Schools MOE Curriculum,______,ABU DHABI,____ _____,Cycle2,____ ______,Grade 6,____,Female,_______,Emirati,100.00%,38
2023-2024,_____ ______ _____ _____,Private Schools MOE Curriculum,______,ABU DHABI,____ _____,Cycle2,____ ______,Grade 6,____,Female,____,Expat,99.60%,993
2023-2024,_____ ______ _____ _____,Private Schools MOE Curriculum,______,ABU DHABI,____ _____,Cycle2,____ ______,Grade 6,___,Male,_______,Emirati,100.00%,30
2023-2024,_____ ______ _____ _____,Private Schools MOE Curriculum,______,ABU DHABI,____ _____,Cycle2,____ ______,Grade 6,___,Male,____,Expat,99.39%,976
2023-2024,_____ ______ _____ _____,Private Schools MOE Curriculum,__ _______,Umm Al Quwain,____ ____,Cycle1,____ _____,Grade 1,____,Female,____,Expat,100.00%,71
2023-2024,_____ ______ _____ _____,Private Schools MOE Curriculum,__ _______,Umm Al Quwain,____ ____,Cycle1,____ _____,Grade 1,___,Male,____,Expat,100.00%,79
2023-2024,_____ ______ _____ _____,Private Schools MOE Curriculum,__ _______,Umm Al Quwain,____ ____,Cycle1,____ ______,Grade 3,____,Female,____,Expat,100.00%,64
2023-2024,_____ ______ _____ _____,Private Schools MOE Curriculum,__ _______,Umm Al Quwain,____ ____,Cycle1,____ ______,Grade 3,___,Male,_______,Emirati,100.00%,2
2023-2024,_____ ______ _____ _____,Private Schools MOE Curriculum,__ _______,Umm Al Quwain,____ ____,Cycle1,____ ______,Grade 3,___,Male,____,Expat,100.00%,61
2023-2024,_____ ______ _____ _____,Private Schools MOE Curriculum,__ _______,Umm Al Quwain,____ ____,Cycle1,____ ______,Grade 2,____,Female,____,Expat,100.00%,60
2023-2024,_____ ______ _____ _____,Private Schools MOE Curriculum,__ _______,Umm Al Quwain,____ ____,Cycle1,____ ______,Grade 2,___,Male,_______,Emirati,100.00%,3
2023-2024,_____ ______ _____ _____,Private Schools MOE Curriculum,__ _______,Umm Al Quwain,____ ____,Cycle1,____ ______,Grade 2,___,Male,____,Expat,100.00%,63
2023-2024,_____ ______ _____ _____,Private Schools MOE Curriculum,__ _______,Umm Al Quwain,____ ____,Cycle1,____ ______,Grade 4,____,Female,_______,Emirati,100.00%,1
2023-2024,_____ ______ _____ _____,Private Schools MOE Curriculum,__ _______,Umm Al Quwain,____ ____,Cycle1,____ ______,Grade 4,____,Female,____,Expat,100.00%,56
2023-2024,_____ ______ _____ _____,Private Schools MOE Curriculum,__ _______,Umm Al Quwain,____ ____,Cycle1,____ ______,Grade 4,___,Male,_______,Emirati,100.00%,1
2023-2024,_____ ______ _____ _____,Private Schools MOE Curriculum,__ _______,Umm Al Quwain,____ ____,Cycle1,____ ______,Grade 4,___,Male,____,Expat,100.00%,59
2023-2024,_____ ______ _____ _____,Private Schools MOE Curriculum,__ _______,Umm Al Quwain,____ _____,Cycle3,____ ______,Grade 9,____,Female,____,Expat,100.00%,49
2023-2024,_____ ______ _____ _____,Private Schools MOE Curriculum,__ _______,Umm Al Quwain,____ _____,Cycle3,____ ______,Grade 9,___,Male,____,Expat,100.00%,46
2023-2024,_____ ______ _____ _____,Private Schools MOE Curriculum,__ _______,Umm Al Quwain,____ _____,Cycle3,____ ______ ___,Grade 12,____,Female,____,Expat,94.44%,36
2023-2024,_____ ______ _____ _____,Private Schools MOE Curriculum,__ _______,Umm Al Quwain,____ _____,Cycle3,____ ______ ___,Grade 11,____,Female,____,Expat,100.00%,36
2023-2024,_____ ______ _____ _____,Private Schools MOE Curriculum,__ _______,Umm Al Quwain,____ _____,Cycle3,____ ______ ___,Grade 11,___,Male,____,Expat,100.00%,43
2023-2024,_____ ______ _____ _____,Private Schools MOE Curriculum,__ _______,Umm Al Quwain,____ _____,Cycle3,____ ______,Grade 10,____,Female,____,Expat,100.00%,60
2023-2024,_____ ______ _____ _____,Private Schools MOE Curriculum,__ _______,Umm Al Quwain,____ _____,Cycle3,____ ______,Grade 10,___,Male,_______,Emirati,100.00%,1
2023-2024,_____ ______ _____ _____,Private Schools MOE Curriculum,__ _______,Umm Al Quwain,____ _____,Cycle3,____ ______,Grade 10,___,Male,____,Expat,100.00%,48
2023-2024,_____ ______ _____ _____,Private Schools MOE Curriculum,__ _______,Umm Al Quwain,____ _____,Cycle2,____ ______,Grade 8,____,Female,_______,Emirati,100.00%,2
2023-2024,_____ ______ _____ _____,Private Schools MOE Curriculum,__ _______,Umm Al Quwain,____ _____,Cycle2,____ ______,Grade 8,____,Female,____,Expat,100.00%,55
2023-2024,_____ ______ _____ _____,Private Schools MOE Curriculum,__ _______,Umm Al Quwain,____ _____,Cycle2,____ ______,Grade 8,___,Male,____,Expat,100.00%,50
2023-2024,_____ ______ _____ _____,Private Schools MOE Curriculum,__ _______,Umm Al Quwain,____ _____,Cycle2,____ ______,Grade 5,____,Female,____,Expat,100.00%,70
2023-2024,_____ ______ _____ _____,Private Schools MOE Curriculum,__ _______,Umm Al Quwain,____ _____,Cycle2,____ ______,Grade 5,___,Male,____,Expat,100.00%,71
2023-2024,_____ ______ _____ _____,Private Schools MOE Curriculum,__ _______,Umm Al Quwain,____ _____,Cycle2,____ ______,Grade 7,____,Female,____,Expat,100.00%,68
2023-2024,_____ ______ _____ _____,Private Schools MOE Curriculum,__ _______,Umm Al Quwain,____ _____,Cycle2,____ ______,Grade 7,___,Male,____,Expat,97.78%,45
2023-2024,_____ ______ _____ _____,Private Schools MOE Curriculum,__ _______,Umm Al Quwain,____ _____,Cycle2,____ ______,Grade 6,____,Female,____,Expat,98.21%,56
2023-2024,_____ ______ _____ _____,Private Schools MOE Curriculum,__ _______,Umm Al Quwain,____ _____,Cycle2,____ ______,Grade 6,___,Male,_______,Emirati,100.00%,1
2023-2024,_____ ______ _____ _____,Private Schools MOE Curriculum,__ _______,Umm Al Quwain,____ _____,Cycle2,____ ______,Grade 6,___,Male,____,Expat,100.00%,53
2023-2024,_____ ______ _____ _____,Private Schools MOE Curriculum,___,DUBAI,____ ____,Cycle1,____ _____,Grade 1,____,Female,_______,Emirati,100.00%,19
2023-2024,_____ ______ _____ _____,Private Schools MOE Curriculum,___,DUBAI,____ ____,Cycle1,____ _____,Grade 1,____,Female,____,Expat,98.04%,408
2023-2024,_____ ______ _____ _____,Private Schools MOE Curriculum,___,DUBAI,____ ____,Cycle1,____ _____,Grade 1,___,Male,_______,Emirati,100.00%,16
2023-2024,_____ ______ _____ _____,Private Schools MOE Curriculum,___,DUBAI,____ ____,Cycle1,____ _____,Grade 1,___,Male,____,Expat,98.97%,389
2023-2024,_____ ______ _____ _____,Private Schools MOE Curriculum,___,DUBAI,____ ____,Cycle1,____ ______,Grade 3,____,Female,_______,Emirati,100.00%,16
2023-2024,_____ ______ _____ _____,Private Schools MOE Curriculum,___,DUBAI,____ ____,Cycle1,____ ______,Grade 3,____,Female,____,Expat,98.96%,386
2023-2024,_____ ______ _____ _____,Private Schools MOE Curriculum,___,DUBAI,____ ____,Cycle1,____ ______,Grade 3,___,Male,_______,Emirati,100.00%,15
2023-2024,_____ ______ _____ _____,Private Schools MOE Curriculum,___,DUBAI,____ ____,Cycle1,____ ______,Grade 3,___,Male,____,Expat,98.40%,437
2023-2024,_____ ______ _____ _____,Private Schools MOE Curriculum,___,DUBAI,____ ____,Cycle1,____ ______,Grade 2,____,Female,_______,Emirati,100.00%,13
2023-2024,_____ ______ _____ _____,Private Schools MOE Curriculum,___,DUBAI,____ ____,Cycle1,____ ______,Grade 2,____,Female,____,Expat,99.06%,425
2023-2024,_____ ______ _____ _____,Private Schools MOE Curriculum,___,DUBAI,____ ____,Cycle1,____ ______,Grade 2,___,Male,_______,Emirati,100.00%,16
2023-2024,_____ ______ _____ _____,Private Schools MOE Curriculum,___,DUBAI,____ ____,Cycle1,____ ______,Grade 2,___,Male,____,Expat,98.13%,375
2023-2024,_____ ______ _____ _____,Private Schools MOE Curriculum,___,DUBAI,____ ____,Cycle1,____ ______,Grade 4,____,Female,_______,Emirati,100.00%,19
2023-2024,_____ ______ _____ _____,Private Schools MOE Curriculum,___,DUBAI,____ ____,Cycle1,____ ______,Grade 4,____,Female,____,Expat,99.76%,421
2023-2024,_____ ______ _____ _____,Private Schools MOE Curriculum,___,DUBAI,____ ____,Cycle1,____ ______,Grade 4,___,Male,_______,Emirati,100.00%,19
2023-2024,_____ ______ _____ _____,Private Schools MOE Curriculum,___,DUBAI,____ ____,Cycle1,____ ______,Grade 4,___,Male,____,Expat,98.68%,380
2023-2024,_____ ______ _____ _____,Private Schools MOE Curriculum,___,DUBAI,____ _____,Cycle3,____ ______,Grade 9,____,Female,_______,Emirati,100.00%,27
2023-2024,_____ ______ _____ _____,Private Schools MOE Curriculum,___,DUBAI,____ _____,Cycle3,____ ______,Grade 9,____,Female,____,Expat,98.77%,487
2023-2024,_____ ______ _____ _____,Private Schools MOE Curriculum,___,DUBAI,____ _____,Cycle3,____ ______,Grade 9,___,Male,_______,Emirati,97.75%,89
2023-2024,_____ ______ _____ _____,Private Schools MOE Curriculum,___,DUBAI,____ _____,Cycle3,____ ______,Grade 9,___,Male,____,Expat,97.40%,500
2023-2024,_____ ______ _____ _____,Private Schools MOE Curriculum,___,DUBAI,____ _____,Cycle3,____ ______ ___,Grade 12,____,Female,_______,Emirati,100.00%,50
2023-2024,_____ ______ _____ _____,Private Schools MOE Curriculum,___,DUBAI,____ _____,Cycle3,____ ______ ___,Grade 12,____,Female,____,Expat,98.71%,544
2023-2024,_____ ______ _____ _____,Private Schools MOE Curriculum,___,DUBAI,____ _____,Cycle3,____ ______ ___,Grade 12,___,Male,_______,Emirati,96.05%,76
2023-2024,_____ ______ _____ _____,Private Schools MOE Curriculum,___,DUBAI,____ _____,Cycle3,____ ______ ___,Grade 12,___,Male,____,Expat,98.83%,600
2023-2024,_____ ______ _____ _____,Private Schools MOE Curriculum,___,DUBAI,____ _____,Cycle3,____ ______ ___,Grade 11,____,Female,_______,Emirati,96.43%,28
2023-2024,_____ ______ _____ _____,Private Schools MOE Curriculum,___,DUBAI,____ _____,Cycle3,____ ______ ___,Grade 11,____,Female,____,Expat,99.80%,508
2023-2024,_____ ______ _____ _____,Private Schools MOE Curriculum,___,DUBAI,____ _____,Cycle3,____ ______ ___,Grade 11,___,Male,_______,Emirati,100.00%,63
2023-2024,_____ ______ _____ _____,Private Schools MOE Curriculum,___,DUBAI,____ _____,Cycle3,____ ______ ___,Grade 11,___,Male,____,Expat,97.86%,561
2023-2024,_____ ______ _____ _____,Private Schools MOE Curriculum,___,DUBAI,____ _____,Cycle3,____ ______,Grade 10,____,Female,_______,Emirati,100.00%,36
2023-2024,_____ ______ _____ _____,Private Schools MOE Curriculum,___,DUBAI,____ _____,Cycle3,____ ______,Grade 10,____,Female,____,Expat,99.80%,494
2023-2024,_____ ______ _____ _____,Private Schools MOE Curriculum,___,DUBAI,____ _____,Cycle3,____ ______,Grade 10,___,Male,_______,Emirati,100.00%,82
2023-2024,_____ ______ _____ _____,Private Schools MOE Curriculum,___,DUBAI,____ _____,Cycle3,____ ______,Grade 10,___,Male,____,Expat,98.30%,587
2023-2024,_____ ______ _____ _____,Private Schools MOE Curriculum,___,DUBAI,____ _____,Cycle2,____ ______,Grade 8,____,Female,_______,Emirati,100.00%,19
2023-2024,_____ ______ _____ _____,Private Schools MOE Curriculum,___,DUBAI,____ _____,Cycle2,____ ______,Grade 8,____,Female,____,Expat,99.38%,484
2023-2024,_____ ______ _____ _____,Private Schools MOE Curriculum,___,DUBAI,____ _____,Cycle2,____ ______,Grade 8,___,Male,_______,Emirati,100.00%,72
2023-2024,_____ ______ _____ _____,Private Schools MOE Curriculum,___,DUBAI,____ _____,Cycle2,____ ______,Grade 8,___,Male,____,Expat,99.79%,471
2023-2024,_____ ______ _____ _____,Private Schools MOE Curriculum,___,DUBAI,____ _____,Cycle2,____ ______,Grade 5,____,Female,_______,Emirati,100.00%,22
2023-2024,_____ ______ _____ _____,Private Schools MOE Curriculum,___,DUBAI,____ _____,Cycle2,____ ______,Grade 5,____,Female,____,Expat,98.32%,475
2023-2024,_____ ______ _____ _____,Private Schools MOE Curriculum,___,DUBAI,____ _____,Cycle2,____ ______,Grade 5,___,Male,_______,Emirati,100.00%,42
2023-2024,_____ ______ _____ _____,Private Schools MOE Curriculum,___,DUBAI,____ _____,Cycle2,____ ______,Grade 5,___,Male,____,Expat,98.85%,524
2023-2024,_____ ______ _____ _____,Private Schools MOE Curriculum,___,DUBAI,____ _____,Cycle2,____ ______,Grade 7,____,Female,_______,Emirati,100.00%,22
2023-2024,_____ ______ _____ _____,Private Schools MOE Curriculum,___,DUBAI,____ _____,Cycle2,____ ______,Grade 7,____,Female,____,Expat,99.15%,468
2023-2024,_____ ______ _____ _____,Private Schools MOE Curriculum,___,DUBAI,____ _____,Cycle2,____ ______,Grade 7,___,Male,_______,Emirati,100.00%,55
2023-2024,_____ ______ _____ _____,Private Schools MOE Curriculum,___,DUBAI,____ _____,Cycle2,____ ______,Grade 7,___,Male,____,Expat,98.80%,500
2023-2024,_____ ______ _____ _____,Private Schools MOE Curriculum,___,DUBAI,____ _____,Cycle2,____ ______,Grade 6,____,Female,_______,Emirati,100.00%,23
2023-2024,_____ ______ _____ _____,Private Schools MOE Curriculum,___,DUBAI,____ _____,Cycle2,____ ______,Grade 6,____,Female,____,Expat,98.46%,521
2023-2024,_____ ______ _____ _____,Private Schools MOE Curriculum,___,DUBAI,____ _____,Cycle2,____ ______,Grade 6,___,Male,_______,Emirati,100.00%,47
2023-2024,_____ ______ _____ _____,Private Schools MOE Curriculum,___,DUBAI,____ _____,Cycle2,____ ______,Grade 6,___,Male,____,Expat,99.03%,515
2023-2024,_____ ______ _____ _____,Private Schools MOE Curriculum,___ ______,Ras Al Khaimah,____ ____,Cycle1,____ _____,Grade 1,____,Female,_______,Emirati,100.00%,26
2023-2024,_____ ______ _____ _____,Private Schools MOE Curriculum,___ ______,Ras Al Khaimah,____ ____,Cycle1,____ _____,Grade 1,____,Female,____,Expat,99.70%,329
2023-2024,_____ ______ _____ _____,Private Schools MOE Curriculum,___ ______,Ras Al Khaimah,____ ____,Cycle1,____ _____,Grade 1,___,Male,_______,Emirati,96.00%,25
2023-2024,_____ ______ _____ _____,Private Schools MOE Curriculum,___ ______,Ras Al Khaimah,____ ____,Cycle1,____ _____,Grade 1,___,Male,____,Expat,97.99%,349
2023-2024,_____ ______ _____ _____,Private Schools MOE Curriculum,___ ______,Ras Al Khaimah,____ ____,Cycle1,____ ______,Grade 3,____,Female,_______,Emirati,100.00%,39
2023-2024,_____ ______ _____ _____,Private Schools MOE Curriculum,___ ______,Ras Al Khaimah,____ ____,Cycle1,____ ______,Grade 3,____,Female,____,Expat,98.81%,253
2023-2024,_____ ______ _____ _____,Private Schools MOE Curriculum,___ ______,Ras Al Khaimah,____ ____,Cycle1,____ ______,Grade 3,___,Male,_______,Emirati,100.00%,44
2023-2024,_____ ______ _____ _____,Private Schools MOE Curriculum,___ ______,Ras Al Khaimah,____ ____,Cycle1,____ ______,Grade 3,___,Male,____,Expat,98.73%,316
2023-2024,_____ ______ _____ _____,Private Schools MOE Curriculum,___ ______,Ras Al Khaimah,____ ____,Cycle1,____ ______,Grade 2,____,Female,_______,Emirati,100.00%,29
2023-2024,_____ ______ _____ _____,Private Schools MOE Curriculum,___ ______,Ras Al Khaimah,____ ____,Cycle1,____ ______,Grade 2,____,Female,____,Expat,98.14%,269
2023-2024,_____ ______ _____ _____,Private Schools MOE Curriculum,___ ______,Ras Al Khaimah,____ ____,Cycle1,____ ______,Grade 2,___,Male,_______,Emirati,100.00%,29
2023-2024,_____ ______ _____ _____,Private Schools MOE Curriculum,___ ______,Ras Al Khaimah,____ ____,Cycle1,____ ______,Grade 2,___,Male,____,Expat,99.65%,285
2023-2024,_____ ______ _____ _____,Private Schools MOE Curriculum,___ ______,Ras Al Khaimah,____ ____,Cycle1,____ ______,Grade 4,____,Female,_______,Emirati,100.00%,31
2023-2024,_____ ______ _____ _____,Private Schools MOE Curriculum,___ ______,Ras Al Khaimah,____ ____,Cycle1,____ ______,Grade 4,____,Female,____,Expat,99.67%,307
2023-2024,_____ ______ _____ _____,Private Schools MOE Curriculum,___ ______,Ras Al Khaimah,____ ____,Cycle1,____ ______,Grade 4,___,Male,_______,Emirati,100.00%,43
2023-2024,_____ ______ _____ _____,Private Schools MOE Curriculum,___ ______,Ras Al Khaimah,____ ____,Cycle1,____ ______,Grade 4,___,Male,____,Expat,98.21%,335
2023-2024,_____ ______ _____ _____,Private Schools MOE Curriculum,___ ______,Ras Al Khaimah,____ _____,Cycle3,____ ______,Grade 9,____,Female,_______,Emirati,100.00%,26
2023-2024,_____ ______ _____ _____,Private Schools MOE Curriculum,___ ______,Ras Al Khaimah,____ _____,Cycle3,____ ______,Grade 9,____,Female,____,Expat,98.44%,257
2023-2024,_____ ______ _____ _____,Private Schools MOE Curriculum,___ ______,Ras Al Khaimah,____ _____,Cycle3,____ ______,Grade 9,___,Male,_______,Emirati,100.00%,33
2023-2024,_____ ______ _____ _____,Private Schools MOE Curriculum,___ ______,Ras Al Khaimah,____ _____,Cycle3,____ ______,Grade 9,___,Male,____,Expat,98.87%,265
2023-2024,_____ ______ _____ _____,Private Schools MOE Curriculum,___ ______,Ras Al Khaimah,____ _____,Cycle3,____ ______ ___,Grade 12,____,Female,_______,Emirati,97.67%,43
2023-2024,_____ ______ _____ _____,Private Schools MOE Curriculum,___ ______,Ras Al Khaimah,____ _____,Cycle3,____ ______ ___,Grade 12,____,Female,____,Expat,96.48%,227
2023-2024,_____ ______ _____ _____,Private Schools MOE Curriculum,___ ______,Ras Al Khaimah,____ _____,Cycle3,____ ______ ___,Grade 12,___,Male,_______,Emirati,97.62%,42
2023-2024,_____ ______ _____ _____,Private Schools MOE Curriculum,___ ______,Ras Al Khaimah,____ _____,Cycle3,____ ______ ___,Grade 12,___,Male,____,Expat,93.89%,262
2023-2024,_____ ______ _____ _____,Private Schools MOE Curriculum,___ ______,Ras Al Khaimah,____ _____,Cycle3,____ ______ ___,Grade 11,____,Female,_______,Emirati,100.00%,43
2023-2024,_____ ______ _____ _____,Private Schools MOE Curriculum,___ ______,Ras Al Khaimah,____ _____,Cycle3,____ ______ ___,Grade 11,____,Female,____,Expat,99.24%,262
2023-2024,_____ ______ _____ _____,Private Schools MOE Curriculum,___ ______,Ras Al Khaimah,____ _____,Cycle3,____ ______ ___,Grade 11,___,Male,_______,Emirati,100.00%,39
2023-2024,_____ ______ _____ _____,Private Schools MOE Curriculum,___ ______,Ras Al Khaimah,____ _____,Cycle3,____ ______ ___,Grade 11,___,Male,____,Expat,100.00%,235
2023-2024,_____ ______ _____ _____,Private Schools MOE Curriculum,___ ______,Ras Al Khaimah,____ _____,Cycle3,____ ______,Grade 10,____,Female,_______,Emirati,100.00%,47
2023-2024,_____ ______ _____ _____,Private Schools MOE Curriculum,___ ______,Ras Al Khaimah,____ _____,Cycle3,____ ______,Grade 10,____,Female,____,Expat,97.67%,258
2023-2024,_____ ______ _____ _____,Private Schools MOE Curriculum,___ ______,Ras Al Khaimah,____ _____,Cycle3,____ ______,Grade 10,___,Male,_______,Emirati,100.00%,33
2023-2024,_____ ______ _____ _____,Private Schools MOE Curriculum,___ ______,Ras Al Khaimah,____ _____,Cycle3,____ ______,Grade 10,___,Male,____,Expat,99.22%,258
2023-2024,_____ ______ _____ _____,Private Schools MOE Curriculum,___ ______,Ras Al Khaimah,____ _____,Cycle2,____ ______,Grade 8,____,Female,_______,Emirati,100.00%,27
2023-2024,_____ ______ _____ _____,Private Schools MOE Curriculum,___ ______,Ras Al Khaimah,____ _____,Cycle2,____ ______,Grade 8,____,Female,____,Expat,99.63%,272
2023-2024,_____ ______ _____ _____,Private Schools MOE Curriculum,___ ______,Ras Al Khaimah,____ _____,Cycle2,____ ______,Grade 8,___,Male,_______,Emirati,100.00%,30
2023-2024,_____ ______ _____ _____,Private Schools MOE Curriculum,___ ______,Ras Al Khaimah,____ _____,Cycle2,____ ______,Grade 8,___,Male,____,Expat,98.40%,250
2023-2024,_____ ______ _____ _____,Private Schools MOE Curriculum,___ ______,Ras Al Khaimah,____ _____,Cycle2,____ ______,Grade 5,____,Female,_______,Emirati,100.00%,43
2023-2024,_____ ______ _____ _____,Private Schools MOE Curriculum,___ ______,Ras Al Khaimah,____ _____,Cycle2,____ ______,Grade 5,____,Female,____,Expat,97.90%,286
2023-2024,_____ ______ _____ _____,Private Schools MOE Curriculum,___ ______,Ras Al Khaimah,____ _____,Cycle2,____ ______,Grade 5,___,Male,_______,Emirati,100.00%,57
2023-2024,_____ ______ _____ _____,Private Schools MOE Curriculum,___ ______,Ras Al Khaimah,____ _____,Cycle2,____ ______,Grade 5,___,Male,____,Expat,98.02%,353
2023-2024,_____ ______ _____ _____,Private Schools MOE Curriculum,___ ______,Ras Al Khaimah,____ _____,Cycle2,____ ______,Grade 7,____,Female,_______,Emirati,100.00%,33
2023-2024,_____ ______ _____ _____,Private Schools MOE Curriculum,___ ______,Ras Al Khaimah,____ _____,Cycle2,____ ______,Grade 7,____,Female,____,Expat,99.22%,256
2023-2024,_____ ______ _____ _____,Private Schools MOE Curriculum,___ ______,Ras Al Khaimah,____ _____,Cycle2,____ ______,Grade 7,___,Male,_______,Emirati,96.97%,33
2023-2024,_____ ______ _____ _____,Private Schools MOE Curriculum,___ ______,Ras Al Khaimah,____ _____,Cycle2,____ ______,Grade 7,___,Male,____,Expat,99.25%,266
2023-2024,_____ ______ _____ _____,Private Schools MOE Curriculum,___ ______,Ras Al Khaimah,____ _____,Cycle2,____ ______,Grade 6,____,Female,_______,Emirati,97.87%,47
2023-2024,_____ ______ _____ _____,Private Schools MOE Curriculum,___ ______,Ras Al Khaimah,____ _____,Cycle2,____ ______,Grade 6,____,Female,____,Expat,97.68%,302
2023-2024,_____ ______ _____ _____,Private Schools MOE Curriculum,___ ______,Ras Al Khaimah,____ _____,Cycle2,____ ______,Grade 6,___,Male,_______,Emirati,100.00%,47
2023-2024,_____ ______ _____ _____,Private Schools MOE Curriculum,___ ______,Ras Al Khaimah,____ _____,Cycle2,____ ______,Grade 6,___,Male,____,Expat,98.35%,303
2023-2024,_____ ______ _____ _____,Private Schools MOE Curriculum,_____,AJMAN,____ ____,Cycle1,____ _____,Grade 1,____,Female,_______,Emirati,100.00%,10
2023-2024,_____ ______ _____ _____,Private Schools MOE Curriculum,_____,AJMAN,____ ____,Cycle1,____ _____,Grade 1,____,Female,____,Expat,98.73%,1027
2023-2024,_____ ______ _____ _____,Private Schools MOE Curriculum,_____,AJMAN,____ ____,Cycle1,____ _____,Grade 1,___,Male,_______,Emirati,100.00%,12
2023-2024,_____ ______ _____ _____,Private Schools MOE Curriculum,_____,AJMAN,____ ____,Cycle1,____ _____,Grade 1,___,Male,____,Expat,98.69%,993
2023-2024,_____ ______ _____ _____,Private Schools MOE Curriculum,_____,AJMAN,____ ____,Cycle1,____ ______,Grade 3,____,Female,_______,Emirati,100.00%,15
2023-2024,_____ ______ _____ _____,Private Schools MOE Curriculum,_____,AJMAN,____ ____,Cycle1,____ ______,Grade 3,____,Female,____,Expat,99.57%,941
2023-2024,_____ ______ _____ _____,Private Schools MOE Curriculum,_____,AJMAN,____ ____,Cycle1,____ ______,Grade 3,___,Male,_______,Emirati,100.00%,30
2023-2024,_____ ______ _____ _____,Private Schools MOE Curriculum,_____,AJMAN,____ ____,Cycle1,____ ______,Grade 3,___,Male,____,Expat,100.00%,912
2023-2024,_____ ______ _____ _____,Private Schools MOE Curriculum,_____,AJMAN,____ ____,Cycle1,____ ______,Grade 2,____,Female,_______,Emirati,100.00%,15
2023-2024,_____ ______ _____ _____,Private Schools MOE Curriculum,_____,AJMAN,____ ____,Cycle1,____ ______,Grade 2,____,Female,____,Expat,99.20%,998
2023-2024,_____ ______ _____ _____,Private Schools MOE Curriculum,_____,AJMAN,____ ____,Cycle1,____ ______,Grade 2,___,Male,_______,Emirati,100.00%,18
2023-2024,_____ ______ _____ _____,Private Schools MOE Curriculum,_____,AJMAN,____ ____,Cycle1,____ ______,Grade 2,___,Male,____,Expat,98.71%,928
2023-2024,_____ ______ _____ _____,Private Schools MOE Curriculum,_____,AJMAN,____ ____,Cycle1,____ ______,Grade 4,____,Female,_______,Emirati,100.00%,19
2023-2024,_____ ______ _____ _____,Private Schools MOE Curriculum,_____,AJMAN,____ ____,Cycle1,____ ______,Grade 4,____,Female,____,Expat,98.71%,928
2023-2024,_____ ______ _____ _____,Private Schools MOE Curriculum,_____,AJMAN,____ ____,Cycle1,____ ______,Grade 4,___,Male,_______,Emirati,100.00%,21
2023-2024,_____ ______ _____ _____,Private Schools MOE Curriculum,_____,AJMAN,____ ____,Cycle1,____ ______,Grade 4,___,Male,____,Expat,99.26%,947
2023-2024,_____ ______ _____ _____,Private Schools MOE Curriculum,_____,AJMAN,____ _____,Cycle3,____ ______,Grade 9,____,Female,_______,Emirati,100.00%,11
2023-2024,_____ ______ _____ _____,Private Schools MOE Curriculum,_____,AJMAN,____ _____,Cycle3,____ ______,Grade 9,____,Female,____,Expat,98.91%,551
2023-2024,_____ ______ _____ _____,Private Schools MOE Curriculum,_____,AJMAN,____ _____,Cycle3,____ ______,Grade 9,___,Male,_______,Emirati,100.00%,34
2023-2024,_____ ______ _____ _____,Private Schools MOE Curriculum,_____,AJMAN,____ _____,Cycle3,____ ______,Grade 9,___,Male,____,Expat,99.59%,734
2023-2024,_____ ______ _____ _____,Private Schools MOE Curriculum,_____,AJMAN,____ _____,Cycle3,____ ______ ___,Grade 12,____,Female,_______,Emirati,92.86%,14
2023-2024,_____ ______ _____ _____,Private Schools MOE Curriculum,_____,AJMAN,____ _____,Cycle3,____ ______ ___,Grade 12,____,Female,____,Expat,95.28%,509
2023-2024,_____ ______ _____ _____,Private Schools MOE Curriculum,_____,AJMAN,____ _____,Cycle3,____ ______ ___,Grade 12,___,Male,_______,Emirati,87.88%,33
2023-2024,_____ ______ _____ _____,Private Schools MOE Curriculum,_____,AJMAN,____ _____,Cycle3,____ ______ ___,Grade 12,___,Male,____,Expat,89.28%,597
2023-2024,_____ ______ _____ _____,Private Schools MOE Curriculum,_____,AJMAN,____ _____,Cycle3,____ ______ ___,Grade 11,____,Female,_______,Emirati,100.00%,6
2023-2024,_____ ______ _____ _____,Private Schools MOE Curriculum,_____,AJMAN,____ _____,Cycle3,____ ______ ___,Grade 11,____,Female,____,Expat,99.21%,508
2023-2024,_____ ______ _____ _____,Private Schools MOE Curriculum,_____,AJMAN,____ _____,Cycle3,____ ______ ___,Grade 11,___,Male,_______,Emirati,100.00%,32
2023-2024,_____ ______ _____ _____,Private Schools MOE Curriculum,_____,AJMAN,____ _____,Cycle3,____ ______ ___,Grade 11,___,Male,____,Expat,99.28%,552
2023-2024,_____ ______ _____ _____,Private Schools MOE Curriculum,_____,AJMAN,____ _____,Cycle3,____ ______,Grade 10,____,Female,_______,Emirati,100.00%,10
2023-2024,_____ ______ _____ _____,Private Schools MOE Curriculum,_____,AJMAN,____ _____,Cycle3,____ ______,Grade 10,____,Female,____,Expat,98.11%,528
2023-2024,_____ ______ _____ _____,Private Schools MOE Curriculum,_____,AJMAN,____ _____,Cycle3,____ ______,Grade 10,___,Male,_______,Emirati,100.00%,42
2023-2024,_____ ______ _____ _____,Private Schools MOE Curriculum,_____,AJMAN,____ _____,Cycle3,____ ______,Grade 10,___,Male,____,Expat,98.45%,579
2023-2024,_____ ______ _____ _____,Private Schools MOE Curriculum,_____,AJMAN,____ _____,Cycle2,____ ______,Grade 8,____,Female,_______,Emirati,100.00%,14
2023-2024,_____ ______ _____ _____,Private Schools MOE Curriculum,_____,AJMAN,____ _____,Cycle2,____ ______,Grade 8,____,Female,____,Expat,98.93%,750
2023-2024,_____ ______ _____ _____,Private Schools MOE Curriculum,_____,AJMAN,____ _____,Cycle2,____ ______,Grade 8,___,Male,_______,Emirati,100.00%,37
2023-2024,_____ ______ _____ _____,Private Schools MOE Curriculum,_____,AJMAN,____ _____,Cycle2,____ ______,Grade 8,___,Male,____,Expat,98.79%,828
2023-2024,_____ ______ _____ _____,Private Schools MOE Curriculum,_____,AJMAN,____ _____,Cycle2,____ ______,Grade 5,____,Female,_______,Emirati,95.45%,22
2023-2024,_____ ______ _____ _____,Private Schools MOE Curriculum,_____,AJMAN,____ _____,Cycle2,____ ______,Grade 5,____,Female,____,Expat,98.61%,935
2023-2024,_____ ______ _____ _____,Private Schools MOE Curriculum,_____,AJMAN,____ _____,Cycle2,____ ______,Grade 5,___,Male,_______,Emirati,100.00%,42
2023-2024,_____ ______ _____ _____,Private Schools MOE Curriculum,_____,AJMAN,____ _____,Cycle2,____ ______,Grade 5,___,Male,____,Expat,98.98%,980
2023-2024,_____ ______ _____ _____,Private Schools MOE Curriculum,_____,AJMAN,____ _____,Cycle2,____ ______,Grade 7,____,Female,_______,Emirati,100.00%,17
2023-2024,_____ ______ _____ _____,Private Schools MOE Curriculum,_____,AJMAN,____ _____,Cycle2,____ ______,Grade 7,____,Female,____,Expat,98.85%,786
2023-2024,_____ ______ _____ _____,Private Schools MOE Curriculum,_____,AJMAN,____ _____,Cycle2,____ ______,Grade 7,___,Male,_______,Emirati,100.00%,41
2023-2024,_____ ______ _____ _____,Private Schools MOE Curriculum,_____,AJMAN,____ _____,Cycle2,____ ______,Grade 7,___,Male,____,Expat,99.26%,951
2023-2024,_____ ______ _____ _____,Private Schools MOE Curriculum,_____,AJMAN,____ _____,Cycle2,____ ______,Grade 6,____,Female,_______,Emirati,100.00%,16
2023-2024,_____ ______ _____ _____,Private Schools MOE Curriculum,_____,AJMAN,____ _____,Cycle2,____ ______,Grade 6,____,Female,____,Expat,98.75%,880
2023-2024,_____ ______ _____ _____,Private Schools MOE Curriculum,_____,AJMAN,____ _____,Cycle2,____ ______,Grade 6,___,Male,_______,Emirati,100.00%,39
2023-2024,_____ ______ _____ _____,Private Schools MOE Curriculum,_____,AJMAN,____ _____,Cycle2,____ ______,Grade 6,___,Male,____,Expat,98.79%,907
2023-2024,_____ _______ _______,Continuous Education,_______,SHARJAH,____ _____,Cycle3,____ ______,Grade 9,____,Female,_______,Emirati,56.00%,25
2023-2024,_____ _______ _______,Continuous Education,_______,SHARJAH,____ _____,Cycle3,____ ______,Grade 9,____,Female,____,Resident,57.14%,98
2023-2024,_____ _______ _______,Continuous Education,_______,SHARJAH,____ _____,Cycle3,____ ______,Grade 9,___,Male,_______,Emirati,63.83%,94
2023-2024,_____ _______ _______,Continuous Education,_______,SHARJAH,____ _____,Cycle3,____ ______,Grade 9,___,Male,____,Resident,71.43%,91
2023-2024,_____ _______ _______,Continuous Education,_______,SHARJAH,____ _____,Cycle3,____ ______ ___,Grade 12,____,Female,_______,Emirati,83.16%,95
2023-2024,_____ _______ _______,Continuous Education,_______,SHARJAH,____ _____,Cycle3,____ ______ ___,Grade 12,____,Female,____,Resident,94.12%,102
2023-2024,_____ _______ _______,Continuous Education,_______,SHARJAH,____ _____,Cycle3,____ ______ ___,Grade 12,___,Male,_______,Emirati,93.87%,212
2023-2024,_____ _______ _______,Continuous Education,_______,SHARJAH,____ _____,Cycle3,____ ______ ___,Grade 12,___,Male,____,Resident,95.41%,109
2023-2024,_____ _______ _______,Continuous Education,_______,SHARJAH,____ _____,Cycle3,____ ______ ___,Grade 11,____,Female,_______,Emirati,85.00%,40
2023-2024,_____ _______ _______,Continuous Education,_______,SHARJAH,____ _____,Cycle3,____ ______ ___,Grade 11,____,Female,____,Resident,96.08%,51
2023-2024,_____ _______ _______,Continuous Education,_______,SHARJAH,____ _____,Cycle3,____ ______ ___,Grade 11,___,Male,_______,Emirati,88.36%,146
2023-2024,_____ _______ _______,Continuous Education,_______,SHARJAH,____ _____,Cycle3,____ ______ ___,Grade 11,___,Male,____,Resident,91.46%,82
2023-2024,_____ _______ _______,Continuous Education,_______,SHARJAH,____ _____,Cycle3,____ ______,Grade 10,____,Female,_______,Emirati,75.00%,16
2023-2024,_____ _______ _______,Continuous Education,_______,SHARJAH,____ _____,Cycle3,____ ______,Grade 10,____,Female,____,Resident,78.38%,74
2023-2024,_____ _______ _______,Continuous Education,_______,SHARJAH,____ _____,Cycle3,____ ______,Grade 10,___,Male,_______,Emirati,80.34%,117
2023-2024,_____ _______ _______,Continuous Education,_______,SHARJAH,____ _____,Cycle3,____ ______,Grade 10,___,Male,____,Resident,89.06%,64
2023-2024,_____ _______ _______,Continuous Education,_______,SHARJAH,____ _____,Cycle2,____ ______,Grade 8,____,Female,_______,Emirati,66.67%,6
2023-2024,_____ _______ _______,Continuous Education,_______,SHARJAH,____ _____,Cycle2,____ ______,Grade 8,____,Female,____,Resident,62.79%,43
2023-2024,_____ _______ _______,Continuous Education,_______,SHARJAH,____ _____,Cycle2,____ ______,Grade 8,___,Male,_______,Emirati,68.42%,19
2023-2024,_____ _______ _______,Continuous Education,_______,SHARJAH,____ _____,Cycle2,____ ______,Grade 8,___,Male,____,Resident,64.52%,31
2023-2024,_____ _______ _______,Continuous Education,_______,SHARJAH,____ _____,Cycle2,____ ______,Grade 7,____,Female,_______,Emirati,0.00%,1
2023-2024,_____ _______ _______,Continuous Education,_______,SHARJAH,____ _____,Cycle2,____ ______,Grade 7,____,Female,____,Resident,78.95%,19
2023-2024,_____ _______ _______,Continuous Education,_______,SHARJAH,____ _____,Cycle2,____ ______,Grade 7,___,Male,_______,Emirati,40.00%,5
2023-2024,_____ _______ _______,Continuous Education,_______,SHARJAH,____ _____,Cycle2,____ ______,Grade 7,___,Male,____,Resident,23.08%,13
2023-2024,_____ _______ _______,Continuous Education,______,AL DHAFRA,____ _____,Cycle3,____ ______,Grade 9,____,Female,_______,Emirati,72.22%,18
2023-2024,_____ _______ _______,Continuous Education,______,AL DHAFRA,____ _____,Cycle3,____ ______,Grade 9,____,Female,____,Resident,100.00%,5
2023-2024,_____ _______ _______,Continuous Education,______,AL DHAFRA,____ _____,Cycle3,____ ______,Grade 9,___,Male,_______,Emirati,73.33%,15
2023-2024,_____ _______ _______,Continuous Education,______,AL DHAFRA,____ _____,Cycle3,____ ______,Grade 9,___,Male,____,Resident,100.00%,5
2023-2024,_____ _______ _______,Continuous Education,______,AL DHAFRA,____ _____,Cycle3,____ ______ ___,Grade 12,____,Female,_______,Emirati,92.11%,38
2023-2024,_____ _______ _______,Continuous Education,______,AL DHAFRA,____ _____,Cycle3,____ ______ ___,Grade 12,____,Female,____,Resident,85.71%,14
2023-2024,_____ _______ _______,Continuous Education,______,AL DHAFRA,____ _____,Cycle3,____ ______ ___,Grade 12,___,Male,_______,Emirati,86.90%,84
2023-2024,_____ _______ _______,Continuous Education,______,AL DHAFRA,____ _____,Cycle3,____ ______ ___,Grade 12,___,Male,____,Resident,100.00%,10
2023-2024,_____ _______ _______,Continuous Education,______,AL DHAFRA,____ _____,Cycle3,____ ______ ___,Grade 11,____,Female,_______,Emirati,91.67%,12
2023-2024,_____ _______ _______,Continuous Education,______,AL DHAFRA,____ _____,Cycle3,____ ______ ___,Grade 11,____,Female,____,Resident,87.50%,8
2023-2024,_____ _______ _______,Continuous Education,______,AL DHAFRA,____ _____,Cycle3,____ ______ ___,Grade 11,___,Male,_______,Emirati,71.93%,57
2023-2024,_____ _______ _______,Continuous Education,______,AL DHAFRA,____ _____,Cycle3,____ ______ ___,Grade 11,___,Male,____,Resident,53.33%,15
2023-2024,_____ _______ _______,Continuous Education,______,AL DHAFRA,____ _____,Cycle3,____ ______,Grade 10,____,Female,_______,Emirati,86.67%,15
2023-2024,_____ _______ _______,Continuous Education,______,AL DHAFRA,____ _____,Cycle3,____ ______,Grade 10,____,Female,____,Resident,91.67%,12
2023-2024,_____ _______ _______,Continuous Education,______,AL DHAFRA,____ _____,Cycle3,____ ______,Grade 10,___,Male,_______,Emirati,64.44%,45
2023-2024,_____ _______ _______,Continuous Education,______,AL DHAFRA,____ _____,Cycle3,____ ______,Grade 10,___,Male,____,Resident,66.67%,6
2023-2024,_____ _______ _______,Continuous Education,______,AL DHAFRA,____ _____,Cycle2,____ ______,Grade 8,____,Female,_______,Emirati,100.00%,1
2023-2024,_____ _______ _______,Continuous Education,______,AL DHAFRA,____ _____,Cycle2,____ ______,Grade 8,____,Female,____,Resident,0.00%,1
2023-2024,_____ _______ _______,Continuous Education,______,AL DHAFRA,____ _____,Cycle2,____ ______,Grade 8,___,Male,_______,Emirati,33.33%,3
2023-2024,_____ _______ _______,Continuous Education,______,AL DHAFRA,____ _____,Cycle2,____ ______,Grade 7,____,Female,_______,Emirati,100.00%,1
2023-2024,_____ _______ _______,Continuous Education,______,AL DHAFRA,____ _____,Cycle2,____ ______,Grade 7,____,Female,____,Resident,75.00%,4
2023-2024,_____ _______ _______,Continuous Education,______,AL DHAFRA,____ _____,Cycle2,____ ______,Grade 7,___,Male,_______,Emirati,0.00%,2
2023-2024,_____ _______ _______,Continuous Education,_____,AL AIN,____ _____,Cycle3,____ ______,Grade 9,____,Female,_______,Emirati,38.00%,50
2023-2024,_____ _______ _______,Continuous Education,_____,AL AIN,____ _____,Cycle3,____ ______,Grade 9,____,Female,____,Resident,36.78%,87
2023-2024,_____ _______ _______,Continuous Education,_____,AL AIN,____ _____,Cycle3,____ ______,Grade 9,___,Male,_______,Emirati,62.60%,131
2023-2024,_____ _______ _______,Continuous Education,_____,AL AIN,____ _____,Cycle3,____ ______,Grade 9,___,Male,____,Resident,70.13%,77
2023-2024,_____ _______ _______,Continuous Education,_____,AL AIN,____ _____,Cycle3,____ ______ ___,Grade 12,____,Female,_______,Emirati,63.05%,249
2023-2024,_____ _______ _______,Continuous Education,_____,AL AIN,____ _____,Cycle3,____ ______ ___,Grade 12,____,Female,____,Resident,80.49%,82
2023-2024,_____ _______ _______,Continuous Education,_____,AL AIN,____ _____,Cycle3,____ ______ ___,Grade 12,___,Male,_______,Emirati,87.80%,295
2023-2024,_____ _______ _______,Continuous Education,_____,AL AIN,____ _____,Cycle3,____ ______ ___,Grade 12,___,Male,____,Resident,94.43%,395
2023-2024,_____ _______ _______,Continuous Education,_____,AL AIN,____ _____,Cycle3,____ ______ ___,Grade 11,____,Female,_______,Emirati,60.00%,75
2023-2024,_____ _______ _______,Continuous Education,_____,AL AIN,____ _____,Cycle3,____ ______ ___,Grade 11,____,Female,____,Resident,73.58%,53
2023-2024,_____ _______ _______,Continuous Education,_____,AL AIN,____ _____,Cycle3,____ ______ ___,Grade 11,___,Male,_______,Emirati,88.34%,163
2023-2024,_____ _______ _______,Continuous Education,_____,AL AIN,____ _____,Cycle3,____ ______ ___,Grade 11,___,Male,____,Resident,87.01%,77
2023-2024,_____ _______ _______,Continuous Education,_____,AL AIN,____ _____,Cycle3,____ ______,Grade 10,____,Female,_______,Emirati,62.16%,74
2023-2024,_____ _______ _______,Continuous Education,_____,AL AIN,____ _____,Cycle3,____ ______,Grade 10,____,Female,____,Resident,48.44%,64
2023-2024,_____ _______ _______,Continuous Education,_____,AL AIN,____ _____,Cycle3,____ ______,Grade 10,___,Male,_______,Emirati,80.66%,181
2023-2024,_____ _______ _______,Continuous Education,_____,AL AIN,____ _____,Cycle3,____ ______,Grade 10,___,Male,____,Resident,83.33%,66
2023-2024,_____ _______ _______,Continuous Education,_____,AL AIN,____ _____,Cycle2,____ ______,Grade 8,____,Female,_______,Emirati,23.81%,21
2023-2024,_____ _______ _______,Continuous Education,_____,AL AIN,____ _____,Cycle2,____ ______,Grade 8,____,Female,____,Resident,46.15%,39
2023-2024,_____ _______ _______,Continuous Education,_____,AL AIN,____ _____,Cycle2,____ ______,Grade 8,___,Male,_______,Emirati,56.00%,25
2023-2024,_____ _______ _______,Continuous Education,_____,AL AIN,____ _____,Cycle2,____ ______,Grade 8,___,Male,____,Resident,75.00%,20
2023-2024,_____ _______ _______,Continuous Education,_____,AL AIN,____ _____,Cycle2,____ ______,Grade 7,____,Female,_______,Emirati,6.67%,15
2023-2024,_____ _______ _______,Continuous Education,_____,AL AIN,____ _____,Cycle2,____ ______,Grade 7,____,Female,____,Resident,19.44%,36
2023-2024,_____ _______ _______,Continuous Education,_____,AL AIN,____ _____,Cycle2,____ ______,Grade 7,___,Male,_______,Emirati,56.52%,23
2023-2024,_____ _______ _______,Continuous Education,_____,AL AIN,____ _____,Cycle2,____ ______,Grade 7,___,Male,____,Resident,64.29%,14
2023-2024,_____ _______ _______,Continuous Education,_______,AL FUJAIRAH,____ _____,Cycle3,____ ______,Grade 9,____,Female,_______,Emirati,50.00%,2
2023-2024,_____ _______ _______,Continuous Education,_______,AL FUJAIRAH,____ _____,Cycle3,____ ______,Grade 9,____,Female,____,Resident,78.57%,14
2023-2024,_____ _______ _______,Continuous Education,_______,AL FUJAIRAH,____ _____,Cycle3,____ ______,Grade 9,___,Male,_______,Emirati,36.92%,65
2023-2024,_____ _______ _______,Continuous Education,_______,AL FUJAIRAH,____ _____,Cycle3,____ ______,Grade 9,___,Male,____,Resident,46.15%,13
2023-2024,_____ _______ _______,Continuous Education,_______,AL FUJAIRAH,____ _____,Cycle3,____ ______ ___,Grade 12,____,Female,_______,Emirati,90.36%,83
2023-2024,_____ _______ _______,Continuous Education,_______,AL FUJAIRAH,____ _____,Cycle3,____ ______ ___,Grade 12,____,Female,____,Resident,97.73%,44
2023-2024,_____ _______ _______,Continuous Education,_______,AL FUJAIRAH,____ _____,Cycle3,____ ______ ___,Grade 12,___,Male,_______,Emirati,89.37%,254
2023-2024,_____ _______ _______,Continuous Education,_______,AL FUJAIRAH,____ _____,Cycle3,____ ______ ___,Grade 12,___,Male,____,Resident,95.37%,626
2023-2024,_____ _______ _______,Continuous Education,_______,AL FUJAIRAH,____ _____,Cycle3,____ ______ ___,Grade 11,____,Female,_______,Emirati,85.71%,14
2023-2024,_____ _______ _______,Continuous Education,_______,AL FUJAIRAH,____ _____,Cycle3,____ ______ ___,Grade 11,____,Female,____,Resident,75.00%,16
2023-2024,_____ _______ _______,Continuous Education,_______,AL FUJAIRAH,____ _____,Cycle3,____ ______ ___,Grade 11,___,Male,_______,Emirati,70.42%,142
2023-2024,_____ _______ _______,Continuous Education,_______,AL FUJAIRAH,____ _____,Cycle3,____ ______ ___,Grade 11,___,Male,____,Resident,68.97%,29
2023-2024,_____ _______ _______,Continuous Education,_______,AL FUJAIRAH,____ _____,Cycle3,____ ______,Grade 10,____,Female,_______,Emirati,69.23%,13
2023-2024,_____ _______ _______,Continuous Education,_______,AL FUJAIRAH,____ _____,Cycle3,____ ______,Grade 10,____,Female,____,Resident,66.67%,9
2023-2024,_____ _______ _______,Continuous Education,_______,AL FUJAIRAH,____ _____,Cycle3,____ ______,Grade 10,___,Male,_______,Emirati,68.38%,117
2023-2024,_____ _______ _______,Continuous Education,_______,AL FUJAIRAH,____ _____,Cycle3,____ ______,Grade 10,___,Male,____,Resident,80.00%,20
2023-2024,_____ _______ _______,Continuous Education,_______,AL FUJAIRAH,____ _____,Cycle2,____ ______,Grade 8,____,Female,_______,Emirati,20.00%,5
2023-2024,_____ _______ _______,Continuous Education,_______,AL FUJAIRAH,____ _____,Cycle2,____ ______,Grade 8,____,Female,____,Resident,66.67%,9
2023-2024,_____ _______ _______,Continuous Education,_______,AL FUJAIRAH,____ _____,Cycle2,____ ______,Grade 8,___,Male,_______,Emirati,73.08%,26
2023-2024,_____ _______ _______,Continuous Education,_______,AL FUJAIRAH,____ _____,Cycle2,____ ______,Grade 8,___,Male,____,Resident,50.00%,4
2023-2024,_____ _______ _______,Continuous Education,_______,AL FUJAIRAH,____ _____,Cycle2,____ ______,Grade 7,____,Female,_______,Emirati,100.00%,1
2023-2024,_____ _______ _______,Continuous Education,_______,AL FUJAIRAH,____ _____,Cycle2,____ ______,Grade 7,____,Female,____,Resident,50.00%,6
2023-2024,_____ _______ _______,Continuous Education,_______,AL FUJAIRAH,____ _____,Cycle2,____ ______,Grade 7,___,Male,_______,Emirati,75.00%,4
2023-2024,_____ _______ _______,Continuous Education,_______,AL FUJAIRAH,____ _____,Cycle2,____ ______,Grade 7,___,Male,____,Resident,16.67%,6
2023-2024,_____ _______ _______,Continuous Education,______,ABU DHABI,____ _____,Cycle3,____ ______,Grade 9,____,Female,_______,Emirati,46.88%,160
2023-2024,_____ _______ _______,Continuous Education,______,ABU DHABI,____ _____,Cycle3,____ ______,Grade 9,____,Female,____,Resident,51.88%,133
2023-2024,_____ _______ _______,Continuous Education,______,ABU DHABI,____ _____,Cycle3,____ ______,Grade 9,___,Male,_______,Emirati,54.48%,134
2023-2024,_____ _______ _______,Continuous Education,______,ABU DHABI,____ _____,Cycle3,____ ______,Grade 9,___,Male,____,Resident,55.32%,47
2023-2024,_____ _______ _______,Continuous Education,______,ABU DHABI,____ _____,Cycle3,____ ______ ___,Grade 12,____,Female,_______,Emirati,78.72%,531
2023-2024,_____ _______ _______,Continuous Education,______,ABU DHABI,____ _____,Cycle3,____ ______ ___,Grade 12,____,Female,____,Resident,83.62%,177
2023-2024,_____ _______ _______,Continuous Education,______,ABU DHABI,____ _____,Cycle3,____ ______ ___,Grade 12,___,Male,_______,Emirati,81.97%,416
2023-2024,_____ _______ _______,Continuous Education,______,ABU DHABI,____ _____,Cycle3,____ ______ ___,Grade 12,___,Male,____,Resident,86.79%,106
2023-2024,_____ _______ _______,Continuous Education,______,ABU DHABI,____ _____,Cycle3,____ ______ ___,Grade 11,____,Female,_______,Emirati,69.07%,291
2023-2024,_____ _______ _______,Continuous Education,______,ABU DHABI,____ _____,Cycle3,____ ______ ___,Grade 11,____,Female,____,Resident,83.20%,125
2023-2024,_____ _______ _______,Continuous Education,______,ABU DHABI,____ _____,Cycle3,____ ______ ___,Grade 11,___,Male,_______,Emirati,74.35%,269
2023-2024,_____ _______ _______,Continuous Education,______,ABU DHABI,____ _____,Cycle3,____ ______ ___,Grade 11,___,Male,____,Resident,70.83%,48
2023-2024,_____ _______ _______,Continuous Education,______,ABU DHABI,____ _____,Cycle3,____ ______,Grade 10,____,Female,_______,Emirati,53.51%,299
2023-2024,_____ _______ _______,Continuous Education,______,ABU DHABI,____ _____,Cycle3,____ ______,Grade 10,____,Female,____,Resident,70.48%,166
2023-2024,_____ _______ _______,Continuous Education,______,ABU DHABI,____ _____,Cycle3,____ ______,Grade 10,___,Male,_______,Emirati,64.04%,203
2023-2024,_____ _______ _______,Continuous Education,______,ABU DHABI,____ _____,Cycle3,____ ______,Grade 10,___,Male,____,Resident,54.43%,79
2023-2024,_____ _______ _______,Continuous Education,______,ABU DHABI,____ _____,Cycle2,____ ______,Grade 8,____,Female,_______,Emirati,36.70%,109
2023-2024,_____ _______ _______,Continuous Education,______,ABU DHABI,____ _____,Cycle2,____ ______,Grade 8,____,Female,____,Resident,51.04%,96
2023-2024,_____ _______ _______,Continuous Education,______,ABU DHABI,____ _____,Cycle2,____ ______,Grade 8,___,Male,_______,Emirati,47.22%,36
2023-2024,_____ _______ _______,Continuous Education,______,ABU DHABI,____ _____,Cycle2,____ ______,Grade 8,___,Male,____,Resident,53.85%,13
2023-2024,_____ _______ _______,Continuous Education,______,ABU DHABI,____ _____,Cycle2,____ ______,Grade 7,____,Female,_______,Emirati,22.81%,114
2023-2024,_____ _______ _______,Continuous Education,______,ABU DHABI,____ _____,Cycle2,____ ______,Grade 7,____,Female,____,Resident,42.00%,100
2023-2024,_____ _______ _______,Continuous Education,______,ABU DHABI,____ _____,Cycle2,____ ______,Grade 7,___,Male,_______,Emirati,61.29%,31
2023-2024,_____ _______ _______,Continuous Education,______,ABU DHABI,____ _____,Cycle2,____ ______,Grade 7,___,Male,____,Resident,80.00%,15
2023-2024,_____ _______ _______,Continuous Education,______,ABU DHABI,___ ____,Undefined,NULL,L3Q4,___,Male,_______,Emirati,100.00%,22
2023-2024,_____ _______ _______,Continuous Education,______,ABU DHABI,___ ____,Undefined,NULL,L4Q4,___,Male,_______,Emirati,100.00%,44
2023-2024,_____ _______ _______,Continuous Education,______,ABU DHABI,___ ____,Undefined,NULL,L3Q4,___,Male,____,Resident,100.00%,2
2023-2024,_____ _______ _______,Continuous Education,______,ABU DHABI,___ ____,Undefined,NULL,L4Q4,___,Male,____,Resident,100.00%,2
2023-2024,_____ _______ _______,Continuous Education,______,ABU DHABI,___ ____,Undefined,_____ ______,Year 1,____,Female,_______,Emirati,100.00%,34
2023-2024,_____ _______ _______,Continuous Education,______,ABU DHABI,___ ____,Undefined,_____ ______,Year 1,____,Female,____,Resident,100.00%,40
2023-2024,_____ _______ _______,Continuous Education,______,ABU DHABI,___ ____,Undefined,_____ ______,Year 1,___,Male,_______,Emirati,100.00%,13
2023-2024,_____ _______ _______,Continuous Education,______,ABU DHABI,___ ____,Undefined,_____ ______,Year 1,___,Male,____,Resident,100.00%,13
2023-2024,_____ _______ _______,Continuous Education,______,ABU DHABI,___ ____,Undefined,_____ _______,Year 3,____,Female,_______,Emirati,100.00%,55
2023-2024,_____ _______ _______,Continuous Education,______,ABU DHABI,___ ____,Undefined,_____ _______,Year 3,____,Female,____,Resident,100.00%,57
2023-2024,_____ _______ _______,Continuous Education,______,ABU DHABI,___ ____,Undefined,_____ _______,Year 3,___,Male,_______,Emirati,100.00%,17
2023-2024,_____ _______ _______,Continuous Education,______,ABU DHABI,___ ____,Undefined,_____ _______,Year 3,___,Male,____,Resident,100.00%,17
2023-2024,_____ _______ _______,Continuous Education,______,ABU DHABI,___ ____,Undefined,_____ _______,Year 2,____,Female,_______,Emirati,100.00%,24
2023-2024,_____ _______ _______,Continuous Education,______,ABU DHABI,___ ____,Undefined,_____ _______,Year 2,____,Female,____,Resident,100.00%,33
2023-2024,_____ _______ _______,Continuous Education,______,ABU DHABI,___ ____,Undefined,_____ _______,Year 2,___,Male,_______,Emirati,100.00%,25
2023-2024,_____ _______ _______,Continuous Education,______,ABU DHABI,___ ____,Undefined,_____ _______,Year 2,___,Male,____,Resident,100.00%,16
2023-2024,_____ _______ _______,Continuous Education,__ _______,Umm Al Quwain,____ _____,Cycle3,____ ______,Grade 9,____,Female,_______,Emirati,66.67%,6
2023-2024,_____ _______ _______,Continuous Education,__ _______,Umm Al Quwain,____ _____,Cycle3,____ ______,Grade 9,____,Female,____,Resident,66.67%,24
2023-2024,_____ _______ _______,Continuous Education,__ _______,Umm Al Quwain,____ _____,Cycle3,____ ______,Grade 9,___,Male,_______,Emirati,73.17%,41
2023-2024,_____ _______ _______,Continuous Education,__ _______,Umm Al Quwain,____ _____,Cycle3,____ ______,Grade 9,___,Male,____,Resident,84.62%,39
2023-2024,_____ _______ _______,Continuous Education,__ _______,Umm Al Quwain,____ _____,Cycle3,____ ______ ___,Grade 12,____,Female,_______,Emirati,87.50%,16
2023-2024,_____ _______ _______,Continuous Education,__ _______,Umm Al Quwain,____ _____,Cycle3,____ ______ ___,Grade 12,____,Female,____,Resident,94.44%,18
2023-2024,_____ _______ _______,Continuous Education,__ _______,Umm Al Quwain,____ _____,Cycle3,____ ______ ___,Grade 12,___,Male,_______,Emirati,92.00%,50
2023-2024,_____ _______ _______,Continuous Education,__ _______,Umm Al Quwain,____ _____,Cycle3,____ ______ ___,Grade 12,___,Male,____,Resident,97.67%,43
2023-2024,_____ _______ _______,Continuous Education,__ _______,Umm Al Quwain,____ _____,Cycle3,____ ______ ___,Grade 11,____,Female,_______,Emirati,100.00%,3
2023-2024,_____ _______ _______,Continuous Education,__ _______,Umm Al Quwain,____ _____,Cycle3,____ ______ ___,Grade 11,____,Female,____,Resident,100.00%,27
2023-2024,_____ _______ _______,Continuous Education,__ _______,Umm Al Quwain,____ _____,Cycle3,____ ______ ___,Grade 11,___,Male,_______,Emirati,96.55%,58
2023-2024,_____ _______ _______,Continuous Education,__ _______,Umm Al Quwain,____ _____,Cycle3,____ ______ ___,Grade 11,___,Male,____,Resident,100.00%,24
2023-2024,_____ _______ _______,Continuous Education,__ _______,Umm Al Quwain,____ _____,Cycle3,____ ______,Grade 10,____,Female,_______,Emirati,75.00%,8
2023-2024,_____ _______ _______,Continuous Education,__ _______,Umm Al Quwain,____ _____,Cycle3,____ ______,Grade 10,____,Female,____,Resident,93.10%,29
2023-2024,_____ _______ _______,Continuous Education,__ _______,Umm Al Quwain,____ _____,Cycle3,____ ______,Grade 10,___,Male,_______,Emirati,90.91%,44
2023-2024,_____ _______ _______,Continuous Education,__ _______,Umm Al Quwain,____ _____,Cycle3,____ ______,Grade 10,___,Male,____,Resident,87.50%,32
2023-2024,_____ _______ _______,Continuous Education,__ _______,Umm Al Quwain,____ _____,Cycle2,____ ______,Grade 8,____,Female,_______,Emirati,100.00%,2
2023-2024,_____ _______ _______,Continuous Education,__ _______,Umm Al Quwain,____ _____,Cycle2,____ ______,Grade 8,____,Female,____,Resident,60.00%,5
2023-2024,_____ _______ _______,Continuous Education,__ _______,Umm Al Quwain,____ _____,Cycle2,____ ______,Grade 8,___,Male,_______,Emirati,70.00%,10
2023-2024,_____ _______ _______,Continuous Education,__ _______,Umm Al Quwain,____ _____,Cycle2,____ ______,Grade 8,___,Male,____,Resident,76.92%,13
2023-2024,_____ _______ _______,Continuous Education,__ _______,Umm Al Quwain,____ _____,Cycle2,____ ______,Grade 7,____,Female,_______,Emirati,0.00%,1
2023-2024,_____ _______ _______,Continuous Education,__ _______,Umm Al Quwain,____ _____,Cycle2,____ ______,Grade 7,____,Female,____,Resident,50.00%,4
2023-2024,_____ _______ _______,Continuous Education,__ _______,Umm Al Quwain,____ _____,Cycle2,____ ______,Grade 7,___,Male,_______,Emirati,33.33%,3
2023-2024,_____ _______ _______,Continuous Education,__ _______,Umm Al Quwain,____ _____,Cycle2,____ ______,Grade 7,___,Male,____,Resident,100.00%,2
2023-2024,_____ _______ _______,Continuous Education,___,DUBAI,____ _____,Cycle3,____ ______,Grade 9,____,Female,_______,Emirati,60.00%,25
2023-2024,_____ _______ _______,Continuous Education,___,DUBAI,____ _____,Cycle3,____ ______,Grade 9,____,Female,____,Resident,64.58%,48
2023-2024,_____ _______ _______,Continuous Education,___,DUBAI,____ _____,Cycle3,____ ______,Grade 9,___,Male,_______,Emirati,60.87%,92
2023-2024,_____ _______ _______,Continuous Education,___,DUBAI,____ _____,Cycle3,____ ______,Grade 9,___,Male,____,Resident,65.91%,44
2023-2024,_____ _______ _______,Continuous Education,___,DUBAI,____ _____,Cycle3,____ ______ ___,Grade 12,____,Female,_______,Emirati,77.87%,122
2023-2024,_____ _______ _______,Continuous Education,___,DUBAI,____ _____,Cycle3,____ ______ ___,Grade 12,____,Female,____,Resident,92.86%,84
2023-2024,_____ _______ _______,Continuous Education,___,DUBAI,____ _____,Cycle3,____ ______ ___,Grade 12,___,Male,_______,Emirati,90.39%,281
2023-2024,_____ _______ _______,Continuous Education,___,DUBAI,____ _____,Cycle3,____ ______ ___,Grade 12,___,Male,____,Resident,94.07%,135
2023-2024,_____ _______ _______,Continuous Education,___,DUBAI,____ _____,Cycle3,____ ______ ___,Grade 11,____,Female,_______,Emirati,78.18%,55
2023-2024,_____ _______ _______,Continuous Education,___,DUBAI,____ _____,Cycle3,____ ______ ___,Grade 11,____,Female,____,Resident,81.36%,59
2023-2024,_____ _______ _______,Continuous Education,___,DUBAI,____ _____,Cycle3,____ ______ ___,Grade 11,___,Male,_______,Emirati,93.75%,224
2023-2024,_____ _______ _______,Continuous Education,___,DUBAI,____ _____,Cycle3,____ ______ ___,Grade 11,___,Male,____,Resident,91.07%,56
2023-2024,_____ _______ _______,Continuous Education,___,DUBAI,____ _____,Cycle3,____ ______,Grade 10,____,Female,_______,Emirati,68.57%,35
2023-2024,_____ _______ _______,Continuous Education,___,DUBAI,____ _____,Cycle3,____ ______,Grade 10,____,Female,____,Resident,77.05%,61
2023-2024,_____ _______ _______,Continuous Education,___,DUBAI,____ _____,Cycle3,____ ______,Grade 10,___,Male,_______,Emirati,80.14%,141
2023-2024,_____ _______ _______,Continuous Education,___,DUBAI,____ _____,Cycle3,____ ______,Grade 10,___,Male,____,Resident,85.00%,60
2023-2024,_____ _______ _______,Continuous Education,___,DUBAI,____ _____,Cycle2,____ ______,Grade 8,____,Female,_______,Emirati,60.00%,5
2023-2024,_____ _______ _______,Continuous Education,___,DUBAI,____ _____,Cycle2,____ ______,Grade 8,____,Female,____,Resident,53.85%,13
2023-2024,_____ _______ _______,Continuous Education,___,DUBAI,____ _____,Cycle2,____ ______,Grade 8,___,Male,_______,Emirati,82.93%,41
2023-2024,_____ _______ _______,Continuous Education,___,DUBAI,____ _____,Cycle2,____ ______,Grade 8,___,Male,____,Resident,76.67%,30
2023-2024,_____ _______ _______,Continuous Education,___,DUBAI,____ _____,Cycle2,____ ______,Grade 7,____,Female,_______,Emirati,60.00%,5
2023-2024,_____ _______ _______,Continuous Education,___,DUBAI,____ _____,Cycle2,____ ______,Grade 7,____,Female,____,Resident,77.78%,9
2023-2024,_____ _______ _______,Continuous Education,___,DUBAI,____ _____,Cycle2,____ ______,Grade 7,___,Male,_______,Emirati,57.89%,19
2023-2024,_____ _______ _______,Continuous Education,___,DUBAI,____ _____,Cycle2,____ ______,Grade 7,___,Male,____,Resident,71.43%,7
2023-2024,_____ _______ _______,Continuous Education,___ ______,Ras Al Khaimah,____ _____,Cycle3,____ ______,Grade 9,____,Female,_______,Emirati,66.67%,12
2023-2024,_____ _______ _______,Continuous Education,___ ______,Ras Al Khaimah,____ _____,Cycle3,____ ______,Grade 9,____,Female,____,Resident,57.14%,14
2023-2024,_____ _______ _______,Continuous Education,___ ______,Ras Al Khaimah,____ _____,Cycle3,____ ______,Grade 9,___,Male,_______,Emirati,68.33%,60
2023-2024,_____ _______ _______,Continuous Education,___ ______,Ras Al Khaimah,____ _____,Cycle3,____ ______,Grade 9,___,Male,____,Resident,88.00%,25
2023-2024,_____ _______ _______,Continuous Education,___ ______,Ras Al Khaimah,____ _____,Cycle3,____ ______ ___,Grade 12,____,Female,_______,Emirati,73.61%,72
2023-2024,_____ _______ _______,Continuous Education,___ ______,Ras Al Khaimah,____ _____,Cycle3,____ ______ ___,Grade 12,____,Female,____,Resident,80.85%,47
2023-2024,_____ _______ _______,Continuous Education,___ ______,Ras Al Khaimah,____ _____,Cycle3,____ ______ ___,Grade 12,___,Male,_______,Emirati,90.00%,190
2023-2024,_____ _______ _______,Continuous Education,___ ______,Ras Al Khaimah,____ _____,Cycle3,____ ______ ___,Grade 12,___,Male,____,Resident,89.32%,103
2023-2024,_____ _______ _______,Continuous Education,___ ______,Ras Al Khaimah,____ _____,Cycle3,____ ______ ___,Grade 11,____,Female,_______,Emirati,64.29%,28
2023-2024,_____ _______ _______,Continuous Education,___ ______,Ras Al Khaimah,____ _____,Cycle3,____ ______ ___,Grade 11,____,Female,____,Resident,82.14%,28
2023-2024,_____ _______ _______,Continuous Education,___ ______,Ras Al Khaimah,____ _____,Cycle3,____ ______ ___,Grade 11,___,Male,_______,Emirati,89.93%,149
2023-2024,_____ _______ _______,Continuous Education,___ ______,Ras Al Khaimah,____ _____,Cycle3,____ ______ ___,Grade 11,___,Male,____,Resident,75.00%,28
2023-2024,_____ _______ _______,Continuous Education,___ ______,Ras Al Khaimah,____ _____,Cycle3,____ ______,Grade 10,____,Female,_______,Emirati,84.62%,13
2023-2024,_____ _______ _______,Continuous Education,___ ______,Ras Al Khaimah,____ _____,Cycle3,____ ______,Grade 10,____,Female,____,Resident,83.33%,18
2023-2024,_____ _______ _______,Continuous Education,___ ______,Ras Al Khaimah,____ _____,Cycle3,____ ______,Grade 10,___,Male,_______,Emirati,79.44%,107
2023-2024,_____ _______ _______,Continuous Education,___ ______,Ras Al Khaimah,____ _____,Cycle3,____ ______,Grade 10,___,Male,____,Resident,80.00%,20
2023-2024,_____ _______ _______,Continuous Education,___ ______,Ras Al Khaimah,____ _____,Cycle2,____ ______,Grade 8,____,Female,_______,Emirati,0.00%,2
2023-2024,_____ _______ _______,Continuous Education,___ ______,Ras Al Khaimah,____ _____,Cycle2,____ ______,Grade 8,____,Female,____,Resident,33.33%,3
2023-2024,_____ _______ _______,Continuous Education,___ ______,Ras Al Khaimah,____ _____,Cycle2,____ ______,Grade 8,___,Male,_______,Emirati,75.00%,20
2023-2024,_____ _______ _______,Continuous Education,___ ______,Ras Al Khaimah,____ _____,Cycle2,____ ______,Grade 8,___,Male,____,Resident,75.00%,4
2023-2024,_____ _______ _______,Continuous Education,___ ______,Ras Al Khaimah,____ _____,Cycle2,____ ______,Grade 7,____,Female,_______,Emirati,50.00%,2
2023-2024,_____ _______ _______,Continuous Education,___ ______,Ras Al Khaimah,____ _____,Cycle2,____ ______,Grade 7,____,Female,____,Resident,20.00%,5
2023-2024,_____ _______ _______,Continuous Education,___ ______,Ras Al Khaimah,____ _____,Cycle2,____ ______,Grade 7,___,Male,_______,Emirati,60.00%,10
2023-2024,_____ _______ _______,Continuous Education,___ ______,Ras Al Khaimah,____ _____,Cycle2,____ ______,Grade 7,___,Male,____,Resident,33.33%,3
2023-2024,_____ _______ _______,Continuous Education,_____,AJMAN,____ _____,Cycle3,____ ______,Grade 9,____,Female,_______,Emirati,90.00%,10
2023-2024,_____ _______ _______,Continuous Education,_____,AJMAN,____ _____,Cycle3,____ ______,Grade 9,____,Female,____,Resident,81.54%,65
2023-2024,_____ _______ _______,Continuous Education,_____,AJMAN,____ _____,Cycle3,____ ______,Grade 9,___,Male,_______,Emirati,60.71%,56
2023-2024,_____ _______ _______,Continuous Education,_____,AJMAN,____ _____,Cycle3,____ ______,Grade 9,___,Male,____,Resident,72.53%,91
2023-2024,_____ _______ _______,Continuous Education,_____,AJMAN,____ _____,Cycle3,____ ______ ___,Grade 12,____,Female,_______,Emirati,84.78%,46
2023-2024,_____ _______ _______,Continuous Education,_____,AJMAN,____ _____,Cycle3,____ ______ ___,Grade 12,____,Female,____,Resident,95.79%,95
2023-2024,_____ _______ _______,Continuous Education,_____,AJMAN,____ _____,Cycle3,____ ______ ___,Grade 12,___,Male,_______,Emirati,88.98%,118
2023-2024,_____ _______ _______,Continuous Education,_____,AJMAN,____ _____,Cycle3,____ ______ ___,Grade 12,___,Male,____,Resident,91.92%,99
2023-2024,_____ _______ _______,Continuous Education,_____,AJMAN,____ _____,Cycle3,____ ______ ___,Grade 11,____,Female,_______,Emirati,94.12%,17
2023-2024,_____ _______ _______,Continuous Education,_____,AJMAN,____ _____,Cycle3,____ ______ ___,Grade 11,____,Female,____,Resident,97.44%,78
2023-2024,_____ _______ _______,Continuous Education,_____,AJMAN,____ _____,Cycle3,____ ______ ___,Grade 11,___,Male,_______,Emirati,81.01%,79
2023-2024,_____ _______ _______,Continuous Education,_____,AJMAN,____ _____,Cycle3,____ ______ ___,Grade 11,___,Male,____,Resident,92.77%,83
2023-2024,_____ _______ _______,Continuous Education,_____,AJMAN,____ _____,Cycle3,____ ______,Grade 10,____,Female,_______,Emirati,75.00%,20
2023-2024,_____ _______ _______,Continuous Education,_____,AJMAN,____ _____,Cycle3,____ ______,Grade 10,____,Female,____,Resident,85.92%,71
2023-2024,_____ _______ _______,Continuous Education,_____,AJMAN,____ _____,Cycle3,____ ______,Grade 10,___,Male,_______,Emirati,83.78%,74
2023-2024,_____ _______ _______,Continuous Education,_____,AJMAN,____ _____,Cycle3,____ ______,Grade 10,___,Male,____,Resident,92.59%,81
2023-2024,_____ _______ _______,Continuous Education,_____,AJMAN,____ _____,Cycle2,____ ______,Grade 8,____,Female,____,Resident,84.62%,26
2023-2024,_____ _______ _______,Continuous Education,_____,AJMAN,____ _____,Cycle2,____ ______,Grade 8,___,Male,_______,Emirati,87.50%,8
2023-2024,_____ _______ _______,Continuous Education,_____,AJMAN,____ _____,Cycle2,____ ______,Grade 8,___,Male,____,Resident,81.25%,16
2023-2024,_____ _______ _______,Continuous Education,_____,AJMAN,____ _____,Cycle2,____ ______,Grade 7,____,Female,_______,Emirati,100.00%,2
2023-2024,_____ _______ _______,Continuous Education,_____,AJMAN,____ _____,Cycle2,____ ______,Grade 7,____,Female,____,Resident,57.89%,19
2023-2024,_____ _______ _______,Continuous Education,_____,AJMAN,____ _____,Cycle2,____ ______,Grade 7,___,Male,_______,Emirati,60.00%,5
2023-2024,_____ _______ _______,Continuous Education,_____,AJMAN,____ _____,Cycle2,____ ______,Grade 7,___,Male,____,Resident,50.00%,14