Graduation_Academic_Year,Institution_Name_AR,Institution_Name_EN,Institution_Emirate_AR,Institution_Emirate_EN,Sector_AR,Sector_EN,Nationality_EN,Academic_Degree,STEM_Indicator,Total_Graduates
2017-2018,أكاديمية الإمارات لإدارة الضيافة,EMIRATES ACADEMY OF HOSPITALITY MANAGEMENT,دبي,Dubai,خاصة,Private,National,Bachelors,NS,4
2017-2018,أكاديمية الإمارات لإدارة الضيافة,EMIRATES ACADEMY OF HOSPITALITY MANAGEMENT,دبي,Dubai,خاصة,Private,Non-National,Bachelors,NS,50
2017-2018,أكاديمية الإمارات لإدارة الضيافة,EMIRATES ACADEMY OF HOSPITALITY MANAGEMENT,دبي,Dubai,خاصة,Private,Non-National,Higher Diploma,NS,6
2017-2018,أكاديمية الإمارات لإدارة الضيافة,EMIRATES ACADEMY OF HOSPITALITY MANAGEMENT,دبي,Dubai,خاصة,Private,Non-National,Masters,NS,8
2017-2018,أكاديمية ربدان,RABDAN ACADEMY,أبوظبي,Abu Dhabi,حكومة محلية,Local Government,National,Bachelors,NS,49
2017-2018,أكاديمية ربدان,RABDAN ACADEMY,أبوظبي,Abu Dhabi,حكومة محلية,Local Government,National,Diploma,NS,47
2017-2018,الجامعة الأمريكية في الإمارات,AMERICAN UNIVERSITY IN THE EMIRATES,دبي,Dubai,خاصة,Private,Non-National,Bachelors,E,2
2017-2018,الجامعة الأمريكية في الإمارات,AMERICAN UNIVERSITY IN THE EMIRATES,دبي,Dubai,خاصة,Private,National,Bachelors,NS,170
2017-2018,الجامعة الأمريكية في الإمارات,AMERICAN UNIVERSITY IN THE EMIRATES,دبي,Dubai,خاصة,Private,Non-National,Bachelors,NS,148
2017-2018,الجامعة الأمريكية في الإمارات,AMERICAN UNIVERSITY IN THE EMIRATES,دبي,Dubai,خاصة,Private,Non-National,Bachelors,S,8
2017-2018,الجامعة الأمريكية في الإمارات,AMERICAN UNIVERSITY IN THE EMIRATES,دبي,Dubai,خاصة,Private,National,Bachelors,T,8
2017-2018,الجامعة الأمريكية في الإمارات,AMERICAN UNIVERSITY IN THE EMIRATES,دبي,Dubai,خاصة,Private,Non-National,Bachelors,T,12
2017-2018,الجامعة الأمريكية في الإمارات,AMERICAN UNIVERSITY IN THE EMIRATES,دبي,Dubai,خاصة,Private,National,Master of Business Administration,NS,15
2017-2018,الجامعة الأمريكية في الإمارات,AMERICAN UNIVERSITY IN THE EMIRATES,دبي,Dubai,خاصة,Private,Non-National,Master of Business Administration,NS,10
2017-2018,الجامعة الأمريكية في الإمارات,AMERICAN UNIVERSITY IN THE EMIRATES,دبي,Dubai,خاصة,Private,National,Masters,NS,74
2017-2018,الجامعة الأمريكية في الإمارات,AMERICAN UNIVERSITY IN THE EMIRATES,دبي,Dubai,خاصة,Private,Non-National,Masters,NS,12
2017-2018,الجامعة الأمريكية في الإمارات,AMERICAN UNIVERSITY IN THE EMIRATES,دبي,Dubai,خاصة,Private,National,Masters,T,10
2017-2018,الجامعة الأمريكية فى الشارقة,AMERICAN UNIVERSITY OF SHARJAH,الشارقة,Sharjah,حكومة محلية,Local Government,National,Bachelors,E,63
2017-2018,الجامعة الأمريكية فى الشارقة,AMERICAN UNIVERSITY OF SHARJAH,الشارقة,Sharjah,حكومة محلية,Local Government,Non-National,Bachelors,E,460
2017-2018,الجامعة الأمريكية فى الشارقة,AMERICAN UNIVERSITY OF SHARJAH,الشارقة,Sharjah,حكومة محلية,Local Government,National,Bachelors,NS,103
2017-2018,الجامعة الأمريكية فى الشارقة,AMERICAN UNIVERSITY OF SHARJAH,الشارقة,Sharjah,حكومة محلية,Local Government,Non-National,Bachelors,NS,467
2017-2018,الجامعة الأمريكية فى الشارقة,AMERICAN UNIVERSITY OF SHARJAH,الشارقة,Sharjah,حكومة محلية,Local Government,Non-National,Bachelors,S,26
2017-2018,الجامعة الأمريكية فى الشارقة,AMERICAN UNIVERSITY OF SHARJAH,الشارقة,Sharjah,حكومة محلية,Local Government,National,Bachelors,"S,M",1
2017-2018,الجامعة الأمريكية فى الشارقة,AMERICAN UNIVERSITY OF SHARJAH,الشارقة,Sharjah,حكومة محلية,Local Government,Non-National,Bachelors,"S,M",3
2017-2018,الجامعة الأمريكية فى الشارقة,AMERICAN UNIVERSITY OF SHARJAH,الشارقة,Sharjah,حكومة محلية,Local Government,National,Bachelors,T,9
2017-2018,الجامعة الأمريكية فى الشارقة,AMERICAN UNIVERSITY OF SHARJAH,الشارقة,Sharjah,حكومة محلية,Local Government,Non-National,Bachelors,T,74
2017-2018,الجامعة الأمريكية فى الشارقة,AMERICAN UNIVERSITY OF SHARJAH,الشارقة,Sharjah,حكومة محلية,Local Government,National,Master of Business Administration,NS,5
2017-2018,الجامعة الأمريكية فى الشارقة,AMERICAN UNIVERSITY OF SHARJAH,الشارقة,Sharjah,حكومة محلية,Local Government,Non-National,Master of Business Administration,NS,13
2017-2018,الجامعة الأمريكية فى الشارقة,AMERICAN UNIVERSITY OF SHARJAH,الشارقة,Sharjah,حكومة محلية,Local Government,National,Masters,E,18
2017-2018,الجامعة الأمريكية فى الشارقة,AMERICAN UNIVERSITY OF SHARJAH,الشارقة,Sharjah,حكومة محلية,Local Government,Non-National,Masters,E,74
2017-2018,الجامعة الأمريكية فى الشارقة,AMERICAN UNIVERSITY OF SHARJAH,الشارقة,Sharjah,حكومة محلية,Local Government,National,Masters,NS,6
2017-2018,الجامعة الأمريكية فى الشارقة,AMERICAN UNIVERSITY OF SHARJAH,الشارقة,Sharjah,حكومة محلية,Local Government,Non-National,Masters,NS,20
2017-2018,الجامعة الأمريكية فى الشارقة,AMERICAN UNIVERSITY OF SHARJAH,الشارقة,Sharjah,حكومة محلية,Local Government,Non-National,Masters,"S,M",3
2017-2018,الجامعة الأمريكية فى دبي,AMERICAN UNIVERSITY IN DUBAI,دبي,Dubai,خاصة,Private,National,Bachelors,E,11
2017-2018,الجامعة الأمريكية فى دبي,AMERICAN UNIVERSITY IN DUBAI,دبي,Dubai,خاصة,Private,Non-National,Bachelors,E,76
2017-2018,الجامعة الأمريكية فى دبي,AMERICAN UNIVERSITY IN DUBAI,دبي,Dubai,خاصة,Private,National,Bachelors,NS,48
2017-2018,الجامعة الأمريكية فى دبي,AMERICAN UNIVERSITY IN DUBAI,دبي,Dubai,خاصة,Private,Non-National,Bachelors,NS,250
2017-2018,الجامعة الأمريكية فى دبي,AMERICAN UNIVERSITY IN DUBAI,دبي,Dubai,خاصة,Private,Non-National,Bachelors,T,4
2017-2018,الجامعة الأمريكية فى دبي,AMERICAN UNIVERSITY IN DUBAI,دبي,Dubai,خاصة,Private,Non-National,Foundation,NS,1
2017-2018,الجامعة الأمريكية فى دبي,AMERICAN UNIVERSITY IN DUBAI,دبي,Dubai,خاصة,Private,Non-National,Masters,E,1
2017-2018,الجامعة الأمريكية فى دبي,AMERICAN UNIVERSITY IN DUBAI,دبي,Dubai,خاصة,Private,National,Masters,NS,4
2017-2018,الجامعة الأمريكية فى دبي,AMERICAN UNIVERSITY IN DUBAI,دبي,Dubai,خاصة,Private,Non-National,Masters,NS,33
2017-2018,الجامعة الأمريكية في رأس الخيمة,AMERICAN UNIVERSITY OF RAS AL KHAIMAH,رأس الخيمة,Ras Al Khaima,حكومة محلية,Local Government,National,Bachelors,E,18
2017-2018,الجامعة الأمريكية في رأس الخيمة,AMERICAN UNIVERSITY OF RAS AL KHAIMAH,رأس الخيمة,Ras Al Khaima,حكومة محلية,Local Government,Non-National,Bachelors,E,47
2017-2018,الجامعة الأمريكية في رأس الخيمة,AMERICAN UNIVERSITY OF RAS AL KHAIMAH,رأس الخيمة,Ras Al Khaima,حكومة محلية,Local Government,National,Bachelors,NS,15
2017-2018,الجامعة الأمريكية في رأس الخيمة,AMERICAN UNIVERSITY OF RAS AL KHAIMAH,رأس الخيمة,Ras Al Khaima,حكومة محلية,Local Government,Non-National,Bachelors,NS,22
2017-2018,الجامعة الأمريكية في رأس الخيمة,AMERICAN UNIVERSITY OF RAS AL KHAIMAH,رأس الخيمة,Ras Al Khaima,حكومة محلية,Local Government,National,Bachelors,"S,M",3
2017-2018,الجامعة الأمريكية في رأس الخيمة,AMERICAN UNIVERSITY OF RAS AL KHAIMAH,رأس الخيمة,Ras Al Khaima,حكومة محلية,Local Government,Non-National,Bachelors,"S,M",15
2017-2018,الجامعة الأمريكية في رأس الخيمة,AMERICAN UNIVERSITY OF RAS AL KHAIMAH,رأس الخيمة,Ras Al Khaima,حكومة محلية,Local Government,Non-National,Bachelors,T,2
2017-2018,الجامعة الأمريكية في رأس الخيمة,AMERICAN UNIVERSITY OF RAS AL KHAIMAH,رأس الخيمة,Ras Al Khaima,حكومة محلية,Local Government,National,Masters,E,11
2017-2018,الجامعة الأمريكية في رأس الخيمة,AMERICAN UNIVERSITY OF RAS AL KHAIMAH,رأس الخيمة,Ras Al Khaima,حكومة محلية,Local Government,Non-National,Masters,E,1
2017-2018,الجامعة الأمريكية في رأس الخيمة,AMERICAN UNIVERSITY OF RAS AL KHAIMAH,رأس الخيمة,Ras Al Khaima,حكومة محلية,Local Government,National,Masters,NS,19
2017-2018,الجامعة الأمريكية في رأس الخيمة,AMERICAN UNIVERSITY OF RAS AL KHAIMAH,رأس الخيمة,Ras Al Khaima,حكومة محلية,Local Government,Non-National,Masters,NS,4
2017-2018,الجامعة الأمريكية في رأس الخيمة,AMERICAN UNIVERSITY OF RAS AL KHAIMAH,رأس الخيمة,Ras Al Khaima,حكومة محلية,Local Government,National,Masters,"S,M",2
2017-2018,الجامعة البريطانية فى دبي,BRITISH UNIVERSITY IN DUBAI,دبي,Dubai,حكومة محلية,Local Government,Non-National,Doctorate,E,1
2017-2018,الجامعة البريطانية فى دبي,BRITISH UNIVERSITY IN DUBAI,دبي,Dubai,حكومة محلية,Local Government,National,Doctorate,NS,7
2017-2018,الجامعة البريطانية فى دبي,BRITISH UNIVERSITY IN DUBAI,دبي,Dubai,حكومة محلية,Local Government,Non-National,Doctorate,NS,13
2017-2018,الجامعة البريطانية فى دبي,BRITISH UNIVERSITY IN DUBAI,دبي,Dubai,حكومة محلية,Local Government,National,Doctorate,T,1
2017-2018,الجامعة البريطانية فى دبي,BRITISH UNIVERSITY IN DUBAI,دبي,Dubai,حكومة محلية,Local Government,Non-National,Doctorate,T,3
2017-2018,الجامعة البريطانية فى دبي,BRITISH UNIVERSITY IN DUBAI,دبي,Dubai,حكومة محلية,Local Government,National,Graduate Diploma,E,2
2017-2018,الجامعة البريطانية فى دبي,BRITISH UNIVERSITY IN DUBAI,دبي,Dubai,حكومة محلية,Local Government,Non-National,Graduate Diploma,E,4
2017-2018,الجامعة البريطانية فى دبي,BRITISH UNIVERSITY IN DUBAI,دبي,Dubai,حكومة محلية,Local Government,National,Masters,E,5
2017-2018,الجامعة البريطانية فى دبي,BRITISH UNIVERSITY IN DUBAI,دبي,Dubai,حكومة محلية,Local Government,Non-National,Masters,E,22
2017-2018,الجامعة البريطانية فى دبي,BRITISH UNIVERSITY IN DUBAI,دبي,Dubai,حكومة محلية,Local Government,National,Masters,NS,59
2017-2018,الجامعة البريطانية فى دبي,BRITISH UNIVERSITY IN DUBAI,دبي,Dubai,حكومة محلية,Local Government,Non-National,Masters,NS,111
2017-2018,الجامعة البريطانية فى دبي,BRITISH UNIVERSITY IN DUBAI,دبي,Dubai,حكومة محلية,Local Government,Non-National,Other,NS,1
2017-2018,الجامعة الكندية في دبي,CANADIAN UNIVERSITY DUBAI,دبي,Dubai,خاصة,Private,National,Bachelors,E,3
2017-2018,الجامعة الكندية في دبي,CANADIAN UNIVERSITY DUBAI,دبي,Dubai,خاصة,Private,Non-National,Bachelors,E,19
2017-2018,الجامعة الكندية في دبي,CANADIAN UNIVERSITY DUBAI,دبي,Dubai,خاصة,Private,National,Bachelors,NS,54
2017-2018,الجامعة الكندية في دبي,CANADIAN UNIVERSITY DUBAI,دبي,Dubai,خاصة,Private,Non-National,Bachelors,NS,201
2017-2018,الجامعة الكندية في دبي,CANADIAN UNIVERSITY DUBAI,دبي,Dubai,خاصة,Private,Non-National,Bachelors,S,15
2017-2018,الجامعة الكندية في دبي,CANADIAN UNIVERSITY DUBAI,دبي,Dubai,خاصة,Private,National,Bachelors,T,2
2017-2018,الجامعة الكندية في دبي,CANADIAN UNIVERSITY DUBAI,دبي,Dubai,خاصة,Private,Non-National,Bachelors,T,13
2017-2018,الجامعة الكندية في دبي,CANADIAN UNIVERSITY DUBAI,دبي,Dubai,خاصة,Private,Non-National,Diploma,NS,10
2017-2018,الجامعة الكندية في دبي,CANADIAN UNIVERSITY DUBAI,دبي,Dubai,خاصة,Private,National,Diploma,S,1
2017-2018,الجامعة الكندية في دبي,CANADIAN UNIVERSITY DUBAI,دبي,Dubai,خاصة,Private,National,Masters,NS,84
2017-2018,الجامعة الكندية في دبي,CANADIAN UNIVERSITY DUBAI,دبي,Dubai,خاصة,Private,Non-National,Masters,NS,57
2017-2018,الكلية الأمريكية فى دبي,AMERICAN COLLEGE OF DUBAI,دبي,Dubai,خاصة,Private,National,Bachelors,NS,1
2017-2018,الكلية الأمريكية فى دبي,AMERICAN COLLEGE OF DUBAI,دبي,Dubai,خاصة,Private,Non-National,Bachelors,NS,77
2017-2018,الكلية الأمريكية فى دبي,AMERICAN COLLEGE OF DUBAI,دبي,Dubai,خاصة,Private,National,Other,NS,1
2017-2018,الكلية الأمريكية فى دبي,AMERICAN COLLEGE OF DUBAI,دبي,Dubai,خاصة,Private,Non-National,Other,NS,9
2017-2018,الكلية الأوروبية الجامعية,EUROPEAN UNIVERSITY COLLEGE,دبي,Dubai,خاصة,Private,Non-National,Diploma,S,7
2017-2018,الكلية الأوروبية الجامعية,EUROPEAN UNIVERSITY COLLEGE,دبي,Dubai,خاصة,Private,National,Masters,S,2
2017-2018,الكلية الأوروبية الجامعية,EUROPEAN UNIVERSITY COLLEGE,دبي,Dubai,خاصة,Private,Non-National,Masters,S,6
2017-2018,الكلية الأوروبية الدولية ,EUROPEAN INTERNATIONAL COLLEGE,أبوظبي,Abu Dhabi,خاصة,Private,Non-National,Associate of Applied Science,NS,1
2017-2018,الكلية الأوروبية الدولية ,EUROPEAN INTERNATIONAL COLLEGE,أبوظبي,Abu Dhabi,خاصة,Private,National,Bachelors,NS,7
2017-2018,الكلية الأوروبية الدولية ,EUROPEAN INTERNATIONAL COLLEGE,أبوظبي,Abu Dhabi,خاصة,Private,Non-National,Bachelors,NS,6
2017-2018,الكلية الأوروبية الدولية ,EUROPEAN INTERNATIONAL COLLEGE,أبوظبي,Abu Dhabi,خاصة,Private,Non-National,Diploma,NS,5
2017-2018,الكلية الجامعية للأم والعلوم الأسرية,UNIVERSITY COLLEGE OF MOTHER AND FAMILY SCIENCES,دبي,Dubai,خاصة,Private,National,Diploma,NS,2
2017-2018,الكلية الجامعية للأم والعلوم الأسرية,UNIVERSITY COLLEGE OF MOTHER AND FAMILY SCIENCES,عجمان,Ajman,خاصة,Private,National,Bachelors,NS,6
2017-2018,الكلية الجامعية للأم والعلوم الأسرية,UNIVERSITY COLLEGE OF MOTHER AND FAMILY SCIENCES,عجمان,Ajman,خاصة,Private,Non-National,Bachelors,NS,7
2017-2018,الكلية الجامعية للأم والعلوم الأسرية,UNIVERSITY COLLEGE OF MOTHER AND FAMILY SCIENCES,عجمان,Ajman,خاصة,Private,National,Diploma,NS,2
2017-2018,الكلية الجامعية للأم والعلوم الأسرية,UNIVERSITY COLLEGE OF MOTHER AND FAMILY SCIENCES,عجمان,Ajman,خاصة,Private,Non-National,Diploma,NS,2
2017-2018,الكلية الملكية للجراحين في أيرلندة,ROYAL COLLEGE OF SURGEONS IN IRELAND- DUBAI,دبي,Dubai,فرع مؤسسة دولية,Branch of International Institution,National,Masters,S,27
2017-2018,الكلية الملكية للجراحين في أيرلندة,ROYAL COLLEGE OF SURGEONS IN IRELAND- DUBAI,دبي,Dubai,فرع مؤسسة دولية,Branch of International Institution,Non-National,Masters,S,27
2017-2018,بوليتيكنيك أبوظبي,ABU DHABI POLYTECHNIC,أبوظبي,Abu Dhabi,حكومة محلية,Local Government,National,Bachelors,E,122
2017-2018,بوليتيكنيك أبوظبي,ABU DHABI POLYTECHNIC,أبوظبي,Abu Dhabi,حكومة محلية,Local Government,National,Bachelors,T,20
2017-2018,بوليتيكنيك أبوظبي,ABU DHABI POLYTECHNIC,أبوظبي,Abu Dhabi,حكومة محلية,Local Government,National,Diploma,E,1
2017-2018,بوليتيكنيك أبوظبي,ABU DHABI POLYTECHNIC,أبوظبي,Abu Dhabi,حكومة محلية,Local Government,National,Higher Diploma,E,36
2017-2018,بوليتيكنيك أبوظبي,ABU DHABI POLYTECHNIC,أبوظبي,Abu Dhabi,حكومة محلية,Local Government,National,Other,E,57
2017-2018,جامعة  الخليج الطبية,GULF MEDICAL UNIVERSITY,عجمان,Ajman,خاصة,Private,National,"(MBBS)Bachelor of Medicine, Bachelor of Surgery",S,9
2017-2018,جامعة  الخليج الطبية,GULF MEDICAL UNIVERSITY,عجمان,Ajman,خاصة,Private,Non-National,"(MBBS)Bachelor of Medicine, Bachelor of Surgery",S,112
2017-2018,جامعة  الخليج الطبية,GULF MEDICAL UNIVERSITY,عجمان,Ajman,خاصة,Private,National,Bachelors,S,2
2017-2018,جامعة  الخليج الطبية,GULF MEDICAL UNIVERSITY,عجمان,Ajman,خاصة,Private,Non-National,Bachelors,S,133
2017-2018,جامعة  الخليج الطبية,GULF MEDICAL UNIVERSITY,عجمان,Ajman,خاصة,Private,Non-National,Bachelors,"S,M",19
2017-2018,جامعة  الخليج الطبية,GULF MEDICAL UNIVERSITY,عجمان,Ajman,خاصة,Private,National,Masters,S,1
2017-2018,جامعة  الخليج الطبية,GULF MEDICAL UNIVERSITY,عجمان,Ajman,خاصة,Private,Non-National,Masters,S,1
2017-2018,جامعة أبوظبى,ABU DHABI UNIVERSITY,أبوظبي,Abu Dhabi,خاصة,Private,National,Bachelors,E,26
2017-2018,جامعة أبوظبى,ABU DHABI UNIVERSITY,أبوظبي,Abu Dhabi,خاصة,Private,Non-National,Bachelors,E,282
2017-2018,جامعة أبوظبى,ABU DHABI UNIVERSITY,أبوظبي,Abu Dhabi,خاصة,Private,National,Bachelors,NS,671
2017-2018,جامعة أبوظبى,ABU DHABI UNIVERSITY,أبوظبي,Abu Dhabi,خاصة,Private,Non-National,Bachelors,NS,243
2017-2018,جامعة أبوظبى,ABU DHABI UNIVERSITY,أبوظبي,Abu Dhabi,خاصة,Private,National,Bachelors,S,3
2017-2018,جامعة أبوظبى,ABU DHABI UNIVERSITY,أبوظبي,Abu Dhabi,خاصة,Private,Non-National,Bachelors,S,51
2017-2018,جامعة أبوظبى,ABU DHABI UNIVERSITY,أبوظبي,Abu Dhabi,خاصة,Private,National,Bachelors,T,10
2017-2018,جامعة أبوظبى,ABU DHABI UNIVERSITY,أبوظبي,Abu Dhabi,خاصة,Private,Non-National,Bachelors,T,7
2017-2018,جامعة أبوظبى,ABU DHABI UNIVERSITY,أبوظبي,Abu Dhabi,خاصة,Private,National,Doctor of Business Administrate,NS,7
2017-2018,جامعة أبوظبى,ABU DHABI UNIVERSITY,أبوظبي,Abu Dhabi,خاصة,Private,Non-National,Doctor of Business Administrate,NS,1
2017-2018,جامعة أبوظبى,ABU DHABI UNIVERSITY,أبوظبي,Abu Dhabi,خاصة,Private,National,Doctorate,NS,1
2017-2018,جامعة أبوظبى,ABU DHABI UNIVERSITY,أبوظبي,Abu Dhabi,خاصة,Private,Non-National,Graduate Diploma,NS,544
2017-2018,جامعة أبوظبى,ABU DHABI UNIVERSITY,أبوظبي,Abu Dhabi,خاصة,Private,National,Master of Business Administration,NS,171
2017-2018,جامعة أبوظبى,ABU DHABI UNIVERSITY,أبوظبي,Abu Dhabi,خاصة,Private,Non-National,Master of Business Administration,NS,42
2017-2018,جامعة أبوظبى,ABU DHABI UNIVERSITY,أبوظبي,Abu Dhabi,خاصة,Private,National,Masters,E,23
2017-2018,جامعة أبوظبى,ABU DHABI UNIVERSITY,أبوظبي,Abu Dhabi,خاصة,Private,Non-National,Masters,E,8
2017-2018,جامعة أبوظبى,ABU DHABI UNIVERSITY,أبوظبي,Abu Dhabi,خاصة,Private,National,Masters,NS,136
2017-2018,جامعة أبوظبى,ABU DHABI UNIVERSITY,أبوظبي,Abu Dhabi,خاصة,Private,Non-National,Masters,NS,18
2017-2018,جامعة أبوظبى,ABU DHABI UNIVERSITY,أبوظبي,Abu Dhabi,خاصة,Private,National,Masters,T,1
2017-2018,جامعة أبوظبى,ABU DHABI UNIVERSITY,دبي,Dubai,خاصة,Private,National,Master of Business Administration,NS,3
2017-2018,جامعة أبوظبى,ABU DHABI UNIVERSITY,دبي,Dubai,خاصة,Private,Non-National,Master of Business Administration,NS,1
2017-2018,جامعة أبوظبى,ABU DHABI UNIVERSITY,دبي,Dubai,خاصة,Private,National,Masters,NS,1
2017-2018,جامعة أم القيوين,UMM AL QUWAIN UNIVERSITY,أم القيوين,Umm Al Quwain,حكومة محلية,Local Government,National,Bachelors,NS,49
2017-2018,جامعة أم القيوين,UMM AL QUWAIN UNIVERSITY,أم القيوين,Umm Al Quwain,حكومة محلية,Local Government,Non-National,Bachelors,NS,50
2017-2018,جامعة أم القيوين,UMM AL QUWAIN UNIVERSITY,أم القيوين,Umm Al Quwain,حكومة محلية,Local Government,National,Foundation,NS,3
2017-2018,جامعة الإمارات العربية المتحدة,UNITED ARAB EMIRATES  UNIVERSITY,أبوظبي,Abu Dhabi,حكومة إتحادية,Federal Government,National,Bachelors,E,253
2017-2018,جامعة الإمارات العربية المتحدة,UNITED ARAB EMIRATES  UNIVERSITY,أبوظبي,Abu Dhabi,حكومة إتحادية,Federal Government,Non-National,Bachelors,E,73
2017-2018,جامعة الإمارات العربية المتحدة,UNITED ARAB EMIRATES  UNIVERSITY,أبوظبي,Abu Dhabi,حكومة إتحادية,Federal Government,National,Bachelors,NS,919
2017-2018,جامعة الإمارات العربية المتحدة,UNITED ARAB EMIRATES  UNIVERSITY,أبوظبي,Abu Dhabi,حكومة إتحادية,Federal Government,Non-National,Bachelors,NS,330
2017-2018,جامعة الإمارات العربية المتحدة,UNITED ARAB EMIRATES  UNIVERSITY,أبوظبي,Abu Dhabi,حكومة إتحادية,Federal Government,National,Bachelors,S,123
2017-2018,جامعة الإمارات العربية المتحدة,UNITED ARAB EMIRATES  UNIVERSITY,أبوظبي,Abu Dhabi,حكومة إتحادية,Federal Government,Non-National,Bachelors,S,92
2017-2018,جامعة الإمارات العربية المتحدة,UNITED ARAB EMIRATES  UNIVERSITY,أبوظبي,Abu Dhabi,حكومة إتحادية,Federal Government,National,Bachelors,"S,M",136
2017-2018,جامعة الإمارات العربية المتحدة,UNITED ARAB EMIRATES  UNIVERSITY,أبوظبي,Abu Dhabi,حكومة إتحادية,Federal Government,Non-National,Bachelors,"S,M",60
2017-2018,جامعة الإمارات العربية المتحدة,UNITED ARAB EMIRATES  UNIVERSITY,أبوظبي,Abu Dhabi,حكومة إتحادية,Federal Government,National,Bachelors,T,98
2017-2018,جامعة الإمارات العربية المتحدة,UNITED ARAB EMIRATES  UNIVERSITY,أبوظبي,Abu Dhabi,حكومة إتحادية,Federal Government,Non-National,Bachelors,T,12
2017-2018,جامعة الإمارات العربية المتحدة,UNITED ARAB EMIRATES  UNIVERSITY,أبوظبي,Abu Dhabi,حكومة إتحادية,Federal Government,National,Doctor of Business Administrate,NS,6
2017-2018,جامعة الإمارات العربية المتحدة,UNITED ARAB EMIRATES  UNIVERSITY,أبوظبي,Abu Dhabi,حكومة إتحادية,Federal Government,National,Doctorate,NS,10
2017-2018,جامعة الإمارات العربية المتحدة,UNITED ARAB EMIRATES  UNIVERSITY,أبوظبي,Abu Dhabi,حكومة إتحادية,Federal Government,Non-National,Doctorate,NS,9
2017-2018,جامعة الإمارات العربية المتحدة,UNITED ARAB EMIRATES  UNIVERSITY,أبوظبي,Abu Dhabi,حكومة إتحادية,Federal Government,National,Master of Business Administration,NS,20
2017-2018,جامعة الإمارات العربية المتحدة,UNITED ARAB EMIRATES  UNIVERSITY,أبوظبي,Abu Dhabi,حكومة إتحادية,Federal Government,Non-National,Master of Business Administration,NS,11
2017-2018,جامعة الإمارات العربية المتحدة,UNITED ARAB EMIRATES  UNIVERSITY,أبوظبي,Abu Dhabi,حكومة إتحادية,Federal Government,National,Masters,E,26
2017-2018,جامعة الإمارات العربية المتحدة,UNITED ARAB EMIRATES  UNIVERSITY,أبوظبي,Abu Dhabi,حكومة إتحادية,Federal Government,Non-National,Masters,E,42
2017-2018,جامعة الإمارات العربية المتحدة,UNITED ARAB EMIRATES  UNIVERSITY,أبوظبي,Abu Dhabi,حكومة إتحادية,Federal Government,National,Masters,NS,60
2017-2018,جامعة الإمارات العربية المتحدة,UNITED ARAB EMIRATES  UNIVERSITY,أبوظبي,Abu Dhabi,حكومة إتحادية,Federal Government,Non-National,Masters,NS,15
2017-2018,جامعة الإمارات العربية المتحدة,UNITED ARAB EMIRATES  UNIVERSITY,أبوظبي,Abu Dhabi,حكومة إتحادية,Federal Government,National,Masters,S,14
2017-2018,جامعة الإمارات العربية المتحدة,UNITED ARAB EMIRATES  UNIVERSITY,أبوظبي,Abu Dhabi,حكومة إتحادية,Federal Government,Non-National,Masters,S,22
2017-2018,جامعة الإمارات العربية المتحدة,UNITED ARAB EMIRATES  UNIVERSITY,أبوظبي,Abu Dhabi,حكومة إتحادية,Federal Government,National,Masters,"S,M",4
2017-2018,جامعة الإمارات العربية المتحدة,UNITED ARAB EMIRATES  UNIVERSITY,أبوظبي,Abu Dhabi,حكومة إتحادية,Federal Government,Non-National,Masters,"S,M",7
2017-2018,جامعة الإمارات العربية المتحدة,UNITED ARAB EMIRATES  UNIVERSITY,أبوظبي,Abu Dhabi,حكومة إتحادية,Federal Government,National,Masters,T,7
2017-2018,جامعة الإمارات العربية المتحدة,UNITED ARAB EMIRATES  UNIVERSITY,أبوظبي,Abu Dhabi,حكومة إتحادية,Federal Government,Non-National,Masters,T,2
2017-2018,جامعة الإمارات للطيران,EMIRATES AVIATION UNIVERSITY,دبي,Dubai,حكومة محلية,Local Government,National,Bachelors,E,2
2017-2018,جامعة الإمارات للطيران,EMIRATES AVIATION UNIVERSITY,دبي,Dubai,حكومة محلية,Local Government,Non-National,Bachelors,E,100
2017-2018,جامعة الإمارات للطيران,EMIRATES AVIATION UNIVERSITY,دبي,Dubai,حكومة محلية,Local Government,National,Bachelors,NS,26
2017-2018,جامعة الإمارات للطيران,EMIRATES AVIATION UNIVERSITY,دبي,Dubai,حكومة محلية,Local Government,Non-National,Bachelors,NS,62
2017-2018,جامعة الإمارات للطيران,EMIRATES AVIATION UNIVERSITY,دبي,Dubai,حكومة محلية,Local Government,Non-National,Certificate,E,45
2017-2018,جامعة الإمارات للطيران,EMIRATES AVIATION UNIVERSITY,دبي,Dubai,حكومة محلية,Local Government,National,Certificate,NS,2
2017-2018,جامعة الإمارات للطيران,EMIRATES AVIATION UNIVERSITY,دبي,Dubai,حكومة محلية,Local Government,Non-National,Certificate,NS,27
2017-2018,جامعة الإمارات للطيران,EMIRATES AVIATION UNIVERSITY,دبي,Dubai,حكومة محلية,Local Government,National,Diploma,E,2
2017-2018,جامعة الإمارات للطيران,EMIRATES AVIATION UNIVERSITY,دبي,Dubai,حكومة محلية,Local Government,Non-National,Diploma,E,56
2017-2018,جامعة الإمارات للطيران,EMIRATES AVIATION UNIVERSITY,دبي,Dubai,حكومة محلية,Local Government,National,Diploma,NS,12
2017-2018,جامعة الإمارات للطيران,EMIRATES AVIATION UNIVERSITY,دبي,Dubai,حكومة محلية,Local Government,Non-National,Diploma,NS,42
2017-2018,جامعة الإمارات للطيران,EMIRATES AVIATION UNIVERSITY,دبي,Dubai,حكومة محلية,Local Government,National,Foundation,E,2
2017-2018,جامعة الإمارات للطيران,EMIRATES AVIATION UNIVERSITY,دبي,Dubai,حكومة محلية,Local Government,Non-National,Foundation,E,10
2017-2018,جامعة الإمارات للطيران,EMIRATES AVIATION UNIVERSITY,دبي,Dubai,حكومة محلية,Local Government,National,Foundation,NS,1
2017-2018,جامعة الإمارات للطيران,EMIRATES AVIATION UNIVERSITY,دبي,Dubai,حكومة محلية,Local Government,Non-National,Foundation,NS,1
2017-2018,جامعة الإمارات للطيران,EMIRATES AVIATION UNIVERSITY,دبي,Dubai,حكومة محلية,Local Government,National,Higher Diploma,NS,19
2017-2018,جامعة الإمارات للطيران,EMIRATES AVIATION UNIVERSITY,دبي,Dubai,حكومة محلية,Local Government,Non-National,Higher Diploma,NS,1
2017-2018,جامعة الإمارات للطيران,EMIRATES AVIATION UNIVERSITY,دبي,Dubai,حكومة محلية,Local Government,National,Masters,E,5
2017-2018,جامعة الإمارات للطيران,EMIRATES AVIATION UNIVERSITY,دبي,Dubai,حكومة محلية,Local Government,Non-National,Masters,E,13
2017-2018,جامعة الإمارات للطيران,EMIRATES AVIATION UNIVERSITY,دبي,Dubai,حكومة محلية,Local Government,National,Masters,NS,11
2017-2018,جامعة الإمارات للطيران,EMIRATES AVIATION UNIVERSITY,دبي,Dubai,حكومة محلية,Local Government,Non-National,Masters,NS,51
2017-2018,جامعة السوربون - أبوظبي,"SORBONNE UNIVERSITY, ABU DHABI",أبوظبي,Abu Dhabi,فرع مؤسسة دولية,Branch of International Institution,National,Bachelors,NS,14
2017-2018,جامعة السوربون - أبوظبي,"SORBONNE UNIVERSITY, ABU DHABI",أبوظبي,Abu Dhabi,فرع مؤسسة دولية,Branch of International Institution,Non-National,Bachelors,NS,78
2017-2018,جامعة السوربون - أبوظبي,"SORBONNE UNIVERSITY, ABU DHABI",أبوظبي,Abu Dhabi,فرع مؤسسة دولية,Branch of International Institution,National,Bachelors,S,2
2017-2018,جامعة السوربون - أبوظبي,"SORBONNE UNIVERSITY, ABU DHABI",أبوظبي,Abu Dhabi,فرع مؤسسة دولية,Branch of International Institution,Non-National,Bachelors,S,4
2017-2018,جامعة السوربون - أبوظبي,"SORBONNE UNIVERSITY, ABU DHABI",أبوظبي,Abu Dhabi,فرع مؤسسة دولية,Branch of International Institution,National,Masters,E,4
2017-2018,جامعة السوربون - أبوظبي,"SORBONNE UNIVERSITY, ABU DHABI",أبوظبي,Abu Dhabi,فرع مؤسسة دولية,Branch of International Institution,National,Masters,NS,54
2017-2018,جامعة السوربون - أبوظبي,"SORBONNE UNIVERSITY, ABU DHABI",أبوظبي,Abu Dhabi,فرع مؤسسة دولية,Branch of International Institution,Non-National,Masters,NS,83
2017-2018,جامعة السوربون - أبوظبي,"SORBONNE UNIVERSITY, ABU DHABI",أبوظبي,Abu Dhabi,فرع مؤسسة دولية,Branch of International Institution,National,Masters,S,2
2017-2018,جامعة السوربون - أبوظبي,"SORBONNE UNIVERSITY, ABU DHABI",أبوظبي,Abu Dhabi,فرع مؤسسة دولية,Branch of International Institution,Non-National,Masters,S,9
2017-2018,جامعة الشارقة,UNIVERSITY OF SHARJAH,الشارقة,Sharjah,شبه حكومية,Semi Government,National,Bachelors,E,139
2017-2018,جامعة الشارقة,UNIVERSITY OF SHARJAH,الشارقة,Sharjah,شبه حكومية,Semi Government,Non-National,Bachelors,E,452
2017-2018,جامعة الشارقة,UNIVERSITY OF SHARJAH,الشارقة,Sharjah,شبه حكومية,Semi Government,National,Bachelors,NS,449
2017-2018,جامعة الشارقة,UNIVERSITY OF SHARJAH,الشارقة,Sharjah,شبه حكومية,Semi Government,Non-National,Bachelors,NS,446
2017-2018,جامعة الشارقة,UNIVERSITY OF SHARJAH,الشارقة,Sharjah,شبه حكومية,Semi Government,National,Bachelors,S,76
2017-2018,جامعة الشارقة,UNIVERSITY OF SHARJAH,الشارقة,Sharjah,شبه حكومية,Semi Government,Non-National,Bachelors,S,515
2017-2018,جامعة الشارقة,UNIVERSITY OF SHARJAH,الشارقة,Sharjah,شبه حكومية,Semi Government,National,Bachelors,"S,M",42
2017-2018,جامعة الشارقة,UNIVERSITY OF SHARJAH,الشارقة,Sharjah,شبه حكومية,Semi Government,Non-National,Bachelors,"S,M",62
2017-2018,جامعة الشارقة,UNIVERSITY OF SHARJAH,الشارقة,Sharjah,شبه حكومية,Semi Government,National,Bachelors,T,52
2017-2018,جامعة الشارقة,UNIVERSITY OF SHARJAH,الشارقة,Sharjah,شبه حكومية,Semi Government,Non-National,Bachelors,T,94
2017-2018,جامعة الشارقة,UNIVERSITY OF SHARJAH,الشارقة,Sharjah,شبه حكومية,Semi Government,National,Diploma,NS,15
2017-2018,جامعة الشارقة,UNIVERSITY OF SHARJAH,الشارقة,Sharjah,شبه حكومية,Semi Government,Non-National,Diploma,NS,18
2017-2018,جامعة الشارقة,UNIVERSITY OF SHARJAH,الشارقة,Sharjah,شبه حكومية,Semi Government,National,Diploma,T,4
2017-2018,جامعة الشارقة,UNIVERSITY OF SHARJAH,الشارقة,Sharjah,شبه حكومية,Semi Government,Non-National,Diploma,T,2
2017-2018,جامعة الشارقة,UNIVERSITY OF SHARJAH,الشارقة,Sharjah,شبه حكومية,Semi Government,National,Doctorate,E,1
2017-2018,جامعة الشارقة,UNIVERSITY OF SHARJAH,الشارقة,Sharjah,شبه حكومية,Semi Government,National,Doctorate,NS,16
2017-2018,جامعة الشارقة,UNIVERSITY OF SHARJAH,الشارقة,Sharjah,شبه حكومية,Semi Government,Non-National,Doctorate,NS,10
2017-2018,جامعة الشارقة,UNIVERSITY OF SHARJAH,الشارقة,Sharjah,شبه حكومية,Semi Government,National,Masters,E,12
2017-2018,جامعة الشارقة,UNIVERSITY OF SHARJAH,الشارقة,Sharjah,شبه حكومية,Semi Government,Non-National,Masters,E,22
2017-2018,جامعة الشارقة,UNIVERSITY OF SHARJAH,الشارقة,Sharjah,شبه حكومية,Semi Government,National,Masters,NS,96
2017-2018,جامعة الشارقة,UNIVERSITY OF SHARJAH,الشارقة,Sharjah,شبه حكومية,Semi Government,Non-National,Masters,NS,56
2017-2018,جامعة الشارقة,UNIVERSITY OF SHARJAH,الشارقة,Sharjah,شبه حكومية,Semi Government,National,Masters,S,6
2017-2018,جامعة الشارقة,UNIVERSITY OF SHARJAH,الشارقة,Sharjah,شبه حكومية,Semi Government,Non-National,Masters,S,9
2017-2018,جامعة الشارقة,UNIVERSITY OF SHARJAH,الشارقة,Sharjah,شبه حكومية,Semi Government,Non-National,Masters,T,4
2017-2018,جامعة الشارقة,UNIVERSITY OF SHARJAH,الشارقة,Sharjah,شبه حكومية,Semi Government,National,Professional Diploma,NS,125
2017-2018,جامعة الشارقة,UNIVERSITY OF SHARJAH,الشارقة,Sharjah,شبه حكومية,Semi Government,Non-National,Professional Diploma,NS,15
2017-2018,جامعة العلوم الحديثة,UNIVERSITY OF MODERN SCIENCES,دبي,Dubai,خاصة,Private,National,Bachelors,NS,273
2017-2018,جامعة العلوم الحديثة,UNIVERSITY OF MODERN SCIENCES,دبي,Dubai,خاصة,Private,Non-National,Bachelors,NS,5
2017-2018,جامعة العلوم الحديثة,UNIVERSITY OF MODERN SCIENCES,دبي,Dubai,خاصة,Private,National,Bachelors,"S,M",3
2017-2018,جامعة العلوم الحديثة,UNIVERSITY OF MODERN SCIENCES,دبي,Dubai,خاصة,Private,Non-National,Bachelors,"S,M",10
2017-2018,جامعة العلوم الحديثة,UNIVERSITY OF MODERN SCIENCES,دبي,Dubai,خاصة,Private,National,Masters,NS,12
2017-2018,جامعة العلوم الحديثة,UNIVERSITY OF MODERN SCIENCES,دبي,Dubai,خاصة,Private,Non-National,Masters,NS,1
2017-2018,جامعة العين,AL AIN UNIVERSITY,أبوظبي,Abu Dhabi,خاصة,Private,National,Bachelors,E,1
2017-2018,جامعة العين,AL AIN UNIVERSITY,أبوظبي,Abu Dhabi,خاصة,Private,Non-National,Bachelors,E,44
2017-2018,جامعة العين,AL AIN UNIVERSITY,أبوظبي,Abu Dhabi,خاصة,Private,National,Bachelors,NS,416
2017-2018,جامعة العين,AL AIN UNIVERSITY,أبوظبي,Abu Dhabi,خاصة,Private,Non-National,Bachelors,NS,254
2017-2018,جامعة العين,AL AIN UNIVERSITY,أبوظبي,Abu Dhabi,خاصة,Private,Non-National,Bachelors,S,62
2017-2018,جامعة العين,AL AIN UNIVERSITY,أبوظبي,Abu Dhabi,خاصة,Private,National,Higher Diploma,NS,6
2017-2018,جامعة العين,AL AIN UNIVERSITY,أبوظبي,Abu Dhabi,خاصة,Private,Non-National,Higher Diploma,NS,219
2017-2018,جامعة العين,AL AIN UNIVERSITY,أبوظبي,Abu Dhabi,خاصة,Private,National,Masters,NS,97
2017-2018,جامعة العين,AL AIN UNIVERSITY,أبوظبي,Abu Dhabi,خاصة,Private,Non-National,Masters,NS,34
2017-2018,جامعة العين,AL AIN UNIVERSITY,أبوظبي,Abu Dhabi,خاصة,Private,Non-National,Masters,S,8
2017-2018,جامعة الغرير,AL GHURAIR UNIVERSITY,دبي,Dubai,خاصة,Private,National,Bachelors,E,10
2017-2018,جامعة الغرير,AL GHURAIR UNIVERSITY,دبي,Dubai,خاصة,Private,Non-National,Bachelors,E,43
2017-2018,جامعة الغرير,AL GHURAIR UNIVERSITY,دبي,Dubai,خاصة,Private,National,Bachelors,NS,64
2017-2018,جامعة الغرير,AL GHURAIR UNIVERSITY,دبي,Dubai,خاصة,Private,Non-National,Bachelors,NS,63
2017-2018,جامعة الغرير,AL GHURAIR UNIVERSITY,دبي,Dubai,خاصة,Private,Non-National,Bachelors,T,4
2017-2018,جامعة الغرير,AL GHURAIR UNIVERSITY,دبي,Dubai,خاصة,Private,National,Master of Business Administration,NS,15
2017-2018,جامعة الغرير,AL GHURAIR UNIVERSITY,دبي,Dubai,خاصة,Private,Non-National,Master of Business Administration,NS,4
2017-2018,جامعة الغرير,AL GHURAIR UNIVERSITY,دبي,Dubai,خاصة,Private,National,Masters,E,19
2017-2018,جامعة الغرير,AL GHURAIR UNIVERSITY,دبي,Dubai,خاصة,Private,Non-National,Masters,E,13
2017-2018,جامعة الغرير,AL GHURAIR UNIVERSITY,دبي,Dubai,خاصة,Private,National,Masters,NS,18
2017-2018,جامعة الغرير,AL GHURAIR UNIVERSITY,دبي,Dubai,خاصة,Private,Non-National,Masters,NS,4
2017-2018,جامعة الفجيرة,UNIVERSITY OF FUJAIRAH,الفجيرة,Fujairah,شبه حكومية,Semi Government,National,Bachelors,NS,26
2017-2018,جامعة الفجيرة,UNIVERSITY OF FUJAIRAH,الفجيرة,Fujairah,شبه حكومية,Semi Government,Non-National,Bachelors,NS,11
2017-2018,جامعة الفجيرة,UNIVERSITY OF FUJAIRAH,الفجيرة,Fujairah,شبه حكومية,Semi Government,National,Bachelors,T,6
2017-2018,جامعة الفجيرة,UNIVERSITY OF FUJAIRAH,الفجيرة,Fujairah,شبه حكومية,Semi Government,Non-National,Bachelors,T,3
2017-2018,جامعة الفجيرة,UNIVERSITY OF FUJAIRAH,الفجيرة,Fujairah,شبه حكومية,Semi Government,National,Diploma,NS,3
2017-2018,جامعة الفجيرة,UNIVERSITY OF FUJAIRAH,الفجيرة,Fujairah,شبه حكومية,Semi Government,Non-National,Diploma,NS,1
2017-2018,جامعة الفجيرة,UNIVERSITY OF FUJAIRAH,الفجيرة,Fujairah,شبه حكومية,Semi Government,National,Masters,NS,32
2017-2018,جامعة الفلاح,AL FALAH UNIVERSITY,دبي,Dubai,خاصة,Private,National,Bachelors,NS,72
2017-2018,جامعة الفلاح,AL FALAH UNIVERSITY,دبي,Dubai,خاصة,Private,Non-National,Bachelors,NS,8
2017-2018,جامعة الفلاح,AL FALAH UNIVERSITY,دبي,Dubai,خاصة,Private,National,Master of Business Administration,NS,9
2017-2018,جامعة الفلاح,AL FALAH UNIVERSITY,دبي,Dubai,خاصة,Private,Non-National,Master of Business Administration,NS,1
2017-2018,جامعة الفلاح,AL FALAH UNIVERSITY,دبي,Dubai,خاصة,Private,National,Masters,NS,6
2017-2018,جامعة الوصل,AL WASL UNIVERSITY,دبي,Dubai,خاصة,Private,National,Bachelors,NS,34
2017-2018,جامعة الوصل,AL WASL UNIVERSITY,دبي,Dubai,خاصة,Private,Non-National,Bachelors,NS,222
2017-2018,جامعة الوصل,AL WASL UNIVERSITY,دبي,Dubai,خاصة,Private,National,Bachelors,T,8
2017-2018,جامعة الوصل,AL WASL UNIVERSITY,دبي,Dubai,خاصة,Private,Non-National,Bachelors,T,405
2017-2018,جامعة الوصل,AL WASL UNIVERSITY,دبي,Dubai,خاصة,Private,National,Doctorate,NS,6
2017-2018,جامعة الوصل,AL WASL UNIVERSITY,دبي,Dubai,خاصة,Private,National,Doctorate,T,3
2017-2018,جامعة الوصل,AL WASL UNIVERSITY,دبي,Dubai,خاصة,Private,National,Masters,NS,5
2017-2018,جامعة الوصل,AL WASL UNIVERSITY,دبي,Dubai,خاصة,Private,Non-National,Masters,NS,1
2017-2018,جامعة الوصل,AL WASL UNIVERSITY,دبي,Dubai,خاصة,Private,Non-National,Masters,T,1
2017-2018,جامعة جميرا,JUMEIRA UNIVERSITY,دبي,Dubai,خاصة,Private,National,Bachelors,NS,31
2017-2018,جامعة جميرا,JUMEIRA UNIVERSITY,دبي,Dubai,خاصة,Private,Non-National,Bachelors,NS,25
2017-2018,جامعة جميرا,JUMEIRA UNIVERSITY,دبي,Dubai,خاصة,Private,Non-National,Bachelors,S,7
2017-2018,جامعة حمدان بن محمد الذكية,HAMDAN BIN MOHAMMED  SMART UNIVERSITY,دبي,Dubai,شبه حكومية,Semi Government,National,Bachelors,NS,29
2017-2018,جامعة حمدان بن محمد الذكية,HAMDAN BIN MOHAMMED  SMART UNIVERSITY,دبي,Dubai,شبه حكومية,Semi Government,Non-National,Bachelors,NS,64
2017-2018,جامعة حمدان بن محمد الذكية,HAMDAN BIN MOHAMMED  SMART UNIVERSITY,دبي,Dubai,شبه حكومية,Semi Government,Non-National,Bachelors,S,12
2017-2018,جامعة حمدان بن محمد الذكية,HAMDAN BIN MOHAMMED  SMART UNIVERSITY,دبي,Dubai,شبه حكومية,Semi Government,National,Diploma,NS,1
2017-2018,جامعة حمدان بن محمد الذكية,HAMDAN BIN MOHAMMED  SMART UNIVERSITY,دبي,Dubai,شبه حكومية,Semi Government,Non-National,Diploma,NS,1
2017-2018,جامعة حمدان بن محمد الذكية,HAMDAN BIN MOHAMMED  SMART UNIVERSITY,دبي,Dubai,شبه حكومية,Semi Government,National,Masters,NS,94
2017-2018,جامعة حمدان بن محمد الذكية,HAMDAN BIN MOHAMMED  SMART UNIVERSITY,دبي,Dubai,شبه حكومية,Semi Government,Non-National,Masters,NS,6
2017-2018,جامعة حمدان بن محمد الذكية,HAMDAN BIN MOHAMMED  SMART UNIVERSITY,دبي,Dubai,شبه حكومية,Semi Government,National,Masters,S,12
2017-2018,جامعة حمدان بن محمد الذكية,HAMDAN BIN MOHAMMED  SMART UNIVERSITY,دبي,Dubai,شبه حكومية,Semi Government,Non-National,Masters,S,3
2017-2018,جامعة خليفة,KHALIFA UNIVERSITY,أبوظبي,Abu Dhabi,حكومة محلية,Local Government,National,Bachelors,E,370
2017-2018,جامعة خليفة,KHALIFA UNIVERSITY,أبوظبي,Abu Dhabi,حكومة محلية,Local Government,Non-National,Bachelors,E,72
2017-2018,جامعة خليفة,KHALIFA UNIVERSITY,أبوظبي,Abu Dhabi,حكومة محلية,Local Government,National,Bachelors,T,5
2017-2018,جامعة خليفة,KHALIFA UNIVERSITY,أبوظبي,Abu Dhabi,حكومة محلية,Local Government,Non-National,Bachelors,T,2
2017-2018,جامعة خليفة,KHALIFA UNIVERSITY,أبوظبي,Abu Dhabi,حكومة محلية,Local Government,National,Doctorate,E,4
2017-2018,جامعة خليفة,KHALIFA UNIVERSITY,أبوظبي,Abu Dhabi,حكومة محلية,Local Government,Non-National,Doctorate,E,9
2017-2018,جامعة خليفة,KHALIFA UNIVERSITY,أبوظبي,Abu Dhabi,حكومة محلية,Local Government,National,Doctorate,S,1
2017-2018,جامعة خليفة,KHALIFA UNIVERSITY,أبوظبي,Abu Dhabi,حكومة محلية,Local Government,Non-National,Doctorate,S,2
2017-2018,جامعة خليفة,KHALIFA UNIVERSITY,أبوظبي,Abu Dhabi,حكومة محلية,Local Government,National,Masters,E,28
2017-2018,جامعة خليفة,KHALIFA UNIVERSITY,أبوظبي,Abu Dhabi,حكومة محلية,Local Government,Non-National,Masters,E,100
2017-2018,جامعة خليفة,KHALIFA UNIVERSITY,أبوظبي,Abu Dhabi,حكومة محلية,Local Government,National,Masters,NS,14
2017-2018,جامعة خليفة,KHALIFA UNIVERSITY,أبوظبي,Abu Dhabi,حكومة محلية,Local Government,National,Masters,S,2
2017-2018,جامعة خليفة,KHALIFA UNIVERSITY,أبوظبي,Abu Dhabi,حكومة محلية,Local Government,Non-National,Masters,S,10
2017-2018,جامعة خليفة,KHALIFA UNIVERSITY,أبوظبي,Abu Dhabi,حكومة محلية,Local Government,National,Masters,T,2
2017-2018,جامعة دبي,UNIVERSITY OF DUBAI,دبي,Dubai,حكومة محلية,Local Government,National,Bachelors,NS,5
2017-2018,جامعة دبي,UNIVERSITY OF DUBAI,دبي,Dubai,حكومة محلية,Local Government,Non-National,Bachelors,NS,57
2017-2018,جامعة دبي,UNIVERSITY OF DUBAI,دبي,Dubai,حكومة محلية,Local Government,National,Bachelors,T,4
2017-2018,جامعة دبي,UNIVERSITY OF DUBAI,دبي,Dubai,حكومة محلية,Local Government,Non-National,Bachelors,T,7
2017-2018,جامعة دبي,UNIVERSITY OF DUBAI,دبي,Dubai,حكومة محلية,Local Government,National,Doctor of Business Administrate,NS,3
2017-2018,جامعة دبي,UNIVERSITY OF DUBAI,دبي,Dubai,حكومة محلية,Local Government,Non-National,Doctor of Business Administrate,NS,2
2017-2018,جامعة دبي,UNIVERSITY OF DUBAI,دبي,Dubai,حكومة محلية,Local Government,National,Master of Business Administration,NS,65
2017-2018,جامعة دبي,UNIVERSITY OF DUBAI,دبي,Dubai,حكومة محلية,Local Government,Non-National,Master of Business Administration,NS,10
2017-2018,جامعة دبي,UNIVERSITY OF DUBAI,دبي,Dubai,حكومة محلية,Local Government,National,Masters,NS,5
2017-2018,جامعة دبي,UNIVERSITY OF DUBAI,دبي,Dubai,حكومة محلية,Local Government,Non-National,Masters,NS,3
2017-2018,جامعة رأس الخيمة للطب والعلوم الصحية,RAS AL KHAIMAH MEDICAL AND HEALTH SCIENCES UNIVERSITY,رأس الخيمة,Ras Al Khaima,حكومة محلية,Local Government,National,Bachelors,S,82
2017-2018,جامعة رأس الخيمة للطب والعلوم الصحية,RAS AL KHAIMAH MEDICAL AND HEALTH SCIENCES UNIVERSITY,رأس الخيمة,Ras Al Khaima,حكومة محلية,Local Government,Non-National,Bachelors,S,469
2017-2018,جامعة رأس الخيمة للطب والعلوم الصحية,RAS AL KHAIMAH MEDICAL AND HEALTH SCIENCES UNIVERSITY,رأس الخيمة,Ras Al Khaima,حكومة محلية,Local Government,National,Masters,S,26
2017-2018,جامعة رأس الخيمة للطب والعلوم الصحية,RAS AL KHAIMAH MEDICAL AND HEALTH SCIENCES UNIVERSITY,رأس الخيمة,Ras Al Khaima,حكومة محلية,Local Government,Non-National,Masters,S,20
2017-2018,جامعة زايد,ZAYED UNIVERSITY,أبوظبي,Abu Dhabi,حكومة إتحادية,Federal Government,National,Bachelors,NS,465
2017-2018,جامعة زايد,ZAYED UNIVERSITY,أبوظبي,Abu Dhabi,حكومة إتحادية,Federal Government,Non-National,Bachelors,NS,27
2017-2018,جامعة زايد,ZAYED UNIVERSITY,أبوظبي,Abu Dhabi,حكومة إتحادية,Federal Government,National,Bachelors,S,56
2017-2018,جامعة زايد,ZAYED UNIVERSITY,أبوظبي,Abu Dhabi,حكومة إتحادية,Federal Government,Non-National,Bachelors,S,6
2017-2018,جامعة زايد,ZAYED UNIVERSITY,أبوظبي,Abu Dhabi,حكومة إتحادية,Federal Government,National,Bachelors,T,102
2017-2018,جامعة زايد,ZAYED UNIVERSITY,أبوظبي,Abu Dhabi,حكومة إتحادية,Federal Government,Non-National,Bachelors,T,4
2017-2018,جامعة زايد,ZAYED UNIVERSITY,أبوظبي,Abu Dhabi,حكومة إتحادية,Federal Government,National,Masters,NS,43
2017-2018,جامعة زايد,ZAYED UNIVERSITY,أبوظبي,Abu Dhabi,حكومة إتحادية,Federal Government,Non-National,Masters,NS,18
2017-2018,جامعة زايد,ZAYED UNIVERSITY,أبوظبي,Abu Dhabi,حكومة إتحادية,Federal Government,National,Masters,S,10
2017-2018,جامعة زايد,ZAYED UNIVERSITY,أبوظبي,Abu Dhabi,حكومة إتحادية,Federal Government,Non-National,Masters,S,1
2017-2018,جامعة زايد,ZAYED UNIVERSITY,دبي,Dubai,حكومة إتحادية,Federal Government,National,Bachelors,NS,410
2017-2018,جامعة زايد,ZAYED UNIVERSITY,دبي,Dubai,حكومة إتحادية,Federal Government,Non-National,Bachelors,NS,9
2017-2018,جامعة زايد,ZAYED UNIVERSITY,دبي,Dubai,حكومة إتحادية,Federal Government,National,Bachelors,S,45
2017-2018,جامعة زايد,ZAYED UNIVERSITY,دبي,Dubai,حكومة إتحادية,Federal Government,Non-National,Bachelors,S,2
2017-2018,جامعة زايد,ZAYED UNIVERSITY,دبي,Dubai,حكومة إتحادية,Federal Government,National,Bachelors,T,137
2017-2018,جامعة زايد,ZAYED UNIVERSITY,دبي,Dubai,حكومة إتحادية,Federal Government,Non-National,Bachelors,T,8
2017-2018,جامعة زايد,ZAYED UNIVERSITY,دبي,Dubai,حكومة إتحادية,Federal Government,National,Masters,NS,6
2017-2018,جامعة زايد,ZAYED UNIVERSITY,دبي,Dubai,حكومة إتحادية,Federal Government,Non-National,Masters,NS,3
2017-2018,جامعة سان جوزف دبي,SAINT JOSEPH UNIVERSITY DUBAI,دبي,Dubai,فرع مؤسسة دولية,Branch of International Institution,National,Bachelors,NS,8
2017-2018,جامعة سان جوزف دبي,SAINT JOSEPH UNIVERSITY DUBAI,دبي,Dubai,فرع مؤسسة دولية,Branch of International Institution,Non-National,Bachelors,NS,4
2017-2018,جامعة سان جوزف دبي,SAINT JOSEPH UNIVERSITY DUBAI,دبي,Dubai,فرع مؤسسة دولية,Branch of International Institution,National,Masters,NS,3
2017-2018,جامعة سان جوزف دبي,SAINT JOSEPH UNIVERSITY DUBAI,دبي,Dubai,فرع مؤسسة دولية,Branch of International Institution,Non-National,Masters,NS,2
2017-2018,جامعة عجمان,AJMAN UNIVERSITY ,الفجيرة,Fujairah,خاصة,Private,National,Bachelors,E,5
2017-2018,جامعة عجمان,AJMAN UNIVERSITY ,الفجيرة,Fujairah,خاصة,Private,Non-National,Bachelors,E,10
2017-2018,جامعة عجمان,AJMAN UNIVERSITY ,الفجيرة,Fujairah,خاصة,Private,National,Bachelors,NS,153
2017-2018,جامعة عجمان,AJMAN UNIVERSITY ,الفجيرة,Fujairah,خاصة,Private,Non-National,Bachelors,NS,72
2017-2018,جامعة عجمان,AJMAN UNIVERSITY ,الفجيرة,Fujairah,خاصة,Private,National,Bachelors,S,6
2017-2018,جامعة عجمان,AJMAN UNIVERSITY ,الفجيرة,Fujairah,خاصة,Private,Non-National,Bachelors,S,30
2017-2018,جامعة عجمان,AJMAN UNIVERSITY ,الفجيرة,Fujairah,خاصة,Private,National,Bachelors,T,6
2017-2018,جامعة عجمان,AJMAN UNIVERSITY ,الفجيرة,Fujairah,خاصة,Private,Non-National,Bachelors,T,3
2017-2018,جامعة عجمان,AJMAN UNIVERSITY ,الفجيرة,Fujairah,خاصة,Private,National,Doctor of Dental Medicine,S,9
2017-2018,جامعة عجمان,AJMAN UNIVERSITY ,الفجيرة,Fujairah,خاصة,Private,Non-National,Doctor of Dental Medicine,S,49
2017-2018,جامعة عجمان,AJMAN UNIVERSITY ,عجمان,Ajman,خاصة,Private,National,Bachelors,E,6
2017-2018,جامعة عجمان,AJMAN UNIVERSITY ,عجمان,Ajman,خاصة,Private,Non-National,Bachelors,E,218
2017-2018,جامعة عجمان,AJMAN UNIVERSITY ,عجمان,Ajman,خاصة,Private,National,Bachelors,NS,196
2017-2018,جامعة عجمان,AJMAN UNIVERSITY ,عجمان,Ajman,خاصة,Private,Non-National,Bachelors,NS,456
2017-2018,جامعة عجمان,AJMAN UNIVERSITY ,عجمان,Ajman,خاصة,Private,National,Bachelors,S,2
2017-2018,جامعة عجمان,AJMAN UNIVERSITY ,عجمان,Ajman,خاصة,Private,Non-National,Bachelors,S,79
2017-2018,جامعة عجمان,AJMAN UNIVERSITY ,عجمان,Ajman,خاصة,Private,National,Bachelors,T,4
2017-2018,جامعة عجمان,AJMAN UNIVERSITY ,عجمان,Ajman,خاصة,Private,Non-National,Bachelors,T,45
2017-2018,جامعة عجمان,AJMAN UNIVERSITY ,عجمان,Ajman,خاصة,Private,National,Doctor of Dental Medicine,S,2
2017-2018,جامعة عجمان,AJMAN UNIVERSITY ,عجمان,Ajman,خاصة,Private,Non-National,Doctor of Dental Medicine,S,154
2017-2018,جامعة عجمان,AJMAN UNIVERSITY ,عجمان,Ajman,خاصة,Private,National,Master of Business Administration,NS,4
2017-2018,جامعة عجمان,AJMAN UNIVERSITY ,عجمان,Ajman,خاصة,Private,Non-National,Master of Business Administration,NS,5
2017-2018,جامعة عجمان,AJMAN UNIVERSITY ,عجمان,Ajman,خاصة,Private,National,Masters,NS,34
2017-2018,جامعة عجمان,AJMAN UNIVERSITY ,عجمان,Ajman,خاصة,Private,Non-National,Masters,NS,24
2017-2018,جامعة عجمان,AJMAN UNIVERSITY ,عجمان,Ajman,خاصة,Private,National,Masters,S,1
2017-2018,جامعة عجمان,AJMAN UNIVERSITY ,عجمان,Ajman,خاصة,Private,Non-National,Masters,S,9
2017-2018,جامعة عجمان,AJMAN UNIVERSITY ,عجمان,Ajman,خاصة,Private,Non-National,Professional Diploma,NS,19
2017-2018,جامعة محمد بن راشد للطب والعلوم الصحية,MOHAMMED BIN RASHID UNIVERSITY OF MEDICINE AND HEALTH SCIENCES,دبي,Dubai,حكومة محلية,Local Government,National,Masters,S,10
2017-2018,جامعة محمد بن راشد للطب والعلوم الصحية,MOHAMMED BIN RASHID UNIVERSITY OF MEDICINE AND HEALTH SCIENCES,دبي,Dubai,حكومة محلية,Local Government,Non-National,Masters,S,7
2017-2018,جامعة محمد بن زايد للعلوم الإنسانية,MOHAMED BIN ZAYED UNIVERSITY FOR HUMANITIES,أبوظبي,Abu Dhabi,حكومة محلية,Local Government,National,Bachelors,NS,19
2017-2018,جامعة محمد بن زايد للعلوم الإنسانية,MOHAMED BIN ZAYED UNIVERSITY FOR HUMANITIES,أبوظبي,Abu Dhabi,حكومة محلية,Local Government,Non-National,Bachelors,NS,15
2017-2018,جامعة محمد بن زايد للعلوم الإنسانية,MOHAMED BIN ZAYED UNIVERSITY FOR HUMANITIES,أبوظبي,Abu Dhabi,حكومة محلية,Local Government,National,Masters,NS,6
2017-2018,جامعة محمد بن زايد للعلوم الإنسانية,MOHAMED BIN ZAYED UNIVERSITY FOR HUMANITIES,أبوظبي,Abu Dhabi,حكومة محلية,Local Government,Non-National,Masters,NS,2
2017-2018,جامعة نيويورك,"NEW YORK UNIVERSITY, ABU DHABI",أبوظبي,Abu Dhabi,فرع مؤسسة دولية,Branch of International Institution,National,Bachelors,E,2
2017-2018,جامعة نيويورك,"NEW YORK UNIVERSITY, ABU DHABI",أبوظبي,Abu Dhabi,فرع مؤسسة دولية,Branch of International Institution,Non-National,Bachelors,E,31
2017-2018,جامعة نيويورك,"NEW YORK UNIVERSITY, ABU DHABI",أبوظبي,Abu Dhabi,فرع مؤسسة دولية,Branch of International Institution,National,Bachelors,NS,17
2017-2018,جامعة نيويورك,"NEW YORK UNIVERSITY, ABU DHABI",أبوظبي,Abu Dhabi,فرع مؤسسة دولية,Branch of International Institution,Non-National,Bachelors,NS,124
2017-2018,جامعة نيويورك,"NEW YORK UNIVERSITY, ABU DHABI",أبوظبي,Abu Dhabi,فرع مؤسسة دولية,Branch of International Institution,National,Bachelors,S,2
2017-2018,جامعة نيويورك,"NEW YORK UNIVERSITY, ABU DHABI",أبوظبي,Abu Dhabi,فرع مؤسسة دولية,Branch of International Institution,Non-National,Bachelors,S,11
2017-2018,جامعة نيويورك,"NEW YORK UNIVERSITY, ABU DHABI",أبوظبي,Abu Dhabi,فرع مؤسسة دولية,Branch of International Institution,National,Bachelors,"S,M",1
2017-2018,جامعة نيويورك,"NEW YORK UNIVERSITY, ABU DHABI",أبوظبي,Abu Dhabi,فرع مؤسسة دولية,Branch of International Institution,Non-National,Bachelors,"S,M",25
2017-2018,جامعة نيويورك,"NEW YORK UNIVERSITY, ABU DHABI",أبوظبي,Abu Dhabi,فرع مؤسسة دولية,Branch of International Institution,National,Bachelors,T,1
2017-2018,جامعة نيويورك,"NEW YORK UNIVERSITY, ABU DHABI",أبوظبي,Abu Dhabi,فرع مؤسسة دولية,Branch of International Institution,Non-National,Bachelors,T,26
2017-2018,جامعة ولونغونغ فى دبى,UNIVERSITY OF WOLLONGONG IN DUBAI,دبي,Dubai,فرع مؤسسة دولية,Branch of International Institution,Non-National,Bachelors,E,30
2017-2018,جامعة ولونغونغ فى دبى,UNIVERSITY OF WOLLONGONG IN DUBAI,دبي,Dubai,فرع مؤسسة دولية,Branch of International Institution,National,Bachelors,NS,1
2017-2018,جامعة ولونغونغ فى دبى,UNIVERSITY OF WOLLONGONG IN DUBAI,دبي,Dubai,فرع مؤسسة دولية,Branch of International Institution,Non-National,Bachelors,NS,167
2017-2018,جامعة ولونغونغ فى دبى,UNIVERSITY OF WOLLONGONG IN DUBAI,دبي,Dubai,فرع مؤسسة دولية,Branch of International Institution,Non-National,Bachelors,"S,M",53
2017-2018,جامعة ولونغونغ فى دبى,UNIVERSITY OF WOLLONGONG IN DUBAI,دبي,Dubai,فرع مؤسسة دولية,Branch of International Institution,Non-National,Bachelors,T,36
2017-2018,جامعة ولونغونغ فى دبى,UNIVERSITY OF WOLLONGONG IN DUBAI,دبي,Dubai,فرع مؤسسة دولية,Branch of International Institution,Non-National,Certificate,NS,1
2017-2018,جامعة ولونغونغ فى دبى,UNIVERSITY OF WOLLONGONG IN DUBAI,دبي,Dubai,فرع مؤسسة دولية,Branch of International Institution,National,Doctor of Business Administrate,NS,1
2017-2018,جامعة ولونغونغ فى دبى,UNIVERSITY OF WOLLONGONG IN DUBAI,دبي,Dubai,فرع مؤسسة دولية,Branch of International Institution,National,Doctorate,NS,1
2017-2018,جامعة ولونغونغ فى دبى,UNIVERSITY OF WOLLONGONG IN DUBAI,دبي,Dubai,فرع مؤسسة دولية,Branch of International Institution,Non-National,Graduate Certificate,NS,3
2017-2018,جامعة ولونغونغ فى دبى,UNIVERSITY OF WOLLONGONG IN DUBAI,دبي,Dubai,فرع مؤسسة دولية,Branch of International Institution,National,Masters,E,35
2017-2018,جامعة ولونغونغ فى دبى,UNIVERSITY OF WOLLONGONG IN DUBAI,دبي,Dubai,فرع مؤسسة دولية,Branch of International Institution,Non-National,Masters,E,69
2017-2018,جامعة ولونغونغ فى دبى,UNIVERSITY OF WOLLONGONG IN DUBAI,دبي,Dubai,فرع مؤسسة دولية,Branch of International Institution,National,Masters,NS,35
2017-2018,جامعة ولونغونغ فى دبى,UNIVERSITY OF WOLLONGONG IN DUBAI,دبي,Dubai,فرع مؤسسة دولية,Branch of International Institution,Non-National,Masters,NS,266
2017-2018,جامعة ولونغونغ فى دبى,UNIVERSITY OF WOLLONGONG IN DUBAI,دبي,Dubai,فرع مؤسسة دولية,Branch of International Institution,Non-National,Masters,"S,M",10
2017-2018,جامعة ولونغونغ فى دبى,UNIVERSITY OF WOLLONGONG IN DUBAI,دبي,Dubai,فرع مؤسسة دولية,Branch of International Institution,National,Masters,T,4
2017-2018,جامعة ولونغونغ فى دبى,UNIVERSITY OF WOLLONGONG IN DUBAI,دبي,Dubai,فرع مؤسسة دولية,Branch of International Institution,Non-National,Masters,T,27
2017-2018,كليات التقنية العليا,HIGHER COLLEGES OF TECHNOLOGY,أبوظبي,Abu Dhabi,حكومة إتحادية,Federal Government,National,Bachelors,E,592
2017-2018,كليات التقنية العليا,HIGHER COLLEGES OF TECHNOLOGY,أبوظبي,Abu Dhabi,حكومة إتحادية,Federal Government,Non-National,Bachelors,E,18
2017-2018,كليات التقنية العليا,HIGHER COLLEGES OF TECHNOLOGY,أبوظبي,Abu Dhabi,حكومة إتحادية,Federal Government,National,Bachelors,NS,608
2017-2018,كليات التقنية العليا,HIGHER COLLEGES OF TECHNOLOGY,أبوظبي,Abu Dhabi,حكومة إتحادية,Federal Government,Non-National,Bachelors,NS,22
2017-2018,كليات التقنية العليا,HIGHER COLLEGES OF TECHNOLOGY,أبوظبي,Abu Dhabi,حكومة إتحادية,Federal Government,National,Bachelors,S,37
2017-2018,كليات التقنية العليا,HIGHER COLLEGES OF TECHNOLOGY,أبوظبي,Abu Dhabi,حكومة إتحادية,Federal Government,Non-National,Bachelors,S,5
2017-2018,كليات التقنية العليا,HIGHER COLLEGES OF TECHNOLOGY,أبوظبي,Abu Dhabi,حكومة إتحادية,Federal Government,National,Bachelors,T,280
2017-2018,كليات التقنية العليا,HIGHER COLLEGES OF TECHNOLOGY,أبوظبي,Abu Dhabi,حكومة إتحادية,Federal Government,Non-National,Bachelors,T,13
2017-2018,كليات التقنية العليا,HIGHER COLLEGES OF TECHNOLOGY,أبوظبي,Abu Dhabi,حكومة إتحادية,Federal Government,National,Certificate,NS,237
2017-2018,كليات التقنية العليا,HIGHER COLLEGES OF TECHNOLOGY,أبوظبي,Abu Dhabi,حكومة إتحادية,Federal Government,National,Diploma,E,16
2017-2018,كليات التقنية العليا,HIGHER COLLEGES OF TECHNOLOGY,أبوظبي,Abu Dhabi,حكومة إتحادية,Federal Government,Non-National,Diploma,E,3
2017-2018,كليات التقنية العليا,HIGHER COLLEGES OF TECHNOLOGY,أبوظبي,Abu Dhabi,حكومة إتحادية,Federal Government,National,Diploma,NS,24
2017-2018,كليات التقنية العليا,HIGHER COLLEGES OF TECHNOLOGY,أبوظبي,Abu Dhabi,حكومة إتحادية,Federal Government,National,Diploma,S,1
2017-2018,كليات التقنية العليا,HIGHER COLLEGES OF TECHNOLOGY,أبوظبي,Abu Dhabi,حكومة إتحادية,Federal Government,National,Diploma,T,31
2017-2018,كليات التقنية العليا,HIGHER COLLEGES OF TECHNOLOGY,أبوظبي,Abu Dhabi,حكومة إتحادية,Federal Government,Non-National,Diploma,T,3
2017-2018,كليات التقنية العليا,HIGHER COLLEGES OF TECHNOLOGY,الشارقة,Sharjah,حكومة إتحادية,Federal Government,National,Bachelors,E,200
2017-2018,كليات التقنية العليا,HIGHER COLLEGES OF TECHNOLOGY,الشارقة,Sharjah,حكومة إتحادية,Federal Government,Non-National,Bachelors,E,25
2017-2018,كليات التقنية العليا,HIGHER COLLEGES OF TECHNOLOGY,الشارقة,Sharjah,حكومة إتحادية,Federal Government,National,Bachelors,NS,285
2017-2018,كليات التقنية العليا,HIGHER COLLEGES OF TECHNOLOGY,الشارقة,Sharjah,حكومة إتحادية,Federal Government,Non-National,Bachelors,NS,33
2017-2018,كليات التقنية العليا,HIGHER COLLEGES OF TECHNOLOGY,الشارقة,Sharjah,حكومة إتحادية,Federal Government,National,Bachelors,S,66
2017-2018,كليات التقنية العليا,HIGHER COLLEGES OF TECHNOLOGY,الشارقة,Sharjah,حكومة إتحادية,Federal Government,Non-National,Bachelors,S,3
2017-2018,كليات التقنية العليا,HIGHER COLLEGES OF TECHNOLOGY,الشارقة,Sharjah,حكومة إتحادية,Federal Government,National,Bachelors,T,93
2017-2018,كليات التقنية العليا,HIGHER COLLEGES OF TECHNOLOGY,الشارقة,Sharjah,حكومة إتحادية,Federal Government,Non-National,Bachelors,T,7
2017-2018,كليات التقنية العليا,HIGHER COLLEGES OF TECHNOLOGY,الشارقة,Sharjah,حكومة إتحادية,Federal Government,National,Certificate,NS,1
2017-2018,كليات التقنية العليا,HIGHER COLLEGES OF TECHNOLOGY,الشارقة,Sharjah,حكومة إتحادية,Federal Government,National,Diploma,NS,8
2017-2018,كليات التقنية العليا,HIGHER COLLEGES OF TECHNOLOGY,الشارقة,Sharjah,حكومة إتحادية,Federal Government,National,Diploma,T,4
2017-2018,كليات التقنية العليا,HIGHER COLLEGES OF TECHNOLOGY,الشارقة,Sharjah,حكومة إتحادية,Federal Government,Non-National,Diploma,T,1
2017-2018,كليات التقنية العليا,HIGHER COLLEGES OF TECHNOLOGY,الفجيرة,Fujairah,حكومة إتحادية,Federal Government,National,Bachelors,E,97
2017-2018,كليات التقنية العليا,HIGHER COLLEGES OF TECHNOLOGY,الفجيرة,Fujairah,حكومة إتحادية,Federal Government,Non-National,Bachelors,E,3
2017-2018,كليات التقنية العليا,HIGHER COLLEGES OF TECHNOLOGY,الفجيرة,Fujairah,حكومة إتحادية,Federal Government,National,Bachelors,NS,151
2017-2018,كليات التقنية العليا,HIGHER COLLEGES OF TECHNOLOGY,الفجيرة,Fujairah,حكومة إتحادية,Federal Government,Non-National,Bachelors,NS,3
2017-2018,كليات التقنية العليا,HIGHER COLLEGES OF TECHNOLOGY,الفجيرة,Fujairah,حكومة إتحادية,Federal Government,National,Bachelors,S,21
2017-2018,كليات التقنية العليا,HIGHER COLLEGES OF TECHNOLOGY,الفجيرة,Fujairah,حكومة إتحادية,Federal Government,Non-National,Bachelors,S,2
2017-2018,كليات التقنية العليا,HIGHER COLLEGES OF TECHNOLOGY,الفجيرة,Fujairah,حكومة إتحادية,Federal Government,National,Bachelors,T,55
2017-2018,كليات التقنية العليا,HIGHER COLLEGES OF TECHNOLOGY,الفجيرة,Fujairah,حكومة إتحادية,Federal Government,Non-National,Bachelors,T,1
2017-2018,كليات التقنية العليا,HIGHER COLLEGES OF TECHNOLOGY,الفجيرة,Fujairah,حكومة إتحادية,Federal Government,National,Diploma,E,2
2017-2018,كليات التقنية العليا,HIGHER COLLEGES OF TECHNOLOGY,الفجيرة,Fujairah,حكومة إتحادية,Federal Government,National,Diploma,NS,7
2017-2018,كليات التقنية العليا,HIGHER COLLEGES OF TECHNOLOGY,الفجيرة,Fujairah,حكومة إتحادية,Federal Government,National,Diploma,S,1
2017-2018,كليات التقنية العليا,HIGHER COLLEGES OF TECHNOLOGY,الفجيرة,Fujairah,حكومة إتحادية,Federal Government,Non-National,Diploma,S,1
2017-2018,كليات التقنية العليا,HIGHER COLLEGES OF TECHNOLOGY,دبي,Dubai,حكومة إتحادية,Federal Government,National,Bachelors,E,283
2017-2018,كليات التقنية العليا,HIGHER COLLEGES OF TECHNOLOGY,دبي,Dubai,حكومة إتحادية,Federal Government,Non-National,Bachelors,E,14
2017-2018,كليات التقنية العليا,HIGHER COLLEGES OF TECHNOLOGY,دبي,Dubai,حكومة إتحادية,Federal Government,National,Bachelors,NS,494
2017-2018,كليات التقنية العليا,HIGHER COLLEGES OF TECHNOLOGY,دبي,Dubai,حكومة إتحادية,Federal Government,Non-National,Bachelors,NS,17
2017-2018,كليات التقنية العليا,HIGHER COLLEGES OF TECHNOLOGY,دبي,Dubai,حكومة إتحادية,Federal Government,National,Bachelors,S,25
2017-2018,كليات التقنية العليا,HIGHER COLLEGES OF TECHNOLOGY,دبي,Dubai,حكومة إتحادية,Federal Government,Non-National,Bachelors,S,5
2017-2018,كليات التقنية العليا,HIGHER COLLEGES OF TECHNOLOGY,دبي,Dubai,حكومة إتحادية,Federal Government,National,Bachelors,T,134
2017-2018,كليات التقنية العليا,HIGHER COLLEGES OF TECHNOLOGY,دبي,Dubai,حكومة إتحادية,Federal Government,Non-National,Bachelors,T,4
2017-2018,كليات التقنية العليا,HIGHER COLLEGES OF TECHNOLOGY,دبي,Dubai,حكومة إتحادية,Federal Government,National,Certificate,NS,1
2017-2018,كليات التقنية العليا,HIGHER COLLEGES OF TECHNOLOGY,دبي,Dubai,حكومة إتحادية,Federal Government,National,Diploma,NS,10
2017-2018,كليات التقنية العليا,HIGHER COLLEGES OF TECHNOLOGY,دبي,Dubai,حكومة إتحادية,Federal Government,Non-National,Diploma,NS,1
2017-2018,كليات التقنية العليا,HIGHER COLLEGES OF TECHNOLOGY,دبي,Dubai,حكومة إتحادية,Federal Government,National,Diploma,T,10
2017-2018,كليات التقنية العليا,HIGHER COLLEGES OF TECHNOLOGY,رأس الخيمة,Ras Al Khaima,حكومة إتحادية,Federal Government,National,Bachelors,E,156
2017-2018,كليات التقنية العليا,HIGHER COLLEGES OF TECHNOLOGY,رأس الخيمة,Ras Al Khaima,حكومة إتحادية,Federal Government,Non-National,Bachelors,E,10
2017-2018,كليات التقنية العليا,HIGHER COLLEGES OF TECHNOLOGY,رأس الخيمة,Ras Al Khaima,حكومة إتحادية,Federal Government,National,Bachelors,NS,152
2017-2018,كليات التقنية العليا,HIGHER COLLEGES OF TECHNOLOGY,رأس الخيمة,Ras Al Khaima,حكومة إتحادية,Federal Government,Non-National,Bachelors,NS,4
2017-2018,كليات التقنية العليا,HIGHER COLLEGES OF TECHNOLOGY,رأس الخيمة,Ras Al Khaima,حكومة إتحادية,Federal Government,National,Bachelors,T,110
2017-2018,كليات التقنية العليا,HIGHER COLLEGES OF TECHNOLOGY,رأس الخيمة,Ras Al Khaima,حكومة إتحادية,Federal Government,Non-National,Bachelors,T,5
2017-2018,كليات التقنية العليا,HIGHER COLLEGES OF TECHNOLOGY,رأس الخيمة,Ras Al Khaima,حكومة إتحادية,Federal Government,National,Certificate,NS,2
2017-2018,كليات التقنية العليا,HIGHER COLLEGES OF TECHNOLOGY,رأس الخيمة,Ras Al Khaima,حكومة إتحادية,Federal Government,National,Diploma,E,1
2017-2018,كليات التقنية العليا,HIGHER COLLEGES OF TECHNOLOGY,رأس الخيمة,Ras Al Khaima,حكومة إتحادية,Federal Government,National,Diploma,T,7
2017-2018,كليات التقنية العليا,HIGHER COLLEGES OF TECHNOLOGY,رأس الخيمة,Ras Al Khaima,حكومة إتحادية,Federal Government,Non-National,Diploma,T,1
2017-2018,كلية  الخوارزمى الدولية,AL KHAWARIZMI INTERNATIONAL COLLEGE,أبوظبي,Abu Dhabi,خاصة,Private,National,Bachelors,NS,63
2017-2018,كلية  الخوارزمى الدولية,AL KHAWARIZMI INTERNATIONAL COLLEGE,أبوظبي,Abu Dhabi,خاصة,Private,Non-National,Bachelors,NS,76
2017-2018,كلية  الخوارزمى الدولية,AL KHAWARIZMI INTERNATIONAL COLLEGE,أبوظبي,Abu Dhabi,خاصة,Private,National,Bachelors,S,2
2017-2018,كلية  الخوارزمى الدولية,AL KHAWARIZMI INTERNATIONAL COLLEGE,أبوظبي,Abu Dhabi,خاصة,Private,Non-National,Bachelors,S,20
2017-2018,كلية  الخوارزمى الدولية,AL KHAWARIZMI INTERNATIONAL COLLEGE,أبوظبي,Abu Dhabi,خاصة,Private,National,Bachelors,T,14
2017-2018,كلية  الخوارزمى الدولية,AL KHAWARIZMI INTERNATIONAL COLLEGE,أبوظبي,Abu Dhabi,خاصة,Private,Non-National,Bachelors,T,23
2017-2018,كلية  الخوارزمى الدولية,AL KHAWARIZMI INTERNATIONAL COLLEGE,أبوظبي,Abu Dhabi,خاصة,Private,National,Diploma,NS,7
2017-2018,كلية  الخوارزمى الدولية,AL KHAWARIZMI INTERNATIONAL COLLEGE,أبوظبي,Abu Dhabi,خاصة,Private,Non-National,Diploma,NS,39
2017-2018,كلية  الخوارزمى الدولية,AL KHAWARIZMI INTERNATIONAL COLLEGE,أبوظبي,Abu Dhabi,خاصة,Private,Non-National,Diploma,S,9
2017-2018,كلية  الخوارزمى الدولية,AL KHAWARIZMI INTERNATIONAL COLLEGE,أبوظبي,Abu Dhabi,خاصة,Private,National,Diploma,T,2
2017-2018,كلية  الخوارزمى الدولية,AL KHAWARIZMI INTERNATIONAL COLLEGE,أبوظبي,Abu Dhabi,خاصة,Private,Non-National,Diploma,T,18
2017-2018,كلية  الخوارزمى الدولية,AL KHAWARIZMI INTERNATIONAL COLLEGE,أبوظبي,Abu Dhabi,خاصة,Private,Non-National,Foundation,NS,1
2017-2018,كلية أبوظبي للإدارة,ABU DHABI SCHOOL OF MANAGEMENT,أبوظبي,Abu Dhabi,شبه حكومية,Semi Government,National,Masters,NS,49
2017-2018,كلية الأفق الجامعية,SKYLINE UNIVERSITY COLLEGE,الشارقة,Sharjah,خاصة,Private,National,Bachelors,NS,38
2017-2018,كلية الأفق الجامعية,SKYLINE UNIVERSITY COLLEGE,الشارقة,Sharjah,خاصة,Private,Non-National,Bachelors,NS,82
2017-2018,كلية الأفق الجامعية,SKYLINE UNIVERSITY COLLEGE,الشارقة,Sharjah,خاصة,Private,National,Master of Business Administration,NS,118
2017-2018,كلية الأفق الجامعية,SKYLINE UNIVERSITY COLLEGE,الشارقة,Sharjah,خاصة,Private,Non-National,Master of Business Administration,NS,16
2017-2018,كلية الإمارات للادارة وتكنولوجيا المعلومات,EMIRATES COLLEGE FOR MANAGEMENT AND INFORMATION TECHNOLOGY,دبي,Dubai,خاصة,Private,National,Associate of Applied Science,NS,13
2017-2018,كلية الإمارات للادارة وتكنولوجيا المعلومات,EMIRATES COLLEGE FOR MANAGEMENT AND INFORMATION TECHNOLOGY,دبي,Dubai,خاصة,Private,Non-National,Associate of Applied Science,NS,2
2017-2018,كلية الإمارات للادارة وتكنولوجيا المعلومات,EMIRATES COLLEGE FOR MANAGEMENT AND INFORMATION TECHNOLOGY,دبي,Dubai,خاصة,Private,Non-National,Associate of Applied Science,T,2
2017-2018,كلية الإمارات للادارة وتكنولوجيا المعلومات,EMIRATES COLLEGE FOR MANAGEMENT AND INFORMATION TECHNOLOGY,دبي,Dubai,خاصة,Private,National,Bachelors,NS,83
2017-2018,كلية الإمارات للادارة وتكنولوجيا المعلومات,EMIRATES COLLEGE FOR MANAGEMENT AND INFORMATION TECHNOLOGY,دبي,Dubai,خاصة,Private,Non-National,Bachelors,NS,6
2017-2018,كلية الإمارات للادارة وتكنولوجيا المعلومات,EMIRATES COLLEGE FOR MANAGEMENT AND INFORMATION TECHNOLOGY,دبي,Dubai,خاصة,Private,National,Diploma,NS,5
2017-2018,كلية الإمارات للادارة وتكنولوجيا المعلومات,EMIRATES COLLEGE FOR MANAGEMENT AND INFORMATION TECHNOLOGY,دبي,Dubai,خاصة,Private,National,Diploma,T,1
2017-2018,كلية الإمارات للتطوير التربوي,EMIRATES COLLEGE FOR ADVANCED EDUCATION,أبوظبي,Abu Dhabi,حكومة محلية,Local Government,National,Bachelors,NS,45
2017-2018,كلية الإمارات للتطوير التربوي,EMIRATES COLLEGE FOR ADVANCED EDUCATION,أبوظبي,Abu Dhabi,حكومة محلية,Local Government,Non-National,Bachelors,NS,23
2017-2018,كلية الإمارات للتطوير التربوي,EMIRATES COLLEGE FOR ADVANCED EDUCATION,أبوظبي,Abu Dhabi,حكومة محلية,Local Government,National,Masters,NS,8
2017-2018,كلية الإمارات للتطوير التربوي,EMIRATES COLLEGE FOR ADVANCED EDUCATION,أبوظبي,Abu Dhabi,حكومة محلية,Local Government,Non-National,Masters,NS,1
2017-2018,كلية الإمام مالك للشريعة الإسلامية والقانون,IMAM MALIK COLLEGE FOR ISLAMIC SHARIA AND LAW,دبي,Dubai,حكومة محلية,Local Government,National,Bachelors,NS,59
2017-2018,كلية الإمام مالك للشريعة الإسلامية والقانون,IMAM MALIK COLLEGE FOR ISLAMIC SHARIA AND LAW,دبي,Dubai,حكومة محلية,Local Government,Non-National,Bachelors,NS,31
2017-2018,كلية الدار الجامعية,AL DAR UNIVERSITY COLLEGE,دبي,Dubai,خاصة,Private,National,Bachelors,E,2
2017-2018,كلية الدار الجامعية,AL DAR UNIVERSITY COLLEGE,دبي,Dubai,خاصة,Private,Non-National,Bachelors,E,6
2017-2018,كلية الدار الجامعية,AL DAR UNIVERSITY COLLEGE,دبي,Dubai,خاصة,Private,National,Bachelors,NS,51
2017-2018,كلية الدار الجامعية,AL DAR UNIVERSITY COLLEGE,دبي,Dubai,خاصة,Private,Non-National,Bachelors,NS,45
2017-2018,كلية الدار الجامعية,AL DAR UNIVERSITY COLLEGE,دبي,Dubai,خاصة,Private,National,Bachelors,T,10
2017-2018,كلية الدار الجامعية,AL DAR UNIVERSITY COLLEGE,دبي,Dubai,خاصة,Private,Non-National,Bachelors,T,17
2017-2018,كلية الدار الجامعية,AL DAR UNIVERSITY COLLEGE,دبي,Dubai,خاصة,Private,National,Diploma,E,1
2017-2018,كلية الدار الجامعية,AL DAR UNIVERSITY COLLEGE,دبي,Dubai,خاصة,Private,National,Diploma,NS,2
2017-2018,كلية الدار الجامعية,AL DAR UNIVERSITY COLLEGE,دبي,Dubai,خاصة,Private,Non-National,Diploma,NS,3
2017-2018,كلية الدار الجامعية,AL DAR UNIVERSITY COLLEGE,دبي,Dubai,خاصة,Private,National,Diploma,T,2
2017-2018,كلية الدار الجامعية,AL DAR UNIVERSITY COLLEGE,دبي,Dubai,خاصة,Private,Non-National,Diploma,T,3
2017-2018,كلية الدار الجامعية,AL DAR UNIVERSITY COLLEGE,دبي,Dubai,خاصة,Private,National,Foundation,NS,1
2017-2018,كلية الدار الجامعية,AL DAR UNIVERSITY COLLEGE,دبي,Dubai,خاصة,Private,Non-National,Foundation,NS,1
2017-2018,كلية المدينة الجامعية بعجمان,CITY UNIVERSITY AJMAN,عجمان,Ajman,خاصة,Private,National,Bachelors,NS,128
2017-2018,كلية المدينة الجامعية بعجمان,CITY UNIVERSITY AJMAN,عجمان,Ajman,خاصة,Private,Non-National,Bachelors,NS,91
2017-2018,كلية المدينة الجامعية بعجمان,CITY UNIVERSITY AJMAN,عجمان,Ajman,خاصة,Private,National,Master of Business Administration,NS,7
2017-2018,كلية المدينة الجامعية بعجمان,CITY UNIVERSITY AJMAN,عجمان,Ajman,خاصة,Private,Non-National,Master of Business Administration,NS,13
2017-2018,كلية المدينة الجامعية بعجمان,CITY UNIVERSITY AJMAN,عجمان,Ajman,خاصة,Private,National,Masters,NS,43
2017-2018,كلية المدينة الجامعية بعجمان,CITY UNIVERSITY AJMAN,عجمان,Ajman,خاصة,Private,Non-National,Masters,NS,5
2017-2018,كلية المدينة الجامعية بعجمان,CITY UNIVERSITY AJMAN,عجمان,Ajman,خاصة,Private,Non-National,Professional Diploma,NS,23
2017-2018,كلية دبي الطبية للبنات,DUBAI MEDICAL COLLEGE FOR GIRLS,دبي,Dubai,خاصة,Private,National,"(MBBS)Bachelor of Medicine, Bachelor of Surgery",S,13
2017-2018,كلية دبي الطبية للبنات,DUBAI MEDICAL COLLEGE FOR GIRLS,دبي,Dubai,خاصة,Private,Non-National,"(MBBS)Bachelor of Medicine, Bachelor of Surgery",S,50
2017-2018,كلية دبي للصيدلة,DUBAI PHARMACY COLLEGE FOR GIRLS,دبي,Dubai,خاصة,Private,National,Bachelors,S,3
2017-2018,كلية دبي للصيدلة,DUBAI PHARMACY COLLEGE FOR GIRLS,دبي,Dubai,خاصة,Private,Non-National,Bachelors,S,57
2017-2018,كلية دبي للصيدلة,DUBAI PHARMACY COLLEGE FOR GIRLS,دبي,Dubai,خاصة,Private,Non-National,Masters,S,4
2017-2018,كلية سيسكومس,SYSCOMS COLLEGE,أبوظبي,Abu Dhabi,خاصة,Private,National,Diploma,NS,46
2017-2018,كلية سيسكومس,SYSCOMS COLLEGE,أبوظبي,Abu Dhabi,خاصة,Private,Non-National,Diploma,NS,20
2017-2018,كلية سيسكومس,SYSCOMS COLLEGE,أبوظبي,Abu Dhabi,خاصة,Private,National,Diploma,T,1
2017-2018,كلية سيسكومس,SYSCOMS COLLEGE,أبوظبي,Abu Dhabi,خاصة,Private,Non-National,Diploma,T,2
2017-2018,كلية فاطمة للعلوم الصحية,FATIMA COLLEGE OF HEALTH SCIENCES,أبوظبي,Abu Dhabi,حكومة محلية,Local Government,National,Bachelors,S,88
2017-2018,كلية فاطمة للعلوم الصحية,FATIMA COLLEGE OF HEALTH SCIENCES,أبوظبي,Abu Dhabi,حكومة محلية,Local Government,Non-National,Bachelors,S,93
2017-2018,كلية فاطمة للعلوم الصحية,FATIMA COLLEGE OF HEALTH SCIENCES,أبوظبي,Abu Dhabi,حكومة محلية,Local Government,National,Higher Diploma,S,2
2017-2018,كلية فاطمة للعلوم الصحية,FATIMA COLLEGE OF HEALTH SCIENCES,عجمان,Ajman,حكومة محلية,Local Government,National,Bachelors,S,19
2017-2018,كلية فاطمة للعلوم الصحية,FATIMA COLLEGE OF HEALTH SCIENCES,عجمان,Ajman,حكومة محلية,Local Government,Non-National,Bachelors,S,1
2017-2018,كلية ليوا للتكنولوجيا,LIWA COLLEGE OF TECHNOLOGY,أبوظبي,Abu Dhabi,خاصة,Private,National,Bachelors,NS,442
2017-2018,كلية ليوا للتكنولوجيا,LIWA COLLEGE OF TECHNOLOGY,أبوظبي,Abu Dhabi,خاصة,Private,Non-National,Bachelors,NS,77
2017-2018,كلية ليوا للتكنولوجيا,LIWA COLLEGE OF TECHNOLOGY,أبوظبي,Abu Dhabi,خاصة,Private,National,Bachelors,S,1
2017-2018,كلية ليوا للتكنولوجيا,LIWA COLLEGE OF TECHNOLOGY,أبوظبي,Abu Dhabi,خاصة,Private,Non-National,Bachelors,S,3
2017-2018,كلية ليوا للتكنولوجيا,LIWA COLLEGE OF TECHNOLOGY,أبوظبي,Abu Dhabi,خاصة,Private,National,Diploma,NS,50
2017-2018,كلية ليوا للتكنولوجيا,LIWA COLLEGE OF TECHNOLOGY,أبوظبي,Abu Dhabi,خاصة,Private,Non-National,Diploma,NS,32
2017-2018,كلية ليوا للتكنولوجيا,LIWA COLLEGE OF TECHNOLOGY,أبوظبي,Abu Dhabi,خاصة,Private,National,Diploma,T,1
2017-2018,كلية ليوا للتكنولوجيا,LIWA COLLEGE OF TECHNOLOGY,أبوظبي,Abu Dhabi,خاصة,Private,Non-National,Diploma,T,8
2017-2018,كلية محمد بن راشد للإدارة الحكومية,MOHAMMED BIN RASHID SCHOOL OF GOVERNMENT,دبي,Dubai,حكومة محلية,Local Government,National,Masters,NS,14
2017-2018,كلية محمد بن راشد للإدارة الحكومية,MOHAMMED BIN RASHID SCHOOL OF GOVERNMENT,دبي,Dubai,حكومة محلية,Local Government,National,Masters,S,16
2017-2018,كلية محمد بن راشد للإدارة الحكومية,MOHAMMED BIN RASHID SCHOOL OF GOVERNMENT,دبي,Dubai,حكومة محلية,Local Government,Non-National,Masters,S,1
2017-2018,كلية مينا للإدارة,MENA COLLEGE OF MANAGEMENT,دبي,Dubai,خاصة,Private,National,Bachelors,NS,16
2017-2018,معهد أبوظبي للتعليم والتدريب المهني,ABU DHABI VOCATIONAL EDUCATION AND TRAINING INSTITUTE,أبوظبي,Abu Dhabi,حكومة محلية,Local Government,National,Certificate,E,51
2017-2018,معهد أبوظبي للتعليم والتدريب المهني,ABU DHABI VOCATIONAL EDUCATION AND TRAINING INSTITUTE,أبوظبي,Abu Dhabi,حكومة محلية,Local Government,Non-National,Certificate,E,47
2017-2018,معهد أبوظبي للتعليم والتدريب المهني,ABU DHABI VOCATIONAL EDUCATION AND TRAINING INSTITUTE,أبوظبي,Abu Dhabi,حكومة محلية,Local Government,National,Certificate,NS,88
2017-2018,معهد أبوظبي للتعليم والتدريب المهني,ABU DHABI VOCATIONAL EDUCATION AND TRAINING INSTITUTE,أبوظبي,Abu Dhabi,حكومة محلية,Local Government,Non-National,Certificate,NS,4
2017-2018,معهد أبوظبي للتعليم والتدريب المهني,ABU DHABI VOCATIONAL EDUCATION AND TRAINING INSTITUTE,أبوظبي,Abu Dhabi,حكومة محلية,Local Government,National,Certificate,S,95
2017-2018,معهد أبوظبي للتعليم والتدريب المهني,ABU DHABI VOCATIONAL EDUCATION AND TRAINING INSTITUTE,أبوظبي,Abu Dhabi,حكومة محلية,Local Government,Non-National,Certificate,S,2
2017-2018,معهد أبوظبي للتعليم والتدريب المهني,ABU DHABI VOCATIONAL EDUCATION AND TRAINING INSTITUTE,أبوظبي,Abu Dhabi,حكومة محلية,Local Government,National,Diploma,E,26
2017-2018,معهد أبوظبي للتعليم والتدريب المهني,ABU DHABI VOCATIONAL EDUCATION AND TRAINING INSTITUTE,أبوظبي,Abu Dhabi,حكومة محلية,Local Government,Non-National,Diploma,E,6
2017-2018,معهد أبوظبي للتعليم والتدريب المهني,ABU DHABI VOCATIONAL EDUCATION AND TRAINING INSTITUTE,أبوظبي,Abu Dhabi,حكومة محلية,Local Government,National,Diploma,NS,31
2017-2018,معهد أبوظبي للتعليم والتدريب المهني,ABU DHABI VOCATIONAL EDUCATION AND TRAINING INSTITUTE,أبوظبي,Abu Dhabi,حكومة محلية,Local Government,Non-National,Diploma,NS,8
2017-2018,معهد أبوظبي للتعليم والتدريب المهني,ABU DHABI VOCATIONAL EDUCATION AND TRAINING INSTITUTE,أبوظبي,Abu Dhabi,حكومة محلية,Local Government,National,Diploma,S,44
2017-2018,معهد أبوظبي للتعليم والتدريب المهني,ABU DHABI VOCATIONAL EDUCATION AND TRAINING INSTITUTE,أبوظبي,Abu Dhabi,حكومة محلية,Local Government,National,Other,NS,37
2017-2018,معهد أبوظبي للتعليم والتدريب المهني,ABU DHABI VOCATIONAL EDUCATION AND TRAINING INSTITUTE,الشارقة,Sharjah,حكومة محلية,Local Government,National,Certificate,E,21
2017-2018,معهد أبوظبي للتعليم والتدريب المهني,ABU DHABI VOCATIONAL EDUCATION AND TRAINING INSTITUTE,الشارقة,Sharjah,حكومة محلية,Local Government,Non-National,Certificate,E,16
2017-2018,معهد أبوظبي للتعليم والتدريب المهني,ABU DHABI VOCATIONAL EDUCATION AND TRAINING INSTITUTE,الشارقة,Sharjah,حكومة محلية,Local Government,National,Diploma,E,2
2017-2018,معهد أبوظبي للتعليم والتدريب المهني,ABU DHABI VOCATIONAL EDUCATION AND TRAINING INSTITUTE,الشارقة,Sharjah,حكومة محلية,Local Government,Non-National,Diploma,E,17
2017-2018,معهد الإمارات للدراسات المصرفية والمالية,EMIRATES INSTITUTE FOR BANKING AND FINANCIAL STUDIES,أبوظبي,Abu Dhabi,حكومة محلية,Local Government,National,Bachelors,NS,19
2017-2018,معهد الإمارات للدراسات المصرفية والمالية,EMIRATES INSTITUTE FOR BANKING AND FINANCIAL STUDIES,أبوظبي,Abu Dhabi,حكومة محلية,Local Government,Non-National,Bachelors,NS,30
2017-2018,معهد الإمارات للدراسات المصرفية والمالية,EMIRATES INSTITUTE FOR BANKING AND FINANCIAL STUDIES,أبوظبي,Abu Dhabi,حكومة محلية,Local Government,Non-National,Diploma,NS,19
2017-2018,معهد الإمارات للدراسات المصرفية والمالية,EMIRATES INSTITUTE FOR BANKING AND FINANCIAL STUDIES,الشارقة,Sharjah,حكومة محلية,Local Government,National,Bachelors,NS,3
2017-2018,معهد الإمارات للدراسات المصرفية والمالية,EMIRATES INSTITUTE FOR BANKING AND FINANCIAL STUDIES,الشارقة,Sharjah,حكومة محلية,Local Government,Non-National,Bachelors,NS,12
2017-2018,معهد الإمارات للدراسات المصرفية والمالية,EMIRATES INSTITUTE FOR BANKING AND FINANCIAL STUDIES,الشارقة,Sharjah,حكومة محلية,Local Government,Non-National,Diploma,NS,60
2017-2018,معهد الإمارات للدراسات المصرفية والمالية,EMIRATES INSTITUTE FOR BANKING AND FINANCIAL STUDIES,دبي,Dubai,حكومة محلية,Local Government,National,Bachelors,NS,1
2017-2018,معهد الإمارات للدراسات المصرفية والمالية,EMIRATES INSTITUTE FOR BANKING AND FINANCIAL STUDIES,دبي,Dubai,حكومة محلية,Local Government,Non-National,Bachelors,NS,1
2017-2018,معهد تكنولوجيا إدارة الأعمال بدبي - أي. أم. تي,INSTITUTE OF MANAGEMENT TECHNOLOGY-DUBAI,دبي,Dubai,خاصة,Private,Non-National,Bachelors,NS,10
2017-2018,معهد تكنولوجيا إدارة الأعمال بدبي - أي. أم. تي,INSTITUTE OF MANAGEMENT TECHNOLOGY-DUBAI,دبي,Dubai,خاصة,Private,National,Master of Business Administration,NS,73
2017-2018,معهد تكنولوجيا إدارة الأعمال بدبي - أي. أم. تي,INSTITUTE OF MANAGEMENT TECHNOLOGY-DUBAI,دبي,Dubai,خاصة,Private,Non-National,Master of Business Administration,NS,9
2017-2018,معهد تكنولوجيا إدارة الأعمال بدبي - أي. أم. تي,INSTITUTE OF MANAGEMENT TECHNOLOGY-DUBAI,دبي,Dubai,خاصة,Private,National,Masters,NS,60
2017-2018,معهد تكنولوجيا إدارة الأعمال بدبي - أي. أم. تي,INSTITUTE OF MANAGEMENT TECHNOLOGY-DUBAI,دبي,Dubai,خاصة,Private,Non-National,Masters,NS,57
2017-2018,معهد روشيستر للتكنولوجيا,ROCHESTER INSTITUTE OF TECHNOLOGY- DUBAI,دبي,Dubai,فرع مؤسسة دولية,Branch of International Institution,Non-National,Bachelors,E,29
2017-2018,معهد روشيستر للتكنولوجيا,ROCHESTER INSTITUTE OF TECHNOLOGY- DUBAI,دبي,Dubai,فرع مؤسسة دولية,Branch of International Institution,Non-National,Bachelors,NS,17
2017-2018,معهد روشيستر للتكنولوجيا,ROCHESTER INSTITUTE OF TECHNOLOGY- DUBAI,دبي,Dubai,فرع مؤسسة دولية,Branch of International Institution,National,Bachelors,T,3
2017-2018,معهد روشيستر للتكنولوجيا,ROCHESTER INSTITUTE OF TECHNOLOGY- DUBAI,دبي,Dubai,فرع مؤسسة دولية,Branch of International Institution,Non-National,Bachelors,T,7
2017-2018,معهد روشيستر للتكنولوجيا,ROCHESTER INSTITUTE OF TECHNOLOGY- DUBAI,دبي,Dubai,فرع مؤسسة دولية,Branch of International Institution,National,Masters,E,14
2017-2018,معهد روشيستر للتكنولوجيا,ROCHESTER INSTITUTE OF TECHNOLOGY- DUBAI,دبي,Dubai,فرع مؤسسة دولية,Branch of International Institution,Non-National,Masters,E,25
2017-2018,معهد روشيستر للتكنولوجيا,ROCHESTER INSTITUTE OF TECHNOLOGY- DUBAI,دبي,Dubai,فرع مؤسسة دولية,Branch of International Institution,National,Masters,NS,3
2017-2018,معهد روشيستر للتكنولوجيا,ROCHESTER INSTITUTE OF TECHNOLOGY- DUBAI,دبي,Dubai,فرع مؤسسة دولية,Branch of International Institution,Non-National,Masters,NS,3
2017-2018,معهد روشيستر للتكنولوجيا,ROCHESTER INSTITUTE OF TECHNOLOGY- DUBAI,دبي,Dubai,فرع مؤسسة دولية,Branch of International Institution,Non-National,Masters,T,3
2018-2019,أكاديمية أنور قرقاش الدبلوماسية,ANWAR GARGASH DIPLOMATIC ACADEMY,أبوظبي,Abu Dhabi,حكومة إتحادية,Federal Government,National,Graduate Diploma,NS,46
2018-2019,أكاديمية أنور قرقاش الدبلوماسية,ANWAR GARGASH DIPLOMATIC ACADEMY,أبوظبي,Abu Dhabi,حكومة إتحادية,Federal Government,National,Masters,NS,14
2018-2019,أكاديمية الإمارات لإدارة الضيافة,EMIRATES ACADEMY OF HOSPITALITY MANAGEMENT,دبي,Dubai,خاصة,Private,Non-National,Associate of Applied Science,NS,4
2018-2019,أكاديمية الإمارات لإدارة الضيافة,EMIRATES ACADEMY OF HOSPITALITY MANAGEMENT,دبي,Dubai,خاصة,Private,National,Bachelors,NS,5
2018-2019,أكاديمية الإمارات لإدارة الضيافة,EMIRATES ACADEMY OF HOSPITALITY MANAGEMENT,دبي,Dubai,خاصة,Private,Non-National,Bachelors,NS,34
2018-2019,أكاديمية الإمارات لإدارة الضيافة,EMIRATES ACADEMY OF HOSPITALITY MANAGEMENT,دبي,Dubai,خاصة,Private,National,Master of Business Administration,NS,4
2018-2019,أكاديمية الإمارات لإدارة الضيافة,EMIRATES ACADEMY OF HOSPITALITY MANAGEMENT,دبي,Dubai,خاصة,Private,Non-National,Master of Business Administration,NS,13
2018-2019,أكاديمية ربدان,RABDAN ACADEMY,أبوظبي,Abu Dhabi,حكومة محلية,Local Government,National,Bachelors,NS,76
2018-2019,أكاديمية ربدان,RABDAN ACADEMY,أبوظبي,Abu Dhabi,حكومة محلية,Local Government,National,Diploma,NS,20
2018-2019,أكاديمية ربدان,RABDAN ACADEMY,أبوظبي,Abu Dhabi,حكومة محلية,Local Government,National,Masters,NS,14
2018-2019,الجامعة الأمريكية في الإمارات,AMERICAN UNIVERSITY IN THE EMIRATES,دبي,Dubai,خاصة,Private,National,Bachelors,NS,111
2018-2019,الجامعة الأمريكية في الإمارات,AMERICAN UNIVERSITY IN THE EMIRATES,دبي,Dubai,خاصة,Private,Non-National,Bachelors,NS,185
2018-2019,الجامعة الأمريكية في الإمارات,AMERICAN UNIVERSITY IN THE EMIRATES,دبي,Dubai,خاصة,Private,Non-National,Bachelors,S,3
2018-2019,الجامعة الأمريكية في الإمارات,AMERICAN UNIVERSITY IN THE EMIRATES,دبي,Dubai,خاصة,Private,National,Bachelors,T,7
2018-2019,الجامعة الأمريكية في الإمارات,AMERICAN UNIVERSITY IN THE EMIRATES,دبي,Dubai,خاصة,Private,Non-National,Bachelors,T,13
2018-2019,الجامعة الأمريكية في الإمارات,AMERICAN UNIVERSITY IN THE EMIRATES,دبي,Dubai,خاصة,Private,National,Master of Business Administration,NS,16
2018-2019,الجامعة الأمريكية في الإمارات,AMERICAN UNIVERSITY IN THE EMIRATES,دبي,Dubai,خاصة,Private,Non-National,Master of Business Administration,NS,11
2018-2019,الجامعة الأمريكية في الإمارات,AMERICAN UNIVERSITY IN THE EMIRATES,دبي,Dubai,خاصة,Private,National,Masters,NS,56
2018-2019,الجامعة الأمريكية في الإمارات,AMERICAN UNIVERSITY IN THE EMIRATES,دبي,Dubai,خاصة,Private,Non-National,Masters,NS,6
2018-2019,الجامعة الأمريكية في الإمارات,AMERICAN UNIVERSITY IN THE EMIRATES,دبي,Dubai,خاصة,Private,National,Masters,T,1
2018-2019,الجامعة الأمريكية فى الشارقة,AMERICAN UNIVERSITY OF SHARJAH,الشارقة,Sharjah,حكومة محلية,Local Government,National,Bachelors,E,74
2018-2019,الجامعة الأمريكية فى الشارقة,AMERICAN UNIVERSITY OF SHARJAH,الشارقة,Sharjah,حكومة محلية,Local Government,Non-National,Bachelors,E,415
2018-2019,الجامعة الأمريكية فى الشارقة,AMERICAN UNIVERSITY OF SHARJAH,الشارقة,Sharjah,حكومة محلية,Local Government,National,Bachelors,NS,92
2018-2019,الجامعة الأمريكية فى الشارقة,AMERICAN UNIVERSITY OF SHARJAH,الشارقة,Sharjah,حكومة محلية,Local Government,Non-National,Bachelors,NS,413
2018-2019,الجامعة الأمريكية فى الشارقة,AMERICAN UNIVERSITY OF SHARJAH,الشارقة,Sharjah,حكومة محلية,Local Government,Non-National,Bachelors,S,2
2018-2019,الجامعة الأمريكية فى الشارقة,AMERICAN UNIVERSITY OF SHARJAH,الشارقة,Sharjah,حكومة محلية,Local Government,National,Bachelors,"S,M",2
2018-2019,الجامعة الأمريكية فى الشارقة,AMERICAN UNIVERSITY OF SHARJAH,الشارقة,Sharjah,حكومة محلية,Local Government,Non-National,Bachelors,"S,M",16
2018-2019,الجامعة الأمريكية فى الشارقة,AMERICAN UNIVERSITY OF SHARJAH,الشارقة,Sharjah,حكومة محلية,Local Government,National,Bachelors,T,4
2018-2019,الجامعة الأمريكية فى الشارقة,AMERICAN UNIVERSITY OF SHARJAH,الشارقة,Sharjah,حكومة محلية,Local Government,Non-National,Bachelors,T,36
2018-2019,الجامعة الأمريكية فى الشارقة,AMERICAN UNIVERSITY OF SHARJAH,الشارقة,Sharjah,حكومة محلية,Local Government,National,Master of Business Administration,NS,6
2018-2019,الجامعة الأمريكية فى الشارقة,AMERICAN UNIVERSITY OF SHARJAH,الشارقة,Sharjah,حكومة محلية,Local Government,Non-National,Master of Business Administration,NS,11
2018-2019,الجامعة الأمريكية فى الشارقة,AMERICAN UNIVERSITY OF SHARJAH,الشارقة,Sharjah,حكومة محلية,Local Government,National,Masters,E,18
2018-2019,الجامعة الأمريكية فى الشارقة,AMERICAN UNIVERSITY OF SHARJAH,الشارقة,Sharjah,حكومة محلية,Local Government,Non-National,Masters,E,84
2018-2019,الجامعة الأمريكية فى الشارقة,AMERICAN UNIVERSITY OF SHARJAH,الشارقة,Sharjah,حكومة محلية,Local Government,National,Masters,NS,1
2018-2019,الجامعة الأمريكية فى الشارقة,AMERICAN UNIVERSITY OF SHARJAH,الشارقة,Sharjah,حكومة محلية,Local Government,Non-National,Masters,NS,13
2018-2019,الجامعة الأمريكية فى الشارقة,AMERICAN UNIVERSITY OF SHARJAH,الشارقة,Sharjah,حكومة محلية,Local Government,Non-National,Masters,"S,M",3
2018-2019,الجامعة الأمريكية فى دبي,AMERICAN UNIVERSITY IN DUBAI,دبي,Dubai,خاصة,Private,National,Bachelors,E,13
2018-2019,الجامعة الأمريكية فى دبي,AMERICAN UNIVERSITY IN DUBAI,دبي,Dubai,خاصة,Private,Non-National,Bachelors,E,81
2018-2019,الجامعة الأمريكية فى دبي,AMERICAN UNIVERSITY IN DUBAI,دبي,Dubai,خاصة,Private,National,Bachelors,NS,35
2018-2019,الجامعة الأمريكية فى دبي,AMERICAN UNIVERSITY IN DUBAI,دبي,Dubai,خاصة,Private,Non-National,Bachelors,NS,248
2018-2019,الجامعة الأمريكية فى دبي,AMERICAN UNIVERSITY IN DUBAI,دبي,Dubai,خاصة,Private,National,Bachelors,T,1
2018-2019,الجامعة الأمريكية فى دبي,AMERICAN UNIVERSITY IN DUBAI,دبي,Dubai,خاصة,Private,Non-National,Bachelors,T,3
2018-2019,الجامعة الأمريكية فى دبي,AMERICAN UNIVERSITY IN DUBAI,دبي,Dubai,خاصة,Private,Non-National,Certificate,NS,11
2018-2019,الجامعة الأمريكية فى دبي,AMERICAN UNIVERSITY IN DUBAI,دبي,Dubai,خاصة,Private,National,Masters,NS,7
2018-2019,الجامعة الأمريكية فى دبي,AMERICAN UNIVERSITY IN DUBAI,دبي,Dubai,خاصة,Private,Non-National,Masters,NS,65
2018-2019,الجامعة الأمريكية في رأس الخيمة,AMERICAN UNIVERSITY OF RAS AL KHAIMAH,رأس الخيمة,Ras Al Khaima,حكومة محلية,Local Government,National,Bachelors,E,22
2018-2019,الجامعة الأمريكية في رأس الخيمة,AMERICAN UNIVERSITY OF RAS AL KHAIMAH,رأس الخيمة,Ras Al Khaima,حكومة محلية,Local Government,Non-National,Bachelors,E,87
2018-2019,الجامعة الأمريكية في رأس الخيمة,AMERICAN UNIVERSITY OF RAS AL KHAIMAH,رأس الخيمة,Ras Al Khaima,حكومة محلية,Local Government,National,Bachelors,NS,11
2018-2019,الجامعة الأمريكية في رأس الخيمة,AMERICAN UNIVERSITY OF RAS AL KHAIMAH,رأس الخيمة,Ras Al Khaima,حكومة محلية,Local Government,Non-National,Bachelors,NS,25
2018-2019,الجامعة الأمريكية في رأس الخيمة,AMERICAN UNIVERSITY OF RAS AL KHAIMAH,رأس الخيمة,Ras Al Khaima,حكومة محلية,Local Government,National,Bachelors,"S,M",6
2018-2019,الجامعة الأمريكية في رأس الخيمة,AMERICAN UNIVERSITY OF RAS AL KHAIMAH,رأس الخيمة,Ras Al Khaima,حكومة محلية,Local Government,Non-National,Bachelors,"S,M",20
2018-2019,الجامعة الأمريكية في رأس الخيمة,AMERICAN UNIVERSITY OF RAS AL KHAIMAH,رأس الخيمة,Ras Al Khaima,حكومة محلية,Local Government,National,Bachelors,T,3
2018-2019,الجامعة الأمريكية في رأس الخيمة,AMERICAN UNIVERSITY OF RAS AL KHAIMAH,رأس الخيمة,Ras Al Khaima,حكومة محلية,Local Government,Non-National,Bachelors,T,3
2018-2019,الجامعة الأمريكية في رأس الخيمة,AMERICAN UNIVERSITY OF RAS AL KHAIMAH,رأس الخيمة,Ras Al Khaima,حكومة محلية,Local Government,National,Masters,E,14
2018-2019,الجامعة الأمريكية في رأس الخيمة,AMERICAN UNIVERSITY OF RAS AL KHAIMAH,رأس الخيمة,Ras Al Khaima,حكومة محلية,Local Government,Non-National,Masters,E,5
2018-2019,الجامعة الأمريكية في رأس الخيمة,AMERICAN UNIVERSITY OF RAS AL KHAIMAH,رأس الخيمة,Ras Al Khaima,حكومة محلية,Local Government,National,Masters,NS,20
2018-2019,الجامعة الأمريكية في رأس الخيمة,AMERICAN UNIVERSITY OF RAS AL KHAIMAH,رأس الخيمة,Ras Al Khaima,حكومة محلية,Local Government,Non-National,Masters,NS,17
2018-2019,الجامعة البريطانية فى دبي,BRITISH UNIVERSITY IN DUBAI,دبي,Dubai,حكومة محلية,Local Government,Non-National,Doctor of Education,NS,1
2018-2019,الجامعة البريطانية فى دبي,BRITISH UNIVERSITY IN DUBAI,دبي,Dubai,حكومة محلية,Local Government,Non-National,Doctorate,E,2
2018-2019,الجامعة البريطانية فى دبي,BRITISH UNIVERSITY IN DUBAI,دبي,Dubai,حكومة محلية,Local Government,National,Doctorate,NS,8
2018-2019,الجامعة البريطانية فى دبي,BRITISH UNIVERSITY IN DUBAI,دبي,Dubai,حكومة محلية,Local Government,Non-National,Doctorate,NS,20
2018-2019,الجامعة البريطانية فى دبي,BRITISH UNIVERSITY IN DUBAI,دبي,Dubai,حكومة محلية,Local Government,Non-National,Graduate Diploma,E,1
2018-2019,الجامعة البريطانية فى دبي,BRITISH UNIVERSITY IN DUBAI,دبي,Dubai,حكومة محلية,Local Government,Non-National,Graduate Diploma,NS,1
2018-2019,الجامعة البريطانية فى دبي,BRITISH UNIVERSITY IN DUBAI,دبي,Dubai,حكومة محلية,Local Government,National,Master of Business Administration,NS,14
2018-2019,الجامعة البريطانية فى دبي,BRITISH UNIVERSITY IN DUBAI,دبي,Dubai,حكومة محلية,Local Government,Non-National,Master of Business Administration,NS,29
2018-2019,الجامعة البريطانية فى دبي,BRITISH UNIVERSITY IN DUBAI,دبي,Dubai,حكومة محلية,Local Government,National,Masters,E,5
2018-2019,الجامعة البريطانية فى دبي,BRITISH UNIVERSITY IN DUBAI,دبي,Dubai,حكومة محلية,Local Government,Non-National,Masters,E,47
2018-2019,الجامعة البريطانية فى دبي,BRITISH UNIVERSITY IN DUBAI,دبي,Dubai,حكومة محلية,Local Government,National,Masters,NS,15
2018-2019,الجامعة البريطانية فى دبي,BRITISH UNIVERSITY IN DUBAI,دبي,Dubai,حكومة محلية,Local Government,Non-National,Masters,NS,114
2018-2019,الجامعة البريطانية فى دبي,BRITISH UNIVERSITY IN DUBAI,دبي,Dubai,حكومة محلية,Local Government,Non-National,Masters,T,1
2018-2019,الجامعة الكندية في دبي,CANADIAN UNIVERSITY DUBAI,دبي,Dubai,خاصة,Private,National,Bachelors,E,1
2018-2019,الجامعة الكندية في دبي,CANADIAN UNIVERSITY DUBAI,دبي,Dubai,خاصة,Private,Non-National,Bachelors,E,45
2018-2019,الجامعة الكندية في دبي,CANADIAN UNIVERSITY DUBAI,دبي,Dubai,خاصة,Private,National,Bachelors,NS,43
2018-2019,الجامعة الكندية في دبي,CANADIAN UNIVERSITY DUBAI,دبي,Dubai,خاصة,Private,Non-National,Bachelors,NS,196
2018-2019,الجامعة الكندية في دبي,CANADIAN UNIVERSITY DUBAI,دبي,Dubai,خاصة,Private,National,Bachelors,S,2
2018-2019,الجامعة الكندية في دبي,CANADIAN UNIVERSITY DUBAI,دبي,Dubai,خاصة,Private,Non-National,Bachelors,S,12
2018-2019,الجامعة الكندية في دبي,CANADIAN UNIVERSITY DUBAI,دبي,Dubai,خاصة,Private,National,Bachelors,T,2
2018-2019,الجامعة الكندية في دبي,CANADIAN UNIVERSITY DUBAI,دبي,Dubai,خاصة,Private,Non-National,Diploma,NS,1
2018-2019,الجامعة الكندية في دبي,CANADIAN UNIVERSITY DUBAI,دبي,Dubai,خاصة,Private,National,Diploma,S,4
2018-2019,الجامعة الكندية في دبي,CANADIAN UNIVERSITY DUBAI,دبي,Dubai,خاصة,Private,National,Masters,NS,81
2018-2019,الجامعة الكندية في دبي,CANADIAN UNIVERSITY DUBAI,دبي,Dubai,خاصة,Private,Non-National,Masters,NS,36
2018-2019,الجامعة الكندية في دبي,CANADIAN UNIVERSITY DUBAI,دبي,Dubai,خاصة,Private,National,Masters,T,15
2018-2019,الجامعة الكندية في دبي,CANADIAN UNIVERSITY DUBAI,دبي,Dubai,خاصة,Private,Non-National,Masters,T,3
2018-2019,الكلية الأمريكية فى دبي,AMERICAN COLLEGE OF DUBAI,دبي,Dubai,خاصة,Private,National,Bachelors,NS,4
2018-2019,الكلية الأمريكية فى دبي,AMERICAN COLLEGE OF DUBAI,دبي,Dubai,خاصة,Private,Non-National,Bachelors,NS,77
2018-2019,الكلية الأمريكية فى دبي,AMERICAN COLLEGE OF DUBAI,دبي,Dubai,خاصة,Private,Non-National,Other,NS,8
2018-2019,الكلية الأوروبية الجامعية,EUROPEAN UNIVERSITY COLLEGE,دبي,Dubai,خاصة,Private,Non-National,Diploma,S,3
2018-2019,الكلية الأوروبية الجامعية,EUROPEAN UNIVERSITY COLLEGE,دبي,Dubai,خاصة,Private,National,Masters,S,8
2018-2019,الكلية الأوروبية الجامعية,EUROPEAN UNIVERSITY COLLEGE,دبي,Dubai,خاصة,Private,Non-National,Masters,S,8
2018-2019,الكلية الأوروبية الدولية ,EUROPEAN INTERNATIONAL COLLEGE,أبوظبي,Abu Dhabi,خاصة,Private,National,Associate of Applied Science,NS,1
2018-2019,الكلية الأوروبية الدولية ,EUROPEAN INTERNATIONAL COLLEGE,أبوظبي,Abu Dhabi,خاصة,Private,National,Bachelors,NS,9
2018-2019,الكلية الأوروبية الدولية ,EUROPEAN INTERNATIONAL COLLEGE,أبوظبي,Abu Dhabi,خاصة,Private,Non-National,Bachelors,NS,8
2018-2019,الكلية الأوروبية الدولية ,EUROPEAN INTERNATIONAL COLLEGE,أبوظبي,Abu Dhabi,خاصة,Private,Non-National,Diploma,NS,5
2018-2019,الكلية الجامعية للأم والعلوم الأسرية,UNIVERSITY COLLEGE OF MOTHER AND FAMILY SCIENCES,الشارقة,Sharjah,خاصة,Private,National,Diploma,NS,1
2018-2019,الكلية الجامعية للأم والعلوم الأسرية,UNIVERSITY COLLEGE OF MOTHER AND FAMILY SCIENCES,دبي,Dubai,خاصة,Private,National,Diploma,NS,6
2018-2019,الكلية الجامعية للأم والعلوم الأسرية,UNIVERSITY COLLEGE OF MOTHER AND FAMILY SCIENCES,رأس الخيمة,Ras Al Khaima,خاصة,Private,National,Diploma,NS,3
2018-2019,الكلية الجامعية للأم والعلوم الأسرية,UNIVERSITY COLLEGE OF MOTHER AND FAMILY SCIENCES,عجمان,Ajman,خاصة,Private,National,Bachelors,NS,16
2018-2019,الكلية الجامعية للأم والعلوم الأسرية,UNIVERSITY COLLEGE OF MOTHER AND FAMILY SCIENCES,عجمان,Ajman,خاصة,Private,Non-National,Bachelors,NS,15
2018-2019,الكلية الجامعية للأم والعلوم الأسرية,UNIVERSITY COLLEGE OF MOTHER AND FAMILY SCIENCES,عجمان,Ajman,خاصة,Private,National,Diploma,NS,10
2018-2019,الكلية الجامعية للأم والعلوم الأسرية,UNIVERSITY COLLEGE OF MOTHER AND FAMILY SCIENCES,عجمان,Ajman,خاصة,Private,Non-National,Diploma,NS,10
2018-2019,الكلية الملكية للجراحين في أيرلندة,ROYAL COLLEGE OF SURGEONS IN IRELAND- DUBAI,دبي,Dubai,فرع مؤسسة دولية,Branch of International Institution,National,Masters,S,7
2018-2019,الكلية الملكية للجراحين في أيرلندة,ROYAL COLLEGE OF SURGEONS IN IRELAND- DUBAI,دبي,Dubai,فرع مؤسسة دولية,Branch of International Institution,Non-National,Masters,S,50
2018-2019,بوليتيكنيك أبوظبي,ABU DHABI POLYTECHNIC,أبوظبي,Abu Dhabi,حكومة محلية,Local Government,National,Bachelors,E,149
2018-2019,بوليتيكنيك أبوظبي,ABU DHABI POLYTECHNIC,أبوظبي,Abu Dhabi,حكومة محلية,Local Government,National,Bachelors,T,32
2018-2019,بوليتيكنيك أبوظبي,ABU DHABI POLYTECHNIC,أبوظبي,Abu Dhabi,حكومة محلية,Local Government,National,Diploma,E,4
2018-2019,بوليتيكنيك أبوظبي,ABU DHABI POLYTECHNIC,أبوظبي,Abu Dhabi,حكومة محلية,Local Government,National,Diploma,S,2
2018-2019,بوليتيكنيك أبوظبي,ABU DHABI POLYTECHNIC,أبوظبي,Abu Dhabi,حكومة محلية,Local Government,National,Diploma,T,1
2018-2019,بوليتيكنيك أبوظبي,ABU DHABI POLYTECHNIC,أبوظبي,Abu Dhabi,حكومة محلية,Local Government,National,Higher Diploma,E,50
2018-2019,جامعة  الخليج الطبية,GULF MEDICAL UNIVERSITY,عجمان,Ajman,خاصة,Private,National,"(MBBS)Bachelor of Medicine, Bachelor of Surgery",S,6
2018-2019,جامعة  الخليج الطبية,GULF MEDICAL UNIVERSITY,عجمان,Ajman,خاصة,Private,Non-National,"(MBBS)Bachelor of Medicine, Bachelor of Surgery",S,62
2018-2019,جامعة  الخليج الطبية,GULF MEDICAL UNIVERSITY,عجمان,Ajman,خاصة,Private,National,Bachelors,S,8
2018-2019,جامعة  الخليج الطبية,GULF MEDICAL UNIVERSITY,عجمان,Ajman,خاصة,Private,Non-National,Bachelors,S,116
2018-2019,جامعة  الخليج الطبية,GULF MEDICAL UNIVERSITY,عجمان,Ajman,خاصة,Private,National,Bachelors,"S,M",1
2018-2019,جامعة  الخليج الطبية,GULF MEDICAL UNIVERSITY,عجمان,Ajman,خاصة,Private,Non-National,Bachelors,"S,M",27
2018-2019,جامعة  الخليج الطبية,GULF MEDICAL UNIVERSITY,عجمان,Ajman,خاصة,Private,National,Masters,"S,M",2
2018-2019,جامعة  الخليج الطبية,GULF MEDICAL UNIVERSITY,عجمان,Ajman,خاصة,Private,Non-National,Masters,"S,M",1
2018-2019,جامعة أبوظبى,ABU DHABI UNIVERSITY,أبوظبي,Abu Dhabi,خاصة,Private,National,Bachelors,E,20
2018-2019,جامعة أبوظبى,ABU DHABI UNIVERSITY,أبوظبي,Abu Dhabi,خاصة,Private,Non-National,Bachelors,E,268
2018-2019,جامعة أبوظبى,ABU DHABI UNIVERSITY,أبوظبي,Abu Dhabi,خاصة,Private,National,Bachelors,NS,564
2018-2019,جامعة أبوظبى,ABU DHABI UNIVERSITY,أبوظبي,Abu Dhabi,خاصة,Private,Non-National,Bachelors,NS,230
2018-2019,جامعة أبوظبى,ABU DHABI UNIVERSITY,أبوظبي,Abu Dhabi,خاصة,Private,National,Bachelors,S,7
2018-2019,جامعة أبوظبى,ABU DHABI UNIVERSITY,أبوظبي,Abu Dhabi,خاصة,Private,Non-National,Bachelors,S,39
2018-2019,جامعة أبوظبى,ABU DHABI UNIVERSITY,أبوظبي,Abu Dhabi,خاصة,Private,National,Bachelors,T,1
2018-2019,جامعة أبوظبى,ABU DHABI UNIVERSITY,أبوظبي,Abu Dhabi,خاصة,Private,Non-National,Bachelors,T,4
2018-2019,جامعة أبوظبى,ABU DHABI UNIVERSITY,أبوظبي,Abu Dhabi,خاصة,Private,National,Doctor of Business Administrate,NS,1
2018-2019,جامعة أبوظبى,ABU DHABI UNIVERSITY,أبوظبي,Abu Dhabi,خاصة,Private,National,Graduate Diploma,NS,3
2018-2019,جامعة أبوظبى,ABU DHABI UNIVERSITY,أبوظبي,Abu Dhabi,خاصة,Private,Non-National,Graduate Diploma,NS,428
2018-2019,جامعة أبوظبى,ABU DHABI UNIVERSITY,أبوظبي,Abu Dhabi,خاصة,Private,National,Master of Business Administration,NS,145
2018-2019,جامعة أبوظبى,ABU DHABI UNIVERSITY,أبوظبي,Abu Dhabi,خاصة,Private,Non-National,Master of Business Administration,NS,46
2018-2019,جامعة أبوظبى,ABU DHABI UNIVERSITY,أبوظبي,Abu Dhabi,خاصة,Private,National,Masters,E,57
2018-2019,جامعة أبوظبى,ABU DHABI UNIVERSITY,أبوظبي,Abu Dhabi,خاصة,Private,Non-National,Masters,E,19
2018-2019,جامعة أبوظبى,ABU DHABI UNIVERSITY,أبوظبي,Abu Dhabi,خاصة,Private,National,Masters,NS,252
2018-2019,جامعة أبوظبى,ABU DHABI UNIVERSITY,أبوظبي,Abu Dhabi,خاصة,Private,Non-National,Masters,NS,40
2018-2019,جامعة أبوظبى,ABU DHABI UNIVERSITY,أبوظبي,Abu Dhabi,خاصة,Private,Non-National,Masters,T,1
2018-2019,جامعة أبوظبى,ABU DHABI UNIVERSITY,دبي,Dubai,خاصة,Private,Non-National,Graduate Diploma,NS,16
2018-2019,جامعة أبوظبى,ABU DHABI UNIVERSITY,دبي,Dubai,خاصة,Private,National,Master of Business Administration,NS,3
2018-2019,جامعة أبوظبى,ABU DHABI UNIVERSITY,دبي,Dubai,خاصة,Private,Non-National,Master of Business Administration,NS,4
2018-2019,جامعة أبوظبى,ABU DHABI UNIVERSITY,دبي,Dubai,خاصة,Private,National,Masters,E,11
2018-2019,جامعة أبوظبى,ABU DHABI UNIVERSITY,دبي,Dubai,خاصة,Private,Non-National,Masters,E,8
2018-2019,جامعة أبوظبى,ABU DHABI UNIVERSITY,دبي,Dubai,خاصة,Private,National,Masters,NS,9
2018-2019,جامعة أبوظبى,ABU DHABI UNIVERSITY,دبي,Dubai,خاصة,Private,Non-National,Masters,NS,3
2018-2019,جامعة أم القيوين,UMM AL QUWAIN UNIVERSITY,أم القيوين,Umm Al Quwain,حكومة محلية,Local Government,National,Bachelors,NS,61
2018-2019,جامعة أم القيوين,UMM AL QUWAIN UNIVERSITY,أم القيوين,Umm Al Quwain,حكومة محلية,Local Government,Non-National,Bachelors,NS,40
2018-2019,جامعة الإمارات العربية المتحدة,UNITED ARAB EMIRATES  UNIVERSITY,أبوظبي,Abu Dhabi,حكومة إتحادية,Federal Government,National,Bachelors,E,310
2018-2019,جامعة الإمارات العربية المتحدة,UNITED ARAB EMIRATES  UNIVERSITY,أبوظبي,Abu Dhabi,حكومة إتحادية,Federal Government,Non-National,Bachelors,E,75
2018-2019,جامعة الإمارات العربية المتحدة,UNITED ARAB EMIRATES  UNIVERSITY,أبوظبي,Abu Dhabi,حكومة إتحادية,Federal Government,National,Bachelors,NS,987
2018-2019,جامعة الإمارات العربية المتحدة,UNITED ARAB EMIRATES  UNIVERSITY,أبوظبي,Abu Dhabi,حكومة إتحادية,Federal Government,Non-National,Bachelors,NS,198
2018-2019,جامعة الإمارات العربية المتحدة,UNITED ARAB EMIRATES  UNIVERSITY,أبوظبي,Abu Dhabi,حكومة إتحادية,Federal Government,National,Bachelors,S,152
2018-2019,جامعة الإمارات العربية المتحدة,UNITED ARAB EMIRATES  UNIVERSITY,أبوظبي,Abu Dhabi,حكومة إتحادية,Federal Government,Non-National,Bachelors,S,47
2018-2019,جامعة الإمارات العربية المتحدة,UNITED ARAB EMIRATES  UNIVERSITY,أبوظبي,Abu Dhabi,حكومة إتحادية,Federal Government,National,Bachelors,"S,M",167
2018-2019,جامعة الإمارات العربية المتحدة,UNITED ARAB EMIRATES  UNIVERSITY,أبوظبي,Abu Dhabi,حكومة إتحادية,Federal Government,Non-National,Bachelors,"S,M",41
2018-2019,جامعة الإمارات العربية المتحدة,UNITED ARAB EMIRATES  UNIVERSITY,أبوظبي,Abu Dhabi,حكومة إتحادية,Federal Government,National,Bachelors,T,106
2018-2019,جامعة الإمارات العربية المتحدة,UNITED ARAB EMIRATES  UNIVERSITY,أبوظبي,Abu Dhabi,حكومة إتحادية,Federal Government,Non-National,Bachelors,T,8
2018-2019,جامعة الإمارات العربية المتحدة,UNITED ARAB EMIRATES  UNIVERSITY,أبوظبي,Abu Dhabi,حكومة إتحادية,Federal Government,National,Doctorate,NS,23
2018-2019,جامعة الإمارات العربية المتحدة,UNITED ARAB EMIRATES  UNIVERSITY,أبوظبي,Abu Dhabi,حكومة إتحادية,Federal Government,Non-National,Doctorate,NS,13
2018-2019,جامعة الإمارات العربية المتحدة,UNITED ARAB EMIRATES  UNIVERSITY,أبوظبي,Abu Dhabi,حكومة إتحادية,Federal Government,National,Masters,E,42
2018-2019,جامعة الإمارات العربية المتحدة,UNITED ARAB EMIRATES  UNIVERSITY,أبوظبي,Abu Dhabi,حكومة إتحادية,Federal Government,Non-National,Masters,E,58
2018-2019,جامعة الإمارات العربية المتحدة,UNITED ARAB EMIRATES  UNIVERSITY,أبوظبي,Abu Dhabi,حكومة إتحادية,Federal Government,National,Masters,NS,116
2018-2019,جامعة الإمارات العربية المتحدة,UNITED ARAB EMIRATES  UNIVERSITY,أبوظبي,Abu Dhabi,حكومة إتحادية,Federal Government,Non-National,Masters,NS,36
2018-2019,جامعة الإمارات العربية المتحدة,UNITED ARAB EMIRATES  UNIVERSITY,أبوظبي,Abu Dhabi,حكومة إتحادية,Federal Government,National,Masters,S,16
2018-2019,جامعة الإمارات العربية المتحدة,UNITED ARAB EMIRATES  UNIVERSITY,أبوظبي,Abu Dhabi,حكومة إتحادية,Federal Government,Non-National,Masters,S,27
2018-2019,جامعة الإمارات العربية المتحدة,UNITED ARAB EMIRATES  UNIVERSITY,أبوظبي,Abu Dhabi,حكومة إتحادية,Federal Government,National,Masters,"S,M",4
2018-2019,جامعة الإمارات العربية المتحدة,UNITED ARAB EMIRATES  UNIVERSITY,أبوظبي,Abu Dhabi,حكومة إتحادية,Federal Government,Non-National,Masters,"S,M",9
2018-2019,جامعة الإمارات العربية المتحدة,UNITED ARAB EMIRATES  UNIVERSITY,أبوظبي,Abu Dhabi,حكومة إتحادية,Federal Government,National,Masters,T,6
2018-2019,جامعة الإمارات العربية المتحدة,UNITED ARAB EMIRATES  UNIVERSITY,أبوظبي,Abu Dhabi,حكومة إتحادية,Federal Government,Non-National,Masters,T,2
2018-2019,جامعة الإمارات للطيران,EMIRATES AVIATION UNIVERSITY,دبي,Dubai,حكومة محلية,Local Government,National,Bachelors,E,50
2018-2019,جامعة الإمارات للطيران,EMIRATES AVIATION UNIVERSITY,دبي,Dubai,حكومة محلية,Local Government,Non-National,Bachelors,E,94
2018-2019,جامعة الإمارات للطيران,EMIRATES AVIATION UNIVERSITY,دبي,Dubai,حكومة محلية,Local Government,National,Bachelors,NS,40
2018-2019,جامعة الإمارات للطيران,EMIRATES AVIATION UNIVERSITY,دبي,Dubai,حكومة محلية,Local Government,Non-National,Bachelors,NS,77
2018-2019,جامعة الإمارات للطيران,EMIRATES AVIATION UNIVERSITY,دبي,Dubai,حكومة محلية,Local Government,National,Certificate,E,1
2018-2019,جامعة الإمارات للطيران,EMIRATES AVIATION UNIVERSITY,دبي,Dubai,حكومة محلية,Local Government,Non-National,Certificate,E,30
2018-2019,جامعة الإمارات للطيران,EMIRATES AVIATION UNIVERSITY,دبي,Dubai,حكومة محلية,Local Government,National,Certificate,NS,1
2018-2019,جامعة الإمارات للطيران,EMIRATES AVIATION UNIVERSITY,دبي,Dubai,حكومة محلية,Local Government,Non-National,Certificate,NS,19
2018-2019,جامعة الإمارات للطيران,EMIRATES AVIATION UNIVERSITY,دبي,Dubai,حكومة محلية,Local Government,National,Diploma,E,1
2018-2019,جامعة الإمارات للطيران,EMIRATES AVIATION UNIVERSITY,دبي,Dubai,حكومة محلية,Local Government,Non-National,Diploma,E,26
2018-2019,جامعة الإمارات للطيران,EMIRATES AVIATION UNIVERSITY,دبي,Dubai,حكومة محلية,Local Government,Non-National,Diploma,NS,12
2018-2019,جامعة الإمارات للطيران,EMIRATES AVIATION UNIVERSITY,دبي,Dubai,حكومة محلية,Local Government,Non-National,Foundation,E,4
2018-2019,جامعة الإمارات للطيران,EMIRATES AVIATION UNIVERSITY,دبي,Dubai,حكومة محلية,Local Government,National,Foundation,NS,2
2018-2019,جامعة الإمارات للطيران,EMIRATES AVIATION UNIVERSITY,دبي,Dubai,حكومة محلية,Local Government,National,Higher Diploma,E,1
2018-2019,جامعة الإمارات للطيران,EMIRATES AVIATION UNIVERSITY,دبي,Dubai,حكومة محلية,Local Government,Non-National,Higher Diploma,E,11
2018-2019,جامعة الإمارات للطيران,EMIRATES AVIATION UNIVERSITY,دبي,Dubai,حكومة محلية,Local Government,National,Higher Diploma,NS,7
2018-2019,جامعة الإمارات للطيران,EMIRATES AVIATION UNIVERSITY,دبي,Dubai,حكومة محلية,Local Government,Non-National,Higher Diploma,NS,2
2018-2019,جامعة الإمارات للطيران,EMIRATES AVIATION UNIVERSITY,دبي,Dubai,حكومة محلية,Local Government,National,Master of Business Administration,NS,20
2018-2019,جامعة الإمارات للطيران,EMIRATES AVIATION UNIVERSITY,دبي,Dubai,حكومة محلية,Local Government,Non-National,Master of Business Administration,NS,66
2018-2019,جامعة الإمارات للطيران,EMIRATES AVIATION UNIVERSITY,دبي,Dubai,حكومة محلية,Local Government,Non-National,Masters,E,6
2018-2019,جامعة الإمارات للطيران,EMIRATES AVIATION UNIVERSITY,دبي,Dubai,حكومة محلية,Local Government,National,Masters,NS,8
2018-2019,جامعة الإمارات للطيران,EMIRATES AVIATION UNIVERSITY,دبي,Dubai,حكومة محلية,Local Government,Non-National,Masters,NS,18
2018-2019,جامعة البلمند في دبي,UNIVERSITY OF BALAMAND IN DUBAI,دبي,Dubai,فرع مؤسسة دولية,Branch of International Institution,Non-National,Professional Diploma,NS,2
2018-2019,جامعة السوربون - أبوظبي,"SORBONNE UNIVERSITY, ABU DHABI",أبوظبي,Abu Dhabi,فرع مؤسسة دولية,Branch of International Institution,National,Bachelors,NS,16
2018-2019,جامعة السوربون - أبوظبي,"SORBONNE UNIVERSITY, ABU DHABI",أبوظبي,Abu Dhabi,فرع مؤسسة دولية,Branch of International Institution,Non-National,Bachelors,NS,85
2018-2019,جامعة السوربون - أبوظبي,"SORBONNE UNIVERSITY, ABU DHABI",أبوظبي,Abu Dhabi,فرع مؤسسة دولية,Branch of International Institution,National,Bachelors,S,1
2018-2019,جامعة السوربون - أبوظبي,"SORBONNE UNIVERSITY, ABU DHABI",أبوظبي,Abu Dhabi,فرع مؤسسة دولية,Branch of International Institution,Non-National,Bachelors,S,5
2018-2019,جامعة السوربون - أبوظبي,"SORBONNE UNIVERSITY, ABU DHABI",أبوظبي,Abu Dhabi,فرع مؤسسة دولية,Branch of International Institution,National,Masters,E,4
2018-2019,جامعة السوربون - أبوظبي,"SORBONNE UNIVERSITY, ABU DHABI",أبوظبي,Abu Dhabi,فرع مؤسسة دولية,Branch of International Institution,Non-National,Masters,E,3
2018-2019,جامعة السوربون - أبوظبي,"SORBONNE UNIVERSITY, ABU DHABI",أبوظبي,Abu Dhabi,فرع مؤسسة دولية,Branch of International Institution,National,Masters,NS,29
2018-2019,جامعة السوربون - أبوظبي,"SORBONNE UNIVERSITY, ABU DHABI",أبوظبي,Abu Dhabi,فرع مؤسسة دولية,Branch of International Institution,Non-National,Masters,NS,35
2018-2019,جامعة السوربون - أبوظبي,"SORBONNE UNIVERSITY, ABU DHABI",أبوظبي,Abu Dhabi,فرع مؤسسة دولية,Branch of International Institution,National,Masters,S,4
2018-2019,جامعة السوربون - أبوظبي,"SORBONNE UNIVERSITY, ABU DHABI",أبوظبي,Abu Dhabi,فرع مؤسسة دولية,Branch of International Institution,Non-National,Masters,S,2
2018-2019,جامعة الشارقة,UNIVERSITY OF SHARJAH,الشارقة,Sharjah,شبه حكومية,Semi Government,National,Bachelors,E,171
2018-2019,جامعة الشارقة,UNIVERSITY OF SHARJAH,الشارقة,Sharjah,شبه حكومية,Semi Government,Non-National,Bachelors,E,582
2018-2019,جامعة الشارقة,UNIVERSITY OF SHARJAH,الشارقة,Sharjah,شبه حكومية,Semi Government,National,Bachelors,NS,474
2018-2019,جامعة الشارقة,UNIVERSITY OF SHARJAH,الشارقة,Sharjah,شبه حكومية,Semi Government,Non-National,Bachelors,NS,400
2018-2019,جامعة الشارقة,UNIVERSITY OF SHARJAH,الشارقة,Sharjah,شبه حكومية,Semi Government,National,Bachelors,S,82
2018-2019,جامعة الشارقة,UNIVERSITY OF SHARJAH,الشارقة,Sharjah,شبه حكومية,Semi Government,Non-National,Bachelors,S,527
2018-2019,جامعة الشارقة,UNIVERSITY OF SHARJAH,الشارقة,Sharjah,شبه حكومية,Semi Government,National,Bachelors,"S,M",24
2018-2019,جامعة الشارقة,UNIVERSITY OF SHARJAH,الشارقة,Sharjah,شبه حكومية,Semi Government,Non-National,Bachelors,"S,M",42
2018-2019,جامعة الشارقة,UNIVERSITY OF SHARJAH,الشارقة,Sharjah,شبه حكومية,Semi Government,National,Bachelors,T,46
2018-2019,جامعة الشارقة,UNIVERSITY OF SHARJAH,الشارقة,Sharjah,شبه حكومية,Semi Government,Non-National,Bachelors,T,74
2018-2019,جامعة الشارقة,UNIVERSITY OF SHARJAH,الشارقة,Sharjah,شبه حكومية,Semi Government,National,Diploma,NS,188
2018-2019,جامعة الشارقة,UNIVERSITY OF SHARJAH,الشارقة,Sharjah,شبه حكومية,Semi Government,Non-National,Diploma,NS,31
2018-2019,جامعة الشارقة,UNIVERSITY OF SHARJAH,الشارقة,Sharjah,شبه حكومية,Semi Government,National,Diploma,T,4
2018-2019,جامعة الشارقة,UNIVERSITY OF SHARJAH,الشارقة,Sharjah,شبه حكومية,Semi Government,Non-National,Diploma,T,6
2018-2019,جامعة الشارقة,UNIVERSITY OF SHARJAH,الشارقة,Sharjah,شبه حكومية,Semi Government,Non-National,Doctorate,E,1
2018-2019,جامعة الشارقة,UNIVERSITY OF SHARJAH,الشارقة,Sharjah,شبه حكومية,Semi Government,National,Doctorate,NS,23
2018-2019,جامعة الشارقة,UNIVERSITY OF SHARJAH,الشارقة,Sharjah,شبه حكومية,Semi Government,Non-National,Doctorate,NS,6
2018-2019,جامعة الشارقة,UNIVERSITY OF SHARJAH,الشارقة,Sharjah,شبه حكومية,Semi Government,National,Masters,E,14
2018-2019,جامعة الشارقة,UNIVERSITY OF SHARJAH,الشارقة,Sharjah,شبه حكومية,Semi Government,Non-National,Masters,E,27
2018-2019,جامعة الشارقة,UNIVERSITY OF SHARJAH,الشارقة,Sharjah,شبه حكومية,Semi Government,National,Masters,NS,106
2018-2019,جامعة الشارقة,UNIVERSITY OF SHARJAH,الشارقة,Sharjah,شبه حكومية,Semi Government,Non-National,Masters,NS,43
2018-2019,جامعة الشارقة,UNIVERSITY OF SHARJAH,الشارقة,Sharjah,شبه حكومية,Semi Government,National,Masters,S,4
2018-2019,جامعة الشارقة,UNIVERSITY OF SHARJAH,الشارقة,Sharjah,شبه حكومية,Semi Government,Non-National,Masters,S,12
2018-2019,جامعة الشارقة,UNIVERSITY OF SHARJAH,الشارقة,Sharjah,شبه حكومية,Semi Government,National,Masters,"S,M",3
2018-2019,جامعة الشارقة,UNIVERSITY OF SHARJAH,الشارقة,Sharjah,شبه حكومية,Semi Government,Non-National,Masters,"S,M",2
2018-2019,جامعة الشارقة,UNIVERSITY OF SHARJAH,الشارقة,Sharjah,شبه حكومية,Semi Government,Non-National,Masters,T,5
2018-2019,جامعة العلوم الحديثة,UNIVERSITY OF MODERN SCIENCES,دبي,Dubai,خاصة,Private,National,Bachelors,NS,63
2018-2019,جامعة العلوم الحديثة,UNIVERSITY OF MODERN SCIENCES,دبي,Dubai,خاصة,Private,Non-National,Bachelors,NS,3
2018-2019,جامعة العلوم الحديثة,UNIVERSITY OF MODERN SCIENCES,دبي,Dubai,خاصة,Private,National,Bachelors,"S,M",1
2018-2019,جامعة العلوم الحديثة,UNIVERSITY OF MODERN SCIENCES,دبي,Dubai,خاصة,Private,Non-National,Bachelors,"S,M",3
2018-2019,جامعة العلوم الحديثة,UNIVERSITY OF MODERN SCIENCES,دبي,Dubai,خاصة,Private,National,Masters,NS,4
2018-2019,جامعة العلوم الحديثة,UNIVERSITY OF MODERN SCIENCES,دبي,Dubai,خاصة,Private,Non-National,Masters,NS,1
2018-2019,جامعة العين,AL AIN UNIVERSITY,أبوظبي,Abu Dhabi,خاصة,Private,National,Bachelors,E,2
2018-2019,جامعة العين,AL AIN UNIVERSITY,أبوظبي,Abu Dhabi,خاصة,Private,Non-National,Bachelors,E,21
2018-2019,جامعة العين,AL AIN UNIVERSITY,أبوظبي,Abu Dhabi,خاصة,Private,National,Bachelors,NS,459
2018-2019,جامعة العين,AL AIN UNIVERSITY,أبوظبي,Abu Dhabi,خاصة,Private,Non-National,Bachelors,NS,298
2018-2019,جامعة العين,AL AIN UNIVERSITY,أبوظبي,Abu Dhabi,خاصة,Private,National,Bachelors,S,1
2018-2019,جامعة العين,AL AIN UNIVERSITY,أبوظبي,Abu Dhabi,خاصة,Private,Non-National,Bachelors,S,65
2018-2019,جامعة العين,AL AIN UNIVERSITY,أبوظبي,Abu Dhabi,خاصة,Private,National,Bachelors,T,1
2018-2019,جامعة العين,AL AIN UNIVERSITY,أبوظبي,Abu Dhabi,خاصة,Private,Non-National,Bachelors,T,14
2018-2019,جامعة العين,AL AIN UNIVERSITY,أبوظبي,Abu Dhabi,خاصة,Private,National,Higher Diploma,NS,4
2018-2019,جامعة العين,AL AIN UNIVERSITY,أبوظبي,Abu Dhabi,خاصة,Private,Non-National,Higher Diploma,NS,182
2018-2019,جامعة العين,AL AIN UNIVERSITY,أبوظبي,Abu Dhabi,خاصة,Private,National,Masters,NS,101
2018-2019,جامعة العين,AL AIN UNIVERSITY,أبوظبي,Abu Dhabi,خاصة,Private,Non-National,Masters,NS,17
2018-2019,جامعة العين,AL AIN UNIVERSITY,أبوظبي,Abu Dhabi,خاصة,Private,National,Masters,S,6
2018-2019,جامعة العين,AL AIN UNIVERSITY,أبوظبي,Abu Dhabi,خاصة,Private,Non-National,Masters,S,16
2018-2019,جامعة الغرير,AL GHURAIR UNIVERSITY,دبي,Dubai,خاصة,Private,National,Bachelors,E,3
2018-2019,جامعة الغرير,AL GHURAIR UNIVERSITY,دبي,Dubai,خاصة,Private,Non-National,Bachelors,E,65
2018-2019,جامعة الغرير,AL GHURAIR UNIVERSITY,دبي,Dubai,خاصة,Private,National,Bachelors,NS,48
2018-2019,جامعة الغرير,AL GHURAIR UNIVERSITY,دبي,Dubai,خاصة,Private,Non-National,Bachelors,NS,100
2018-2019,جامعة الغرير,AL GHURAIR UNIVERSITY,دبي,Dubai,خاصة,Private,National,Bachelors,T,2
2018-2019,جامعة الغرير,AL GHURAIR UNIVERSITY,دبي,Dubai,خاصة,Private,Non-National,Bachelors,T,5
2018-2019,جامعة الغرير,AL GHURAIR UNIVERSITY,دبي,Dubai,خاصة,Private,National,Master of Business Administration,NS,6
2018-2019,جامعة الغرير,AL GHURAIR UNIVERSITY,دبي,Dubai,خاصة,Private,Non-National,Master of Business Administration,NS,2
2018-2019,جامعة الغرير,AL GHURAIR UNIVERSITY,دبي,Dubai,خاصة,Private,National,Masters,E,3
2018-2019,جامعة الغرير,AL GHURAIR UNIVERSITY,دبي,Dubai,خاصة,Private,National,Masters,NS,4
2018-2019,جامعة الغرير,AL GHURAIR UNIVERSITY,دبي,Dubai,خاصة,Private,Non-National,Masters,NS,1
2018-2019,جامعة الغرير,AL GHURAIR UNIVERSITY,دبي,Dubai,خاصة,Private,National,Professional Diploma,NS,4
2018-2019,جامعة الغرير,AL GHURAIR UNIVERSITY,دبي,Dubai,خاصة,Private,Non-National,Professional Diploma,NS,55
2018-2019,جامعة الفجيرة,UNIVERSITY OF FUJAIRAH,الفجيرة,Fujairah,شبه حكومية,Semi Government,National,Bachelors,NS,25
2018-2019,جامعة الفجيرة,UNIVERSITY OF FUJAIRAH,الفجيرة,Fujairah,شبه حكومية,Semi Government,Non-National,Bachelors,NS,8
2018-2019,جامعة الفجيرة,UNIVERSITY OF FUJAIRAH,الفجيرة,Fujairah,شبه حكومية,Semi Government,National,Bachelors,T,5
2018-2019,جامعة الفجيرة,UNIVERSITY OF FUJAIRAH,الفجيرة,Fujairah,شبه حكومية,Semi Government,Non-National,Bachelors,T,1
2018-2019,جامعة الفجيرة,UNIVERSITY OF FUJAIRAH,الفجيرة,Fujairah,شبه حكومية,Semi Government,National,Master of Business Administration,NS,32
2018-2019,جامعة الفجيرة,UNIVERSITY OF FUJAIRAH,الفجيرة,Fujairah,شبه حكومية,Semi Government,Non-National,Master of Business Administration,NS,1
2018-2019,جامعة الفلاح,AL FALAH UNIVERSITY,دبي,Dubai,خاصة,Private,National,Bachelors,NS,103
2018-2019,جامعة الفلاح,AL FALAH UNIVERSITY,دبي,Dubai,خاصة,Private,Non-National,Bachelors,NS,19
2018-2019,جامعة الفلاح,AL FALAH UNIVERSITY,دبي,Dubai,خاصة,Private,National,Bachelors,S,1
2018-2019,جامعة الفلاح,AL FALAH UNIVERSITY,دبي,Dubai,خاصة,Private,Non-National,Bachelors,S,1
2018-2019,جامعة الفلاح,AL FALAH UNIVERSITY,دبي,Dubai,خاصة,Private,National,Master of Business Administration,NS,7
2018-2019,جامعة الفلاح,AL FALAH UNIVERSITY,دبي,Dubai,خاصة,Private,Non-National,Master of Business Administration,NS,6
2018-2019,جامعة الوصل,AL WASL UNIVERSITY,دبي,Dubai,خاصة,Private,National,Bachelors,NS,62
2018-2019,جامعة الوصل,AL WASL UNIVERSITY,دبي,Dubai,خاصة,Private,Non-National,Bachelors,NS,83
2018-2019,جامعة الوصل,AL WASL UNIVERSITY,دبي,Dubai,خاصة,Private,National,Doctorate,NS,10
2018-2019,جامعة الوصل,AL WASL UNIVERSITY,دبي,Dubai,خاصة,Private,Non-National,Doctorate,NS,2
2018-2019,جامعة الوصل,AL WASL UNIVERSITY,دبي,Dubai,خاصة,Private,National,Masters,NS,2
2018-2019,جامعة جميرا,JUMEIRA UNIVERSITY,دبي,Dubai,خاصة,Private,National,Bachelors,NS,14
2018-2019,جامعة جميرا,JUMEIRA UNIVERSITY,دبي,Dubai,خاصة,Private,Non-National,Bachelors,NS,50
2018-2019,جامعة جميرا,JUMEIRA UNIVERSITY,دبي,Dubai,خاصة,Private,Non-National,Bachelors,S,4
2018-2019,جامعة جميرا,JUMEIRA UNIVERSITY,دبي,Dubai,خاصة,Private,Non-National,Bachelors,"S,M",7
2018-2019,جامعة حمدان بن محمد الذكية,HAMDAN BIN MOHAMMED  SMART UNIVERSITY,دبي,Dubai,شبه حكومية,Semi Government,National,Bachelors,NS,16
2018-2019,جامعة حمدان بن محمد الذكية,HAMDAN BIN MOHAMMED  SMART UNIVERSITY,دبي,Dubai,شبه حكومية,Semi Government,Non-National,Bachelors,NS,39
2018-2019,جامعة حمدان بن محمد الذكية,HAMDAN BIN MOHAMMED  SMART UNIVERSITY,دبي,Dubai,شبه حكومية,Semi Government,National,Bachelors,S,3
2018-2019,جامعة حمدان بن محمد الذكية,HAMDAN BIN MOHAMMED  SMART UNIVERSITY,دبي,Dubai,شبه حكومية,Semi Government,Non-National,Bachelors,S,10
2018-2019,جامعة حمدان بن محمد الذكية,HAMDAN BIN MOHAMMED  SMART UNIVERSITY,دبي,Dubai,شبه حكومية,Semi Government,National,Diploma,NS,1
2018-2019,جامعة حمدان بن محمد الذكية,HAMDAN BIN MOHAMMED  SMART UNIVERSITY,دبي,Dubai,شبه حكومية,Semi Government,National,Doctorate,"S,M",1
2018-2019,جامعة حمدان بن محمد الذكية,HAMDAN BIN MOHAMMED  SMART UNIVERSITY,دبي,Dubai,شبه حكومية,Semi Government,National,Masters,NS,120
2018-2019,جامعة حمدان بن محمد الذكية,HAMDAN BIN MOHAMMED  SMART UNIVERSITY,دبي,Dubai,شبه حكومية,Semi Government,Non-National,Masters,NS,10
2018-2019,جامعة حمدان بن محمد الذكية,HAMDAN BIN MOHAMMED  SMART UNIVERSITY,دبي,Dubai,شبه حكومية,Semi Government,National,Masters,S,11
2018-2019,جامعة حمدان بن محمد الذكية,HAMDAN BIN MOHAMMED  SMART UNIVERSITY,دبي,Dubai,شبه حكومية,Semi Government,Non-National,Masters,S,3
2018-2019,جامعة خليفة,KHALIFA UNIVERSITY,أبوظبي,Abu Dhabi,حكومة محلية,Local Government,National,Bachelors,E,348
2018-2019,جامعة خليفة,KHALIFA UNIVERSITY,أبوظبي,Abu Dhabi,حكومة محلية,Local Government,Non-National,Bachelors,E,59
2018-2019,جامعة خليفة,KHALIFA UNIVERSITY,أبوظبي,Abu Dhabi,حكومة محلية,Local Government,National,Bachelors,S,11
2018-2019,جامعة خليفة,KHALIFA UNIVERSITY,أبوظبي,Abu Dhabi,حكومة محلية,Local Government,Non-National,Bachelors,S,4
2018-2019,جامعة خليفة,KHALIFA UNIVERSITY,أبوظبي,Abu Dhabi,حكومة محلية,Local Government,National,Bachelors,"S,M",1
2018-2019,جامعة خليفة,KHALIFA UNIVERSITY,أبوظبي,Abu Dhabi,حكومة محلية,Local Government,Non-National,Bachelors,"S,M",1
2018-2019,جامعة خليفة,KHALIFA UNIVERSITY,أبوظبي,Abu Dhabi,حكومة محلية,Local Government,National,Doctorate,E,5
2018-2019,جامعة خليفة,KHALIFA UNIVERSITY,أبوظبي,Abu Dhabi,حكومة محلية,Local Government,Non-National,Doctorate,E,15
2018-2019,جامعة خليفة,KHALIFA UNIVERSITY,أبوظبي,Abu Dhabi,حكومة محلية,Local Government,National,Doctorate,S,2
2018-2019,جامعة خليفة,KHALIFA UNIVERSITY,أبوظبي,Abu Dhabi,حكومة محلية,Local Government,Non-National,Doctorate,S,9
2018-2019,جامعة خليفة,KHALIFA UNIVERSITY,أبوظبي,Abu Dhabi,حكومة محلية,Local Government,National,Masters,E,60
2018-2019,جامعة خليفة,KHALIFA UNIVERSITY,أبوظبي,Abu Dhabi,حكومة محلية,Local Government,Non-National,Masters,E,60
2018-2019,جامعة خليفة,KHALIFA UNIVERSITY,أبوظبي,Abu Dhabi,حكومة محلية,Local Government,National,Masters,NS,17
2018-2019,جامعة خليفة,KHALIFA UNIVERSITY,أبوظبي,Abu Dhabi,حكومة محلية,Local Government,National,Masters,S,2
2018-2019,جامعة خليفة,KHALIFA UNIVERSITY,أبوظبي,Abu Dhabi,حكومة محلية,Local Government,Non-National,Masters,S,2
2018-2019,جامعة خليفة,KHALIFA UNIVERSITY,أبوظبي,Abu Dhabi,حكومة محلية,Local Government,National,Masters,T,1
2018-2019,جامعة دبي,UNIVERSITY OF DUBAI,دبي,Dubai,حكومة محلية,Local Government,National,Bachelors,NS,14
2018-2019,جامعة دبي,UNIVERSITY OF DUBAI,دبي,Dubai,حكومة محلية,Local Government,Non-National,Bachelors,NS,71
2018-2019,جامعة دبي,UNIVERSITY OF DUBAI,دبي,Dubai,حكومة محلية,Local Government,National,Bachelors,T,7
2018-2019,جامعة دبي,UNIVERSITY OF DUBAI,دبي,Dubai,حكومة محلية,Local Government,Non-National,Bachelors,T,7
2018-2019,جامعة دبي,UNIVERSITY OF DUBAI,دبي,Dubai,حكومة محلية,Local Government,National,Doctor of Business Administrate,NS,9
2018-2019,جامعة دبي,UNIVERSITY OF DUBAI,دبي,Dubai,حكومة محلية,Local Government,National,Master of Business Administration,NS,39
2018-2019,جامعة دبي,UNIVERSITY OF DUBAI,دبي,Dubai,حكومة محلية,Local Government,Non-National,Master of Business Administration,NS,3
2018-2019,جامعة دبي,UNIVERSITY OF DUBAI,دبي,Dubai,حكومة محلية,Local Government,National,Masters,NS,25
2018-2019,جامعة دبي,UNIVERSITY OF DUBAI,دبي,Dubai,حكومة محلية,Local Government,Non-National,Masters,NS,9
2018-2019,جامعة رأس الخيمة للطب والعلوم الصحية,RAS AL KHAIMAH MEDICAL AND HEALTH SCIENCES UNIVERSITY,رأس الخيمة,Ras Al Khaima,حكومة محلية,Local Government,National,"(MBBS)Bachelor of Medicine, Bachelor of Surgery",S,6
2018-2019,جامعة رأس الخيمة للطب والعلوم الصحية,RAS AL KHAIMAH MEDICAL AND HEALTH SCIENCES UNIVERSITY,رأس الخيمة,Ras Al Khaima,حكومة محلية,Local Government,Non-National,"(MBBS)Bachelor of Medicine, Bachelor of Surgery",S,90
2018-2019,جامعة رأس الخيمة للطب والعلوم الصحية,RAS AL KHAIMAH MEDICAL AND HEALTH SCIENCES UNIVERSITY,رأس الخيمة,Ras Al Khaima,حكومة محلية,Local Government,National,Bachelors,S,29
2018-2019,جامعة رأس الخيمة للطب والعلوم الصحية,RAS AL KHAIMAH MEDICAL AND HEALTH SCIENCES UNIVERSITY,رأس الخيمة,Ras Al Khaima,حكومة محلية,Local Government,Non-National,Bachelors,S,188
2018-2019,جامعة رأس الخيمة للطب والعلوم الصحية,RAS AL KHAIMAH MEDICAL AND HEALTH SCIENCES UNIVERSITY,رأس الخيمة,Ras Al Khaima,حكومة محلية,Local Government,National,Masters,S,8
2018-2019,جامعة رأس الخيمة للطب والعلوم الصحية,RAS AL KHAIMAH MEDICAL AND HEALTH SCIENCES UNIVERSITY,رأس الخيمة,Ras Al Khaima,حكومة محلية,Local Government,Non-National,Masters,S,13
2018-2019,جامعة زايد,ZAYED UNIVERSITY,أبوظبي,Abu Dhabi,حكومة إتحادية,Federal Government,National,Bachelors,NS,592
2018-2019,جامعة زايد,ZAYED UNIVERSITY,أبوظبي,Abu Dhabi,حكومة إتحادية,Federal Government,Non-National,Bachelors,NS,41
2018-2019,جامعة زايد,ZAYED UNIVERSITY,أبوظبي,Abu Dhabi,حكومة إتحادية,Federal Government,National,Bachelors,S,48
2018-2019,جامعة زايد,ZAYED UNIVERSITY,أبوظبي,Abu Dhabi,حكومة إتحادية,Federal Government,Non-National,Bachelors,S,7
2018-2019,جامعة زايد,ZAYED UNIVERSITY,أبوظبي,Abu Dhabi,حكومة إتحادية,Federal Government,National,Bachelors,T,151
2018-2019,جامعة زايد,ZAYED UNIVERSITY,أبوظبي,Abu Dhabi,حكومة إتحادية,Federal Government,Non-National,Bachelors,T,8
2018-2019,جامعة زايد,ZAYED UNIVERSITY,أبوظبي,Abu Dhabi,حكومة إتحادية,Federal Government,National,Masters,NS,102
2018-2019,جامعة زايد,ZAYED UNIVERSITY,أبوظبي,Abu Dhabi,حكومة إتحادية,Federal Government,Non-National,Masters,NS,13
2018-2019,جامعة زايد,ZAYED UNIVERSITY,أبوظبي,Abu Dhabi,حكومة إتحادية,Federal Government,National,Masters,S,1
2018-2019,جامعة زايد,ZAYED UNIVERSITY,دبي,Dubai,حكومة إتحادية,Federal Government,National,Bachelors,NS,412
2018-2019,جامعة زايد,ZAYED UNIVERSITY,دبي,Dubai,حكومة إتحادية,Federal Government,Non-National,Bachelors,NS,11
2018-2019,جامعة زايد,ZAYED UNIVERSITY,دبي,Dubai,حكومة إتحادية,Federal Government,National,Bachelors,S,53
2018-2019,جامعة زايد,ZAYED UNIVERSITY,دبي,Dubai,حكومة إتحادية,Federal Government,Non-National,Bachelors,S,4
2018-2019,جامعة زايد,ZAYED UNIVERSITY,دبي,Dubai,حكومة إتحادية,Federal Government,National,Bachelors,T,136
2018-2019,جامعة زايد,ZAYED UNIVERSITY,دبي,Dubai,حكومة إتحادية,Federal Government,Non-National,Bachelors,T,5
2018-2019,جامعة زايد,ZAYED UNIVERSITY,دبي,Dubai,حكومة إتحادية,Federal Government,National,Masters,NS,10
2018-2019,جامعة سان جوزف دبي,SAINT JOSEPH UNIVERSITY DUBAI,دبي,Dubai,فرع مؤسسة دولية,Branch of International Institution,National,Bachelors,NS,6
2018-2019,جامعة سان جوزف دبي,SAINT JOSEPH UNIVERSITY DUBAI,دبي,Dubai,فرع مؤسسة دولية,Branch of International Institution,Non-National,Bachelors,NS,4
2018-2019,جامعة سان جوزف دبي,SAINT JOSEPH UNIVERSITY DUBAI,دبي,Dubai,فرع مؤسسة دولية,Branch of International Institution,National,Masters,NS,1
2018-2019,جامعة سان جوزف دبي,SAINT JOSEPH UNIVERSITY DUBAI,دبي,Dubai,فرع مؤسسة دولية,Branch of International Institution,Non-National,Masters,NS,3
2018-2019,جامعة ستراثكليد- كلية إدارة الأعمال بالإمارات,UNIVERSITY OF STRATHCLYDE BUSINESS SCHOOL- UAE,أبوظبي,Abu Dhabi,فرع مؤسسة دولية,Branch of International Institution,Non-National,Master of Business Administration,NS,7
2018-2019,جامعة ستراثكليد- كلية إدارة الأعمال بالإمارات,UNIVERSITY OF STRATHCLYDE BUSINESS SCHOOL- UAE,دبي,Dubai,فرع مؤسسة دولية,Branch of International Institution,Non-National,Master of Business Administration,NS,6
2018-2019,جامعة عجمان,AJMAN UNIVERSITY ,الفجيرة,Fujairah,خاصة,Private,National,Bachelors,E,3
2018-2019,جامعة عجمان,AJMAN UNIVERSITY ,الفجيرة,Fujairah,خاصة,Private,Non-National,Bachelors,E,3
2018-2019,جامعة عجمان,AJMAN UNIVERSITY ,الفجيرة,Fujairah,خاصة,Private,National,Bachelors,NS,21
2018-2019,جامعة عجمان,AJMAN UNIVERSITY ,الفجيرة,Fujairah,خاصة,Private,Non-National,Bachelors,NS,23
2018-2019,جامعة عجمان,AJMAN UNIVERSITY ,الفجيرة,Fujairah,خاصة,Private,Non-National,Bachelors,S,7
2018-2019,جامعة عجمان,AJMAN UNIVERSITY ,الفجيرة,Fujairah,خاصة,Private,National,Bachelors,T,1
2018-2019,جامعة عجمان,AJMAN UNIVERSITY ,الفجيرة,Fujairah,خاصة,Private,Non-National,Doctor of Dental Medicine,S,3
2018-2019,جامعة عجمان,AJMAN UNIVERSITY ,عجمان,Ajman,خاصة,Private,National,Bachelors,E,8
2018-2019,جامعة عجمان,AJMAN UNIVERSITY ,عجمان,Ajman,خاصة,Private,Non-National,Bachelors,E,227
2018-2019,جامعة عجمان,AJMAN UNIVERSITY ,عجمان,Ajman,خاصة,Private,National,Bachelors,NS,164
2018-2019,جامعة عجمان,AJMAN UNIVERSITY ,عجمان,Ajman,خاصة,Private,Non-National,Bachelors,NS,469
2018-2019,جامعة عجمان,AJMAN UNIVERSITY ,عجمان,Ajman,خاصة,Private,Non-National,Bachelors,S,85
2018-2019,جامعة عجمان,AJMAN UNIVERSITY ,عجمان,Ajman,خاصة,Private,National,Bachelors,T,6
2018-2019,جامعة عجمان,AJMAN UNIVERSITY ,عجمان,Ajman,خاصة,Private,Non-National,Bachelors,T,54
2018-2019,جامعة عجمان,AJMAN UNIVERSITY ,عجمان,Ajman,خاصة,Private,National,Doctor of Dental Medicine,S,9
2018-2019,جامعة عجمان,AJMAN UNIVERSITY ,عجمان,Ajman,خاصة,Private,Non-National,Doctor of Dental Medicine,S,156
2018-2019,جامعة عجمان,AJMAN UNIVERSITY ,عجمان,Ajman,خاصة,Private,National,Graduate Diploma,NS,3
2018-2019,جامعة عجمان,AJMAN UNIVERSITY ,عجمان,Ajman,خاصة,Private,Non-National,Graduate Diploma,NS,73
2018-2019,جامعة عجمان,AJMAN UNIVERSITY ,عجمان,Ajman,خاصة,Private,National,Higher Diploma,NS,1
2018-2019,جامعة عجمان,AJMAN UNIVERSITY ,عجمان,Ajman,خاصة,Private,Non-National,Higher Diploma,NS,10
2018-2019,جامعة عجمان,AJMAN UNIVERSITY ,عجمان,Ajman,خاصة,Private,National,Master of Business Administration,NS,3
2018-2019,جامعة عجمان,AJMAN UNIVERSITY ,عجمان,Ajman,خاصة,Private,Non-National,Master of Business Administration,NS,17
2018-2019,جامعة عجمان,AJMAN UNIVERSITY ,عجمان,Ajman,خاصة,Private,National,Masters,NS,22
2018-2019,جامعة عجمان,AJMAN UNIVERSITY ,عجمان,Ajman,خاصة,Private,Non-National,Masters,NS,15
2018-2019,جامعة عجمان,AJMAN UNIVERSITY ,عجمان,Ajman,خاصة,Private,National,Masters,S,6
2018-2019,جامعة عجمان,AJMAN UNIVERSITY ,عجمان,Ajman,خاصة,Private,Non-National,Masters,S,17
2018-2019,جامعة محمد بن راشد للطب والعلوم الصحية,MOHAMMED BIN RASHID UNIVERSITY OF MEDICINE AND HEALTH SCIENCES,دبي,Dubai,حكومة محلية,Local Government,National,Masters,S,16
2018-2019,جامعة محمد بن راشد للطب والعلوم الصحية,MOHAMMED BIN RASHID UNIVERSITY OF MEDICINE AND HEALTH SCIENCES,دبي,Dubai,حكومة محلية,Local Government,Non-National,Masters,S,13
2018-2019,جامعة محمد بن زايد للعلوم الإنسانية,MOHAMED BIN ZAYED UNIVERSITY FOR HUMANITIES,أبوظبي,Abu Dhabi,حكومة محلية,Local Government,National,Bachelors,NS,59
2018-2019,جامعة محمد بن زايد للعلوم الإنسانية,MOHAMED BIN ZAYED UNIVERSITY FOR HUMANITIES,أبوظبي,Abu Dhabi,حكومة محلية,Local Government,Non-National,Bachelors,NS,22
2018-2019,جامعة محمد بن زايد للعلوم الإنسانية,MOHAMED BIN ZAYED UNIVERSITY FOR HUMANITIES,أبوظبي,Abu Dhabi,حكومة محلية,Local Government,National,Masters,NS,2
2018-2019,جامعة نيويورك,"NEW YORK UNIVERSITY, ABU DHABI",أبوظبي,Abu Dhabi,فرع مؤسسة دولية,Branch of International Institution,National,Bachelors,E,4
2018-2019,جامعة نيويورك,"NEW YORK UNIVERSITY, ABU DHABI",أبوظبي,Abu Dhabi,فرع مؤسسة دولية,Branch of International Institution,Non-National,Bachelors,E,39
2018-2019,جامعة نيويورك,"NEW YORK UNIVERSITY, ABU DHABI",أبوظبي,Abu Dhabi,فرع مؤسسة دولية,Branch of International Institution,National,Bachelors,NS,22
2018-2019,جامعة نيويورك,"NEW YORK UNIVERSITY, ABU DHABI",أبوظبي,Abu Dhabi,فرع مؤسسة دولية,Branch of International Institution,Non-National,Bachelors,NS,154
2018-2019,جامعة نيويورك,"NEW YORK UNIVERSITY, ABU DHABI",أبوظبي,Abu Dhabi,فرع مؤسسة دولية,Branch of International Institution,Non-National,Bachelors,S,5
2018-2019,جامعة نيويورك,"NEW YORK UNIVERSITY, ABU DHABI",أبوظبي,Abu Dhabi,فرع مؤسسة دولية,Branch of International Institution,National,Bachelors,"S,M",1
2018-2019,جامعة نيويورك,"NEW YORK UNIVERSITY, ABU DHABI",أبوظبي,Abu Dhabi,فرع مؤسسة دولية,Branch of International Institution,Non-National,Bachelors,"S,M",24
2018-2019,جامعة نيويورك,"NEW YORK UNIVERSITY, ABU DHABI",أبوظبي,Abu Dhabi,فرع مؤسسة دولية,Branch of International Institution,National,Bachelors,T,2
2018-2019,جامعة نيويورك,"NEW YORK UNIVERSITY, ABU DHABI",أبوظبي,Abu Dhabi,فرع مؤسسة دولية,Branch of International Institution,Non-National,Bachelors,T,20
2018-2019,جامعة ولونغونغ فى دبى,UNIVERSITY OF WOLLONGONG IN DUBAI,دبي,Dubai,فرع مؤسسة دولية,Branch of International Institution,National,Bachelors,E,1
2018-2019,جامعة ولونغونغ فى دبى,UNIVERSITY OF WOLLONGONG IN DUBAI,دبي,Dubai,فرع مؤسسة دولية,Branch of International Institution,Non-National,Bachelors,E,38
2018-2019,جامعة ولونغونغ فى دبى,UNIVERSITY OF WOLLONGONG IN DUBAI,دبي,Dubai,فرع مؤسسة دولية,Branch of International Institution,National,Bachelors,NS,1
2018-2019,جامعة ولونغونغ فى دبى,UNIVERSITY OF WOLLONGONG IN DUBAI,دبي,Dubai,فرع مؤسسة دولية,Branch of International Institution,Non-National,Bachelors,NS,278
2018-2019,جامعة ولونغونغ فى دبى,UNIVERSITY OF WOLLONGONG IN DUBAI,دبي,Dubai,فرع مؤسسة دولية,Branch of International Institution,Non-National,Bachelors,T,38
2018-2019,جامعة ولونغونغ فى دبى,UNIVERSITY OF WOLLONGONG IN DUBAI,دبي,Dubai,فرع مؤسسة دولية,Branch of International Institution,National,Doctor of Business Administrate,NS,2
2018-2019,جامعة ولونغونغ فى دبى,UNIVERSITY OF WOLLONGONG IN DUBAI,دبي,Dubai,فرع مؤسسة دولية,Branch of International Institution,Non-National,Doctorate,NS,1
2018-2019,جامعة ولونغونغ فى دبى,UNIVERSITY OF WOLLONGONG IN DUBAI,دبي,Dubai,فرع مؤسسة دولية,Branch of International Institution,Non-National,Graduate Certificate,NS,14
2018-2019,جامعة ولونغونغ فى دبى,UNIVERSITY OF WOLLONGONG IN DUBAI,دبي,Dubai,فرع مؤسسة دولية,Branch of International Institution,National,Masters,E,20
2018-2019,جامعة ولونغونغ فى دبى,UNIVERSITY OF WOLLONGONG IN DUBAI,دبي,Dubai,فرع مؤسسة دولية,Branch of International Institution,Non-National,Masters,E,65
2018-2019,جامعة ولونغونغ فى دبى,UNIVERSITY OF WOLLONGONG IN DUBAI,دبي,Dubai,فرع مؤسسة دولية,Branch of International Institution,National,Masters,NS,59
2018-2019,جامعة ولونغونغ فى دبى,UNIVERSITY OF WOLLONGONG IN DUBAI,دبي,Dubai,فرع مؤسسة دولية,Branch of International Institution,Non-National,Masters,NS,282
2018-2019,جامعة ولونغونغ فى دبى,UNIVERSITY OF WOLLONGONG IN DUBAI,دبي,Dubai,فرع مؤسسة دولية,Branch of International Institution,National,Masters,T,4
2018-2019,جامعة ولونغونغ فى دبى,UNIVERSITY OF WOLLONGONG IN DUBAI,دبي,Dubai,فرع مؤسسة دولية,Branch of International Institution,Non-National,Masters,T,2
2018-2019,كليات التقنية العليا,HIGHER COLLEGES OF TECHNOLOGY,أبوظبي,Abu Dhabi,حكومة إتحادية,Federal Government,National,Bachelors,E,528
2018-2019,كليات التقنية العليا,HIGHER COLLEGES OF TECHNOLOGY,أبوظبي,Abu Dhabi,حكومة إتحادية,Federal Government,Non-National,Bachelors,E,25
2018-2019,كليات التقنية العليا,HIGHER COLLEGES OF TECHNOLOGY,أبوظبي,Abu Dhabi,حكومة إتحادية,Federal Government,National,Bachelors,NS,571
2018-2019,كليات التقنية العليا,HIGHER COLLEGES OF TECHNOLOGY,أبوظبي,Abu Dhabi,حكومة إتحادية,Federal Government,Non-National,Bachelors,NS,17
2018-2019,كليات التقنية العليا,HIGHER COLLEGES OF TECHNOLOGY,أبوظبي,Abu Dhabi,حكومة إتحادية,Federal Government,National,Bachelors,S,60
2018-2019,كليات التقنية العليا,HIGHER COLLEGES OF TECHNOLOGY,أبوظبي,Abu Dhabi,حكومة إتحادية,Federal Government,Non-National,Bachelors,S,2
2018-2019,كليات التقنية العليا,HIGHER COLLEGES OF TECHNOLOGY,أبوظبي,Abu Dhabi,حكومة إتحادية,Federal Government,National,Bachelors,T,216
2018-2019,كليات التقنية العليا,HIGHER COLLEGES OF TECHNOLOGY,أبوظبي,Abu Dhabi,حكومة إتحادية,Federal Government,Non-National,Bachelors,T,1
2018-2019,كليات التقنية العليا,HIGHER COLLEGES OF TECHNOLOGY,أبوظبي,Abu Dhabi,حكومة إتحادية,Federal Government,National,Diploma,E,5
2018-2019,كليات التقنية العليا,HIGHER COLLEGES OF TECHNOLOGY,أبوظبي,Abu Dhabi,حكومة إتحادية,Federal Government,National,Diploma,T,7
2018-2019,كليات التقنية العليا,HIGHER COLLEGES OF TECHNOLOGY,أبوظبي,Abu Dhabi,حكومة إتحادية,Federal Government,Non-National,Diploma,T,3
2018-2019,كليات التقنية العليا,HIGHER COLLEGES OF TECHNOLOGY,الشارقة,Sharjah,حكومة إتحادية,Federal Government,National,Bachelors,E,228
2018-2019,كليات التقنية العليا,HIGHER COLLEGES OF TECHNOLOGY,الشارقة,Sharjah,حكومة إتحادية,Federal Government,Non-National,Bachelors,E,8
2018-2019,كليات التقنية العليا,HIGHER COLLEGES OF TECHNOLOGY,الشارقة,Sharjah,حكومة إتحادية,Federal Government,National,Bachelors,NS,286
2018-2019,كليات التقنية العليا,HIGHER COLLEGES OF TECHNOLOGY,الشارقة,Sharjah,حكومة إتحادية,Federal Government,Non-National,Bachelors,NS,12
2018-2019,كليات التقنية العليا,HIGHER COLLEGES OF TECHNOLOGY,الشارقة,Sharjah,حكومة إتحادية,Federal Government,National,Bachelors,S,88
2018-2019,كليات التقنية العليا,HIGHER COLLEGES OF TECHNOLOGY,الشارقة,Sharjah,حكومة إتحادية,Federal Government,Non-National,Bachelors,S,4
2018-2019,كليات التقنية العليا,HIGHER COLLEGES OF TECHNOLOGY,الشارقة,Sharjah,حكومة إتحادية,Federal Government,National,Bachelors,T,114
2018-2019,كليات التقنية العليا,HIGHER COLLEGES OF TECHNOLOGY,الشارقة,Sharjah,حكومة إتحادية,Federal Government,Non-National,Bachelors,T,8
2018-2019,كليات التقنية العليا,HIGHER COLLEGES OF TECHNOLOGY,الشارقة,Sharjah,حكومة إتحادية,Federal Government,National,Certificate,T,1
2018-2019,كليات التقنية العليا,HIGHER COLLEGES OF TECHNOLOGY,الشارقة,Sharjah,حكومة إتحادية,Federal Government,National,Diploma,T,2
2018-2019,كليات التقنية العليا,HIGHER COLLEGES OF TECHNOLOGY,الفجيرة,Fujairah,حكومة إتحادية,Federal Government,National,Bachelors,E,115
2018-2019,كليات التقنية العليا,HIGHER COLLEGES OF TECHNOLOGY,الفجيرة,Fujairah,حكومة إتحادية,Federal Government,National,Bachelors,NS,88
2018-2019,كليات التقنية العليا,HIGHER COLLEGES OF TECHNOLOGY,الفجيرة,Fujairah,حكومة إتحادية,Federal Government,Non-National,Bachelors,NS,1
2018-2019,كليات التقنية العليا,HIGHER COLLEGES OF TECHNOLOGY,الفجيرة,Fujairah,حكومة إتحادية,Federal Government,National,Bachelors,S,33
2018-2019,كليات التقنية العليا,HIGHER COLLEGES OF TECHNOLOGY,الفجيرة,Fujairah,حكومة إتحادية,Federal Government,National,Bachelors,T,36
2018-2019,كليات التقنية العليا,HIGHER COLLEGES OF TECHNOLOGY,الفجيرة,Fujairah,حكومة إتحادية,Federal Government,National,Diploma,E,2
2018-2019,كليات التقنية العليا,HIGHER COLLEGES OF TECHNOLOGY,دبي,Dubai,حكومة إتحادية,Federal Government,National,Bachelors,E,311
2018-2019,كليات التقنية العليا,HIGHER COLLEGES OF TECHNOLOGY,دبي,Dubai,حكومة إتحادية,Federal Government,Non-National,Bachelors,E,4
2018-2019,كليات التقنية العليا,HIGHER COLLEGES OF TECHNOLOGY,دبي,Dubai,حكومة إتحادية,Federal Government,National,Bachelors,NS,389
2018-2019,كليات التقنية العليا,HIGHER COLLEGES OF TECHNOLOGY,دبي,Dubai,حكومة إتحادية,Federal Government,Non-National,Bachelors,NS,10
2018-2019,كليات التقنية العليا,HIGHER COLLEGES OF TECHNOLOGY,دبي,Dubai,حكومة إتحادية,Federal Government,National,Bachelors,S,46
2018-2019,كليات التقنية العليا,HIGHER COLLEGES OF TECHNOLOGY,دبي,Dubai,حكومة إتحادية,Federal Government,National,Bachelors,T,170
2018-2019,كليات التقنية العليا,HIGHER COLLEGES OF TECHNOLOGY,دبي,Dubai,حكومة إتحادية,Federal Government,Non-National,Bachelors,T,3
2018-2019,كليات التقنية العليا,HIGHER COLLEGES OF TECHNOLOGY,دبي,Dubai,حكومة إتحادية,Federal Government,National,Diploma,T,18
2018-2019,كليات التقنية العليا,HIGHER COLLEGES OF TECHNOLOGY,رأس الخيمة,Ras Al Khaima,حكومة إتحادية,Federal Government,National,Bachelors,E,124
2018-2019,كليات التقنية العليا,HIGHER COLLEGES OF TECHNOLOGY,رأس الخيمة,Ras Al Khaima,حكومة إتحادية,Federal Government,Non-National,Bachelors,E,3
2018-2019,كليات التقنية العليا,HIGHER COLLEGES OF TECHNOLOGY,رأس الخيمة,Ras Al Khaima,حكومة إتحادية,Federal Government,National,Bachelors,NS,150
2018-2019,كليات التقنية العليا,HIGHER COLLEGES OF TECHNOLOGY,رأس الخيمة,Ras Al Khaima,حكومة إتحادية,Federal Government,Non-National,Bachelors,NS,2
2018-2019,كليات التقنية العليا,HIGHER COLLEGES OF TECHNOLOGY,رأس الخيمة,Ras Al Khaima,حكومة إتحادية,Federal Government,National,Bachelors,T,96
2018-2019,كليات التقنية العليا,HIGHER COLLEGES OF TECHNOLOGY,رأس الخيمة,Ras Al Khaima,حكومة إتحادية,Federal Government,Non-National,Bachelors,T,3
2018-2019,كليات التقنية العليا,HIGHER COLLEGES OF TECHNOLOGY,رأس الخيمة,Ras Al Khaima,حكومة إتحادية,Federal Government,National,Certificate,NS,5
2018-2019,كليات التقنية العليا,HIGHER COLLEGES OF TECHNOLOGY,رأس الخيمة,Ras Al Khaima,حكومة إتحادية,Federal Government,National,Certificate,T,21
2018-2019,كليات التقنية العليا,HIGHER COLLEGES OF TECHNOLOGY,رأس الخيمة,Ras Al Khaima,حكومة إتحادية,Federal Government,National,Diploma,T,13
2018-2019,كلية  الخوارزمى الدولية,AL KHAWARIZMI INTERNATIONAL COLLEGE,أبوظبي,Abu Dhabi,خاصة,Private,National,Bachelors,NS,52
2018-2019,كلية  الخوارزمى الدولية,AL KHAWARIZMI INTERNATIONAL COLLEGE,أبوظبي,Abu Dhabi,خاصة,Private,Non-National,Bachelors,NS,80
2018-2019,كلية  الخوارزمى الدولية,AL KHAWARIZMI INTERNATIONAL COLLEGE,أبوظبي,Abu Dhabi,خاصة,Private,National,Bachelors,S,5
2018-2019,كلية  الخوارزمى الدولية,AL KHAWARIZMI INTERNATIONAL COLLEGE,أبوظبي,Abu Dhabi,خاصة,Private,Non-National,Bachelors,S,35
2018-2019,كلية  الخوارزمى الدولية,AL KHAWARIZMI INTERNATIONAL COLLEGE,أبوظبي,Abu Dhabi,خاصة,Private,National,Bachelors,T,11
2018-2019,كلية  الخوارزمى الدولية,AL KHAWARIZMI INTERNATIONAL COLLEGE,أبوظبي,Abu Dhabi,خاصة,Private,Non-National,Bachelors,T,7
2018-2019,كلية  الخوارزمى الدولية,AL KHAWARIZMI INTERNATIONAL COLLEGE,أبوظبي,Abu Dhabi,خاصة,Private,National,Diploma,NS,9
2018-2019,كلية  الخوارزمى الدولية,AL KHAWARIZMI INTERNATIONAL COLLEGE,أبوظبي,Abu Dhabi,خاصة,Private,Non-National,Diploma,NS,35
2018-2019,كلية  الخوارزمى الدولية,AL KHAWARIZMI INTERNATIONAL COLLEGE,أبوظبي,Abu Dhabi,خاصة,Private,Non-National,Diploma,S,8
2018-2019,كلية  الخوارزمى الدولية,AL KHAWARIZMI INTERNATIONAL COLLEGE,أبوظبي,Abu Dhabi,خاصة,Private,National,Diploma,T,2
2018-2019,كلية  الخوارزمى الدولية,AL KHAWARIZMI INTERNATIONAL COLLEGE,أبوظبي,Abu Dhabi,خاصة,Private,Non-National,Diploma,T,24
2018-2019,كلية  الخوارزمى الدولية,AL KHAWARIZMI INTERNATIONAL COLLEGE,أبوظبي,Abu Dhabi,خاصة,Private,National,Foundation,NS,4
2018-2019,كلية أبوظبي للإدارة,ABU DHABI SCHOOL OF MANAGEMENT,أبوظبي,Abu Dhabi,شبه حكومية,Semi Government,National,Masters,NS,239
2018-2019,كلية أبوظبي للإدارة,ABU DHABI SCHOOL OF MANAGEMENT,أبوظبي,Abu Dhabi,شبه حكومية,Semi Government,Non-National,Masters,NS,5
2018-2019,كلية الأزياء والتصميم,THE COLLEGE OF FASHION AND DESIGN,دبي,Dubai,خاصة,Private,Non-National,Diploma,NS,1
2018-2019,كلية الأزياء والتصميم,THE COLLEGE OF FASHION AND DESIGN,دبي,Dubai,خاصة,Private,Non-National,Graduate Diploma,NS,2
2018-2019,كلية الأفق الجامعية,SKYLINE UNIVERSITY COLLEGE,الشارقة,Sharjah,خاصة,Private,National,Bachelors,NS,49
2018-2019,كلية الأفق الجامعية,SKYLINE UNIVERSITY COLLEGE,الشارقة,Sharjah,خاصة,Private,Non-National,Bachelors,NS,85
2018-2019,كلية الأفق الجامعية,SKYLINE UNIVERSITY COLLEGE,الشارقة,Sharjah,خاصة,Private,National,Master of Business Administration,NS,128
2018-2019,كلية الأفق الجامعية,SKYLINE UNIVERSITY COLLEGE,الشارقة,Sharjah,خاصة,Private,Non-National,Master of Business Administration,NS,20
2018-2019,كلية الإمارات للادارة وتكنولوجيا المعلومات,EMIRATES COLLEGE FOR MANAGEMENT AND INFORMATION TECHNOLOGY,دبي,Dubai,خاصة,Private,National,Associate of Applied Science,NS,1
2018-2019,كلية الإمارات للادارة وتكنولوجيا المعلومات,EMIRATES COLLEGE FOR MANAGEMENT AND INFORMATION TECHNOLOGY,دبي,Dubai,خاصة,Private,National,Bachelors,NS,114
2018-2019,كلية الإمارات للادارة وتكنولوجيا المعلومات,EMIRATES COLLEGE FOR MANAGEMENT AND INFORMATION TECHNOLOGY,دبي,Dubai,خاصة,Private,Non-National,Bachelors,NS,4
2018-2019,كلية الإمارات للادارة وتكنولوجيا المعلومات,EMIRATES COLLEGE FOR MANAGEMENT AND INFORMATION TECHNOLOGY,دبي,Dubai,خاصة,Private,National,Diploma,NS,3
2018-2019,كلية الإمارات للادارة وتكنولوجيا المعلومات,EMIRATES COLLEGE FOR MANAGEMENT AND INFORMATION TECHNOLOGY,دبي,Dubai,خاصة,Private,Non-National,Diploma,NS,1
2018-2019,كلية الإمارات للادارة وتكنولوجيا المعلومات,EMIRATES COLLEGE FOR MANAGEMENT AND INFORMATION TECHNOLOGY,دبي,Dubai,خاصة,Private,National,Diploma,T,2
2018-2019,كلية الإمارات للتطوير التربوي,EMIRATES COLLEGE FOR ADVANCED EDUCATION,أبوظبي,Abu Dhabi,حكومة محلية,Local Government,National,Bachelors,NS,80
2018-2019,كلية الإمارات للتطوير التربوي,EMIRATES COLLEGE FOR ADVANCED EDUCATION,أبوظبي,Abu Dhabi,حكومة محلية,Local Government,Non-National,Bachelors,NS,19
2018-2019,كلية الإمارات للتطوير التربوي,EMIRATES COLLEGE FOR ADVANCED EDUCATION,أبوظبي,Abu Dhabi,حكومة محلية,Local Government,National,Masters,NS,16
2018-2019,كلية الإمارات للتطوير التربوي,EMIRATES COLLEGE FOR ADVANCED EDUCATION,أبوظبي,Abu Dhabi,حكومة محلية,Local Government,Non-National,Masters,NS,4
2018-2019,كلية الإمام مالك للشريعة الإسلامية والقانون,IMAM MALIK COLLEGE FOR ISLAMIC SHARIA AND LAW,دبي,Dubai,حكومة محلية,Local Government,National,Bachelors,NS,39
2018-2019,كلية الإمام مالك للشريعة الإسلامية والقانون,IMAM MALIK COLLEGE FOR ISLAMIC SHARIA AND LAW,دبي,Dubai,حكومة محلية,Local Government,Non-National,Bachelors,NS,38
2018-2019,كلية الإمام مالك للشريعة الإسلامية والقانون,IMAM MALIK COLLEGE FOR ISLAMIC SHARIA AND LAW,دبي,Dubai,حكومة محلية,Local Government,National,Masters,NS,3
2018-2019,كلية الإمام مالك للشريعة الإسلامية والقانون,IMAM MALIK COLLEGE FOR ISLAMIC SHARIA AND LAW,دبي,Dubai,حكومة محلية,Local Government,Non-National,Masters,NS,2
2018-2019,كلية الدار الجامعية,AL DAR UNIVERSITY COLLEGE,دبي,Dubai,خاصة,Private,National,Bachelors,NS,29
2018-2019,كلية الدار الجامعية,AL DAR UNIVERSITY COLLEGE,دبي,Dubai,خاصة,Private,Non-National,Bachelors,NS,46
2018-2019,كلية الدار الجامعية,AL DAR UNIVERSITY COLLEGE,دبي,Dubai,خاصة,Private,National,Bachelors,T,5
2018-2019,كلية الدار الجامعية,AL DAR UNIVERSITY COLLEGE,دبي,Dubai,خاصة,Private,Non-National,Bachelors,T,5
2018-2019,كلية المدينة الجامعية بعجمان,CITY UNIVERSITY AJMAN,عجمان,Ajman,خاصة,Private,National,Bachelors,NS,172
2018-2019,كلية المدينة الجامعية بعجمان,CITY UNIVERSITY AJMAN,عجمان,Ajman,خاصة,Private,Non-National,Bachelors,NS,117
2018-2019,كلية المدينة الجامعية بعجمان,CITY UNIVERSITY AJMAN,عجمان,Ajman,خاصة,Private,Non-National,Diploma,NS,20
2018-2019,كلية المدينة الجامعية بعجمان,CITY UNIVERSITY AJMAN,عجمان,Ajman,خاصة,Private,National,Master of Business Administration,NS,18
2018-2019,كلية المدينة الجامعية بعجمان,CITY UNIVERSITY AJMAN,عجمان,Ajman,خاصة,Private,Non-National,Master of Business Administration,NS,9
2018-2019,كلية المدينة الجامعية بعجمان,CITY UNIVERSITY AJMAN,عجمان,Ajman,خاصة,Private,National,Masters,NS,33
2018-2019,كلية المدينة الجامعية بعجمان,CITY UNIVERSITY AJMAN,عجمان,Ajman,خاصة,Private,Non-National,Masters,NS,12
2018-2019,كلية المدينة الجامعية بعجمان,CITY UNIVERSITY AJMAN,عجمان,Ajman,خاصة,Private,Non-National,Professional Diploma,NS,18
2018-2019,كلية دبي الطبية للبنات,DUBAI MEDICAL COLLEGE FOR GIRLS,دبي,Dubai,خاصة,Private,National,"(MBBS)Bachelor of Medicine, Bachelor of Surgery",S,9
2018-2019,كلية دبي الطبية للبنات,DUBAI MEDICAL COLLEGE FOR GIRLS,دبي,Dubai,خاصة,Private,Non-National,"(MBBS)Bachelor of Medicine, Bachelor of Surgery",S,52
2018-2019,كلية دبي للصيدلة,DUBAI PHARMACY COLLEGE FOR GIRLS,دبي,Dubai,خاصة,Private,National,Bachelors,S,2
2018-2019,كلية دبي للصيدلة,DUBAI PHARMACY COLLEGE FOR GIRLS,دبي,Dubai,خاصة,Private,Non-National,Bachelors,S,73
2018-2019,كلية دبي للصيدلة,DUBAI PHARMACY COLLEGE FOR GIRLS,دبي,Dubai,خاصة,Private,National,Masters,S,4
2018-2019,كلية دبي للصيدلة,DUBAI PHARMACY COLLEGE FOR GIRLS,دبي,Dubai,خاصة,Private,Non-National,Masters,S,8
2018-2019,كلية سيسكومس,SYSCOMS COLLEGE,أبوظبي,Abu Dhabi,خاصة,Private,National,Diploma,NS,54
2018-2019,كلية سيسكومس,SYSCOMS COLLEGE,أبوظبي,Abu Dhabi,خاصة,Private,Non-National,Diploma,NS,10
2018-2019,كلية سيسكومس,SYSCOMS COLLEGE,أبوظبي,Abu Dhabi,خاصة,Private,National,Diploma,T,1
2018-2019,كلية سيسكومس,SYSCOMS COLLEGE,أبوظبي,Abu Dhabi,خاصة,Private,Non-National,Diploma,T,3
2018-2019,كلية فاطمة للعلوم الصحية,FATIMA COLLEGE OF HEALTH SCIENCES,أبوظبي,Abu Dhabi,حكومة محلية,Local Government,National,Bachelors,S,105
2018-2019,كلية فاطمة للعلوم الصحية,FATIMA COLLEGE OF HEALTH SCIENCES,أبوظبي,Abu Dhabi,حكومة محلية,Local Government,Non-National,Bachelors,S,65
2018-2019,كلية فاطمة للعلوم الصحية,FATIMA COLLEGE OF HEALTH SCIENCES,أبوظبي,Abu Dhabi,حكومة محلية,Local Government,National,Higher Diploma,S,7
2018-2019,كلية فاطمة للعلوم الصحية,FATIMA COLLEGE OF HEALTH SCIENCES,أبوظبي,Abu Dhabi,حكومة محلية,Local Government,Non-National,Higher Diploma,S,1
2018-2019,كلية فاطمة للعلوم الصحية,FATIMA COLLEGE OF HEALTH SCIENCES,عجمان,Ajman,حكومة محلية,Local Government,National,Bachelors,S,17
2018-2019,كلية ليوا للتكنولوجيا,LIWA COLLEGE OF TECHNOLOGY,أبوظبي,Abu Dhabi,خاصة,Private,National,Bachelors,NS,269
2018-2019,كلية ليوا للتكنولوجيا,LIWA COLLEGE OF TECHNOLOGY,أبوظبي,Abu Dhabi,خاصة,Private,Non-National,Bachelors,NS,78
2018-2019,كلية ليوا للتكنولوجيا,LIWA COLLEGE OF TECHNOLOGY,أبوظبي,Abu Dhabi,خاصة,Private,National,Bachelors,S,3
2018-2019,كلية ليوا للتكنولوجيا,LIWA COLLEGE OF TECHNOLOGY,أبوظبي,Abu Dhabi,خاصة,Private,Non-National,Bachelors,S,14
2018-2019,كلية ليوا للتكنولوجيا,LIWA COLLEGE OF TECHNOLOGY,أبوظبي,Abu Dhabi,خاصة,Private,National,Diploma,NS,31
2018-2019,كلية ليوا للتكنولوجيا,LIWA COLLEGE OF TECHNOLOGY,أبوظبي,Abu Dhabi,خاصة,Private,Non-National,Diploma,NS,35
2018-2019,كلية محمد بن راشد للإدارة الحكومية,MOHAMMED BIN RASHID SCHOOL OF GOVERNMENT,دبي,Dubai,حكومة محلية,Local Government,National,Masters,NS,13
2018-2019,كلية محمد بن راشد للإدارة الحكومية,MOHAMMED BIN RASHID SCHOOL OF GOVERNMENT,دبي,Dubai,حكومة محلية,Local Government,Non-National,Masters,NS,1
2018-2019,كلية محمد بن راشد للإدارة الحكومية,MOHAMMED BIN RASHID SCHOOL OF GOVERNMENT,دبي,Dubai,حكومة محلية,Local Government,National,Masters,S,60
2018-2019,كلية محمد بن راشد للإدارة الحكومية,MOHAMMED BIN RASHID SCHOOL OF GOVERNMENT,دبي,Dubai,حكومة محلية,Local Government,Non-National,Masters,S,5
2018-2019,كلية مينا للإدارة,MENA COLLEGE OF MANAGEMENT,دبي,Dubai,خاصة,Private,National,Bachelors,NS,7
2018-2019,كلية مينا للإدارة,MENA COLLEGE OF MANAGEMENT,دبي,Dubai,خاصة,Private,National,Bachelors,S,2
2018-2019,معهد أبوظبي للتعليم والتدريب المهني,ABU DHABI VOCATIONAL EDUCATION AND TRAINING INSTITUTE,أبوظبي,Abu Dhabi,حكومة محلية,Local Government,National,Diploma,E,19
2018-2019,معهد أبوظبي للتعليم والتدريب المهني,ABU DHABI VOCATIONAL EDUCATION AND TRAINING INSTITUTE,أبوظبي,Abu Dhabi,حكومة محلية,Local Government,Non-National,Diploma,E,5
2018-2019,معهد أبوظبي للتعليم والتدريب المهني,ABU DHABI VOCATIONAL EDUCATION AND TRAINING INSTITUTE,أبوظبي,Abu Dhabi,حكومة محلية,Local Government,National,Diploma,NS,56
2018-2019,معهد أبوظبي للتعليم والتدريب المهني,ABU DHABI VOCATIONAL EDUCATION AND TRAINING INSTITUTE,أبوظبي,Abu Dhabi,حكومة محلية,Local Government,Non-National,Diploma,NS,2
2018-2019,معهد أبوظبي للتعليم والتدريب المهني,ABU DHABI VOCATIONAL EDUCATION AND TRAINING INSTITUTE,أبوظبي,Abu Dhabi,حكومة محلية,Local Government,National,Diploma,S,27
2018-2019,معهد أبوظبي للتعليم والتدريب المهني,ABU DHABI VOCATIONAL EDUCATION AND TRAINING INSTITUTE,أبوظبي,Abu Dhabi,حكومة محلية,Local Government,Non-National,Diploma,S,1
2018-2019,معهد أبوظبي للتعليم والتدريب المهني,ABU DHABI VOCATIONAL EDUCATION AND TRAINING INSTITUTE,أبوظبي,Abu Dhabi,حكومة محلية,Local Government,National,Higher Diploma,NS,14
2018-2019,معهد أبوظبي للتعليم والتدريب المهني,ABU DHABI VOCATIONAL EDUCATION AND TRAINING INSTITUTE,أبوظبي,Abu Dhabi,حكومة محلية,Local Government,Non-National,Higher Diploma,NS,2
2018-2019,معهد أبوظبي للتعليم والتدريب المهني,ABU DHABI VOCATIONAL EDUCATION AND TRAINING INSTITUTE,أبوظبي,Abu Dhabi,حكومة محلية,Local Government,National,Higher Diploma,S,54
2018-2019,معهد أبوظبي للتعليم والتدريب المهني,ABU DHABI VOCATIONAL EDUCATION AND TRAINING INSTITUTE,أبوظبي,Abu Dhabi,حكومة محلية,Local Government,Non-National,Higher Diploma,S,20
2018-2019,معهد أبوظبي للتعليم والتدريب المهني,ABU DHABI VOCATIONAL EDUCATION AND TRAINING INSTITUTE,أبوظبي,Abu Dhabi,حكومة محلية,Local Government,National,Other,E,55
2018-2019,معهد أبوظبي للتعليم والتدريب المهني,ABU DHABI VOCATIONAL EDUCATION AND TRAINING INSTITUTE,أبوظبي,Abu Dhabi,حكومة محلية,Local Government,National,Other,NS,81
2018-2019,معهد أبوظبي للتعليم والتدريب المهني,ABU DHABI VOCATIONAL EDUCATION AND TRAINING INSTITUTE,أبوظبي,Abu Dhabi,حكومة محلية,Local Government,National,Other,S,116
2018-2019,معهد أبوظبي للتعليم والتدريب المهني,ABU DHABI VOCATIONAL EDUCATION AND TRAINING INSTITUTE,أبوظبي,Abu Dhabi,حكومة محلية,Local Government,Non-National,Other,S,2
2018-2019,معهد الإمارات للدراسات المصرفية والمالية,EMIRATES INSTITUTE FOR BANKING AND FINANCIAL STUDIES,أبوظبي,Abu Dhabi,حكومة محلية,Local Government,Non-National,Diploma,NS,2
2018-2019,معهد تكنولوجيا إدارة الأعمال بدبي - أي. أم. تي,INSTITUTE OF MANAGEMENT TECHNOLOGY-DUBAI,دبي,Dubai,خاصة,Private,Non-National,Bachelors,NS,9
2018-2019,معهد تكنولوجيا إدارة الأعمال بدبي - أي. أم. تي,INSTITUTE OF MANAGEMENT TECHNOLOGY-DUBAI,دبي,Dubai,خاصة,Private,National,Master of Business Administration,NS,34
2018-2019,معهد تكنولوجيا إدارة الأعمال بدبي - أي. أم. تي,INSTITUTE OF MANAGEMENT TECHNOLOGY-DUBAI,دبي,Dubai,خاصة,Private,Non-National,Master of Business Administration,NS,2
2018-2019,معهد تكنولوجيا إدارة الأعمال بدبي - أي. أم. تي,INSTITUTE OF MANAGEMENT TECHNOLOGY-DUBAI,دبي,Dubai,خاصة,Private,National,Masters,NS,31
2018-2019,معهد تكنولوجيا إدارة الأعمال بدبي - أي. أم. تي,INSTITUTE OF MANAGEMENT TECHNOLOGY-DUBAI,دبي,Dubai,خاصة,Private,Non-National,Masters,NS,41
2018-2019,معهد روشيستر للتكنولوجيا,ROCHESTER INSTITUTE OF TECHNOLOGY- DUBAI,دبي,Dubai,فرع مؤسسة دولية,Branch of International Institution,Non-National,Bachelors,E,36
2018-2019,معهد روشيستر للتكنولوجيا,ROCHESTER INSTITUTE OF TECHNOLOGY- DUBAI,دبي,Dubai,فرع مؤسسة دولية,Branch of International Institution,National,Bachelors,NS,2
2018-2019,معهد روشيستر للتكنولوجيا,ROCHESTER INSTITUTE OF TECHNOLOGY- DUBAI,دبي,Dubai,فرع مؤسسة دولية,Branch of International Institution,Non-National,Bachelors,NS,27
2018-2019,معهد روشيستر للتكنولوجيا,ROCHESTER INSTITUTE OF TECHNOLOGY- DUBAI,دبي,Dubai,فرع مؤسسة دولية,Branch of International Institution,Non-National,Bachelors,T,6
2018-2019,معهد روشيستر للتكنولوجيا,ROCHESTER INSTITUTE OF TECHNOLOGY- DUBAI,دبي,Dubai,فرع مؤسسة دولية,Branch of International Institution,National,Masters,E,9
2018-2019,معهد روشيستر للتكنولوجيا,ROCHESTER INSTITUTE OF TECHNOLOGY- DUBAI,دبي,Dubai,فرع مؤسسة دولية,Branch of International Institution,Non-National,Masters,E,23
2018-2019,معهد روشيستر للتكنولوجيا,ROCHESTER INSTITUTE OF TECHNOLOGY- DUBAI,دبي,Dubai,فرع مؤسسة دولية,Branch of International Institution,National,Masters,NS,4
2018-2019,معهد روشيستر للتكنولوجيا,ROCHESTER INSTITUTE OF TECHNOLOGY- DUBAI,دبي,Dubai,فرع مؤسسة دولية,Branch of International Institution,Non-National,Masters,NS,12
2018-2019,معهد روشيستر للتكنولوجيا,ROCHESTER INSTITUTE OF TECHNOLOGY- DUBAI,دبي,Dubai,فرع مؤسسة دولية,Branch of International Institution,National,Masters,T,2
2018-2019,معهد روشيستر للتكنولوجيا,ROCHESTER INSTITUTE OF TECHNOLOGY- DUBAI,دبي,Dubai,فرع مؤسسة دولية,Branch of International Institution,Non-National,Masters,T,1
2018-2019,معهد نيويورك للتكنولوجيا,NEW YORK INSTITUTE OF TECHNOLOGY,أبوظبي,Abu Dhabi,فرع مؤسسة دولية,Branch of International Institution,Non-National,Bachelors,E,10
2018-2019,معهد نيويورك للتكنولوجيا,NEW YORK INSTITUTE OF TECHNOLOGY,أبوظبي,Abu Dhabi,فرع مؤسسة دولية,Branch of International Institution,National,Bachelors,NS,3
2018-2019,معهد نيويورك للتكنولوجيا,NEW YORK INSTITUTE OF TECHNOLOGY,أبوظبي,Abu Dhabi,فرع مؤسسة دولية,Branch of International Institution,Non-National,Bachelors,NS,21
2018-2019,معهد نيويورك للتكنولوجيا,NEW YORK INSTITUTE OF TECHNOLOGY,أبوظبي,Abu Dhabi,فرع مؤسسة دولية,Branch of International Institution,National,Master of Business Administration,NS,2
2018-2019,معهد نيويورك للتكنولوجيا,NEW YORK INSTITUTE OF TECHNOLOGY,أبوظبي,Abu Dhabi,فرع مؤسسة دولية,Branch of International Institution,Non-National,Master of Business Administration,NS,5
2018-2019,معهد نيويورك للتكنولوجيا,NEW YORK INSTITUTE OF TECHNOLOGY,أبوظبي,Abu Dhabi,فرع مؤسسة دولية,Branch of International Institution,Non-National,Masters,NS,2
2018-2019,معهد نيويورك للتكنولوجيا,NEW YORK INSTITUTE OF TECHNOLOGY,أبوظبي,Abu Dhabi,فرع مؤسسة دولية,Branch of International Institution,Non-National,Masters,T,1
2019-2020,أكاديمية أنور قرقاش الدبلوماسية,ANWAR GARGASH DIPLOMATIC ACADEMY,أبوظبي,Abu Dhabi,حكومة إتحادية,Federal Government,National,Graduate Diploma,NS,88
2019-2020,أكاديمية أنور قرقاش الدبلوماسية,ANWAR GARGASH DIPLOMATIC ACADEMY,أبوظبي,Abu Dhabi,حكومة إتحادية,Federal Government,National,Masters,NS,35
2019-2020,أكاديمية الإمارات لإدارة الضيافة,EMIRATES ACADEMY OF HOSPITALITY MANAGEMENT,دبي,Dubai,خاصة,Private,National,Bachelors,NS,1
2019-2020,أكاديمية الإمارات لإدارة الضيافة,EMIRATES ACADEMY OF HOSPITALITY MANAGEMENT,دبي,Dubai,خاصة,Private,Non-National,Bachelors,NS,40
2019-2020,أكاديمية الإمارات لإدارة الضيافة,EMIRATES ACADEMY OF HOSPITALITY MANAGEMENT,دبي,Dubai,خاصة,Private,Non-National,Higher Diploma,NS,3
2019-2020,أكاديمية الإمارات لإدارة الضيافة,EMIRATES ACADEMY OF HOSPITALITY MANAGEMENT,دبي,Dubai,خاصة,Private,National,Master of Business Administration,NS,3
2019-2020,أكاديمية الإمارات لإدارة الضيافة,EMIRATES ACADEMY OF HOSPITALITY MANAGEMENT,دبي,Dubai,خاصة,Private,Non-National,Master of Business Administration,NS,6
2019-2020,أكاديمية ربدان,RABDAN ACADEMY,أبوظبي,Abu Dhabi,حكومة محلية,Local Government,National,Bachelors,NS,50
2019-2020,أكاديمية ربدان,RABDAN ACADEMY,أبوظبي,Abu Dhabi,حكومة محلية,Local Government,National,Diploma,NS,9
2019-2020,أكاديمية ربدان,RABDAN ACADEMY,أبوظبي,Abu Dhabi,حكومة محلية,Local Government,National,Masters,NS,23
2019-2020,الجامعة الأمريكية في الإمارات,AMERICAN UNIVERSITY IN THE EMIRATES,دبي,Dubai,خاصة,Private,National,Bachelors,NS,129
2019-2020,الجامعة الأمريكية في الإمارات,AMERICAN UNIVERSITY IN THE EMIRATES,دبي,Dubai,خاصة,Private,Non-National,Bachelors,NS,102
2019-2020,الجامعة الأمريكية في الإمارات,AMERICAN UNIVERSITY IN THE EMIRATES,دبي,Dubai,خاصة,Private,Non-National,Bachelors,S,5
2019-2020,الجامعة الأمريكية في الإمارات,AMERICAN UNIVERSITY IN THE EMIRATES,دبي,Dubai,خاصة,Private,National,Bachelors,T,16
2019-2020,الجامعة الأمريكية في الإمارات,AMERICAN UNIVERSITY IN THE EMIRATES,دبي,Dubai,خاصة,Private,Non-National,Bachelors,T,11
2019-2020,الجامعة الأمريكية في الإمارات,AMERICAN UNIVERSITY IN THE EMIRATES,دبي,Dubai,خاصة,Private,National,Master of Business Administration,NS,10
2019-2020,الجامعة الأمريكية في الإمارات,AMERICAN UNIVERSITY IN THE EMIRATES,دبي,Dubai,خاصة,Private,Non-National,Master of Business Administration,NS,8
2019-2020,الجامعة الأمريكية في الإمارات,AMERICAN UNIVERSITY IN THE EMIRATES,دبي,Dubai,خاصة,Private,National,Masters,NS,61
2019-2020,الجامعة الأمريكية في الإمارات,AMERICAN UNIVERSITY IN THE EMIRATES,دبي,Dubai,خاصة,Private,Non-National,Masters,NS,5
2019-2020,الجامعة الأمريكية في الإمارات,AMERICAN UNIVERSITY IN THE EMIRATES,دبي,Dubai,خاصة,Private,National,Masters,T,5
2019-2020,الجامعة الأمريكية فى الشارقة,AMERICAN UNIVERSITY OF SHARJAH,الشارقة,Sharjah,حكومة محلية,Local Government,National,Bachelors,E,69
2019-2020,الجامعة الأمريكية فى الشارقة,AMERICAN UNIVERSITY OF SHARJAH,الشارقة,Sharjah,حكومة محلية,Local Government,Non-National,Bachelors,E,367
2019-2020,الجامعة الأمريكية فى الشارقة,AMERICAN UNIVERSITY OF SHARJAH,الشارقة,Sharjah,حكومة محلية,Local Government,National,Bachelors,NS,90
2019-2020,الجامعة الأمريكية فى الشارقة,AMERICAN UNIVERSITY OF SHARJAH,الشارقة,Sharjah,حكومة محلية,Local Government,Non-National,Bachelors,NS,353
2019-2020,الجامعة الأمريكية فى الشارقة,AMERICAN UNIVERSITY OF SHARJAH,الشارقة,Sharjah,حكومة محلية,Local Government,National,Bachelors,S,5
2019-2020,الجامعة الأمريكية فى الشارقة,AMERICAN UNIVERSITY OF SHARJAH,الشارقة,Sharjah,حكومة محلية,Local Government,Non-National,Bachelors,S,10
2019-2020,الجامعة الأمريكية فى الشارقة,AMERICAN UNIVERSITY OF SHARJAH,الشارقة,Sharjah,حكومة محلية,Local Government,Non-National,Bachelors,"S,M",19
2019-2020,الجامعة الأمريكية فى الشارقة,AMERICAN UNIVERSITY OF SHARJAH,الشارقة,Sharjah,حكومة محلية,Local Government,National,Bachelors,T,10
2019-2020,الجامعة الأمريكية فى الشارقة,AMERICAN UNIVERSITY OF SHARJAH,الشارقة,Sharjah,حكومة محلية,Local Government,Non-National,Bachelors,T,59
2019-2020,الجامعة الأمريكية فى الشارقة,AMERICAN UNIVERSITY OF SHARJAH,الشارقة,Sharjah,حكومة محلية,Local Government,National,Master of Business Administration,NS,6
2019-2020,الجامعة الأمريكية فى الشارقة,AMERICAN UNIVERSITY OF SHARJAH,الشارقة,Sharjah,حكومة محلية,Local Government,Non-National,Master of Business Administration,NS,11
2019-2020,الجامعة الأمريكية فى الشارقة,AMERICAN UNIVERSITY OF SHARJAH,الشارقة,Sharjah,حكومة محلية,Local Government,National,Masters,E,18
2019-2020,الجامعة الأمريكية فى الشارقة,AMERICAN UNIVERSITY OF SHARJAH,الشارقة,Sharjah,حكومة محلية,Local Government,Non-National,Masters,E,73
2019-2020,الجامعة الأمريكية فى الشارقة,AMERICAN UNIVERSITY OF SHARJAH,الشارقة,Sharjah,حكومة محلية,Local Government,National,Masters,NS,4
2019-2020,الجامعة الأمريكية فى الشارقة,AMERICAN UNIVERSITY OF SHARJAH,الشارقة,Sharjah,حكومة محلية,Local Government,Non-National,Masters,NS,17
2019-2020,الجامعة الأمريكية فى الشارقة,AMERICAN UNIVERSITY OF SHARJAH,الشارقة,Sharjah,حكومة محلية,Local Government,National,Masters,"S,M",2
2019-2020,الجامعة الأمريكية فى الشارقة,AMERICAN UNIVERSITY OF SHARJAH,الشارقة,Sharjah,حكومة محلية,Local Government,Non-National,Masters,"S,M",7
2019-2020,الجامعة الأمريكية فى دبي,AMERICAN UNIVERSITY IN DUBAI,دبي,Dubai,خاصة,Private,National,Bachelors,E,17
2019-2020,الجامعة الأمريكية فى دبي,AMERICAN UNIVERSITY IN DUBAI,دبي,Dubai,خاصة,Private,Non-National,Bachelors,E,83
2019-2020,الجامعة الأمريكية فى دبي,AMERICAN UNIVERSITY IN DUBAI,دبي,Dubai,خاصة,Private,National,Bachelors,NS,41
2019-2020,الجامعة الأمريكية فى دبي,AMERICAN UNIVERSITY IN DUBAI,دبي,Dubai,خاصة,Private,Non-National,Bachelors,NS,263
2019-2020,الجامعة الأمريكية فى دبي,AMERICAN UNIVERSITY IN DUBAI,دبي,Dubai,خاصة,Private,National,Bachelors,T,2
2019-2020,الجامعة الأمريكية فى دبي,AMERICAN UNIVERSITY IN DUBAI,دبي,Dubai,خاصة,Private,Non-National,Bachelors,T,5
2019-2020,الجامعة الأمريكية فى دبي,AMERICAN UNIVERSITY IN DUBAI,دبي,Dubai,خاصة,Private,Non-National,Certificate,NS,2
2019-2020,الجامعة الأمريكية فى دبي,AMERICAN UNIVERSITY IN DUBAI,دبي,Dubai,خاصة,Private,National,Masters,NS,10
2019-2020,الجامعة الأمريكية فى دبي,AMERICAN UNIVERSITY IN DUBAI,دبي,Dubai,خاصة,Private,Non-National,Masters,NS,65
2019-2020,الجامعة الأمريكية في رأس الخيمة,AMERICAN UNIVERSITY OF RAS AL KHAIMAH,رأس الخيمة,Ras Al Khaima,حكومة محلية,Local Government,National,Bachelors,E,10
2019-2020,الجامعة الأمريكية في رأس الخيمة,AMERICAN UNIVERSITY OF RAS AL KHAIMAH,رأس الخيمة,Ras Al Khaima,حكومة محلية,Local Government,Non-National,Bachelors,E,53
2019-2020,الجامعة الأمريكية في رأس الخيمة,AMERICAN UNIVERSITY OF RAS AL KHAIMAH,رأس الخيمة,Ras Al Khaima,حكومة محلية,Local Government,National,Bachelors,NS,11
2019-2020,الجامعة الأمريكية في رأس الخيمة,AMERICAN UNIVERSITY OF RAS AL KHAIMAH,رأس الخيمة,Ras Al Khaima,حكومة محلية,Local Government,Non-National,Bachelors,NS,23
2019-2020,الجامعة الأمريكية في رأس الخيمة,AMERICAN UNIVERSITY OF RAS AL KHAIMAH,رأس الخيمة,Ras Al Khaima,حكومة محلية,Local Government,National,Bachelors,"S,M",4
2019-2020,الجامعة الأمريكية في رأس الخيمة,AMERICAN UNIVERSITY OF RAS AL KHAIMAH,رأس الخيمة,Ras Al Khaima,حكومة محلية,Local Government,Non-National,Bachelors,"S,M",20
2019-2020,الجامعة الأمريكية في رأس الخيمة,AMERICAN UNIVERSITY OF RAS AL KHAIMAH,رأس الخيمة,Ras Al Khaima,حكومة محلية,Local Government,Non-National,Bachelors,T,1
2019-2020,الجامعة الأمريكية في رأس الخيمة,AMERICAN UNIVERSITY OF RAS AL KHAIMAH,رأس الخيمة,Ras Al Khaima,حكومة محلية,Local Government,National,Master of Business Administration,NS,11
2019-2020,الجامعة الأمريكية في رأس الخيمة,AMERICAN UNIVERSITY OF RAS AL KHAIMAH,رأس الخيمة,Ras Al Khaima,حكومة محلية,Local Government,Non-National,Master of Business Administration,NS,4
2019-2020,الجامعة الأمريكية في رأس الخيمة,AMERICAN UNIVERSITY OF RAS AL KHAIMAH,رأس الخيمة,Ras Al Khaima,حكومة محلية,Local Government,National,Masters,E,13
2019-2020,الجامعة الأمريكية في رأس الخيمة,AMERICAN UNIVERSITY OF RAS AL KHAIMAH,رأس الخيمة,Ras Al Khaima,حكومة محلية,Local Government,Non-National,Masters,E,1
2019-2020,الجامعة الأمريكية في رأس الخيمة,AMERICAN UNIVERSITY OF RAS AL KHAIMAH,رأس الخيمة,Ras Al Khaima,حكومة محلية,Local Government,National,Masters,NS,20
2019-2020,الجامعة الأمريكية في رأس الخيمة,AMERICAN UNIVERSITY OF RAS AL KHAIMAH,رأس الخيمة,Ras Al Khaima,حكومة محلية,Local Government,Non-National,Masters,NS,5
2019-2020,الجامعة البريطانية فى دبي,BRITISH UNIVERSITY IN DUBAI,دبي,Dubai,حكومة محلية,Local Government,Non-National,Doctorate,E,1
2019-2020,الجامعة البريطانية فى دبي,BRITISH UNIVERSITY IN DUBAI,دبي,Dubai,حكومة محلية,Local Government,National,Doctorate,NS,5
2019-2020,الجامعة البريطانية فى دبي,BRITISH UNIVERSITY IN DUBAI,دبي,Dubai,حكومة محلية,Local Government,Non-National,Doctorate,NS,22
2019-2020,الجامعة البريطانية فى دبي,BRITISH UNIVERSITY IN DUBAI,دبي,Dubai,حكومة محلية,Local Government,National,Doctorate,T,1
2019-2020,الجامعة البريطانية فى دبي,BRITISH UNIVERSITY IN DUBAI,دبي,Dubai,حكومة محلية,Local Government,Non-National,Doctorate,T,2
2019-2020,الجامعة البريطانية فى دبي,BRITISH UNIVERSITY IN DUBAI,دبي,Dubai,حكومة محلية,Local Government,National,Master of Business Administration,NS,16
2019-2020,الجامعة البريطانية فى دبي,BRITISH UNIVERSITY IN DUBAI,دبي,Dubai,حكومة محلية,Local Government,Non-National,Master of Business Administration,NS,10
2019-2020,الجامعة البريطانية فى دبي,BRITISH UNIVERSITY IN DUBAI,دبي,Dubai,حكومة محلية,Local Government,National,Masters,E,4
2019-2020,الجامعة البريطانية فى دبي,BRITISH UNIVERSITY IN DUBAI,دبي,Dubai,حكومة محلية,Local Government,Non-National,Masters,E,14
2019-2020,الجامعة البريطانية فى دبي,BRITISH UNIVERSITY IN DUBAI,دبي,Dubai,حكومة محلية,Local Government,National,Masters,NS,17
2019-2020,الجامعة البريطانية فى دبي,BRITISH UNIVERSITY IN DUBAI,دبي,Dubai,حكومة محلية,Local Government,Non-National,Masters,NS,68
2019-2020,الجامعة البريطانية فى دبي,BRITISH UNIVERSITY IN DUBAI,دبي,Dubai,حكومة محلية,Local Government,National,Masters,T,6
2019-2020,الجامعة البريطانية فى دبي,BRITISH UNIVERSITY IN DUBAI,دبي,Dubai,حكومة محلية,Local Government,Non-National,Masters,T,3
2019-2020,الجامعة الكندية في دبي,CANADIAN UNIVERSITY DUBAI,دبي,Dubai,خاصة,Private,National,Bachelors,E,6
2019-2020,الجامعة الكندية في دبي,CANADIAN UNIVERSITY DUBAI,دبي,Dubai,خاصة,Private,Non-National,Bachelors,E,43
2019-2020,الجامعة الكندية في دبي,CANADIAN UNIVERSITY DUBAI,دبي,Dubai,خاصة,Private,National,Bachelors,NS,38
2019-2020,الجامعة الكندية في دبي,CANADIAN UNIVERSITY DUBAI,دبي,Dubai,خاصة,Private,Non-National,Bachelors,NS,140
2019-2020,الجامعة الكندية في دبي,CANADIAN UNIVERSITY DUBAI,دبي,Dubai,خاصة,Private,National,Bachelors,S,6
2019-2020,الجامعة الكندية في دبي,CANADIAN UNIVERSITY DUBAI,دبي,Dubai,خاصة,Private,Non-National,Bachelors,S,12
2019-2020,الجامعة الكندية في دبي,CANADIAN UNIVERSITY DUBAI,دبي,Dubai,خاصة,Private,Non-National,Bachelors,T,5
2019-2020,الجامعة الكندية في دبي,CANADIAN UNIVERSITY DUBAI,دبي,Dubai,خاصة,Private,National,Diploma,NS,2
2019-2020,الجامعة الكندية في دبي,CANADIAN UNIVERSITY DUBAI,دبي,Dubai,خاصة,Private,Non-National,Diploma,NS,6
2019-2020,الجامعة الكندية في دبي,CANADIAN UNIVERSITY DUBAI,دبي,Dubai,خاصة,Private,National,Diploma,S,1
2019-2020,الجامعة الكندية في دبي,CANADIAN UNIVERSITY DUBAI,دبي,Dubai,خاصة,Private,National,Masters,NS,57
2019-2020,الجامعة الكندية في دبي,CANADIAN UNIVERSITY DUBAI,دبي,Dubai,خاصة,Private,Non-National,Masters,NS,31
2019-2020,الجامعة الكندية في دبي,CANADIAN UNIVERSITY DUBAI,دبي,Dubai,خاصة,Private,National,Masters,T,11
2019-2020,الجامعة الكندية في دبي,CANADIAN UNIVERSITY DUBAI,دبي,Dubai,خاصة,Private,Non-National,Masters,T,2
2019-2020,الكلية الأمريكية فى دبي,AMERICAN COLLEGE OF DUBAI,دبي,Dubai,خاصة,Private,Non-National,Associate of Applied Science,NS,1
2019-2020,الكلية الأمريكية فى دبي,AMERICAN COLLEGE OF DUBAI,دبي,Dubai,خاصة,Private,National,Bachelors,NS,1
2019-2020,الكلية الأمريكية فى دبي,AMERICAN COLLEGE OF DUBAI,دبي,Dubai,خاصة,Private,Non-National,Bachelors,NS,47
2019-2020,الكلية الأمريكية فى دبي,AMERICAN COLLEGE OF DUBAI,دبي,Dubai,خاصة,Private,Non-National,Other,NS,2
2019-2020,الكلية الأوروبية الجامعية,EUROPEAN UNIVERSITY COLLEGE,دبي,Dubai,خاصة,Private,National,Masters,S,1
2019-2020,الكلية الأوروبية الجامعية,EUROPEAN UNIVERSITY COLLEGE,دبي,Dubai,خاصة,Private,Non-National,Masters,S,9
2019-2020,الكلية الأوروبية الدولية ,EUROPEAN INTERNATIONAL COLLEGE,أبوظبي,Abu Dhabi,خاصة,Private,National,Bachelors,NS,4
2019-2020,الكلية الأوروبية الدولية ,EUROPEAN INTERNATIONAL COLLEGE,أبوظبي,Abu Dhabi,خاصة,Private,Non-National,Bachelors,NS,2
2019-2020,الكلية الأوروبية الدولية ,EUROPEAN INTERNATIONAL COLLEGE,أبوظبي,Abu Dhabi,خاصة,Private,Non-National,Diploma,NS,1
2019-2020,الكلية الجامعية للأم والعلوم الأسرية,UNIVERSITY COLLEGE OF MOTHER AND FAMILY SCIENCES,دبي,Dubai,خاصة,Private,National,Bachelors,NS,1
2019-2020,الكلية الجامعية للأم والعلوم الأسرية,UNIVERSITY COLLEGE OF MOTHER AND FAMILY SCIENCES,دبي,Dubai,خاصة,Private,National,Diploma,NS,2
2019-2020,الكلية الجامعية للأم والعلوم الأسرية,UNIVERSITY COLLEGE OF MOTHER AND FAMILY SCIENCES,رأس الخيمة,Ras Al Khaima,خاصة,Private,National,Diploma,NS,4
2019-2020,الكلية الجامعية للأم والعلوم الأسرية,UNIVERSITY COLLEGE OF MOTHER AND FAMILY SCIENCES,عجمان,Ajman,خاصة,Private,National,Bachelors,NS,18
2019-2020,الكلية الجامعية للأم والعلوم الأسرية,UNIVERSITY COLLEGE OF MOTHER AND FAMILY SCIENCES,عجمان,Ajman,خاصة,Private,Non-National,Bachelors,NS,23
2019-2020,الكلية الجامعية للأم والعلوم الأسرية,UNIVERSITY COLLEGE OF MOTHER AND FAMILY SCIENCES,عجمان,Ajman,خاصة,Private,National,Diploma,NS,4
2019-2020,الكلية الجامعية للأم والعلوم الأسرية,UNIVERSITY COLLEGE OF MOTHER AND FAMILY SCIENCES,عجمان,Ajman,خاصة,Private,Non-National,Diploma,NS,4
2019-2020,الكلية الملكية للجراحين في أيرلندة,ROYAL COLLEGE OF SURGEONS IN IRELAND- DUBAI,دبي,Dubai,فرع مؤسسة دولية,Branch of International Institution,National,Masters,NS,7
2019-2020,الكلية الملكية للجراحين في أيرلندة,ROYAL COLLEGE OF SURGEONS IN IRELAND- DUBAI,دبي,Dubai,فرع مؤسسة دولية,Branch of International Institution,Non-National,Masters,NS,4
2019-2020,الكلية الملكية للجراحين في أيرلندة,ROYAL COLLEGE OF SURGEONS IN IRELAND- DUBAI,دبي,Dubai,فرع مؤسسة دولية,Branch of International Institution,National,Masters,S,34
2019-2020,الكلية الملكية للجراحين في أيرلندة,ROYAL COLLEGE OF SURGEONS IN IRELAND- DUBAI,دبي,Dubai,فرع مؤسسة دولية,Branch of International Institution,Non-National,Masters,S,24
2019-2020,بوليتيكنيك أبوظبي,ABU DHABI POLYTECHNIC,أبوظبي,Abu Dhabi,حكومة محلية,Local Government,National,Bachelors,E,143
2019-2020,بوليتيكنيك أبوظبي,ABU DHABI POLYTECHNIC,أبوظبي,Abu Dhabi,حكومة محلية,Local Government,Non-National,Bachelors,E,2
2019-2020,بوليتيكنيك أبوظبي,ABU DHABI POLYTECHNIC,أبوظبي,Abu Dhabi,حكومة محلية,Local Government,National,Bachelors,T,31
2019-2020,بوليتيكنيك أبوظبي,ABU DHABI POLYTECHNIC,أبوظبي,Abu Dhabi,حكومة محلية,Local Government,National,Diploma,E,1
2019-2020,بوليتيكنيك أبوظبي,ABU DHABI POLYTECHNIC,أبوظبي,Abu Dhabi,حكومة محلية,Local Government,National,Higher Diploma,E,27
2019-2020,بوليتيكنيك أبوظبي,ABU DHABI POLYTECHNIC,أبوظبي,Abu Dhabi,حكومة محلية,Local Government,National,Other,E,17
2019-2020,جامعة  الخليج الطبية,GULF MEDICAL UNIVERSITY,عجمان,Ajman,خاصة,Private,National,"(MBBS)Bachelor of Medicine, Bachelor of Surgery",S,1
2019-2020,جامعة  الخليج الطبية,GULF MEDICAL UNIVERSITY,عجمان,Ajman,خاصة,Private,Non-National,"(MBBS)Bachelor of Medicine, Bachelor of Surgery",S,58
2019-2020,جامعة  الخليج الطبية,GULF MEDICAL UNIVERSITY,عجمان,Ajman,خاصة,Private,National,Bachelors,S,8
2019-2020,جامعة  الخليج الطبية,GULF MEDICAL UNIVERSITY,عجمان,Ajman,خاصة,Private,Non-National,Bachelors,S,189
2019-2020,جامعة  الخليج الطبية,GULF MEDICAL UNIVERSITY,عجمان,Ajman,خاصة,Private,National,Bachelors,"S,M",3
2019-2020,جامعة  الخليج الطبية,GULF MEDICAL UNIVERSITY,عجمان,Ajman,خاصة,Private,Non-National,Bachelors,"S,M",38
2019-2020,جامعة  الخليج الطبية,GULF MEDICAL UNIVERSITY,عجمان,Ajman,خاصة,Private,National,Masters,S,15
2019-2020,جامعة  الخليج الطبية,GULF MEDICAL UNIVERSITY,عجمان,Ajman,خاصة,Private,Non-National,Masters,S,19
2019-2020,جامعة أبوظبى,ABU DHABI UNIVERSITY,أبوظبي,Abu Dhabi,خاصة,Private,National,Bachelors,E,37
2019-2020,جامعة أبوظبى,ABU DHABI UNIVERSITY,أبوظبي,Abu Dhabi,خاصة,Private,Non-National,Bachelors,E,277
2019-2020,جامعة أبوظبى,ABU DHABI UNIVERSITY,أبوظبي,Abu Dhabi,خاصة,Private,National,Bachelors,NS,701
2019-2020,جامعة أبوظبى,ABU DHABI UNIVERSITY,أبوظبي,Abu Dhabi,خاصة,Private,Non-National,Bachelors,NS,174
2019-2020,جامعة أبوظبى,ABU DHABI UNIVERSITY,أبوظبي,Abu Dhabi,خاصة,Private,National,Bachelors,S,6
2019-2020,جامعة أبوظبى,ABU DHABI UNIVERSITY,أبوظبي,Abu Dhabi,خاصة,Private,Non-National,Bachelors,S,27
2019-2020,جامعة أبوظبى,ABU DHABI UNIVERSITY,أبوظبي,Abu Dhabi,خاصة,Private,National,Bachelors,T,4
2019-2020,جامعة أبوظبى,ABU DHABI UNIVERSITY,أبوظبي,Abu Dhabi,خاصة,Private,Non-National,Bachelors,T,10
2019-2020,جامعة أبوظبى,ABU DHABI UNIVERSITY,أبوظبي,Abu Dhabi,خاصة,Private,National,Doctor of Business Administrate,NS,16
2019-2020,جامعة أبوظبى,ABU DHABI UNIVERSITY,أبوظبي,Abu Dhabi,خاصة,Private,Non-National,Doctor of Business Administrate,NS,3
2019-2020,جامعة أبوظبى,ABU DHABI UNIVERSITY,أبوظبي,Abu Dhabi,خاصة,Private,National,Graduate Diploma,NS,3
2019-2020,جامعة أبوظبى,ABU DHABI UNIVERSITY,أبوظبي,Abu Dhabi,خاصة,Private,Non-National,Graduate Diploma,NS,410
2019-2020,جامعة أبوظبى,ABU DHABI UNIVERSITY,أبوظبي,Abu Dhabi,خاصة,Private,National,Master of Business Administration,NS,199
2019-2020,جامعة أبوظبى,ABU DHABI UNIVERSITY,أبوظبي,Abu Dhabi,خاصة,Private,Non-National,Master of Business Administration,NS,32
2019-2020,جامعة أبوظبى,ABU DHABI UNIVERSITY,أبوظبي,Abu Dhabi,خاصة,Private,National,Masters,E,73
2019-2020,جامعة أبوظبى,ABU DHABI UNIVERSITY,أبوظبي,Abu Dhabi,خاصة,Private,Non-National,Masters,E,17
2019-2020,جامعة أبوظبى,ABU DHABI UNIVERSITY,أبوظبي,Abu Dhabi,خاصة,Private,National,Masters,NS,251
2019-2020,جامعة أبوظبى,ABU DHABI UNIVERSITY,أبوظبي,Abu Dhabi,خاصة,Private,Non-National,Masters,NS,33
2019-2020,جامعة أبوظبى,ABU DHABI UNIVERSITY,أبوظبي,Abu Dhabi,خاصة,Private,National,Masters,T,1
2019-2020,جامعة أبوظبى,ABU DHABI UNIVERSITY,أبوظبي,Abu Dhabi,خاصة,Private,Non-National,Masters,T,4
2019-2020,جامعة أبوظبى,ABU DHABI UNIVERSITY,دبي,Dubai,خاصة,Private,Non-National,Graduate Diploma,NS,44
2019-2020,جامعة أبوظبى,ABU DHABI UNIVERSITY,دبي,Dubai,خاصة,Private,National,Master of Business Administration,NS,11
2019-2020,جامعة أبوظبى,ABU DHABI UNIVERSITY,دبي,Dubai,خاصة,Private,Non-National,Master of Business Administration,NS,5
2019-2020,جامعة أبوظبى,ABU DHABI UNIVERSITY,دبي,Dubai,خاصة,Private,National,Masters,E,25
2019-2020,جامعة أبوظبى,ABU DHABI UNIVERSITY,دبي,Dubai,خاصة,Private,Non-National,Masters,E,4
2019-2020,جامعة أبوظبى,ABU DHABI UNIVERSITY,دبي,Dubai,خاصة,Private,National,Masters,NS,34
2019-2020,جامعة أبوظبى,ABU DHABI UNIVERSITY,دبي,Dubai,خاصة,Private,Non-National,Masters,NS,15
2019-2020,جامعة أم القيوين,UMM AL QUWAIN UNIVERSITY,أم القيوين,Umm Al Quwain,حكومة محلية,Local Government,National,Bachelors,NS,61
2019-2020,جامعة أم القيوين,UMM AL QUWAIN UNIVERSITY,أم القيوين,Umm Al Quwain,حكومة محلية,Local Government,Non-National,Bachelors,NS,25
2019-2020,جامعة الإمارات العربية المتحدة,UNITED ARAB EMIRATES  UNIVERSITY,أبوظبي,Abu Dhabi,حكومة إتحادية,Federal Government,National,Bachelors,E,341
2019-2020,جامعة الإمارات العربية المتحدة,UNITED ARAB EMIRATES  UNIVERSITY,أبوظبي,Abu Dhabi,حكومة إتحادية,Federal Government,Non-National,Bachelors,E,63
2019-2020,جامعة الإمارات العربية المتحدة,UNITED ARAB EMIRATES  UNIVERSITY,أبوظبي,Abu Dhabi,حكومة إتحادية,Federal Government,National,Bachelors,NS,1009
2019-2020,جامعة الإمارات العربية المتحدة,UNITED ARAB EMIRATES  UNIVERSITY,أبوظبي,Abu Dhabi,حكومة إتحادية,Federal Government,Non-National,Bachelors,NS,153
2019-2020,جامعة الإمارات العربية المتحدة,UNITED ARAB EMIRATES  UNIVERSITY,أبوظبي,Abu Dhabi,حكومة إتحادية,Federal Government,National,Bachelors,S,144
2019-2020,جامعة الإمارات العربية المتحدة,UNITED ARAB EMIRATES  UNIVERSITY,أبوظبي,Abu Dhabi,حكومة إتحادية,Federal Government,Non-National,Bachelors,S,38
2019-2020,جامعة الإمارات العربية المتحدة,UNITED ARAB EMIRATES  UNIVERSITY,أبوظبي,Abu Dhabi,حكومة إتحادية,Federal Government,National,Bachelors,"S,M",75
2019-2020,جامعة الإمارات العربية المتحدة,UNITED ARAB EMIRATES  UNIVERSITY,أبوظبي,Abu Dhabi,حكومة إتحادية,Federal Government,Non-National,Bachelors,"S,M",23
2019-2020,جامعة الإمارات العربية المتحدة,UNITED ARAB EMIRATES  UNIVERSITY,أبوظبي,Abu Dhabi,حكومة إتحادية,Federal Government,National,Bachelors,T,67
2019-2020,جامعة الإمارات العربية المتحدة,UNITED ARAB EMIRATES  UNIVERSITY,أبوظبي,Abu Dhabi,حكومة إتحادية,Federal Government,Non-National,Bachelors,T,3
2019-2020,جامعة الإمارات العربية المتحدة,UNITED ARAB EMIRATES  UNIVERSITY,أبوظبي,Abu Dhabi,حكومة إتحادية,Federal Government,National,Doctor of Business Administrate,NS,2
2019-2020,جامعة الإمارات العربية المتحدة,UNITED ARAB EMIRATES  UNIVERSITY,أبوظبي,Abu Dhabi,حكومة إتحادية,Federal Government,Non-National,Doctor of Business Administrate,NS,2
2019-2020,جامعة الإمارات العربية المتحدة,UNITED ARAB EMIRATES  UNIVERSITY,أبوظبي,Abu Dhabi,حكومة إتحادية,Federal Government,National,Doctor of Medicine,"S,M",68
2019-2020,جامعة الإمارات العربية المتحدة,UNITED ARAB EMIRATES  UNIVERSITY,أبوظبي,Abu Dhabi,حكومة إتحادية,Federal Government,Non-National,Doctor of Medicine,"S,M",5
2019-2020,جامعة الإمارات العربية المتحدة,UNITED ARAB EMIRATES  UNIVERSITY,أبوظبي,Abu Dhabi,حكومة إتحادية,Federal Government,National,Doctorate,NS,8
2019-2020,جامعة الإمارات العربية المتحدة,UNITED ARAB EMIRATES  UNIVERSITY,أبوظبي,Abu Dhabi,حكومة إتحادية,Federal Government,Non-National,Doctorate,NS,23
2019-2020,جامعة الإمارات العربية المتحدة,UNITED ARAB EMIRATES  UNIVERSITY,أبوظبي,Abu Dhabi,حكومة إتحادية,Federal Government,National,Master of Business Administration,NS,29
2019-2020,جامعة الإمارات العربية المتحدة,UNITED ARAB EMIRATES  UNIVERSITY,أبوظبي,Abu Dhabi,حكومة إتحادية,Federal Government,Non-National,Master of Business Administration,NS,4
2019-2020,جامعة الإمارات العربية المتحدة,UNITED ARAB EMIRATES  UNIVERSITY,أبوظبي,Abu Dhabi,حكومة إتحادية,Federal Government,National,Masters,E,32
2019-2020,جامعة الإمارات العربية المتحدة,UNITED ARAB EMIRATES  UNIVERSITY,أبوظبي,Abu Dhabi,حكومة إتحادية,Federal Government,Non-National,Masters,E,40
2019-2020,جامعة الإمارات العربية المتحدة,UNITED ARAB EMIRATES  UNIVERSITY,أبوظبي,Abu Dhabi,حكومة إتحادية,Federal Government,National,Masters,NS,67
2019-2020,جامعة الإمارات العربية المتحدة,UNITED ARAB EMIRATES  UNIVERSITY,أبوظبي,Abu Dhabi,حكومة إتحادية,Federal Government,Non-National,Masters,NS,26
2019-2020,جامعة الإمارات العربية المتحدة,UNITED ARAB EMIRATES  UNIVERSITY,أبوظبي,Abu Dhabi,حكومة إتحادية,Federal Government,National,Masters,S,18
2019-2020,جامعة الإمارات العربية المتحدة,UNITED ARAB EMIRATES  UNIVERSITY,أبوظبي,Abu Dhabi,حكومة إتحادية,Federal Government,Non-National,Masters,S,32
2019-2020,جامعة الإمارات العربية المتحدة,UNITED ARAB EMIRATES  UNIVERSITY,أبوظبي,Abu Dhabi,حكومة إتحادية,Federal Government,National,Masters,"S,M",4
2019-2020,جامعة الإمارات العربية المتحدة,UNITED ARAB EMIRATES  UNIVERSITY,أبوظبي,Abu Dhabi,حكومة إتحادية,Federal Government,Non-National,Masters,"S,M",3
2019-2020,جامعة الإمارات العربية المتحدة,UNITED ARAB EMIRATES  UNIVERSITY,أبوظبي,Abu Dhabi,حكومة إتحادية,Federal Government,National,Masters,T,5
2019-2020,جامعة الإمارات العربية المتحدة,UNITED ARAB EMIRATES  UNIVERSITY,أبوظبي,Abu Dhabi,حكومة إتحادية,Federal Government,Non-National,Masters,T,3
2019-2020,جامعة الإمارات للطيران,EMIRATES AVIATION UNIVERSITY,دبي,Dubai,حكومة محلية,Local Government,National,Bachelors,E,18
2019-2020,جامعة الإمارات للطيران,EMIRATES AVIATION UNIVERSITY,دبي,Dubai,حكومة محلية,Local Government,Non-National,Bachelors,E,118
2019-2020,جامعة الإمارات للطيران,EMIRATES AVIATION UNIVERSITY,دبي,Dubai,حكومة محلية,Local Government,National,Bachelors,NS,67
2019-2020,جامعة الإمارات للطيران,EMIRATES AVIATION UNIVERSITY,دبي,Dubai,حكومة محلية,Local Government,Non-National,Bachelors,NS,61
2019-2020,جامعة الإمارات للطيران,EMIRATES AVIATION UNIVERSITY,دبي,Dubai,حكومة محلية,Local Government,National,Diploma,E,1
2019-2020,جامعة الإمارات للطيران,EMIRATES AVIATION UNIVERSITY,دبي,Dubai,حكومة محلية,Local Government,Non-National,Diploma,E,5
2019-2020,جامعة الإمارات للطيران,EMIRATES AVIATION UNIVERSITY,دبي,Dubai,حكومة محلية,Local Government,National,Diploma,NS,2
2019-2020,جامعة الإمارات للطيران,EMIRATES AVIATION UNIVERSITY,دبي,Dubai,حكومة محلية,Local Government,Non-National,Diploma,NS,11
2019-2020,جامعة الإمارات للطيران,EMIRATES AVIATION UNIVERSITY,دبي,Dubai,حكومة محلية,Local Government,National,Higher Diploma,E,11
2019-2020,جامعة الإمارات للطيران,EMIRATES AVIATION UNIVERSITY,دبي,Dubai,حكومة محلية,Local Government,Non-National,Higher Diploma,E,14
2019-2020,جامعة الإمارات للطيران,EMIRATES AVIATION UNIVERSITY,دبي,Dubai,حكومة محلية,Local Government,Non-National,Higher Diploma,NS,8
2019-2020,جامعة الإمارات للطيران,EMIRATES AVIATION UNIVERSITY,دبي,Dubai,حكومة محلية,Local Government,National,Master of Business Administration,NS,10
2019-2020,جامعة الإمارات للطيران,EMIRATES AVIATION UNIVERSITY,دبي,Dubai,حكومة محلية,Local Government,Non-National,Master of Business Administration,NS,56
2019-2020,جامعة الإمارات للطيران,EMIRATES AVIATION UNIVERSITY,دبي,Dubai,حكومة محلية,Local Government,Non-National,Masters,E,17
2019-2020,جامعة الإمارات للطيران,EMIRATES AVIATION UNIVERSITY,دبي,Dubai,حكومة محلية,Local Government,National,Masters,NS,12
2019-2020,جامعة الإمارات للطيران,EMIRATES AVIATION UNIVERSITY,دبي,Dubai,حكومة محلية,Local Government,Non-National,Masters,NS,26
2019-2020,جامعة البلمند في دبي,UNIVERSITY OF BALAMAND IN DUBAI,دبي,Dubai,فرع مؤسسة دولية,Branch of International Institution,Non-National,Professional Diploma,NS,6
2019-2020,جامعة السوربون - أبوظبي,"SORBONNE UNIVERSITY, ABU DHABI",أبوظبي,Abu Dhabi,فرع مؤسسة دولية,Branch of International Institution,National,Bachelors,NS,15
2019-2020,جامعة السوربون - أبوظبي,"SORBONNE UNIVERSITY, ABU DHABI",أبوظبي,Abu Dhabi,فرع مؤسسة دولية,Branch of International Institution,Non-National,Bachelors,NS,70
2019-2020,جامعة السوربون - أبوظبي,"SORBONNE UNIVERSITY, ABU DHABI",أبوظبي,Abu Dhabi,فرع مؤسسة دولية,Branch of International Institution,National,Bachelors,S,2
2019-2020,جامعة السوربون - أبوظبي,"SORBONNE UNIVERSITY, ABU DHABI",أبوظبي,Abu Dhabi,فرع مؤسسة دولية,Branch of International Institution,Non-National,Bachelors,S,7
2019-2020,جامعة السوربون - أبوظبي,"SORBONNE UNIVERSITY, ABU DHABI",أبوظبي,Abu Dhabi,فرع مؤسسة دولية,Branch of International Institution,Non-National,Diploma,NS,13
2019-2020,جامعة السوربون - أبوظبي,"SORBONNE UNIVERSITY, ABU DHABI",أبوظبي,Abu Dhabi,فرع مؤسسة دولية,Branch of International Institution,National,Masters,E,2
2019-2020,جامعة السوربون - أبوظبي,"SORBONNE UNIVERSITY, ABU DHABI",أبوظبي,Abu Dhabi,فرع مؤسسة دولية,Branch of International Institution,National,Masters,NS,49
2019-2020,جامعة السوربون - أبوظبي,"SORBONNE UNIVERSITY, ABU DHABI",أبوظبي,Abu Dhabi,فرع مؤسسة دولية,Branch of International Institution,Non-National,Masters,NS,41
2019-2020,جامعة السوربون - أبوظبي,"SORBONNE UNIVERSITY, ABU DHABI",أبوظبي,Abu Dhabi,فرع مؤسسة دولية,Branch of International Institution,Non-National,Masters,S,3
2019-2020,جامعة الشارقة,UNIVERSITY OF SHARJAH,الشارقة,Sharjah,شبه حكومية,Semi Government,National,"(MBBS)Bachelor of Medicine, Bachelor of Surgery",S,29
2019-2020,جامعة الشارقة,UNIVERSITY OF SHARJAH,الشارقة,Sharjah,شبه حكومية,Semi Government,Non-National,"(MBBS)Bachelor of Medicine, Bachelor of Surgery",S,74
2019-2020,جامعة الشارقة,UNIVERSITY OF SHARJAH,الشارقة,Sharjah,شبه حكومية,Semi Government,National,Bachelors,E,149
2019-2020,جامعة الشارقة,UNIVERSITY OF SHARJAH,الشارقة,Sharjah,شبه حكومية,Semi Government,Non-National,Bachelors,E,485
2019-2020,جامعة الشارقة,UNIVERSITY OF SHARJAH,الشارقة,Sharjah,شبه حكومية,Semi Government,National,Bachelors,NS,541
2019-2020,جامعة الشارقة,UNIVERSITY OF SHARJAH,الشارقة,Sharjah,شبه حكومية,Semi Government,Non-National,Bachelors,NS,453
2019-2020,جامعة الشارقة,UNIVERSITY OF SHARJAH,الشارقة,Sharjah,شبه حكومية,Semi Government,National,Bachelors,S,56
2019-2020,جامعة الشارقة,UNIVERSITY OF SHARJAH,الشارقة,Sharjah,شبه حكومية,Semi Government,Non-National,Bachelors,S,349
2019-2020,جامعة الشارقة,UNIVERSITY OF SHARJAH,الشارقة,Sharjah,شبه حكومية,Semi Government,National,Bachelors,"S,M",25
2019-2020,جامعة الشارقة,UNIVERSITY OF SHARJAH,الشارقة,Sharjah,شبه حكومية,Semi Government,Non-National,Bachelors,"S,M",44
2019-2020,جامعة الشارقة,UNIVERSITY OF SHARJAH,الشارقة,Sharjah,شبه حكومية,Semi Government,National,Bachelors,T,41
2019-2020,جامعة الشارقة,UNIVERSITY OF SHARJAH,الشارقة,Sharjah,شبه حكومية,Semi Government,Non-National,Bachelors,T,74
2019-2020,جامعة الشارقة,UNIVERSITY OF SHARJAH,الشارقة,Sharjah,شبه حكومية,Semi Government,National,Diploma,NS,109
2019-2020,جامعة الشارقة,UNIVERSITY OF SHARJAH,الشارقة,Sharjah,شبه حكومية,Semi Government,Non-National,Diploma,NS,26
2019-2020,جامعة الشارقة,UNIVERSITY OF SHARJAH,الشارقة,Sharjah,شبه حكومية,Semi Government,Non-National,Diploma,T,1
2019-2020,جامعة الشارقة,UNIVERSITY OF SHARJAH,الشارقة,Sharjah,شبه حكومية,Semi Government,National,Doctor of Dental Medicine,S,5
2019-2020,جامعة الشارقة,UNIVERSITY OF SHARJAH,الشارقة,Sharjah,شبه حكومية,Semi Government,Non-National,Doctor of Dental Medicine,S,57
2019-2020,جامعة الشارقة,UNIVERSITY OF SHARJAH,الشارقة,Sharjah,شبه حكومية,Semi Government,National,Doctorate,E,3
2019-2020,جامعة الشارقة,UNIVERSITY OF SHARJAH,الشارقة,Sharjah,شبه حكومية,Semi Government,Non-National,Doctorate,E,3
2019-2020,جامعة الشارقة,UNIVERSITY OF SHARJAH,الشارقة,Sharjah,شبه حكومية,Semi Government,National,Doctorate,NS,27
2019-2020,جامعة الشارقة,UNIVERSITY OF SHARJAH,الشارقة,Sharjah,شبه حكومية,Semi Government,Non-National,Doctorate,NS,8
2019-2020,جامعة الشارقة,UNIVERSITY OF SHARJAH,الشارقة,Sharjah,شبه حكومية,Semi Government,Non-National,Doctorate,S,4
2019-2020,جامعة الشارقة,UNIVERSITY OF SHARJAH,الشارقة,Sharjah,شبه حكومية,Semi Government,National,Master of Business Administration,NS,48
2019-2020,جامعة الشارقة,UNIVERSITY OF SHARJAH,الشارقة,Sharjah,شبه حكومية,Semi Government,Non-National,Master of Business Administration,NS,11
2019-2020,جامعة الشارقة,UNIVERSITY OF SHARJAH,الشارقة,Sharjah,شبه حكومية,Semi Government,National,Master of Business Administration,"S,M",2
2019-2020,جامعة الشارقة,UNIVERSITY OF SHARJAH,الشارقة,Sharjah,شبه حكومية,Semi Government,Non-National,Master of Business Administration,"S,M",4
2019-2020,جامعة الشارقة,UNIVERSITY OF SHARJAH,الشارقة,Sharjah,شبه حكومية,Semi Government,National,Masters,E,10
2019-2020,جامعة الشارقة,UNIVERSITY OF SHARJAH,الشارقة,Sharjah,شبه حكومية,Semi Government,Non-National,Masters,E,24
2019-2020,جامعة الشارقة,UNIVERSITY OF SHARJAH,الشارقة,Sharjah,شبه حكومية,Semi Government,National,Masters,NS,76
2019-2020,جامعة الشارقة,UNIVERSITY OF SHARJAH,الشارقة,Sharjah,شبه حكومية,Semi Government,Non-National,Masters,NS,45
2019-2020,جامعة الشارقة,UNIVERSITY OF SHARJAH,الشارقة,Sharjah,شبه حكومية,Semi Government,National,Masters,S,10
2019-2020,جامعة الشارقة,UNIVERSITY OF SHARJAH,الشارقة,Sharjah,شبه حكومية,Semi Government,Non-National,Masters,S,30
2019-2020,جامعة الشارقة,UNIVERSITY OF SHARJAH,الشارقة,Sharjah,شبه حكومية,Semi Government,National,Masters,"S,M",2
2019-2020,جامعة الشارقة,UNIVERSITY OF SHARJAH,الشارقة,Sharjah,شبه حكومية,Semi Government,Non-National,Masters,"S,M",4
2019-2020,جامعة الشارقة,UNIVERSITY OF SHARJAH,الشارقة,Sharjah,شبه حكومية,Semi Government,Non-National,Masters,T,3
2019-2020,جامعة العلوم الحديثة,UNIVERSITY OF MODERN SCIENCES,دبي,Dubai,خاصة,Private,National,Bachelors,NS,28
2019-2020,جامعة العلوم الحديثة,UNIVERSITY OF MODERN SCIENCES,دبي,Dubai,خاصة,Private,National,Bachelors,"S,M",3
2019-2020,جامعة العين,AL AIN UNIVERSITY,أبوظبي,Abu Dhabi,خاصة,Private,National,Bachelors,E,4
2019-2020,جامعة العين,AL AIN UNIVERSITY,أبوظبي,Abu Dhabi,خاصة,Private,Non-National,Bachelors,E,21
2019-2020,جامعة العين,AL AIN UNIVERSITY,أبوظبي,Abu Dhabi,خاصة,Private,National,Bachelors,NS,453
2019-2020,جامعة العين,AL AIN UNIVERSITY,أبوظبي,Abu Dhabi,خاصة,Private,Non-National,Bachelors,NS,278
2019-2020,جامعة العين,AL AIN UNIVERSITY,أبوظبي,Abu Dhabi,خاصة,Private,Non-National,Bachelors,S,63
2019-2020,جامعة العين,AL AIN UNIVERSITY,أبوظبي,Abu Dhabi,خاصة,Private,National,Bachelors,T,2
2019-2020,جامعة العين,AL AIN UNIVERSITY,أبوظبي,Abu Dhabi,خاصة,Private,Non-National,Bachelors,T,16
2019-2020,جامعة العين,AL AIN UNIVERSITY,أبوظبي,Abu Dhabi,خاصة,Private,National,Higher Diploma,NS,2
2019-2020,جامعة العين,AL AIN UNIVERSITY,أبوظبي,Abu Dhabi,خاصة,Private,Non-National,Higher Diploma,NS,224
2019-2020,جامعة العين,AL AIN UNIVERSITY,أبوظبي,Abu Dhabi,خاصة,Private,National,Masters,NS,72
2019-2020,جامعة العين,AL AIN UNIVERSITY,أبوظبي,Abu Dhabi,خاصة,Private,Non-National,Masters,NS,16
2019-2020,جامعة العين,AL AIN UNIVERSITY,أبوظبي,Abu Dhabi,خاصة,Private,National,Masters,S,1
2019-2020,جامعة العين,AL AIN UNIVERSITY,أبوظبي,Abu Dhabi,خاصة,Private,Non-National,Masters,S,5
2019-2020,جامعة الغرير,AL GHURAIR UNIVERSITY,دبي,Dubai,خاصة,Private,National,Bachelors,E,10
2019-2020,جامعة الغرير,AL GHURAIR UNIVERSITY,دبي,Dubai,خاصة,Private,Non-National,Bachelors,E,64
2019-2020,جامعة الغرير,AL GHURAIR UNIVERSITY,دبي,Dubai,خاصة,Private,National,Bachelors,NS,37
2019-2020,جامعة الغرير,AL GHURAIR UNIVERSITY,دبي,Dubai,خاصة,Private,Non-National,Bachelors,NS,72
2019-2020,جامعة الغرير,AL GHURAIR UNIVERSITY,دبي,Dubai,خاصة,Private,National,Master of Business Administration,NS,21
2019-2020,جامعة الغرير,AL GHURAIR UNIVERSITY,دبي,Dubai,خاصة,Private,Non-National,Master of Business Administration,NS,8
2019-2020,جامعة الغرير,AL GHURAIR UNIVERSITY,دبي,Dubai,خاصة,Private,National,Masters,E,9
2019-2020,جامعة الغرير,AL GHURAIR UNIVERSITY,دبي,Dubai,خاصة,Private,Non-National,Masters,E,4
2019-2020,جامعة الغرير,AL GHURAIR UNIVERSITY,دبي,Dubai,خاصة,Private,National,Masters,NS,13
2019-2020,جامعة الغرير,AL GHURAIR UNIVERSITY,دبي,Dubai,خاصة,Private,Non-National,Masters,NS,1
2019-2020,جامعة الغرير,AL GHURAIR UNIVERSITY,دبي,Dubai,خاصة,Private,National,Professional Diploma,NS,1
2019-2020,جامعة الغرير,AL GHURAIR UNIVERSITY,دبي,Dubai,خاصة,Private,Non-National,Professional Diploma,NS,29
2019-2020,جامعة الفجيرة,UNIVERSITY OF FUJAIRAH,الفجيرة,Fujairah,شبه حكومية,Semi Government,National,Bachelors,NS,45
2019-2020,جامعة الفجيرة,UNIVERSITY OF FUJAIRAH,الفجيرة,Fujairah,شبه حكومية,Semi Government,Non-National,Bachelors,NS,7
2019-2020,جامعة الفجيرة,UNIVERSITY OF FUJAIRAH,الفجيرة,Fujairah,شبه حكومية,Semi Government,National,Bachelors,T,4
2019-2020,جامعة الفجيرة,UNIVERSITY OF FUJAIRAH,الفجيرة,Fujairah,شبه حكومية,Semi Government,Non-National,Bachelors,T,2
2019-2020,جامعة الفجيرة,UNIVERSITY OF FUJAIRAH,الفجيرة,Fujairah,شبه حكومية,Semi Government,National,Master of Business Administration,NS,32
2019-2020,جامعة الفجيرة,UNIVERSITY OF FUJAIRAH,الفجيرة,Fujairah,شبه حكومية,Semi Government,Non-National,Master of Business Administration,NS,2
2019-2020,جامعة الفلاح,AL FALAH UNIVERSITY,دبي,Dubai,خاصة,Private,National,Bachelors,NS,94
2019-2020,جامعة الفلاح,AL FALAH UNIVERSITY,دبي,Dubai,خاصة,Private,Non-National,Bachelors,NS,26
2019-2020,جامعة الفلاح,AL FALAH UNIVERSITY,دبي,Dubai,خاصة,Private,National,Master of Business Administration,NS,11
2019-2020,جامعة الفلاح,AL FALAH UNIVERSITY,دبي,Dubai,خاصة,Private,Non-National,Master of Business Administration,NS,2
2019-2020,جامعة القاسمية,AL QASIMIYA UNIVERSITY,الشارقة,Sharjah,حكومة محلية,Local Government,Non-National,Bachelors,NS,385
2019-2020,جامعة الوصل,AL WASL UNIVERSITY,دبي,Dubai,خاصة,Private,National,Bachelors,NS,51
2019-2020,جامعة الوصل,AL WASL UNIVERSITY,دبي,Dubai,خاصة,Private,Non-National,Bachelors,NS,52
2019-2020,جامعة الوصل,AL WASL UNIVERSITY,دبي,Dubai,خاصة,Private,National,Doctorate,NS,10
2019-2020,جامعة الوصل,AL WASL UNIVERSITY,دبي,Dubai,خاصة,Private,National,Masters,NS,4
2019-2020,جامعة الوصل,AL WASL UNIVERSITY,دبي,Dubai,خاصة,Private,Non-National,Masters,NS,1
2019-2020,جامعة جميرا,JUMEIRA UNIVERSITY,دبي,Dubai,خاصة,Private,National,Bachelors,NS,13
2019-2020,جامعة جميرا,JUMEIRA UNIVERSITY,دبي,Dubai,خاصة,Private,Non-National,Bachelors,NS,47
2019-2020,جامعة جميرا,JUMEIRA UNIVERSITY,دبي,Dubai,خاصة,Private,Non-National,Bachelors,S,5
2019-2020,جامعة جميرا,JUMEIRA UNIVERSITY,دبي,Dubai,خاصة,Private,National,Bachelors,"S,M",2
2019-2020,جامعة جميرا,JUMEIRA UNIVERSITY,دبي,Dubai,خاصة,Private,Non-National,Bachelors,"S,M",5
2019-2020,جامعة حمدان بن محمد الذكية,HAMDAN BIN MOHAMMED  SMART UNIVERSITY,دبي,Dubai,شبه حكومية,Semi Government,National,Bachelors,NS,35
2019-2020,جامعة حمدان بن محمد الذكية,HAMDAN BIN MOHAMMED  SMART UNIVERSITY,دبي,Dubai,شبه حكومية,Semi Government,Non-National,Bachelors,NS,31
2019-2020,جامعة حمدان بن محمد الذكية,HAMDAN BIN MOHAMMED  SMART UNIVERSITY,دبي,Dubai,شبه حكومية,Semi Government,National,Bachelors,S,2
2019-2020,جامعة حمدان بن محمد الذكية,HAMDAN BIN MOHAMMED  SMART UNIVERSITY,دبي,Dubai,شبه حكومية,Semi Government,Non-National,Bachelors,S,10
2019-2020,جامعة حمدان بن محمد الذكية,HAMDAN BIN MOHAMMED  SMART UNIVERSITY,دبي,Dubai,شبه حكومية,Semi Government,Non-National,Diploma,S,1
2019-2020,جامعة حمدان بن محمد الذكية,HAMDAN BIN MOHAMMED  SMART UNIVERSITY,دبي,Dubai,شبه حكومية,Semi Government,National,Doctorate,NS,4
2019-2020,جامعة حمدان بن محمد الذكية,HAMDAN BIN MOHAMMED  SMART UNIVERSITY,دبي,Dubai,شبه حكومية,Semi Government,Non-National,Doctorate,NS,1
2019-2020,جامعة حمدان بن محمد الذكية,HAMDAN BIN MOHAMMED  SMART UNIVERSITY,دبي,Dubai,شبه حكومية,Semi Government,Non-National,Doctorate,"S,M",2
2019-2020,جامعة حمدان بن محمد الذكية,HAMDAN BIN MOHAMMED  SMART UNIVERSITY,دبي,Dubai,شبه حكومية,Semi Government,National,Masters,NS,162
2019-2020,جامعة حمدان بن محمد الذكية,HAMDAN BIN MOHAMMED  SMART UNIVERSITY,دبي,Dubai,شبه حكومية,Semi Government,Non-National,Masters,NS,16
2019-2020,جامعة حمدان بن محمد الذكية,HAMDAN BIN MOHAMMED  SMART UNIVERSITY,دبي,Dubai,شبه حكومية,Semi Government,National,Masters,S,17
2019-2020,جامعة حمدان بن محمد الذكية,HAMDAN BIN MOHAMMED  SMART UNIVERSITY,دبي,Dubai,شبه حكومية,Semi Government,Non-National,Masters,S,6
2019-2020,جامعة خليفة,KHALIFA UNIVERSITY,أبوظبي,Abu Dhabi,حكومة محلية,Local Government,National,Bachelors,E,390
2019-2020,جامعة خليفة,KHALIFA UNIVERSITY,أبوظبي,Abu Dhabi,حكومة محلية,Local Government,Non-National,Bachelors,E,66
2019-2020,جامعة خليفة,KHALIFA UNIVERSITY,أبوظبي,Abu Dhabi,حكومة محلية,Local Government,National,Bachelors,S,28
2019-2020,جامعة خليفة,KHALIFA UNIVERSITY,أبوظبي,Abu Dhabi,حكومة محلية,Local Government,Non-National,Bachelors,S,1
2019-2020,جامعة خليفة,KHALIFA UNIVERSITY,أبوظبي,Abu Dhabi,حكومة محلية,Local Government,National,Bachelors,"S,M",2
2019-2020,جامعة خليفة,KHALIFA UNIVERSITY,أبوظبي,Abu Dhabi,حكومة محلية,Local Government,Non-National,Bachelors,"S,M",8
2019-2020,جامعة خليفة,KHALIFA UNIVERSITY,أبوظبي,Abu Dhabi,حكومة محلية,Local Government,National,Doctorate,E,9
2019-2020,جامعة خليفة,KHALIFA UNIVERSITY,أبوظبي,Abu Dhabi,حكومة محلية,Local Government,Non-National,Doctorate,E,29
2019-2020,جامعة خليفة,KHALIFA UNIVERSITY,أبوظبي,Abu Dhabi,حكومة محلية,Local Government,National,Masters,E,55
2019-2020,جامعة خليفة,KHALIFA UNIVERSITY,أبوظبي,Abu Dhabi,حكومة محلية,Local Government,Non-National,Masters,E,55
2019-2020,جامعة خليفة,KHALIFA UNIVERSITY,أبوظبي,Abu Dhabi,حكومة محلية,Local Government,National,Masters,NS,12
2019-2020,جامعة خليفة,KHALIFA UNIVERSITY,أبوظبي,Abu Dhabi,حكومة محلية,Local Government,Non-National,Masters,NS,2
2019-2020,جامعة خليفة,KHALIFA UNIVERSITY,أبوظبي,Abu Dhabi,حكومة محلية,Local Government,National,Masters,S,1
2019-2020,جامعة خليفة,KHALIFA UNIVERSITY,أبوظبي,Abu Dhabi,حكومة محلية,Local Government,Non-National,Masters,S,2
2019-2020,جامعة خليفة,KHALIFA UNIVERSITY,أبوظبي,Abu Dhabi,حكومة محلية,Local Government,National,Masters,T,3
2019-2020,جامعة خليفة,KHALIFA UNIVERSITY,أبوظبي,Abu Dhabi,حكومة محلية,Local Government,Non-National,Masters,T,1
2019-2020,جامعة دبي,UNIVERSITY OF DUBAI,دبي,Dubai,حكومة محلية,Local Government,National,Bachelors,NS,19
2019-2020,جامعة دبي,UNIVERSITY OF DUBAI,دبي,Dubai,حكومة محلية,Local Government,Non-National,Bachelors,NS,42
2019-2020,جامعة دبي,UNIVERSITY OF DUBAI,دبي,Dubai,حكومة محلية,Local Government,National,Bachelors,T,15
2019-2020,جامعة دبي,UNIVERSITY OF DUBAI,دبي,Dubai,حكومة محلية,Local Government,Non-National,Bachelors,T,5
2019-2020,جامعة دبي,UNIVERSITY OF DUBAI,دبي,Dubai,حكومة محلية,Local Government,National,Doctor of Business Administrate,NS,3
2019-2020,جامعة دبي,UNIVERSITY OF DUBAI,دبي,Dubai,حكومة محلية,Local Government,National,Master of Business Administration,NS,42
2019-2020,جامعة دبي,UNIVERSITY OF DUBAI,دبي,Dubai,حكومة محلية,Local Government,Non-National,Master of Business Administration,NS,4
2019-2020,جامعة دبي,UNIVERSITY OF DUBAI,دبي,Dubai,حكومة محلية,Local Government,National,Masters,NS,40
2019-2020,جامعة دبي,UNIVERSITY OF DUBAI,دبي,Dubai,حكومة محلية,Local Government,Non-National,Masters,NS,18
2019-2020,جامعة رأس الخيمة للطب والعلوم الصحية,RAS AL KHAIMAH MEDICAL AND HEALTH SCIENCES UNIVERSITY,رأس الخيمة,Ras Al Khaima,حكومة محلية,Local Government,National,"(MBBS)Bachelor of Medicine, Bachelor of Surgery",S,3
2019-2020,جامعة رأس الخيمة للطب والعلوم الصحية,RAS AL KHAIMAH MEDICAL AND HEALTH SCIENCES UNIVERSITY,رأس الخيمة,Ras Al Khaima,حكومة محلية,Local Government,Non-National,"(MBBS)Bachelor of Medicine, Bachelor of Surgery",S,86
2019-2020,جامعة رأس الخيمة للطب والعلوم الصحية,RAS AL KHAIMAH MEDICAL AND HEALTH SCIENCES UNIVERSITY,رأس الخيمة,Ras Al Khaima,حكومة محلية,Local Government,National,Bachelors,S,47
2019-2020,جامعة رأس الخيمة للطب والعلوم الصحية,RAS AL KHAIMAH MEDICAL AND HEALTH SCIENCES UNIVERSITY,رأس الخيمة,Ras Al Khaima,حكومة محلية,Local Government,Non-National,Bachelors,S,191
2019-2020,جامعة رأس الخيمة للطب والعلوم الصحية,RAS AL KHAIMAH MEDICAL AND HEALTH SCIENCES UNIVERSITY,رأس الخيمة,Ras Al Khaima,حكومة محلية,Local Government,National,Masters,S,11
2019-2020,جامعة رأس الخيمة للطب والعلوم الصحية,RAS AL KHAIMAH MEDICAL AND HEALTH SCIENCES UNIVERSITY,رأس الخيمة,Ras Al Khaima,حكومة محلية,Local Government,Non-National,Masters,S,9
2019-2020,جامعة زايد,ZAYED UNIVERSITY,أبوظبي,Abu Dhabi,حكومة إتحادية,Federal Government,National,Bachelors,NS,698
2019-2020,جامعة زايد,ZAYED UNIVERSITY,أبوظبي,Abu Dhabi,حكومة إتحادية,Federal Government,Non-National,Bachelors,NS,12
2019-2020,جامعة زايد,ZAYED UNIVERSITY,أبوظبي,Abu Dhabi,حكومة إتحادية,Federal Government,National,Bachelors,S,113
2019-2020,جامعة زايد,ZAYED UNIVERSITY,أبوظبي,Abu Dhabi,حكومة إتحادية,Federal Government,Non-National,Bachelors,S,1
2019-2020,جامعة زايد,ZAYED UNIVERSITY,أبوظبي,Abu Dhabi,حكومة إتحادية,Federal Government,National,Bachelors,T,118
2019-2020,جامعة زايد,ZAYED UNIVERSITY,أبوظبي,Abu Dhabi,حكومة إتحادية,Federal Government,Non-National,Bachelors,T,20
2019-2020,جامعة زايد,ZAYED UNIVERSITY,أبوظبي,Abu Dhabi,حكومة إتحادية,Federal Government,National,Masters,NS,58
2019-2020,جامعة زايد,ZAYED UNIVERSITY,أبوظبي,Abu Dhabi,حكومة إتحادية,Federal Government,Non-National,Masters,NS,4
2019-2020,جامعة زايد,ZAYED UNIVERSITY,دبي,Dubai,حكومة إتحادية,Federal Government,National,Bachelors,NS,465
2019-2020,جامعة زايد,ZAYED UNIVERSITY,دبي,Dubai,حكومة إتحادية,Federal Government,Non-National,Bachelors,NS,14
2019-2020,جامعة زايد,ZAYED UNIVERSITY,دبي,Dubai,حكومة إتحادية,Federal Government,National,Bachelors,S,59
2019-2020,جامعة زايد,ZAYED UNIVERSITY,دبي,Dubai,حكومة إتحادية,Federal Government,Non-National,Bachelors,S,3
2019-2020,جامعة زايد,ZAYED UNIVERSITY,دبي,Dubai,حكومة إتحادية,Federal Government,National,Bachelors,T,104
2019-2020,جامعة زايد,ZAYED UNIVERSITY,دبي,Dubai,حكومة إتحادية,Federal Government,National,Masters,NS,11
2019-2020,جامعة سان جوزف دبي,SAINT JOSEPH UNIVERSITY DUBAI,دبي,Dubai,فرع مؤسسة دولية,Branch of International Institution,National,Bachelors,NS,9
2019-2020,جامعة سان جوزف دبي,SAINT JOSEPH UNIVERSITY DUBAI,دبي,Dubai,فرع مؤسسة دولية,Branch of International Institution,Non-National,Bachelors,NS,4
2019-2020,جامعة سان جوزف دبي,SAINT JOSEPH UNIVERSITY DUBAI,دبي,Dubai,فرع مؤسسة دولية,Branch of International Institution,National,Masters,NS,2
2019-2020,جامعة سان جوزف دبي,SAINT JOSEPH UNIVERSITY DUBAI,دبي,Dubai,فرع مؤسسة دولية,Branch of International Institution,Non-National,Masters,NS,2
2019-2020,جامعة ستراثكليد- كلية إدارة الأعمال بالإمارات,UNIVERSITY OF STRATHCLYDE BUSINESS SCHOOL- UAE,أبوظبي,Abu Dhabi,فرع مؤسسة دولية,Branch of International Institution,National,Master of Business Administration,NS,2
2019-2020,جامعة ستراثكليد- كلية إدارة الأعمال بالإمارات,UNIVERSITY OF STRATHCLYDE BUSINESS SCHOOL- UAE,أبوظبي,Abu Dhabi,فرع مؤسسة دولية,Branch of International Institution,Non-National,Master of Business Administration,NS,17
2019-2020,جامعة ستراثكليد- كلية إدارة الأعمال بالإمارات,UNIVERSITY OF STRATHCLYDE BUSINESS SCHOOL- UAE,دبي,Dubai,فرع مؤسسة دولية,Branch of International Institution,Non-National,Master of Business Administration,NS,28
2019-2020,جامعة عجمان,AJMAN UNIVERSITY ,عجمان,Ajman,خاصة,Private,National,Bachelors,E,16
2019-2020,جامعة عجمان,AJMAN UNIVERSITY ,عجمان,Ajman,خاصة,Private,Non-National,Bachelors,E,192
2019-2020,جامعة عجمان,AJMAN UNIVERSITY ,عجمان,Ajman,خاصة,Private,National,Bachelors,NS,176
2019-2020,جامعة عجمان,AJMAN UNIVERSITY ,عجمان,Ajman,خاصة,Private,Non-National,Bachelors,NS,449
2019-2020,جامعة عجمان,AJMAN UNIVERSITY ,عجمان,Ajman,خاصة,Private,Non-National,Bachelors,S,80
2019-2020,جامعة عجمان,AJMAN UNIVERSITY ,عجمان,Ajman,خاصة,Private,National,Bachelors,T,4
2019-2020,جامعة عجمان,AJMAN UNIVERSITY ,عجمان,Ajman,خاصة,Private,Non-National,Bachelors,T,54
2019-2020,جامعة عجمان,AJMAN UNIVERSITY ,عجمان,Ajman,خاصة,Private,National,Doctor of Dental Medicine,S,5
2019-2020,جامعة عجمان,AJMAN UNIVERSITY ,عجمان,Ajman,خاصة,Private,Non-National,Doctor of Dental Medicine,S,158
2019-2020,جامعة عجمان,AJMAN UNIVERSITY ,عجمان,Ajman,خاصة,Private,National,Graduate Diploma,NS,1
2019-2020,جامعة عجمان,AJMAN UNIVERSITY ,عجمان,Ajman,خاصة,Private,Non-National,Graduate Diploma,NS,115
2019-2020,جامعة عجمان,AJMAN UNIVERSITY ,عجمان,Ajman,خاصة,Private,National,Master of Business Administration,NS,1
2019-2020,جامعة عجمان,AJMAN UNIVERSITY ,عجمان,Ajman,خاصة,Private,Non-National,Master of Business Administration,NS,10
2019-2020,جامعة عجمان,AJMAN UNIVERSITY ,عجمان,Ajman,خاصة,Private,Non-National,Masters,E,1
2019-2020,جامعة عجمان,AJMAN UNIVERSITY ,عجمان,Ajman,خاصة,Private,National,Masters,NS,26
2019-2020,جامعة عجمان,AJMAN UNIVERSITY ,عجمان,Ajman,خاصة,Private,Non-National,Masters,NS,16
2019-2020,جامعة عجمان,AJMAN UNIVERSITY ,عجمان,Ajman,خاصة,Private,National,Masters,S,3
2019-2020,جامعة عجمان,AJMAN UNIVERSITY ,عجمان,Ajman,خاصة,Private,Non-National,Masters,S,16
2019-2020,جامعة محمد بن راشد للطب والعلوم الصحية,MOHAMMED BIN RASHID UNIVERSITY OF MEDICINE AND HEALTH SCIENCES,دبي,Dubai,حكومة محلية,Local Government,National,Masters,S,7
2019-2020,جامعة محمد بن راشد للطب والعلوم الصحية,MOHAMMED BIN RASHID UNIVERSITY OF MEDICINE AND HEALTH SCIENCES,دبي,Dubai,حكومة محلية,Local Government,Non-National,Masters,S,7
2019-2020,جامعة محمد بن زايد للعلوم الإنسانية,MOHAMED BIN ZAYED UNIVERSITY FOR HUMANITIES,أبوظبي,Abu Dhabi,حكومة محلية,Local Government,National,Bachelors,NS,61
2019-2020,جامعة محمد بن زايد للعلوم الإنسانية,MOHAMED BIN ZAYED UNIVERSITY FOR HUMANITIES,أبوظبي,Abu Dhabi,حكومة محلية,Local Government,Non-National,Bachelors,NS,16
2019-2020,جامعة محمد بن زايد للعلوم الإنسانية,MOHAMED BIN ZAYED UNIVERSITY FOR HUMANITIES,أبوظبي,Abu Dhabi,حكومة محلية,Local Government,National,Doctorate,NS,4
2019-2020,جامعة محمد بن زايد للعلوم الإنسانية,MOHAMED BIN ZAYED UNIVERSITY FOR HUMANITIES,أبوظبي,Abu Dhabi,حكومة محلية,Local Government,National,Masters,NS,4
2019-2020,جامعة محمد بن زايد للعلوم الإنسانية,MOHAMED BIN ZAYED UNIVERSITY FOR HUMANITIES,أبوظبي,Abu Dhabi,حكومة محلية,Local Government,Non-National,Masters,NS,2
2019-2020,جامعة نيويورك,"NEW YORK UNIVERSITY, ABU DHABI",أبوظبي,Abu Dhabi,فرع مؤسسة دولية,Branch of International Institution,National,Bachelors,E,3
2019-2020,جامعة نيويورك,"NEW YORK UNIVERSITY, ABU DHABI",أبوظبي,Abu Dhabi,فرع مؤسسة دولية,Branch of International Institution,Non-National,Bachelors,E,43
2019-2020,جامعة نيويورك,"NEW YORK UNIVERSITY, ABU DHABI",أبوظبي,Abu Dhabi,فرع مؤسسة دولية,Branch of International Institution,National,Bachelors,NS,31
2019-2020,جامعة نيويورك,"NEW YORK UNIVERSITY, ABU DHABI",أبوظبي,Abu Dhabi,فرع مؤسسة دولية,Branch of International Institution,Non-National,Bachelors,NS,146
2019-2020,جامعة نيويورك,"NEW YORK UNIVERSITY, ABU DHABI",أبوظبي,Abu Dhabi,فرع مؤسسة دولية,Branch of International Institution,Non-National,Bachelors,S,11
2019-2020,جامعة نيويورك,"NEW YORK UNIVERSITY, ABU DHABI",أبوظبي,Abu Dhabi,فرع مؤسسة دولية,Branch of International Institution,National,Bachelors,"S,M",1
2019-2020,جامعة نيويورك,"NEW YORK UNIVERSITY, ABU DHABI",أبوظبي,Abu Dhabi,فرع مؤسسة دولية,Branch of International Institution,Non-National,Bachelors,"S,M",22
2019-2020,جامعة نيويورك,"NEW YORK UNIVERSITY, ABU DHABI",أبوظبي,Abu Dhabi,فرع مؤسسة دولية,Branch of International Institution,National,Bachelors,T,1
2019-2020,جامعة نيويورك,"NEW YORK UNIVERSITY, ABU DHABI",أبوظبي,Abu Dhabi,فرع مؤسسة دولية,Branch of International Institution,Non-National,Bachelors,T,31
2019-2020,جامعة ولونغونغ فى دبى,UNIVERSITY OF WOLLONGONG IN DUBAI,دبي,Dubai,فرع مؤسسة دولية,Branch of International Institution,National,Bachelors,E,1
2019-2020,جامعة ولونغونغ فى دبى,UNIVERSITY OF WOLLONGONG IN DUBAI,دبي,Dubai,فرع مؤسسة دولية,Branch of International Institution,Non-National,Bachelors,E,43
2019-2020,جامعة ولونغونغ فى دبى,UNIVERSITY OF WOLLONGONG IN DUBAI,دبي,Dubai,فرع مؤسسة دولية,Branch of International Institution,National,Bachelors,NS,4
2019-2020,جامعة ولونغونغ فى دبى,UNIVERSITY OF WOLLONGONG IN DUBAI,دبي,Dubai,فرع مؤسسة دولية,Branch of International Institution,Non-National,Bachelors,NS,237
2019-2020,جامعة ولونغونغ فى دبى,UNIVERSITY OF WOLLONGONG IN DUBAI,دبي,Dubai,فرع مؤسسة دولية,Branch of International Institution,National,Bachelors,T,1
2019-2020,جامعة ولونغونغ فى دبى,UNIVERSITY OF WOLLONGONG IN DUBAI,دبي,Dubai,فرع مؤسسة دولية,Branch of International Institution,Non-National,Bachelors,T,37
2019-2020,جامعة ولونغونغ فى دبى,UNIVERSITY OF WOLLONGONG IN DUBAI,دبي,Dubai,فرع مؤسسة دولية,Branch of International Institution,National,Doctor of Business Administrate,NS,2
2019-2020,جامعة ولونغونغ فى دبى,UNIVERSITY OF WOLLONGONG IN DUBAI,دبي,Dubai,فرع مؤسسة دولية,Branch of International Institution,Non-National,Doctor of Business Administrate,NS,6
2019-2020,جامعة ولونغونغ فى دبى,UNIVERSITY OF WOLLONGONG IN DUBAI,دبي,Dubai,فرع مؤسسة دولية,Branch of International Institution,National,Doctorate,NS,1
2019-2020,جامعة ولونغونغ فى دبى,UNIVERSITY OF WOLLONGONG IN DUBAI,دبي,Dubai,فرع مؤسسة دولية,Branch of International Institution,Non-National,Graduate Certificate,NS,7
2019-2020,جامعة ولونغونغ فى دبى,UNIVERSITY OF WOLLONGONG IN DUBAI,دبي,Dubai,فرع مؤسسة دولية,Branch of International Institution,National,Master of Business Administration,NS,3
2019-2020,جامعة ولونغونغ فى دبى,UNIVERSITY OF WOLLONGONG IN DUBAI,دبي,Dubai,فرع مؤسسة دولية,Branch of International Institution,Non-National,Master of Business Administration,NS,44
2019-2020,جامعة ولونغونغ فى دبى,UNIVERSITY OF WOLLONGONG IN DUBAI,دبي,Dubai,فرع مؤسسة دولية,Branch of International Institution,National,Masters,E,20
2019-2020,جامعة ولونغونغ فى دبى,UNIVERSITY OF WOLLONGONG IN DUBAI,دبي,Dubai,فرع مؤسسة دولية,Branch of International Institution,Non-National,Masters,E,63
2019-2020,جامعة ولونغونغ فى دبى,UNIVERSITY OF WOLLONGONG IN DUBAI,دبي,Dubai,فرع مؤسسة دولية,Branch of International Institution,National,Masters,NS,24
2019-2020,جامعة ولونغونغ فى دبى,UNIVERSITY OF WOLLONGONG IN DUBAI,دبي,Dubai,فرع مؤسسة دولية,Branch of International Institution,Non-National,Masters,NS,204
2019-2020,جامعة ولونغونغ فى دبى,UNIVERSITY OF WOLLONGONG IN DUBAI,دبي,Dubai,فرع مؤسسة دولية,Branch of International Institution,National,Masters,T,3
2019-2020,جامعة ولونغونغ فى دبى,UNIVERSITY OF WOLLONGONG IN DUBAI,دبي,Dubai,فرع مؤسسة دولية,Branch of International Institution,Non-National,Masters,T,3
2019-2020,كليات التقنية العليا,HIGHER COLLEGES OF TECHNOLOGY,أبوظبي,Abu Dhabi,حكومة إتحادية,Federal Government,National,Bachelors,E,291
2019-2020,كليات التقنية العليا,HIGHER COLLEGES OF TECHNOLOGY,أبوظبي,Abu Dhabi,حكومة إتحادية,Federal Government,Non-National,Bachelors,E,31
2019-2020,كليات التقنية العليا,HIGHER COLLEGES OF TECHNOLOGY,أبوظبي,Abu Dhabi,حكومة إتحادية,Federal Government,National,Bachelors,NS,384
2019-2020,كليات التقنية العليا,HIGHER COLLEGES OF TECHNOLOGY,أبوظبي,Abu Dhabi,حكومة إتحادية,Federal Government,Non-National,Bachelors,NS,27
2019-2020,كليات التقنية العليا,HIGHER COLLEGES OF TECHNOLOGY,أبوظبي,Abu Dhabi,حكومة إتحادية,Federal Government,National,Bachelors,S,32
2019-2020,كليات التقنية العليا,HIGHER COLLEGES OF TECHNOLOGY,أبوظبي,Abu Dhabi,حكومة إتحادية,Federal Government,Non-National,Bachelors,S,6
2019-2020,كليات التقنية العليا,HIGHER COLLEGES OF TECHNOLOGY,أبوظبي,Abu Dhabi,حكومة إتحادية,Federal Government,National,Bachelors,T,150
2019-2020,كليات التقنية العليا,HIGHER COLLEGES OF TECHNOLOGY,أبوظبي,Abu Dhabi,حكومة إتحادية,Federal Government,Non-National,Bachelors,T,8
2019-2020,كليات التقنية العليا,HIGHER COLLEGES OF TECHNOLOGY,أبوظبي,Abu Dhabi,حكومة إتحادية,Federal Government,National,Diploma,E,5
2019-2020,كليات التقنية العليا,HIGHER COLLEGES OF TECHNOLOGY,أبوظبي,Abu Dhabi,حكومة إتحادية,Federal Government,National,Diploma,NS,6
2019-2020,كليات التقنية العليا,HIGHER COLLEGES OF TECHNOLOGY,الشارقة,Sharjah,حكومة إتحادية,Federal Government,National,Bachelors,E,242
2019-2020,كليات التقنية العليا,HIGHER COLLEGES OF TECHNOLOGY,الشارقة,Sharjah,حكومة إتحادية,Federal Government,Non-National,Bachelors,E,14
2019-2020,كليات التقنية العليا,HIGHER COLLEGES OF TECHNOLOGY,الشارقة,Sharjah,حكومة إتحادية,Federal Government,National,Bachelors,NS,170
2019-2020,كليات التقنية العليا,HIGHER COLLEGES OF TECHNOLOGY,الشارقة,Sharjah,حكومة إتحادية,Federal Government,Non-National,Bachelors,NS,24
2019-2020,كليات التقنية العليا,HIGHER COLLEGES OF TECHNOLOGY,الشارقة,Sharjah,حكومة إتحادية,Federal Government,National,Bachelors,S,60
2019-2020,كليات التقنية العليا,HIGHER COLLEGES OF TECHNOLOGY,الشارقة,Sharjah,حكومة إتحادية,Federal Government,Non-National,Bachelors,S,3
2019-2020,كليات التقنية العليا,HIGHER COLLEGES OF TECHNOLOGY,الشارقة,Sharjah,حكومة إتحادية,Federal Government,National,Bachelors,T,69
2019-2020,كليات التقنية العليا,HIGHER COLLEGES OF TECHNOLOGY,الشارقة,Sharjah,حكومة إتحادية,Federal Government,Non-National,Bachelors,T,5
2019-2020,كليات التقنية العليا,HIGHER COLLEGES OF TECHNOLOGY,الشارقة,Sharjah,حكومة إتحادية,Federal Government,National,Certificate,NS,74
2019-2020,كليات التقنية العليا,HIGHER COLLEGES OF TECHNOLOGY,الشارقة,Sharjah,حكومة إتحادية,Federal Government,Non-National,Certificate,NS,10
2019-2020,كليات التقنية العليا,HIGHER COLLEGES OF TECHNOLOGY,الشارقة,Sharjah,حكومة إتحادية,Federal Government,National,Diploma,E,1
2019-2020,كليات التقنية العليا,HIGHER COLLEGES OF TECHNOLOGY,الشارقة,Sharjah,حكومة إتحادية,Federal Government,National,Diploma,S,4
2019-2020,كليات التقنية العليا,HIGHER COLLEGES OF TECHNOLOGY,الفجيرة,Fujairah,حكومة إتحادية,Federal Government,National,Bachelors,E,66
2019-2020,كليات التقنية العليا,HIGHER COLLEGES OF TECHNOLOGY,الفجيرة,Fujairah,حكومة إتحادية,Federal Government,Non-National,Bachelors,E,1
2019-2020,كليات التقنية العليا,HIGHER COLLEGES OF TECHNOLOGY,الفجيرة,Fujairah,حكومة إتحادية,Federal Government,National,Bachelors,NS,73
2019-2020,كليات التقنية العليا,HIGHER COLLEGES OF TECHNOLOGY,الفجيرة,Fujairah,حكومة إتحادية,Federal Government,National,Bachelors,S,32
2019-2020,كليات التقنية العليا,HIGHER COLLEGES OF TECHNOLOGY,الفجيرة,Fujairah,حكومة إتحادية,Federal Government,National,Bachelors,T,82
2019-2020,كليات التقنية العليا,HIGHER COLLEGES OF TECHNOLOGY,الفجيرة,Fujairah,حكومة إتحادية,Federal Government,National,Certificate,NS,32
2019-2020,كليات التقنية العليا,HIGHER COLLEGES OF TECHNOLOGY,الفجيرة,Fujairah,حكومة إتحادية,Federal Government,Non-National,Certificate,NS,2
2019-2020,كليات التقنية العليا,HIGHER COLLEGES OF TECHNOLOGY,الفجيرة,Fujairah,حكومة إتحادية,Federal Government,National,Diploma,E,3
2019-2020,كليات التقنية العليا,HIGHER COLLEGES OF TECHNOLOGY,الفجيرة,Fujairah,حكومة إتحادية,Federal Government,National,Diploma,NS,2
2019-2020,كليات التقنية العليا,HIGHER COLLEGES OF TECHNOLOGY,دبي,Dubai,حكومة إتحادية,Federal Government,National,Bachelors,E,196
2019-2020,كليات التقنية العليا,HIGHER COLLEGES OF TECHNOLOGY,دبي,Dubai,حكومة إتحادية,Federal Government,Non-National,Bachelors,E,8
2019-2020,كليات التقنية العليا,HIGHER COLLEGES OF TECHNOLOGY,دبي,Dubai,حكومة إتحادية,Federal Government,National,Bachelors,NS,134
2019-2020,كليات التقنية العليا,HIGHER COLLEGES OF TECHNOLOGY,دبي,Dubai,حكومة إتحادية,Federal Government,Non-National,Bachelors,NS,10
2019-2020,كليات التقنية العليا,HIGHER COLLEGES OF TECHNOLOGY,دبي,Dubai,حكومة إتحادية,Federal Government,National,Bachelors,S,22
2019-2020,كليات التقنية العليا,HIGHER COLLEGES OF TECHNOLOGY,دبي,Dubai,حكومة إتحادية,Federal Government,Non-National,Bachelors,S,1
2019-2020,كليات التقنية العليا,HIGHER COLLEGES OF TECHNOLOGY,دبي,Dubai,حكومة إتحادية,Federal Government,National,Bachelors,T,101
2019-2020,كليات التقنية العليا,HIGHER COLLEGES OF TECHNOLOGY,دبي,Dubai,حكومة إتحادية,Federal Government,Non-National,Bachelors,T,5
2019-2020,كليات التقنية العليا,HIGHER COLLEGES OF TECHNOLOGY,دبي,Dubai,حكومة إتحادية,Federal Government,National,Certificate,NS,32
2019-2020,كليات التقنية العليا,HIGHER COLLEGES OF TECHNOLOGY,دبي,Dubai,حكومة إتحادية,Federal Government,Non-National,Certificate,NS,2
2019-2020,كليات التقنية العليا,HIGHER COLLEGES OF TECHNOLOGY,دبي,Dubai,حكومة إتحادية,Federal Government,National,Diploma,NS,1
2019-2020,كليات التقنية العليا,HIGHER COLLEGES OF TECHNOLOGY,دبي,Dubai,حكومة إتحادية,Federal Government,National,Higher Diploma,NS,1
2019-2020,كليات التقنية العليا,HIGHER COLLEGES OF TECHNOLOGY,رأس الخيمة,Ras Al Khaima,حكومة إتحادية,Federal Government,National,Bachelors,E,80
2019-2020,كليات التقنية العليا,HIGHER COLLEGES OF TECHNOLOGY,رأس الخيمة,Ras Al Khaima,حكومة إتحادية,Federal Government,Non-National,Bachelors,E,4
2019-2020,كليات التقنية العليا,HIGHER COLLEGES OF TECHNOLOGY,رأس الخيمة,Ras Al Khaima,حكومة إتحادية,Federal Government,National,Bachelors,NS,99
2019-2020,كليات التقنية العليا,HIGHER COLLEGES OF TECHNOLOGY,رأس الخيمة,Ras Al Khaima,حكومة إتحادية,Federal Government,Non-National,Bachelors,NS,6
2019-2020,كليات التقنية العليا,HIGHER COLLEGES OF TECHNOLOGY,رأس الخيمة,Ras Al Khaima,حكومة إتحادية,Federal Government,National,Bachelors,T,87
2019-2020,كليات التقنية العليا,HIGHER COLLEGES OF TECHNOLOGY,رأس الخيمة,Ras Al Khaima,حكومة إتحادية,Federal Government,Non-National,Bachelors,T,5
2019-2020,كليات التقنية العليا,HIGHER COLLEGES OF TECHNOLOGY,رأس الخيمة,Ras Al Khaima,حكومة إتحادية,Federal Government,National,Certificate,NS,54
2019-2020,كليات التقنية العليا,HIGHER COLLEGES OF TECHNOLOGY,رأس الخيمة,Ras Al Khaima,حكومة إتحادية,Federal Government,Non-National,Certificate,NS,2
2019-2020,كليات التقنية العليا,HIGHER COLLEGES OF TECHNOLOGY,رأس الخيمة,Ras Al Khaima,حكومة إتحادية,Federal Government,National,Diploma,E,2
2019-2020,كليات التقنية العليا,HIGHER COLLEGES OF TECHNOLOGY,رأس الخيمة,Ras Al Khaima,حكومة إتحادية,Federal Government,National,Diploma,NS,12
2019-2020,كلية  الخوارزمى الدولية,AL KHAWARIZMI INTERNATIONAL COLLEGE,أبوظبي,Abu Dhabi,خاصة,Private,National,Bachelors,NS,95
2019-2020,كلية  الخوارزمى الدولية,AL KHAWARIZMI INTERNATIONAL COLLEGE,أبوظبي,Abu Dhabi,خاصة,Private,Non-National,Bachelors,NS,62
2019-2020,كلية  الخوارزمى الدولية,AL KHAWARIZMI INTERNATIONAL COLLEGE,أبوظبي,Abu Dhabi,خاصة,Private,National,Bachelors,S,3
2019-2020,كلية  الخوارزمى الدولية,AL KHAWARIZMI INTERNATIONAL COLLEGE,أبوظبي,Abu Dhabi,خاصة,Private,Non-National,Bachelors,S,44
2019-2020,كلية  الخوارزمى الدولية,AL KHAWARIZMI INTERNATIONAL COLLEGE,أبوظبي,Abu Dhabi,خاصة,Private,National,Bachelors,T,27
2019-2020,كلية  الخوارزمى الدولية,AL KHAWARIZMI INTERNATIONAL COLLEGE,أبوظبي,Abu Dhabi,خاصة,Private,Non-National,Bachelors,T,12
2019-2020,كلية  الخوارزمى الدولية,AL KHAWARIZMI INTERNATIONAL COLLEGE,أبوظبي,Abu Dhabi,خاصة,Private,National,Diploma,NS,5
2019-2020,كلية  الخوارزمى الدولية,AL KHAWARIZMI INTERNATIONAL COLLEGE,أبوظبي,Abu Dhabi,خاصة,Private,Non-National,Diploma,NS,19
2019-2020,كلية  الخوارزمى الدولية,AL KHAWARIZMI INTERNATIONAL COLLEGE,أبوظبي,Abu Dhabi,خاصة,Private,Non-National,Diploma,S,4
2019-2020,كلية  الخوارزمى الدولية,AL KHAWARIZMI INTERNATIONAL COLLEGE,أبوظبي,Abu Dhabi,خاصة,Private,National,Diploma,T,2
2019-2020,كلية  الخوارزمى الدولية,AL KHAWARIZMI INTERNATIONAL COLLEGE,أبوظبي,Abu Dhabi,خاصة,Private,Non-National,Diploma,T,21
2019-2020,كلية أبوظبي للإدارة,ABU DHABI SCHOOL OF MANAGEMENT,أبوظبي,Abu Dhabi,شبه حكومية,Semi Government,National,Master of Business Administration,NS,28
2019-2020,كلية أبوظبي للإدارة,ABU DHABI SCHOOL OF MANAGEMENT,أبوظبي,Abu Dhabi,شبه حكومية,Semi Government,National,Masters,NS,192
2019-2020,كلية أبوظبي للإدارة,ABU DHABI SCHOOL OF MANAGEMENT,أبوظبي,Abu Dhabi,شبه حكومية,Semi Government,Non-National,Masters,NS,4
2019-2020,كلية الأفق الجامعية,SKYLINE UNIVERSITY COLLEGE,الشارقة,Sharjah,خاصة,Private,National,Bachelors,NS,52
2019-2020,كلية الأفق الجامعية,SKYLINE UNIVERSITY COLLEGE,الشارقة,Sharjah,خاصة,Private,Non-National,Bachelors,NS,80
2019-2020,كلية الأفق الجامعية,SKYLINE UNIVERSITY COLLEGE,الشارقة,Sharjah,خاصة,Private,National,Master of Business Administration,NS,222
2019-2020,كلية الأفق الجامعية,SKYLINE UNIVERSITY COLLEGE,الشارقة,Sharjah,خاصة,Private,Non-National,Master of Business Administration,NS,25
2019-2020,كلية الإمارات للادارة وتكنولوجيا المعلومات,EMIRATES COLLEGE FOR MANAGEMENT AND INFORMATION TECHNOLOGY,دبي,Dubai,خاصة,Private,National,Associate of Applied Science,NS,3
2019-2020,كلية الإمارات للادارة وتكنولوجيا المعلومات,EMIRATES COLLEGE FOR MANAGEMENT AND INFORMATION TECHNOLOGY,دبي,Dubai,خاصة,Private,National,Bachelors,NS,26
2019-2020,كلية الإمارات للادارة وتكنولوجيا المعلومات,EMIRATES COLLEGE FOR MANAGEMENT AND INFORMATION TECHNOLOGY,دبي,Dubai,خاصة,Private,Non-National,Bachelors,NS,2
2019-2020,كلية الإمارات للتطوير التربوي,EMIRATES COLLEGE FOR ADVANCED EDUCATION,أبوظبي,Abu Dhabi,حكومة محلية,Local Government,National,Bachelors,NS,23
2019-2020,كلية الإمارات للتطوير التربوي,EMIRATES COLLEGE FOR ADVANCED EDUCATION,أبوظبي,Abu Dhabi,حكومة محلية,Local Government,Non-National,Bachelors,NS,9
2019-2020,كلية الإمارات للتطوير التربوي,EMIRATES COLLEGE FOR ADVANCED EDUCATION,أبوظبي,Abu Dhabi,حكومة محلية,Local Government,National,Masters,NS,9
2019-2020,كلية الإمارات للتطوير التربوي,EMIRATES COLLEGE FOR ADVANCED EDUCATION,أبوظبي,Abu Dhabi,حكومة محلية,Local Government,Non-National,Masters,NS,2
2019-2020,كلية الإمارات للتطوير التربوي,EMIRATES COLLEGE FOR ADVANCED EDUCATION,عجمان,Ajman,حكومة محلية,Local Government,National,Graduate Diploma,NS,2
2019-2020,كلية الإمام مالك للشريعة الإسلامية والقانون,IMAM MALIK COLLEGE FOR ISLAMIC SHARIA AND LAW,دبي,Dubai,حكومة محلية,Local Government,National,Bachelors,NS,67
2019-2020,كلية الإمام مالك للشريعة الإسلامية والقانون,IMAM MALIK COLLEGE FOR ISLAMIC SHARIA AND LAW,دبي,Dubai,حكومة محلية,Local Government,Non-National,Bachelors,NS,53
2019-2020,كلية الإمام مالك للشريعة الإسلامية والقانون,IMAM MALIK COLLEGE FOR ISLAMIC SHARIA AND LAW,دبي,Dubai,حكومة محلية,Local Government,National,Masters,NS,7
2019-2020,كلية الإمام مالك للشريعة الإسلامية والقانون,IMAM MALIK COLLEGE FOR ISLAMIC SHARIA AND LAW,دبي,Dubai,حكومة محلية,Local Government,Non-National,Masters,NS,5
2019-2020,كلية الدار الجامعية,AL DAR UNIVERSITY COLLEGE,دبي,Dubai,خاصة,Private,National,Bachelors,E,44
2019-2020,كلية الدار الجامعية,AL DAR UNIVERSITY COLLEGE,دبي,Dubai,خاصة,Private,Non-National,Bachelors,E,19
2019-2020,كلية الدار الجامعية,AL DAR UNIVERSITY COLLEGE,دبي,Dubai,خاصة,Private,National,Bachelors,NS,71
2019-2020,كلية الدار الجامعية,AL DAR UNIVERSITY COLLEGE,دبي,Dubai,خاصة,Private,Non-National,Bachelors,NS,37
2019-2020,كلية الدار الجامعية,AL DAR UNIVERSITY COLLEGE,دبي,Dubai,خاصة,Private,National,Bachelors,T,10
2019-2020,كلية الدار الجامعية,AL DAR UNIVERSITY COLLEGE,دبي,Dubai,خاصة,Private,Non-National,Bachelors,T,12
2019-2020,كلية الدار الجامعية,AL DAR UNIVERSITY COLLEGE,دبي,Dubai,خاصة,Private,National,Foundation,NS,2
2019-2020,كلية المدينة الجامعية بعجمان,CITY UNIVERSITY AJMAN,عجمان,Ajman,خاصة,Private,National,Bachelors,NS,193
2019-2020,كلية المدينة الجامعية بعجمان,CITY UNIVERSITY AJMAN,عجمان,Ajman,خاصة,Private,Non-National,Bachelors,NS,115
2019-2020,كلية المدينة الجامعية بعجمان,CITY UNIVERSITY AJMAN,عجمان,Ajman,خاصة,Private,National,Master of Business Administration,NS,35
2019-2020,كلية المدينة الجامعية بعجمان,CITY UNIVERSITY AJMAN,عجمان,Ajman,خاصة,Private,Non-National,Master of Business Administration,NS,13
2019-2020,كلية المدينة الجامعية بعجمان,CITY UNIVERSITY AJMAN,عجمان,Ajman,خاصة,Private,National,Masters,NS,24
2019-2020,كلية المدينة الجامعية بعجمان,CITY UNIVERSITY AJMAN,عجمان,Ajman,خاصة,Private,Non-National,Masters,NS,1
2019-2020,كلية المدينة الجامعية بعجمان,CITY UNIVERSITY AJMAN,عجمان,Ajman,خاصة,Private,National,Professional Diploma,NS,1
2019-2020,كلية المدينة الجامعية بعجمان,CITY UNIVERSITY AJMAN,عجمان,Ajman,خاصة,Private,Non-National,Professional Diploma,NS,35
2019-2020,كلية دبي الطبية للبنات,DUBAI MEDICAL COLLEGE FOR GIRLS,دبي,Dubai,خاصة,Private,National,"(MBBS)Bachelor of Medicine, Bachelor of Surgery",S,7
2019-2020,كلية دبي الطبية للبنات,DUBAI MEDICAL COLLEGE FOR GIRLS,دبي,Dubai,خاصة,Private,Non-National,"(MBBS)Bachelor of Medicine, Bachelor of Surgery",S,60
2019-2020,كلية دبي للصيدلة,DUBAI PHARMACY COLLEGE FOR GIRLS,دبي,Dubai,خاصة,Private,National,Bachelors,S,1
2019-2020,كلية دبي للصيدلة,DUBAI PHARMACY COLLEGE FOR GIRLS,دبي,Dubai,خاصة,Private,Non-National,Bachelors,S,67
2019-2020,كلية دبي للصيدلة,DUBAI PHARMACY COLLEGE FOR GIRLS,دبي,Dubai,خاصة,Private,National,Masters,S,4
2019-2020,كلية دبي للصيدلة,DUBAI PHARMACY COLLEGE FOR GIRLS,دبي,Dubai,خاصة,Private,Non-National,Masters,S,10
2019-2020,كلية سيسكومس,SYSCOMS COLLEGE,أبوظبي,Abu Dhabi,خاصة,Private,National,Diploma,NS,82
2019-2020,كلية سيسكومس,SYSCOMS COLLEGE,أبوظبي,Abu Dhabi,خاصة,Private,Non-National,Diploma,NS,14
2019-2020,كلية سيسكومس,SYSCOMS COLLEGE,أبوظبي,Abu Dhabi,خاصة,Private,National,Diploma,T,3
2019-2020,كلية سيسكومس,SYSCOMS COLLEGE,أبوظبي,Abu Dhabi,خاصة,Private,Non-National,Diploma,T,4
2019-2020,كلية فاطمة للعلوم الصحية,FATIMA COLLEGE OF HEALTH SCIENCES,أبوظبي,Abu Dhabi,حكومة محلية,Local Government,National,Bachelors,S,104
2019-2020,كلية فاطمة للعلوم الصحية,FATIMA COLLEGE OF HEALTH SCIENCES,أبوظبي,Abu Dhabi,حكومة محلية,Local Government,Non-National,Bachelors,S,105
2019-2020,كلية فاطمة للعلوم الصحية,FATIMA COLLEGE OF HEALTH SCIENCES,أبوظبي,Abu Dhabi,حكومة محلية,Local Government,National,Higher Diploma,S,1
2019-2020,كلية فاطمة للعلوم الصحية,FATIMA COLLEGE OF HEALTH SCIENCES,أبوظبي,Abu Dhabi,حكومة محلية,Local Government,Non-National,Higher Diploma,S,1
2019-2020,كلية فاطمة للعلوم الصحية,FATIMA COLLEGE OF HEALTH SCIENCES,عجمان,Ajman,حكومة محلية,Local Government,National,Bachelors,S,23
2019-2020,كلية ليوا للتكنولوجيا,LIWA COLLEGE OF TECHNOLOGY,أبوظبي,Abu Dhabi,خاصة,Private,National,Bachelors,NS,271
2019-2020,كلية ليوا للتكنولوجيا,LIWA COLLEGE OF TECHNOLOGY,أبوظبي,Abu Dhabi,خاصة,Private,Non-National,Bachelors,NS,82
2019-2020,كلية ليوا للتكنولوجيا,LIWA COLLEGE OF TECHNOLOGY,أبوظبي,Abu Dhabi,خاصة,Private,National,Bachelors,S,4
2019-2020,كلية ليوا للتكنولوجيا,LIWA COLLEGE OF TECHNOLOGY,أبوظبي,Abu Dhabi,خاصة,Private,Non-National,Bachelors,S,15
2019-2020,كلية ليوا للتكنولوجيا,LIWA COLLEGE OF TECHNOLOGY,أبوظبي,Abu Dhabi,خاصة,Private,National,Diploma,NS,27
2019-2020,كلية ليوا للتكنولوجيا,LIWA COLLEGE OF TECHNOLOGY,أبوظبي,Abu Dhabi,خاصة,Private,Non-National,Diploma,NS,30
2019-2020,كلية محمد بن راشد للإدارة الحكومية,MOHAMMED BIN RASHID SCHOOL OF GOVERNMENT,دبي,Dubai,حكومة محلية,Local Government,National,Masters,NS,47
2019-2020,كلية محمد بن راشد للإدارة الحكومية,MOHAMMED BIN RASHID SCHOOL OF GOVERNMENT,دبي,Dubai,حكومة محلية,Local Government,Non-National,Masters,NS,6
2019-2020,كلية محمد بن راشد للإدارة الحكومية,MOHAMMED BIN RASHID SCHOOL OF GOVERNMENT,دبي,Dubai,حكومة محلية,Local Government,National,Masters,S,91
2019-2020,كلية محمد بن راشد للإدارة الحكومية,MOHAMMED BIN RASHID SCHOOL OF GOVERNMENT,دبي,Dubai,حكومة محلية,Local Government,Non-National,Masters,S,5
2019-2020,كلية مينا للإدارة,MENA COLLEGE OF MANAGEMENT,دبي,Dubai,خاصة,Private,National,Bachelors,NS,96
2019-2020,كلية مينا للإدارة,MENA COLLEGE OF MANAGEMENT,دبي,Dubai,خاصة,Private,Non-National,Bachelors,NS,1
2019-2020,كلية مينا للإدارة,MENA COLLEGE OF MANAGEMENT,دبي,Dubai,خاصة,Private,National,Bachelors,S,4
2019-2020,معهد أبوظبي للتعليم والتدريب المهني,ABU DHABI VOCATIONAL EDUCATION AND TRAINING INSTITUTE,أبوظبي,Abu Dhabi,حكومة محلية,Local Government,National,Certificate,E,34
2019-2020,معهد أبوظبي للتعليم والتدريب المهني,ABU DHABI VOCATIONAL EDUCATION AND TRAINING INSTITUTE,أبوظبي,Abu Dhabi,حكومة محلية,Local Government,National,Certificate,NS,26
2019-2020,معهد أبوظبي للتعليم والتدريب المهني,ABU DHABI VOCATIONAL EDUCATION AND TRAINING INSTITUTE,أبوظبي,Abu Dhabi,حكومة محلية,Local Government,National,Certificate,S,64
2019-2020,معهد أبوظبي للتعليم والتدريب المهني,ABU DHABI VOCATIONAL EDUCATION AND TRAINING INSTITUTE,أبوظبي,Abu Dhabi,حكومة محلية,Local Government,National,Diploma,E,274
2019-2020,معهد أبوظبي للتعليم والتدريب المهني,ABU DHABI VOCATIONAL EDUCATION AND TRAINING INSTITUTE,أبوظبي,Abu Dhabi,حكومة محلية,Local Government,Non-National,Diploma,E,3
2019-2020,معهد أبوظبي للتعليم والتدريب المهني,ABU DHABI VOCATIONAL EDUCATION AND TRAINING INSTITUTE,أبوظبي,Abu Dhabi,حكومة محلية,Local Government,National,Diploma,NS,148
2019-2020,معهد أبوظبي للتعليم والتدريب المهني,ABU DHABI VOCATIONAL EDUCATION AND TRAINING INSTITUTE,أبوظبي,Abu Dhabi,حكومة محلية,Local Government,Non-National,Diploma,NS,2
2019-2020,معهد أبوظبي للتعليم والتدريب المهني,ABU DHABI VOCATIONAL EDUCATION AND TRAINING INSTITUTE,أبوظبي,Abu Dhabi,حكومة محلية,Local Government,National,Diploma,S,92
2019-2020,معهد أبوظبي للتعليم والتدريب المهني,ABU DHABI VOCATIONAL EDUCATION AND TRAINING INSTITUTE,أبوظبي,Abu Dhabi,حكومة محلية,Local Government,National,Diploma,T,1
2019-2020,معهد أبوظبي للتعليم والتدريب المهني,ABU DHABI VOCATIONAL EDUCATION AND TRAINING INSTITUTE,أبوظبي,Abu Dhabi,حكومة محلية,Local Government,National,Higher Diploma,NS,69
2019-2020,معهد أبوظبي للتعليم والتدريب المهني,ABU DHABI VOCATIONAL EDUCATION AND TRAINING INSTITUTE,أبوظبي,Abu Dhabi,حكومة محلية,Local Government,Non-National,Higher Diploma,NS,3
2019-2020,معهد أبوظبي للتعليم والتدريب المهني,ABU DHABI VOCATIONAL EDUCATION AND TRAINING INSTITUTE,أبوظبي,Abu Dhabi,حكومة محلية,Local Government,National,Higher Diploma,S,35
2019-2020,معهد أبوظبي للتعليم والتدريب المهني,ABU DHABI VOCATIONAL EDUCATION AND TRAINING INSTITUTE,أبوظبي,Abu Dhabi,حكومة محلية,Local Government,National,Other,E,56
2019-2020,معهد أبوظبي للتعليم والتدريب المهني,ABU DHABI VOCATIONAL EDUCATION AND TRAINING INSTITUTE,أبوظبي,Abu Dhabi,حكومة محلية,Local Government,National,Other,NS,53
2019-2020,معهد أبوظبي للتعليم والتدريب المهني,ABU DHABI VOCATIONAL EDUCATION AND TRAINING INSTITUTE,أبوظبي,Abu Dhabi,حكومة محلية,Local Government,National,Other,S,24
2019-2020,معهد الإمارات للدراسات المصرفية والمالية,EMIRATES INSTITUTE FOR BANKING AND FINANCIAL STUDIES,أبوظبي,Abu Dhabi,حكومة محلية,Local Government,National,Bachelors,NS,7
2019-2020,معهد الإمارات للدراسات المصرفية والمالية,EMIRATES INSTITUTE FOR BANKING AND FINANCIAL STUDIES,أبوظبي,Abu Dhabi,حكومة محلية,Local Government,Non-National,Bachelors,NS,16
2019-2020,معهد الإمارات للدراسات المصرفية والمالية,EMIRATES INSTITUTE FOR BANKING AND FINANCIAL STUDIES,الشارقة,Sharjah,حكومة محلية,Local Government,National,Bachelors,NS,3
2019-2020,معهد الإمارات للدراسات المصرفية والمالية,EMIRATES INSTITUTE FOR BANKING AND FINANCIAL STUDIES,الشارقة,Sharjah,حكومة محلية,Local Government,Non-National,Bachelors,NS,10
2019-2020,معهد الإمارات للدراسات المصرفية والمالية,EMIRATES INSTITUTE FOR BANKING AND FINANCIAL STUDIES,دبي,Dubai,حكومة محلية,Local Government,National,Bachelors,NS,5
2019-2020,معهد الإمارات للدراسات المصرفية والمالية,EMIRATES INSTITUTE FOR BANKING AND FINANCIAL STUDIES,دبي,Dubai,حكومة محلية,Local Government,Non-National,Bachelors,NS,3
2019-2020,معهد تكنولوجيا إدارة الأعمال بدبي - أي. أم. تي,INSTITUTE OF MANAGEMENT TECHNOLOGY-DUBAI,دبي,Dubai,خاصة,Private,National,Bachelors,NS,64
2019-2020,معهد تكنولوجيا إدارة الأعمال بدبي - أي. أم. تي,INSTITUTE OF MANAGEMENT TECHNOLOGY-DUBAI,دبي,Dubai,خاصة,Private,Non-National,Bachelors,NS,15
2019-2020,معهد تكنولوجيا إدارة الأعمال بدبي - أي. أم. تي,INSTITUTE OF MANAGEMENT TECHNOLOGY-DUBAI,دبي,Dubai,خاصة,Private,Non-National,Master of Business Administration,NS,24
2019-2020,معهد تكنولوجيا إدارة الأعمال بدبي - أي. أم. تي,INSTITUTE OF MANAGEMENT TECHNOLOGY-DUBAI,دبي,Dubai,خاصة,Private,National,Masters,NS,130
2019-2020,معهد تكنولوجيا إدارة الأعمال بدبي - أي. أم. تي,INSTITUTE OF MANAGEMENT TECHNOLOGY-DUBAI,دبي,Dubai,خاصة,Private,Non-National,Masters,NS,6
2019-2020,معهد روشيستر للتكنولوجيا,ROCHESTER INSTITUTE OF TECHNOLOGY- DUBAI,دبي,Dubai,فرع مؤسسة دولية,Branch of International Institution,National,Bachelors,E,1
2019-2020,معهد روشيستر للتكنولوجيا,ROCHESTER INSTITUTE OF TECHNOLOGY- DUBAI,دبي,Dubai,فرع مؤسسة دولية,Branch of International Institution,Non-National,Bachelors,E,60
2019-2020,معهد روشيستر للتكنولوجيا,ROCHESTER INSTITUTE OF TECHNOLOGY- DUBAI,دبي,Dubai,فرع مؤسسة دولية,Branch of International Institution,National,Bachelors,NS,2
2019-2020,معهد روشيستر للتكنولوجيا,ROCHESTER INSTITUTE OF TECHNOLOGY- DUBAI,دبي,Dubai,فرع مؤسسة دولية,Branch of International Institution,Non-National,Bachelors,NS,36
2019-2020,معهد روشيستر للتكنولوجيا,ROCHESTER INSTITUTE OF TECHNOLOGY- DUBAI,دبي,Dubai,فرع مؤسسة دولية,Branch of International Institution,National,Bachelors,T,2
2019-2020,معهد روشيستر للتكنولوجيا,ROCHESTER INSTITUTE OF TECHNOLOGY- DUBAI,دبي,Dubai,فرع مؤسسة دولية,Branch of International Institution,Non-National,Bachelors,T,10
2019-2020,معهد روشيستر للتكنولوجيا,ROCHESTER INSTITUTE OF TECHNOLOGY- DUBAI,دبي,Dubai,فرع مؤسسة دولية,Branch of International Institution,National,Masters,E,16
2019-2020,معهد روشيستر للتكنولوجيا,ROCHESTER INSTITUTE OF TECHNOLOGY- DUBAI,دبي,Dubai,فرع مؤسسة دولية,Branch of International Institution,Non-National,Masters,E,20
2019-2020,معهد روشيستر للتكنولوجيا,ROCHESTER INSTITUTE OF TECHNOLOGY- DUBAI,دبي,Dubai,فرع مؤسسة دولية,Branch of International Institution,National,Masters,NS,30
2019-2020,معهد روشيستر للتكنولوجيا,ROCHESTER INSTITUTE OF TECHNOLOGY- DUBAI,دبي,Dubai,فرع مؤسسة دولية,Branch of International Institution,Non-National,Masters,NS,35
2019-2020,معهد روشيستر للتكنولوجيا,ROCHESTER INSTITUTE OF TECHNOLOGY- DUBAI,دبي,Dubai,فرع مؤسسة دولية,Branch of International Institution,National,Masters,T,2
2019-2020,معهد نيويورك للتكنولوجيا,NEW YORK INSTITUTE OF TECHNOLOGY,أبوظبي,Abu Dhabi,فرع مؤسسة دولية,Branch of International Institution,Non-National,Bachelors,E,4
2019-2020,معهد نيويورك للتكنولوجيا,NEW YORK INSTITUTE OF TECHNOLOGY,أبوظبي,Abu Dhabi,فرع مؤسسة دولية,Branch of International Institution,National,Bachelors,NS,4
2019-2020,معهد نيويورك للتكنولوجيا,NEW YORK INSTITUTE OF TECHNOLOGY,أبوظبي,Abu Dhabi,فرع مؤسسة دولية,Branch of International Institution,Non-National,Bachelors,NS,23
2019-2020,معهد نيويورك للتكنولوجيا,NEW YORK INSTITUTE OF TECHNOLOGY,أبوظبي,Abu Dhabi,فرع مؤسسة دولية,Branch of International Institution,National,Master of Business Administration,NS,5
2019-2020,معهد نيويورك للتكنولوجيا,NEW YORK INSTITUTE OF TECHNOLOGY,أبوظبي,Abu Dhabi,فرع مؤسسة دولية,Branch of International Institution,Non-National,Master of Business Administration,NS,10
2019-2020,معهد نيويورك للتكنولوجيا,NEW YORK INSTITUTE OF TECHNOLOGY,أبوظبي,Abu Dhabi,فرع مؤسسة دولية,Branch of International Institution,Non-National,Masters,NS,1
2020-2021,أكاديمية أنور قرقاش الدبلوماسية,ANWAR GARGASH DIPLOMATIC ACADEMY,أبوظبي,Abu Dhabi,حكومة إتحادية,Federal Government,National,Graduate Diploma,NS,40
2020-2021,أكاديمية أنور قرقاش الدبلوماسية,ANWAR GARGASH DIPLOMATIC ACADEMY,أبوظبي,Abu Dhabi,حكومة إتحادية,Federal Government,Non-National,Graduate Diploma,NS,1
2020-2021,أكاديمية أنور قرقاش الدبلوماسية,ANWAR GARGASH DIPLOMATIC ACADEMY,أبوظبي,Abu Dhabi,حكومة إتحادية,Federal Government,National,Masters,NS,25
2020-2021,أكاديمية الإمارات لإدارة الضيافة,EMIRATES ACADEMY OF HOSPITALITY MANAGEMENT,دبي,Dubai,خاصة,Private,National,Bachelors,NS,3
2020-2021,أكاديمية الإمارات لإدارة الضيافة,EMIRATES ACADEMY OF HOSPITALITY MANAGEMENT,دبي,Dubai,خاصة,Private,Non-National,Bachelors,NS,24
2020-2021,أكاديمية الإمارات لإدارة الضيافة,EMIRATES ACADEMY OF HOSPITALITY MANAGEMENT,دبي,Dubai,خاصة,Private,Non-National,Higher Diploma,NS,4
2020-2021,أكاديمية الإمارات لإدارة الضيافة,EMIRATES ACADEMY OF HOSPITALITY MANAGEMENT,دبي,Dubai,خاصة,Private,National,Master of Business Administration,NS,3
2020-2021,أكاديمية الإمارات لإدارة الضيافة,EMIRATES ACADEMY OF HOSPITALITY MANAGEMENT,دبي,Dubai,خاصة,Private,Non-National,Master of Business Administration,NS,14
2020-2021,أكاديمية ربدان,RABDAN ACADEMY,أبوظبي,Abu Dhabi,حكومة محلية,Local Government,National,Associate of Applied Science,NS,9
2020-2021,أكاديمية ربدان,RABDAN ACADEMY,أبوظبي,Abu Dhabi,حكومة محلية,Local Government,National,Bachelors,NS,88
2020-2021,أكاديمية ربدان,RABDAN ACADEMY,أبوظبي,Abu Dhabi,حكومة محلية,Local Government,National,Diploma,NS,10
2020-2021,أكاديمية ربدان,RABDAN ACADEMY,أبوظبي,Abu Dhabi,حكومة محلية,Local Government,National,Masters,NS,19
2020-2021,الجامعة الأمريكية في الإمارات,AMERICAN UNIVERSITY IN THE EMIRATES,دبي,Dubai,خاصة,Private,National,Bachelors,NS,148
2020-2021,الجامعة الأمريكية في الإمارات,AMERICAN UNIVERSITY IN THE EMIRATES,دبي,Dubai,خاصة,Private,Non-National,Bachelors,NS,132
2020-2021,الجامعة الأمريكية في الإمارات,AMERICAN UNIVERSITY IN THE EMIRATES,دبي,Dubai,خاصة,Private,National,Bachelors,S,2
2020-2021,الجامعة الأمريكية في الإمارات,AMERICAN UNIVERSITY IN THE EMIRATES,دبي,Dubai,خاصة,Private,Non-National,Bachelors,S,4
2020-2021,الجامعة الأمريكية في الإمارات,AMERICAN UNIVERSITY IN THE EMIRATES,دبي,Dubai,خاصة,Private,National,Bachelors,T,8
2020-2021,الجامعة الأمريكية في الإمارات,AMERICAN UNIVERSITY IN THE EMIRATES,دبي,Dubai,خاصة,Private,Non-National,Bachelors,T,16
2020-2021,الجامعة الأمريكية في الإمارات,AMERICAN UNIVERSITY IN THE EMIRATES,دبي,Dubai,خاصة,Private,National,Master of Business Administration,NS,5
2020-2021,الجامعة الأمريكية في الإمارات,AMERICAN UNIVERSITY IN THE EMIRATES,دبي,Dubai,خاصة,Private,Non-National,Master of Business Administration,NS,7
2020-2021,الجامعة الأمريكية في الإمارات,AMERICAN UNIVERSITY IN THE EMIRATES,دبي,Dubai,خاصة,Private,National,Masters,NS,54
2020-2021,الجامعة الأمريكية في الإمارات,AMERICAN UNIVERSITY IN THE EMIRATES,دبي,Dubai,خاصة,Private,Non-National,Masters,NS,10
2020-2021,الجامعة الأمريكية في الإمارات,AMERICAN UNIVERSITY IN THE EMIRATES,دبي,Dubai,خاصة,Private,National,Masters,T,3
2020-2021,الجامعة الأمريكية فى الشارقة,AMERICAN UNIVERSITY OF SHARJAH,الشارقة,Sharjah,حكومة محلية,Local Government,National,Bachelors,E,81
2020-2021,الجامعة الأمريكية فى الشارقة,AMERICAN UNIVERSITY OF SHARJAH,الشارقة,Sharjah,حكومة محلية,Local Government,Non-National,Bachelors,E,327
2020-2021,الجامعة الأمريكية فى الشارقة,AMERICAN UNIVERSITY OF SHARJAH,الشارقة,Sharjah,حكومة محلية,Local Government,National,Bachelors,NS,96
2020-2021,الجامعة الأمريكية فى الشارقة,AMERICAN UNIVERSITY OF SHARJAH,الشارقة,Sharjah,حكومة محلية,Local Government,Non-National,Bachelors,NS,337
2020-2021,الجامعة الأمريكية فى الشارقة,AMERICAN UNIVERSITY OF SHARJAH,الشارقة,Sharjah,حكومة محلية,Local Government,National,Bachelors,S,3
2020-2021,الجامعة الأمريكية فى الشارقة,AMERICAN UNIVERSITY OF SHARJAH,الشارقة,Sharjah,حكومة محلية,Local Government,Non-National,Bachelors,S,10
2020-2021,الجامعة الأمريكية فى الشارقة,AMERICAN UNIVERSITY OF SHARJAH,الشارقة,Sharjah,حكومة محلية,Local Government,National,Bachelors,"S,M",6
2020-2021,الجامعة الأمريكية فى الشارقة,AMERICAN UNIVERSITY OF SHARJAH,الشارقة,Sharjah,حكومة محلية,Local Government,Non-National,Bachelors,"S,M",8
2020-2021,الجامعة الأمريكية فى الشارقة,AMERICAN UNIVERSITY OF SHARJAH,الشارقة,Sharjah,حكومة محلية,Local Government,National,Bachelors,T,10
2020-2021,الجامعة الأمريكية فى الشارقة,AMERICAN UNIVERSITY OF SHARJAH,الشارقة,Sharjah,حكومة محلية,Local Government,Non-National,Bachelors,T,34
2020-2021,الجامعة الأمريكية فى الشارقة,AMERICAN UNIVERSITY OF SHARJAH,الشارقة,Sharjah,حكومة محلية,Local Government,Non-National,Doctorate,E,3
2020-2021,الجامعة الأمريكية فى الشارقة,AMERICAN UNIVERSITY OF SHARJAH,الشارقة,Sharjah,حكومة محلية,Local Government,National,Master of Business Administration,NS,20
2020-2021,الجامعة الأمريكية فى الشارقة,AMERICAN UNIVERSITY OF SHARJAH,الشارقة,Sharjah,حكومة محلية,Local Government,Non-National,Master of Business Administration,NS,14
2020-2021,الجامعة الأمريكية فى الشارقة,AMERICAN UNIVERSITY OF SHARJAH,الشارقة,Sharjah,حكومة محلية,Local Government,National,Masters,E,25
2020-2021,الجامعة الأمريكية فى الشارقة,AMERICAN UNIVERSITY OF SHARJAH,الشارقة,Sharjah,حكومة محلية,Local Government,Non-National,Masters,E,83
2020-2021,الجامعة الأمريكية فى الشارقة,AMERICAN UNIVERSITY OF SHARJAH,الشارقة,Sharjah,حكومة محلية,Local Government,National,Masters,NS,8
2020-2021,الجامعة الأمريكية فى الشارقة,AMERICAN UNIVERSITY OF SHARJAH,الشارقة,Sharjah,حكومة محلية,Local Government,Non-National,Masters,NS,13
2020-2021,الجامعة الأمريكية فى الشارقة,AMERICAN UNIVERSITY OF SHARJAH,الشارقة,Sharjah,حكومة محلية,Local Government,Non-National,Masters,"S,M",2
2020-2021,الجامعة الأمريكية فى دبي,AMERICAN UNIVERSITY IN DUBAI,دبي,Dubai,خاصة,Private,National,Bachelors,E,18
2020-2021,الجامعة الأمريكية فى دبي,AMERICAN UNIVERSITY IN DUBAI,دبي,Dubai,خاصة,Private,Non-National,Bachelors,E,77
2020-2021,الجامعة الأمريكية فى دبي,AMERICAN UNIVERSITY IN DUBAI,دبي,Dubai,خاصة,Private,National,Bachelors,NS,38
2020-2021,الجامعة الأمريكية فى دبي,AMERICAN UNIVERSITY IN DUBAI,دبي,Dubai,خاصة,Private,Non-National,Bachelors,NS,206
2020-2021,الجامعة الأمريكية فى دبي,AMERICAN UNIVERSITY IN DUBAI,دبي,Dubai,خاصة,Private,Non-National,Bachelors,T,5
2020-2021,الجامعة الأمريكية فى دبي,AMERICAN UNIVERSITY IN DUBAI,دبي,Dubai,خاصة,Private,National,Masters,NS,14
2020-2021,الجامعة الأمريكية فى دبي,AMERICAN UNIVERSITY IN DUBAI,دبي,Dubai,خاصة,Private,Non-National,Masters,NS,79
2020-2021,الجامعة الأمريكية في رأس الخيمة,AMERICAN UNIVERSITY OF RAS AL KHAIMAH,رأس الخيمة,Ras Al Khaima,حكومة محلية,Local Government,National,Bachelors,E,19
2020-2021,الجامعة الأمريكية في رأس الخيمة,AMERICAN UNIVERSITY OF RAS AL KHAIMAH,رأس الخيمة,Ras Al Khaima,حكومة محلية,Local Government,Non-National,Bachelors,E,75
2020-2021,الجامعة الأمريكية في رأس الخيمة,AMERICAN UNIVERSITY OF RAS AL KHAIMAH,رأس الخيمة,Ras Al Khaima,حكومة محلية,Local Government,National,Bachelors,NS,33
2020-2021,الجامعة الأمريكية في رأس الخيمة,AMERICAN UNIVERSITY OF RAS AL KHAIMAH,رأس الخيمة,Ras Al Khaima,حكومة محلية,Local Government,Non-National,Bachelors,NS,48
2020-2021,الجامعة الأمريكية في رأس الخيمة,AMERICAN UNIVERSITY OF RAS AL KHAIMAH,رأس الخيمة,Ras Al Khaima,حكومة محلية,Local Government,National,Bachelors,"S,M",1
2020-2021,الجامعة الأمريكية في رأس الخيمة,AMERICAN UNIVERSITY OF RAS AL KHAIMAH,رأس الخيمة,Ras Al Khaima,حكومة محلية,Local Government,Non-National,Bachelors,"S,M",6
2020-2021,الجامعة الأمريكية في رأس الخيمة,AMERICAN UNIVERSITY OF RAS AL KHAIMAH,رأس الخيمة,Ras Al Khaima,حكومة محلية,Local Government,National,Bachelors,T,2
2020-2021,الجامعة الأمريكية في رأس الخيمة,AMERICAN UNIVERSITY OF RAS AL KHAIMAH,رأس الخيمة,Ras Al Khaima,حكومة محلية,Local Government,Non-National,Bachelors,T,6
2020-2021,الجامعة الأمريكية في رأس الخيمة,AMERICAN UNIVERSITY OF RAS AL KHAIMAH,رأس الخيمة,Ras Al Khaima,حكومة محلية,Local Government,National,Doctor of Education,NS,7
2020-2021,الجامعة الأمريكية في رأس الخيمة,AMERICAN UNIVERSITY OF RAS AL KHAIMAH,رأس الخيمة,Ras Al Khaima,حكومة محلية,Local Government,Non-National,Doctor of Education,NS,6
2020-2021,الجامعة الأمريكية في رأس الخيمة,AMERICAN UNIVERSITY OF RAS AL KHAIMAH,رأس الخيمة,Ras Al Khaima,حكومة محلية,Local Government,National,Master of Business Administration,NS,33
2020-2021,الجامعة الأمريكية في رأس الخيمة,AMERICAN UNIVERSITY OF RAS AL KHAIMAH,رأس الخيمة,Ras Al Khaima,حكومة محلية,Local Government,Non-National,Master of Business Administration,NS,5
2020-2021,الجامعة الأمريكية في رأس الخيمة,AMERICAN UNIVERSITY OF RAS AL KHAIMAH,رأس الخيمة,Ras Al Khaima,حكومة محلية,Local Government,National,Masters,E,23
2020-2021,الجامعة الأمريكية في رأس الخيمة,AMERICAN UNIVERSITY OF RAS AL KHAIMAH,رأس الخيمة,Ras Al Khaima,حكومة محلية,Local Government,Non-National,Masters,E,6
2020-2021,الجامعة البريطانية فى دبي,BRITISH UNIVERSITY IN DUBAI,دبي,Dubai,حكومة محلية,Local Government,National,Doctor of Education,NS,3
2020-2021,الجامعة البريطانية فى دبي,BRITISH UNIVERSITY IN DUBAI,دبي,Dubai,حكومة محلية,Local Government,Non-National,Doctor of Education,NS,8
2020-2021,الجامعة البريطانية فى دبي,BRITISH UNIVERSITY IN DUBAI,دبي,Dubai,حكومة محلية,Local Government,National,Doctorate,E,1
2020-2021,الجامعة البريطانية فى دبي,BRITISH UNIVERSITY IN DUBAI,دبي,Dubai,حكومة محلية,Local Government,National,Doctorate,NS,13
2020-2021,الجامعة البريطانية فى دبي,BRITISH UNIVERSITY IN DUBAI,دبي,Dubai,حكومة محلية,Local Government,Non-National,Doctorate,NS,17
2020-2021,الجامعة البريطانية فى دبي,BRITISH UNIVERSITY IN DUBAI,دبي,Dubai,حكومة محلية,Local Government,National,Doctorate,T,3
2020-2021,الجامعة البريطانية فى دبي,BRITISH UNIVERSITY IN DUBAI,دبي,Dubai,حكومة محلية,Local Government,Non-National,Doctorate,T,5
2020-2021,الجامعة البريطانية فى دبي,BRITISH UNIVERSITY IN DUBAI,دبي,Dubai,حكومة محلية,Local Government,Non-National,Graduate Diploma,E,1
2020-2021,الجامعة البريطانية فى دبي,BRITISH UNIVERSITY IN DUBAI,دبي,Dubai,حكومة محلية,Local Government,National,Graduate Diploma,NS,2
2020-2021,الجامعة البريطانية فى دبي,BRITISH UNIVERSITY IN DUBAI,دبي,Dubai,حكومة محلية,Local Government,Non-National,Graduate Diploma,NS,8
2020-2021,الجامعة البريطانية فى دبي,BRITISH UNIVERSITY IN DUBAI,دبي,Dubai,حكومة محلية,Local Government,Non-National,Graduate Diploma,T,1
2020-2021,الجامعة البريطانية فى دبي,BRITISH UNIVERSITY IN DUBAI,دبي,Dubai,حكومة محلية,Local Government,National,Master of Business Administration,NS,14
2020-2021,الجامعة البريطانية فى دبي,BRITISH UNIVERSITY IN DUBAI,دبي,Dubai,حكومة محلية,Local Government,Non-National,Master of Business Administration,NS,12
2020-2021,الجامعة البريطانية فى دبي,BRITISH UNIVERSITY IN DUBAI,دبي,Dubai,حكومة محلية,Local Government,National,Masters,E,8
2020-2021,الجامعة البريطانية فى دبي,BRITISH UNIVERSITY IN DUBAI,دبي,Dubai,حكومة محلية,Local Government,Non-National,Masters,E,30
2020-2021,الجامعة البريطانية فى دبي,BRITISH UNIVERSITY IN DUBAI,دبي,Dubai,حكومة محلية,Local Government,National,Masters,NS,19
2020-2021,الجامعة البريطانية فى دبي,BRITISH UNIVERSITY IN DUBAI,دبي,Dubai,حكومة محلية,Local Government,Non-National,Masters,NS,65
2020-2021,الجامعة البريطانية فى دبي,BRITISH UNIVERSITY IN DUBAI,دبي,Dubai,حكومة محلية,Local Government,National,Masters,T,3
2020-2021,الجامعة البريطانية فى دبي,BRITISH UNIVERSITY IN DUBAI,دبي,Dubai,حكومة محلية,Local Government,Non-National,Masters,T,4
2020-2021,الجامعة الكندية في دبي,CANADIAN UNIVERSITY DUBAI,دبي,Dubai,خاصة,Private,National,Bachelors,E,5
2020-2021,الجامعة الكندية في دبي,CANADIAN UNIVERSITY DUBAI,دبي,Dubai,خاصة,Private,Non-National,Bachelors,E,32
2020-2021,الجامعة الكندية في دبي,CANADIAN UNIVERSITY DUBAI,دبي,Dubai,خاصة,Private,National,Bachelors,NS,55
2020-2021,الجامعة الكندية في دبي,CANADIAN UNIVERSITY DUBAI,دبي,Dubai,خاصة,Private,Non-National,Bachelors,NS,119
2020-2021,الجامعة الكندية في دبي,CANADIAN UNIVERSITY DUBAI,دبي,Dubai,خاصة,Private,National,Bachelors,S,15
2020-2021,الجامعة الكندية في دبي,CANADIAN UNIVERSITY DUBAI,دبي,Dubai,خاصة,Private,Non-National,Bachelors,S,17
2020-2021,الجامعة الكندية في دبي,CANADIAN UNIVERSITY DUBAI,دبي,Dubai,خاصة,Private,Non-National,Bachelors,T,2
2020-2021,الجامعة الكندية في دبي,CANADIAN UNIVERSITY DUBAI,دبي,Dubai,خاصة,Private,National,Diploma,NS,1
2020-2021,الجامعة الكندية في دبي,CANADIAN UNIVERSITY DUBAI,دبي,Dubai,خاصة,Private,Non-National,Diploma,NS,4
2020-2021,الجامعة الكندية في دبي,CANADIAN UNIVERSITY DUBAI,دبي,Dubai,خاصة,Private,National,Diploma,S,3
2020-2021,الجامعة الكندية في دبي,CANADIAN UNIVERSITY DUBAI,دبي,Dubai,خاصة,Private,National,Masters,NS,98
2020-2021,الجامعة الكندية في دبي,CANADIAN UNIVERSITY DUBAI,دبي,Dubai,خاصة,Private,Non-National,Masters,NS,33
2020-2021,الجامعة الكندية في دبي,CANADIAN UNIVERSITY DUBAI,دبي,Dubai,خاصة,Private,National,Masters,T,5
2020-2021,الجامعة الكندية في دبي,CANADIAN UNIVERSITY DUBAI,دبي,Dubai,خاصة,Private,Non-National,Masters,T,1
2020-2021,الكلية الأمريكية فى دبي,AMERICAN COLLEGE OF DUBAI,دبي,Dubai,خاصة,Private,Non-National,Associate of Applied Science,NS,1
2020-2021,الكلية الأمريكية فى دبي,AMERICAN COLLEGE OF DUBAI,دبي,Dubai,خاصة,Private,National,Bachelors,NS,2
2020-2021,الكلية الأمريكية فى دبي,AMERICAN COLLEGE OF DUBAI,دبي,Dubai,خاصة,Private,Non-National,Bachelors,NS,17
2020-2021,الكلية الأوروبية الجامعية,EUROPEAN UNIVERSITY COLLEGE,دبي,Dubai,خاصة,Private,National,Masters,S,3
2020-2021,الكلية الأوروبية الجامعية,EUROPEAN UNIVERSITY COLLEGE,دبي,Dubai,خاصة,Private,Non-National,Masters,S,7
2020-2021,الكلية الجامعية للأم والعلوم الأسرية,UNIVERSITY COLLEGE OF MOTHER AND FAMILY SCIENCES,دبي,Dubai,خاصة,Private,National,Diploma,NS,6
2020-2021,الكلية الجامعية للأم والعلوم الأسرية,UNIVERSITY COLLEGE OF MOTHER AND FAMILY SCIENCES,دبي,Dubai,خاصة,Private,Non-National,Diploma,NS,7
2020-2021,الكلية الجامعية للأم والعلوم الأسرية,UNIVERSITY COLLEGE OF MOTHER AND FAMILY SCIENCES,رأس الخيمة,Ras Al Khaima,خاصة,Private,National,Diploma,NS,4
2020-2021,الكلية الجامعية للأم والعلوم الأسرية,UNIVERSITY COLLEGE OF MOTHER AND FAMILY SCIENCES,رأس الخيمة,Ras Al Khaima,خاصة,Private,Non-National,Diploma,NS,2
2020-2021,الكلية الجامعية للأم والعلوم الأسرية,UNIVERSITY COLLEGE OF MOTHER AND FAMILY SCIENCES,عجمان,Ajman,خاصة,Private,National,Bachelors,NS,30
2020-2021,الكلية الجامعية للأم والعلوم الأسرية,UNIVERSITY COLLEGE OF MOTHER AND FAMILY SCIENCES,عجمان,Ajman,خاصة,Private,Non-National,Bachelors,NS,20
2020-2021,الكلية الجامعية للأم والعلوم الأسرية,UNIVERSITY COLLEGE OF MOTHER AND FAMILY SCIENCES,عجمان,Ajman,خاصة,Private,National,Diploma,NS,6
2020-2021,الكلية الجامعية للأم والعلوم الأسرية,UNIVERSITY COLLEGE OF MOTHER AND FAMILY SCIENCES,عجمان,Ajman,خاصة,Private,Non-National,Diploma,NS,1
2020-2021,الكلية الملكية للجراحين في أيرلندة,ROYAL COLLEGE OF SURGEONS IN IRELAND- DUBAI,دبي,Dubai,فرع مؤسسة دولية,Branch of International Institution,Non-National,Masters,NS,1
2020-2021,الكلية الملكية للجراحين في أيرلندة,ROYAL COLLEGE OF SURGEONS IN IRELAND- DUBAI,دبي,Dubai,فرع مؤسسة دولية,Branch of International Institution,National,Masters,S,21
2020-2021,الكلية الملكية للجراحين في أيرلندة,ROYAL COLLEGE OF SURGEONS IN IRELAND- DUBAI,دبي,Dubai,فرع مؤسسة دولية,Branch of International Institution,Non-National,Masters,S,23
2020-2021,بوليتيكنيك أبوظبي,ABU DHABI POLYTECHNIC,أبوظبي,Abu Dhabi,حكومة محلية,Local Government,National,Bachelors,E,161
2020-2021,بوليتيكنيك أبوظبي,ABU DHABI POLYTECHNIC,أبوظبي,Abu Dhabi,حكومة محلية,Local Government,National,Bachelors,S,2
2020-2021,بوليتيكنيك أبوظبي,ABU DHABI POLYTECHNIC,أبوظبي,Abu Dhabi,حكومة محلية,Local Government,National,Bachelors,T,42
2020-2021,بوليتيكنيك أبوظبي,ABU DHABI POLYTECHNIC,أبوظبي,Abu Dhabi,حكومة محلية,Local Government,National,Diploma,E,14
2020-2021,بوليتيكنيك أبوظبي,ABU DHABI POLYTECHNIC,أبوظبي,Abu Dhabi,حكومة محلية,Local Government,National,Higher Diploma,E,69
2020-2021,جامعة  الخليج الطبية,GULF MEDICAL UNIVERSITY,عجمان,Ajman,خاصة,Private,National,"(MBBS)Bachelor of Medicine, Bachelor of Surgery",S,7
2020-2021,جامعة  الخليج الطبية,GULF MEDICAL UNIVERSITY,عجمان,Ajman,خاصة,Private,Non-National,"(MBBS)Bachelor of Medicine, Bachelor of Surgery",S,75
2020-2021,جامعة  الخليج الطبية,GULF MEDICAL UNIVERSITY,عجمان,Ajman,خاصة,Private,Non-National,Associate of Applied Science,S,27
2020-2021,جامعة  الخليج الطبية,GULF MEDICAL UNIVERSITY,عجمان,Ajman,خاصة,Private,National,Bachelors,S,37
2020-2021,جامعة  الخليج الطبية,GULF MEDICAL UNIVERSITY,عجمان,Ajman,خاصة,Private,Non-National,Bachelors,S,219
2020-2021,جامعة  الخليج الطبية,GULF MEDICAL UNIVERSITY,عجمان,Ajman,خاصة,Private,Non-National,Bachelors,"S,M",23
2020-2021,جامعة  الخليج الطبية,GULF MEDICAL UNIVERSITY,عجمان,Ajman,خاصة,Private,National,Masters,S,19
2020-2021,جامعة  الخليج الطبية,GULF MEDICAL UNIVERSITY,عجمان,Ajman,خاصة,Private,Non-National,Masters,S,35
2020-2021,جامعة أبوظبى,ABU DHABI UNIVERSITY,أبوظبي,Abu Dhabi,خاصة,Private,National,Bachelors,E,45
2020-2021,جامعة أبوظبى,ABU DHABI UNIVERSITY,أبوظبي,Abu Dhabi,خاصة,Private,Non-National,Bachelors,E,293
2020-2021,جامعة أبوظبى,ABU DHABI UNIVERSITY,أبوظبي,Abu Dhabi,خاصة,Private,National,Bachelors,NS,961
2020-2021,جامعة أبوظبى,ABU DHABI UNIVERSITY,أبوظبي,Abu Dhabi,خاصة,Private,Non-National,Bachelors,NS,250
2020-2021,جامعة أبوظبى,ABU DHABI UNIVERSITY,أبوظبي,Abu Dhabi,خاصة,Private,National,Bachelors,S,16
2020-2021,جامعة أبوظبى,ABU DHABI UNIVERSITY,أبوظبي,Abu Dhabi,خاصة,Private,Non-National,Bachelors,S,45
2020-2021,جامعة أبوظبى,ABU DHABI UNIVERSITY,أبوظبي,Abu Dhabi,خاصة,Private,National,Bachelors,T,7
2020-2021,جامعة أبوظبى,ABU DHABI UNIVERSITY,أبوظبي,Abu Dhabi,خاصة,Private,Non-National,Bachelors,T,14
2020-2021,جامعة أبوظبى,ABU DHABI UNIVERSITY,أبوظبي,Abu Dhabi,خاصة,Private,National,Doctor of Business Administrate,NS,6
2020-2021,جامعة أبوظبى,ABU DHABI UNIVERSITY,أبوظبي,Abu Dhabi,خاصة,Private,National,Doctorate,NS,5
2020-2021,جامعة أبوظبى,ABU DHABI UNIVERSITY,أبوظبي,Abu Dhabi,خاصة,Private,Non-National,Graduate Diploma,NS,250
2020-2021,جامعة أبوظبى,ABU DHABI UNIVERSITY,أبوظبي,Abu Dhabi,خاصة,Private,National,Master of Business Administration,NS,460
2020-2021,جامعة أبوظبى,ABU DHABI UNIVERSITY,أبوظبي,Abu Dhabi,خاصة,Private,Non-National,Master of Business Administration,NS,55
2020-2021,جامعة أبوظبى,ABU DHABI UNIVERSITY,أبوظبي,Abu Dhabi,خاصة,Private,National,Masters,E,87
2020-2021,جامعة أبوظبى,ABU DHABI UNIVERSITY,أبوظبي,Abu Dhabi,خاصة,Private,Non-National,Masters,E,14
2020-2021,جامعة أبوظبى,ABU DHABI UNIVERSITY,أبوظبي,Abu Dhabi,خاصة,Private,National,Masters,NS,266
2020-2021,جامعة أبوظبى,ABU DHABI UNIVERSITY,أبوظبي,Abu Dhabi,خاصة,Private,Non-National,Masters,NS,30
2020-2021,جامعة أبوظبى,ABU DHABI UNIVERSITY,أبوظبي,Abu Dhabi,خاصة,Private,National,Masters,T,3
2020-2021,جامعة أبوظبى,ABU DHABI UNIVERSITY,أبوظبي,Abu Dhabi,خاصة,Private,Non-National,Masters,T,2
2020-2021,جامعة أبوظبى,ABU DHABI UNIVERSITY,دبي,Dubai,خاصة,Private,Non-National,Graduate Diploma,NS,41
2020-2021,جامعة أبوظبى,ABU DHABI UNIVERSITY,دبي,Dubai,خاصة,Private,National,Master of Business Administration,NS,43
2020-2021,جامعة أبوظبى,ABU DHABI UNIVERSITY,دبي,Dubai,خاصة,Private,Non-National,Master of Business Administration,NS,8
2020-2021,جامعة أبوظبى,ABU DHABI UNIVERSITY,دبي,Dubai,خاصة,Private,National,Masters,E,34
2020-2021,جامعة أبوظبى,ABU DHABI UNIVERSITY,دبي,Dubai,خاصة,Private,Non-National,Masters,E,6
2020-2021,جامعة أبوظبى,ABU DHABI UNIVERSITY,دبي,Dubai,خاصة,Private,National,Masters,NS,36
2020-2021,جامعة أبوظبى,ABU DHABI UNIVERSITY,دبي,Dubai,خاصة,Private,Non-National,Masters,NS,25
2020-2021,جامعة أم القيوين,UMM AL QUWAIN UNIVERSITY,أم القيوين,Umm Al Quwain,حكومة محلية,Local Government,National,Bachelors,NS,49
2020-2021,جامعة أم القيوين,UMM AL QUWAIN UNIVERSITY,أم القيوين,Umm Al Quwain,حكومة محلية,Local Government,Non-National,Bachelors,NS,29
2020-2021,جامعة الإمارات العربية المتحدة,UNITED ARAB EMIRATES  UNIVERSITY,أبوظبي,Abu Dhabi,حكومة إتحادية,Federal Government,National,Bachelors,E,470
2020-2021,جامعة الإمارات العربية المتحدة,UNITED ARAB EMIRATES  UNIVERSITY,أبوظبي,Abu Dhabi,حكومة إتحادية,Federal Government,Non-National,Bachelors,E,57
2020-2021,جامعة الإمارات العربية المتحدة,UNITED ARAB EMIRATES  UNIVERSITY,أبوظبي,Abu Dhabi,حكومة إتحادية,Federal Government,National,Bachelors,NS,1131
2020-2021,جامعة الإمارات العربية المتحدة,UNITED ARAB EMIRATES  UNIVERSITY,أبوظبي,Abu Dhabi,حكومة إتحادية,Federal Government,Non-National,Bachelors,NS,132
2020-2021,جامعة الإمارات العربية المتحدة,UNITED ARAB EMIRATES  UNIVERSITY,أبوظبي,Abu Dhabi,حكومة إتحادية,Federal Government,National,Bachelors,S,143
2020-2021,جامعة الإمارات العربية المتحدة,UNITED ARAB EMIRATES  UNIVERSITY,أبوظبي,Abu Dhabi,حكومة إتحادية,Federal Government,Non-National,Bachelors,S,28
2020-2021,جامعة الإمارات العربية المتحدة,UNITED ARAB EMIRATES  UNIVERSITY,أبوظبي,Abu Dhabi,حكومة إتحادية,Federal Government,National,Bachelors,"S,M",112
2020-2021,جامعة الإمارات العربية المتحدة,UNITED ARAB EMIRATES  UNIVERSITY,أبوظبي,Abu Dhabi,حكومة إتحادية,Federal Government,Non-National,Bachelors,"S,M",36
2020-2021,جامعة الإمارات العربية المتحدة,UNITED ARAB EMIRATES  UNIVERSITY,أبوظبي,Abu Dhabi,حكومة إتحادية,Federal Government,National,Bachelors,T,108
2020-2021,جامعة الإمارات العربية المتحدة,UNITED ARAB EMIRATES  UNIVERSITY,أبوظبي,Abu Dhabi,حكومة إتحادية,Federal Government,Non-National,Bachelors,T,6
2020-2021,جامعة الإمارات العربية المتحدة,UNITED ARAB EMIRATES  UNIVERSITY,أبوظبي,Abu Dhabi,حكومة إتحادية,Federal Government,National,Doctor of Business Administrate,NS,4
2020-2021,جامعة الإمارات العربية المتحدة,UNITED ARAB EMIRATES  UNIVERSITY,أبوظبي,Abu Dhabi,حكومة إتحادية,Federal Government,National,Doctor of Medicine,"S,M",43
2020-2021,جامعة الإمارات العربية المتحدة,UNITED ARAB EMIRATES  UNIVERSITY,أبوظبي,Abu Dhabi,حكومة إتحادية,Federal Government,Non-National,Doctor of Medicine,"S,M",3
2020-2021,جامعة الإمارات العربية المتحدة,UNITED ARAB EMIRATES  UNIVERSITY,أبوظبي,Abu Dhabi,حكومة إتحادية,Federal Government,National,Doctorate,NS,10
2020-2021,جامعة الإمارات العربية المتحدة,UNITED ARAB EMIRATES  UNIVERSITY,أبوظبي,Abu Dhabi,حكومة إتحادية,Federal Government,Non-National,Doctorate,NS,29
2020-2021,جامعة الإمارات العربية المتحدة,UNITED ARAB EMIRATES  UNIVERSITY,أبوظبي,Abu Dhabi,حكومة إتحادية,Federal Government,National,Masters,E,44
2020-2021,جامعة الإمارات العربية المتحدة,UNITED ARAB EMIRATES  UNIVERSITY,أبوظبي,Abu Dhabi,حكومة إتحادية,Federal Government,Non-National,Masters,E,58
2020-2021,جامعة الإمارات العربية المتحدة,UNITED ARAB EMIRATES  UNIVERSITY,أبوظبي,Abu Dhabi,حكومة إتحادية,Federal Government,National,Masters,NS,95
2020-2021,جامعة الإمارات العربية المتحدة,UNITED ARAB EMIRATES  UNIVERSITY,أبوظبي,Abu Dhabi,حكومة إتحادية,Federal Government,Non-National,Masters,NS,28
2020-2021,جامعة الإمارات العربية المتحدة,UNITED ARAB EMIRATES  UNIVERSITY,أبوظبي,Abu Dhabi,حكومة إتحادية,Federal Government,National,Masters,S,14
2020-2021,جامعة الإمارات العربية المتحدة,UNITED ARAB EMIRATES  UNIVERSITY,أبوظبي,Abu Dhabi,حكومة إتحادية,Federal Government,Non-National,Masters,S,21
2020-2021,جامعة الإمارات العربية المتحدة,UNITED ARAB EMIRATES  UNIVERSITY,أبوظبي,Abu Dhabi,حكومة إتحادية,Federal Government,National,Masters,"S,M",4
2020-2021,جامعة الإمارات العربية المتحدة,UNITED ARAB EMIRATES  UNIVERSITY,أبوظبي,Abu Dhabi,حكومة إتحادية,Federal Government,Non-National,Masters,"S,M",10
2020-2021,جامعة الإمارات العربية المتحدة,UNITED ARAB EMIRATES  UNIVERSITY,أبوظبي,Abu Dhabi,حكومة إتحادية,Federal Government,National,Masters,T,7
2020-2021,جامعة الإمارات العربية المتحدة,UNITED ARAB EMIRATES  UNIVERSITY,أبوظبي,Abu Dhabi,حكومة إتحادية,Federal Government,Non-National,Masters,T,1
2020-2021,جامعة الإمارات للطيران,EMIRATES AVIATION UNIVERSITY,دبي,Dubai,حكومة محلية,Local Government,National,Bachelors,E,32
2020-2021,جامعة الإمارات للطيران,EMIRATES AVIATION UNIVERSITY,دبي,Dubai,حكومة محلية,Local Government,Non-National,Bachelors,E,95
2020-2021,جامعة الإمارات للطيران,EMIRATES AVIATION UNIVERSITY,دبي,Dubai,حكومة محلية,Local Government,National,Bachelors,NS,48
2020-2021,جامعة الإمارات للطيران,EMIRATES AVIATION UNIVERSITY,دبي,Dubai,حكومة محلية,Local Government,Non-National,Bachelors,NS,53
2020-2021,جامعة الإمارات للطيران,EMIRATES AVIATION UNIVERSITY,دبي,Dubai,حكومة محلية,Local Government,Non-National,Diploma,E,4
2020-2021,جامعة الإمارات للطيران,EMIRATES AVIATION UNIVERSITY,دبي,Dubai,حكومة محلية,Local Government,National,Diploma,NS,1
2020-2021,جامعة الإمارات للطيران,EMIRATES AVIATION UNIVERSITY,دبي,Dubai,حكومة محلية,Local Government,Non-National,Foundation,E,6
2020-2021,جامعة الإمارات للطيران,EMIRATES AVIATION UNIVERSITY,دبي,Dubai,حكومة محلية,Local Government,Non-National,Foundation,NS,2
2020-2021,جامعة الإمارات للطيران,EMIRATES AVIATION UNIVERSITY,دبي,Dubai,حكومة محلية,Local Government,Non-National,Graduate Certificate,E,1
2020-2021,جامعة الإمارات للطيران,EMIRATES AVIATION UNIVERSITY,دبي,Dubai,حكومة محلية,Local Government,Non-National,Graduate Certificate,NS,2
2020-2021,جامعة الإمارات للطيران,EMIRATES AVIATION UNIVERSITY,دبي,Dubai,حكومة محلية,Local Government,Non-National,Graduate Diploma,E,1
2020-2021,جامعة الإمارات للطيران,EMIRATES AVIATION UNIVERSITY,دبي,Dubai,حكومة محلية,Local Government,Non-National,Graduate Diploma,NS,5
2020-2021,جامعة الإمارات للطيران,EMIRATES AVIATION UNIVERSITY,دبي,Dubai,حكومة محلية,Local Government,National,Higher Diploma,E,10
2020-2021,جامعة الإمارات للطيران,EMIRATES AVIATION UNIVERSITY,دبي,Dubai,حكومة محلية,Local Government,Non-National,Higher Diploma,E,9
2020-2021,جامعة الإمارات للطيران,EMIRATES AVIATION UNIVERSITY,دبي,Dubai,حكومة محلية,Local Government,National,Higher Diploma,NS,7
2020-2021,جامعة الإمارات للطيران,EMIRATES AVIATION UNIVERSITY,دبي,Dubai,حكومة محلية,Local Government,Non-National,Higher Diploma,NS,15
2020-2021,جامعة الإمارات للطيران,EMIRATES AVIATION UNIVERSITY,دبي,Dubai,حكومة محلية,Local Government,National,Master of Business Administration,NS,12
2020-2021,جامعة الإمارات للطيران,EMIRATES AVIATION UNIVERSITY,دبي,Dubai,حكومة محلية,Local Government,Non-National,Master of Business Administration,NS,22
2020-2021,جامعة الإمارات للطيران,EMIRATES AVIATION UNIVERSITY,دبي,Dubai,حكومة محلية,Local Government,National,Masters,E,1
2020-2021,جامعة الإمارات للطيران,EMIRATES AVIATION UNIVERSITY,دبي,Dubai,حكومة محلية,Local Government,Non-National,Masters,E,6
2020-2021,جامعة الإمارات للطيران,EMIRATES AVIATION UNIVERSITY,دبي,Dubai,حكومة محلية,Local Government,National,Masters,NS,8
2020-2021,جامعة الإمارات للطيران,EMIRATES AVIATION UNIVERSITY,دبي,Dubai,حكومة محلية,Local Government,Non-National,Masters,NS,20
2020-2021,جامعة البلمند في دبي,UNIVERSITY OF BALAMAND IN DUBAI,دبي,Dubai,فرع مؤسسة دولية,Branch of International Institution,Non-National,Professional Diploma,NS,37
2020-2021,جامعة السوربون - أبوظبي,"SORBONNE UNIVERSITY, ABU DHABI",أبوظبي,Abu Dhabi,فرع مؤسسة دولية,Branch of International Institution,National,Bachelors,NS,26
2020-2021,جامعة السوربون - أبوظبي,"SORBONNE UNIVERSITY, ABU DHABI",أبوظبي,Abu Dhabi,فرع مؤسسة دولية,Branch of International Institution,Non-National,Bachelors,NS,78
2020-2021,جامعة السوربون - أبوظبي,"SORBONNE UNIVERSITY, ABU DHABI",أبوظبي,Abu Dhabi,فرع مؤسسة دولية,Branch of International Institution,National,Bachelors,S,3
2020-2021,جامعة السوربون - أبوظبي,"SORBONNE UNIVERSITY, ABU DHABI",أبوظبي,Abu Dhabi,فرع مؤسسة دولية,Branch of International Institution,National,Diploma,NS,1
2020-2021,جامعة السوربون - أبوظبي,"SORBONNE UNIVERSITY, ABU DHABI",أبوظبي,Abu Dhabi,فرع مؤسسة دولية,Branch of International Institution,Non-National,Diploma,NS,3
2020-2021,جامعة السوربون - أبوظبي,"SORBONNE UNIVERSITY, ABU DHABI",أبوظبي,Abu Dhabi,فرع مؤسسة دولية,Branch of International Institution,National,Masters,E,5
2020-2021,جامعة السوربون - أبوظبي,"SORBONNE UNIVERSITY, ABU DHABI",أبوظبي,Abu Dhabi,فرع مؤسسة دولية,Branch of International Institution,Non-National,Masters,E,6
2020-2021,جامعة السوربون - أبوظبي,"SORBONNE UNIVERSITY, ABU DHABI",أبوظبي,Abu Dhabi,فرع مؤسسة دولية,Branch of International Institution,National,Masters,NS,45
2020-2021,جامعة السوربون - أبوظبي,"SORBONNE UNIVERSITY, ABU DHABI",أبوظبي,Abu Dhabi,فرع مؤسسة دولية,Branch of International Institution,Non-National,Masters,NS,27
2020-2021,جامعة السوربون - أبوظبي,"SORBONNE UNIVERSITY, ABU DHABI",أبوظبي,Abu Dhabi,فرع مؤسسة دولية,Branch of International Institution,National,Masters,S,1
2020-2021,جامعة السوربون - أبوظبي,"SORBONNE UNIVERSITY, ABU DHABI",أبوظبي,Abu Dhabi,فرع مؤسسة دولية,Branch of International Institution,Non-National,Masters,S,1
2020-2021,جامعة الشارقة,UNIVERSITY OF SHARJAH,الشارقة,Sharjah,شبه حكومية,Semi Government,National,"(MBBS)Bachelor of Medicine, Bachelor of Surgery",S,18
2020-2021,جامعة الشارقة,UNIVERSITY OF SHARJAH,الشارقة,Sharjah,شبه حكومية,Semi Government,Non-National,"(MBBS)Bachelor of Medicine, Bachelor of Surgery",S,81
2020-2021,جامعة الشارقة,UNIVERSITY OF SHARJAH,الشارقة,Sharjah,شبه حكومية,Semi Government,National,Bachelors,E,236
2020-2021,جامعة الشارقة,UNIVERSITY OF SHARJAH,الشارقة,Sharjah,شبه حكومية,Semi Government,Non-National,Bachelors,E,399
2020-2021,جامعة الشارقة,UNIVERSITY OF SHARJAH,الشارقة,Sharjah,شبه حكومية,Semi Government,National,Bachelors,NS,599
2020-2021,جامعة الشارقة,UNIVERSITY OF SHARJAH,الشارقة,Sharjah,شبه حكومية,Semi Government,Non-National,Bachelors,NS,464
2020-2021,جامعة الشارقة,UNIVERSITY OF SHARJAH,الشارقة,Sharjah,شبه حكومية,Semi Government,National,Bachelors,S,56
2020-2021,جامعة الشارقة,UNIVERSITY OF SHARJAH,الشارقة,Sharjah,شبه حكومية,Semi Government,Non-National,Bachelors,S,319
2020-2021,جامعة الشارقة,UNIVERSITY OF SHARJAH,الشارقة,Sharjah,شبه حكومية,Semi Government,National,Bachelors,"S,M",26
2020-2021,جامعة الشارقة,UNIVERSITY OF SHARJAH,الشارقة,Sharjah,شبه حكومية,Semi Government,Non-National,Bachelors,"S,M",37
2020-2021,جامعة الشارقة,UNIVERSITY OF SHARJAH,الشارقة,Sharjah,شبه حكومية,Semi Government,National,Bachelors,T,33
2020-2021,جامعة الشارقة,UNIVERSITY OF SHARJAH,الشارقة,Sharjah,شبه حكومية,Semi Government,Non-National,Bachelors,T,41
2020-2021,جامعة الشارقة,UNIVERSITY OF SHARJAH,الشارقة,Sharjah,شبه حكومية,Semi Government,National,Diploma,NS,3
2020-2021,جامعة الشارقة,UNIVERSITY OF SHARJAH,الشارقة,Sharjah,شبه حكومية,Semi Government,Non-National,Diploma,NS,2
2020-2021,جامعة الشارقة,UNIVERSITY OF SHARJAH,الشارقة,Sharjah,شبه حكومية,Semi Government,National,Doctor of Dental Medicine,S,9
2020-2021,جامعة الشارقة,UNIVERSITY OF SHARJAH,الشارقة,Sharjah,شبه حكومية,Semi Government,Non-National,Doctor of Dental Medicine,S,88
2020-2021,جامعة الشارقة,UNIVERSITY OF SHARJAH,الشارقة,Sharjah,شبه حكومية,Semi Government,National,Doctorate,E,4
2020-2021,جامعة الشارقة,UNIVERSITY OF SHARJAH,الشارقة,Sharjah,شبه حكومية,Semi Government,Non-National,Doctorate,E,3
2020-2021,جامعة الشارقة,UNIVERSITY OF SHARJAH,الشارقة,Sharjah,شبه حكومية,Semi Government,National,Doctorate,NS,20
2020-2021,جامعة الشارقة,UNIVERSITY OF SHARJAH,الشارقة,Sharjah,شبه حكومية,Semi Government,Non-National,Doctorate,NS,9
2020-2021,جامعة الشارقة,UNIVERSITY OF SHARJAH,الشارقة,Sharjah,شبه حكومية,Semi Government,Non-National,Doctorate,"S,M",3
2020-2021,جامعة الشارقة,UNIVERSITY OF SHARJAH,الشارقة,Sharjah,شبه حكومية,Semi Government,National,Graduate Diploma,NS,42
2020-2021,جامعة الشارقة,UNIVERSITY OF SHARJAH,الشارقة,Sharjah,شبه حكومية,Semi Government,National,Graduate Diploma,S,1
2020-2021,جامعة الشارقة,UNIVERSITY OF SHARJAH,الشارقة,Sharjah,شبه حكومية,Semi Government,Non-National,Graduate Diploma,S,4
2020-2021,جامعة الشارقة,UNIVERSITY OF SHARJAH,الشارقة,Sharjah,شبه حكومية,Semi Government,National,Master of Business Administration,NS,65
2020-2021,جامعة الشارقة,UNIVERSITY OF SHARJAH,الشارقة,Sharjah,شبه حكومية,Semi Government,Non-National,Master of Business Administration,NS,10
2020-2021,جامعة الشارقة,UNIVERSITY OF SHARJAH,الشارقة,Sharjah,شبه حكومية,Semi Government,Non-National,Master of Business Administration,S,1
2020-2021,جامعة الشارقة,UNIVERSITY OF SHARJAH,الشارقة,Sharjah,شبه حكومية,Semi Government,National,Master of Business Administration,"S,M",1
2020-2021,جامعة الشارقة,UNIVERSITY OF SHARJAH,الشارقة,Sharjah,شبه حكومية,Semi Government,National,Masters,E,21
2020-2021,جامعة الشارقة,UNIVERSITY OF SHARJAH,الشارقة,Sharjah,شبه حكومية,Semi Government,Non-National,Masters,E,33
2020-2021,جامعة الشارقة,UNIVERSITY OF SHARJAH,الشارقة,Sharjah,شبه حكومية,Semi Government,National,Masters,NS,108
2020-2021,جامعة الشارقة,UNIVERSITY OF SHARJAH,الشارقة,Sharjah,شبه حكومية,Semi Government,Non-National,Masters,NS,37
2020-2021,جامعة الشارقة,UNIVERSITY OF SHARJAH,الشارقة,Sharjah,شبه حكومية,Semi Government,National,Masters,S,23
2020-2021,جامعة الشارقة,UNIVERSITY OF SHARJAH,الشارقة,Sharjah,شبه حكومية,Semi Government,Non-National,Masters,S,11
2020-2021,جامعة الشارقة,UNIVERSITY OF SHARJAH,الشارقة,Sharjah,شبه حكومية,Semi Government,National,Masters,"S,M",6
2020-2021,جامعة الشارقة,UNIVERSITY OF SHARJAH,الشارقة,Sharjah,شبه حكومية,Semi Government,Non-National,Masters,"S,M",16
2020-2021,جامعة الشارقة,UNIVERSITY OF SHARJAH,الشارقة,Sharjah,شبه حكومية,Semi Government,National,Masters,T,1
2020-2021,جامعة العلوم والتقنية في الفجيرة,UNIVERSITY OF SCIENCE AND TECHNOLOGY OF FUJAIRAH,الفجيرة,Fujairah,خاصة,Private,National,Bachelors,NS,36
2020-2021,جامعة العلوم والتقنية في الفجيرة,UNIVERSITY OF SCIENCE AND TECHNOLOGY OF FUJAIRAH,الفجيرة,Fujairah,خاصة,Private,Non-National,Bachelors,NS,4
2020-2021,جامعة العلوم والتقنية في الفجيرة,UNIVERSITY OF SCIENCE AND TECHNOLOGY OF FUJAIRAH,الفجيرة,Fujairah,خاصة,Private,National,Bachelors,S,1
2020-2021,جامعة العين,AL AIN UNIVERSITY,أبوظبي,Abu Dhabi,خاصة,Private,National,Bachelors,E,7
2020-2021,جامعة العين,AL AIN UNIVERSITY,أبوظبي,Abu Dhabi,خاصة,Private,Non-National,Bachelors,E,30
2020-2021,جامعة العين,AL AIN UNIVERSITY,أبوظبي,Abu Dhabi,خاصة,Private,National,Bachelors,NS,512
2020-2021,جامعة العين,AL AIN UNIVERSITY,أبوظبي,Abu Dhabi,خاصة,Private,Non-National,Bachelors,NS,217
2020-2021,جامعة العين,AL AIN UNIVERSITY,أبوظبي,Abu Dhabi,خاصة,Private,National,Bachelors,S,1
2020-2021,جامعة العين,AL AIN UNIVERSITY,أبوظبي,Abu Dhabi,خاصة,Private,Non-National,Bachelors,S,121
2020-2021,جامعة العين,AL AIN UNIVERSITY,أبوظبي,Abu Dhabi,خاصة,Private,National,Bachelors,T,1
2020-2021,جامعة العين,AL AIN UNIVERSITY,أبوظبي,Abu Dhabi,خاصة,Private,Non-National,Bachelors,T,15
2020-2021,جامعة العين,AL AIN UNIVERSITY,أبوظبي,Abu Dhabi,خاصة,Private,National,Graduate Diploma,NS,1
2020-2021,جامعة العين,AL AIN UNIVERSITY,أبوظبي,Abu Dhabi,خاصة,Private,Non-National,Graduate Diploma,NS,112
2020-2021,جامعة العين,AL AIN UNIVERSITY,أبوظبي,Abu Dhabi,خاصة,Private,National,Higher Diploma,NS,1
2020-2021,جامعة العين,AL AIN UNIVERSITY,أبوظبي,Abu Dhabi,خاصة,Private,Non-National,Higher Diploma,NS,74
2020-2021,جامعة العين,AL AIN UNIVERSITY,أبوظبي,Abu Dhabi,خاصة,Private,National,Master of Business Administration,NS,81
2020-2021,جامعة العين,AL AIN UNIVERSITY,أبوظبي,Abu Dhabi,خاصة,Private,Non-National,Master of Business Administration,NS,8
2020-2021,جامعة العين,AL AIN UNIVERSITY,أبوظبي,Abu Dhabi,خاصة,Private,National,Masters,NS,79
2020-2021,جامعة العين,AL AIN UNIVERSITY,أبوظبي,Abu Dhabi,خاصة,Private,Non-National,Masters,NS,19
2020-2021,جامعة العين,AL AIN UNIVERSITY,أبوظبي,Abu Dhabi,خاصة,Private,Non-National,Masters,S,4
2020-2021,جامعة الغرير,AL GHURAIR UNIVERSITY,دبي,Dubai,خاصة,Private,National,Bachelors,E,10
2020-2021,جامعة الغرير,AL GHURAIR UNIVERSITY,دبي,Dubai,خاصة,Private,Non-National,Bachelors,E,45
2020-2021,جامعة الغرير,AL GHURAIR UNIVERSITY,دبي,Dubai,خاصة,Private,National,Bachelors,NS,52
2020-2021,جامعة الغرير,AL GHURAIR UNIVERSITY,دبي,Dubai,خاصة,Private,Non-National,Bachelors,NS,71
2020-2021,جامعة الغرير,AL GHURAIR UNIVERSITY,دبي,Dubai,خاصة,Private,Non-National,Bachelors,T,4
2020-2021,جامعة الغرير,AL GHURAIR UNIVERSITY,دبي,Dubai,خاصة,Private,National,Master of Business Administration,NS,2
2020-2021,جامعة الغرير,AL GHURAIR UNIVERSITY,دبي,Dubai,خاصة,Private,Non-National,Master of Business Administration,NS,3
2020-2021,جامعة الغرير,AL GHURAIR UNIVERSITY,دبي,Dubai,خاصة,Private,National,Masters,E,1
2020-2021,جامعة الغرير,AL GHURAIR UNIVERSITY,دبي,Dubai,خاصة,Private,National,Masters,NS,15
2020-2021,جامعة الغرير,AL GHURAIR UNIVERSITY,دبي,Dubai,خاصة,Private,Non-National,Masters,NS,2
2020-2021,جامعة الغرير,AL GHURAIR UNIVERSITY,دبي,Dubai,خاصة,Private,Non-National,Professional Diploma,NS,4
2020-2021,جامعة الفجيرة,UNIVERSITY OF FUJAIRAH,الفجيرة,Fujairah,شبه حكومية,Semi Government,National,Bachelors,NS,30
2020-2021,جامعة الفجيرة,UNIVERSITY OF FUJAIRAH,الفجيرة,Fujairah,شبه حكومية,Semi Government,Non-National,Bachelors,NS,11
2020-2021,جامعة الفجيرة,UNIVERSITY OF FUJAIRAH,الفجيرة,Fujairah,شبه حكومية,Semi Government,National,Bachelors,T,9
2020-2021,جامعة الفجيرة,UNIVERSITY OF FUJAIRAH,الفجيرة,Fujairah,شبه حكومية,Semi Government,Non-National,Bachelors,T,1
2020-2021,جامعة الفجيرة,UNIVERSITY OF FUJAIRAH,الفجيرة,Fujairah,شبه حكومية,Semi Government,National,Diploma,NS,4
2020-2021,جامعة الفجيرة,UNIVERSITY OF FUJAIRAH,الفجيرة,Fujairah,شبه حكومية,Semi Government,Non-National,Diploma,NS,1
2020-2021,جامعة الفجيرة,UNIVERSITY OF FUJAIRAH,الفجيرة,Fujairah,شبه حكومية,Semi Government,National,Diploma,T,1
2020-2021,جامعة الفجيرة,UNIVERSITY OF FUJAIRAH,الفجيرة,Fujairah,شبه حكومية,Semi Government,National,Master of Business Administration,NS,10
2020-2021,جامعة الفجيرة,UNIVERSITY OF FUJAIRAH,الفجيرة,Fujairah,شبه حكومية,Semi Government,Non-National,Master of Business Administration,NS,1
2020-2021,جامعة الفلاح,AL FALAH UNIVERSITY,دبي,Dubai,خاصة,Private,National,Bachelors,NS,125
2020-2021,جامعة الفلاح,AL FALAH UNIVERSITY,دبي,Dubai,خاصة,Private,Non-National,Bachelors,NS,37
2020-2021,جامعة الفلاح,AL FALAH UNIVERSITY,دبي,Dubai,خاصة,Private,National,Bachelors,S,1
2020-2021,جامعة الفلاح,AL FALAH UNIVERSITY,دبي,Dubai,خاصة,Private,Non-National,Bachelors,S,2
2020-2021,جامعة الفلاح,AL FALAH UNIVERSITY,دبي,Dubai,خاصة,Private,National,Master of Business Administration,NS,4
2020-2021,جامعة الفلاح,AL FALAH UNIVERSITY,دبي,Dubai,خاصة,Private,Non-National,Master of Business Administration,NS,2
2020-2021,جامعة القاسمية,AL QASIMIYA UNIVERSITY,الشارقة,Sharjah,حكومة محلية,Local Government,National,Bachelors,NS,3
2020-2021,جامعة القاسمية,AL QASIMIYA UNIVERSITY,الشارقة,Sharjah,حكومة محلية,Local Government,Non-National,Bachelors,NS,271
2020-2021,جامعة الوصل,AL WASL UNIVERSITY,دبي,Dubai,خاصة,Private,National,Bachelors,NS,42
2020-2021,جامعة الوصل,AL WASL UNIVERSITY,دبي,Dubai,خاصة,Private,Non-National,Bachelors,NS,246
2020-2021,جامعة الوصل,AL WASL UNIVERSITY,دبي,Dubai,خاصة,Private,National,Doctorate,NS,18
2020-2021,جامعة الوصل,AL WASL UNIVERSITY,دبي,Dubai,خاصة,Private,Non-National,Doctorate,NS,2
2020-2021,جامعة الوصل,AL WASL UNIVERSITY,دبي,Dubai,خاصة,Private,National,Masters,NS,10
2020-2021,جامعة الوصل,AL WASL UNIVERSITY,دبي,Dubai,خاصة,Private,Non-National,Masters,NS,2
2020-2021,جامعة جميرا,JUMEIRA UNIVERSITY,دبي,Dubai,خاصة,Private,National,Bachelors,NS,12
2020-2021,جامعة جميرا,JUMEIRA UNIVERSITY,دبي,Dubai,خاصة,Private,Non-National,Bachelors,NS,40
2020-2021,جامعة جميرا,JUMEIRA UNIVERSITY,دبي,Dubai,خاصة,Private,National,Bachelors,S,1
2020-2021,جامعة جميرا,JUMEIRA UNIVERSITY,دبي,Dubai,خاصة,Private,Non-National,Bachelors,S,5
2020-2021,جامعة جميرا,JUMEIRA UNIVERSITY,دبي,Dubai,خاصة,Private,National,Bachelors,"S,M",1
2020-2021,جامعة جميرا,JUMEIRA UNIVERSITY,دبي,Dubai,خاصة,Private,Non-National,Bachelors,"S,M",15
2020-2021,جامعة حمدان بن محمد الذكية,HAMDAN BIN MOHAMMED  SMART UNIVERSITY,دبي,Dubai,شبه حكومية,Semi Government,National,Bachelors,NS,32
2020-2021,جامعة حمدان بن محمد الذكية,HAMDAN BIN MOHAMMED  SMART UNIVERSITY,دبي,Dubai,شبه حكومية,Semi Government,Non-National,Bachelors,NS,33
2020-2021,جامعة حمدان بن محمد الذكية,HAMDAN BIN MOHAMMED  SMART UNIVERSITY,دبي,Dubai,شبه حكومية,Semi Government,National,Bachelors,S,4
2020-2021,جامعة حمدان بن محمد الذكية,HAMDAN BIN MOHAMMED  SMART UNIVERSITY,دبي,Dubai,شبه حكومية,Semi Government,Non-National,Bachelors,S,7
2020-2021,جامعة حمدان بن محمد الذكية,HAMDAN BIN MOHAMMED  SMART UNIVERSITY,دبي,Dubai,شبه حكومية,Semi Government,National,Doctorate,NS,1
2020-2021,جامعة حمدان بن محمد الذكية,HAMDAN BIN MOHAMMED  SMART UNIVERSITY,دبي,Dubai,شبه حكومية,Semi Government,National,Doctorate,"S,M",4
2020-2021,جامعة حمدان بن محمد الذكية,HAMDAN BIN MOHAMMED  SMART UNIVERSITY,دبي,Dubai,شبه حكومية,Semi Government,National,Masters,NS,112
2020-2021,جامعة حمدان بن محمد الذكية,HAMDAN BIN MOHAMMED  SMART UNIVERSITY,دبي,Dubai,شبه حكومية,Semi Government,Non-National,Masters,NS,9
2020-2021,جامعة حمدان بن محمد الذكية,HAMDAN BIN MOHAMMED  SMART UNIVERSITY,دبي,Dubai,شبه حكومية,Semi Government,National,Masters,S,5
2020-2021,جامعة حمدان بن محمد الذكية,HAMDAN BIN MOHAMMED  SMART UNIVERSITY,دبي,Dubai,شبه حكومية,Semi Government,Non-National,Masters,S,2
2020-2021,جامعة خليفة,KHALIFA UNIVERSITY,أبوظبي,Abu Dhabi,حكومة محلية,Local Government,National,Bachelors,E,467
2020-2021,جامعة خليفة,KHALIFA UNIVERSITY,أبوظبي,Abu Dhabi,حكومة محلية,Local Government,Non-National,Bachelors,E,46
2020-2021,جامعة خليفة,KHALIFA UNIVERSITY,أبوظبي,Abu Dhabi,حكومة محلية,Local Government,National,Bachelors,S,21
2020-2021,جامعة خليفة,KHALIFA UNIVERSITY,أبوظبي,Abu Dhabi,حكومة محلية,Local Government,Non-National,Bachelors,S,7
2020-2021,جامعة خليفة,KHALIFA UNIVERSITY,أبوظبي,Abu Dhabi,حكومة محلية,Local Government,National,Bachelors,"S,M",4
2020-2021,جامعة خليفة,KHALIFA UNIVERSITY,أبوظبي,Abu Dhabi,حكومة محلية,Local Government,Non-National,Bachelors,"S,M",20
2020-2021,جامعة خليفة,KHALIFA UNIVERSITY,أبوظبي,Abu Dhabi,حكومة محلية,Local Government,National,Doctorate,E,8
2020-2021,جامعة خليفة,KHALIFA UNIVERSITY,أبوظبي,Abu Dhabi,حكومة محلية,Local Government,Non-National,Doctorate,E,16
2020-2021,جامعة خليفة,KHALIFA UNIVERSITY,أبوظبي,Abu Dhabi,حكومة محلية,Local Government,National,Masters,E,40
2020-2021,جامعة خليفة,KHALIFA UNIVERSITY,أبوظبي,Abu Dhabi,حكومة محلية,Local Government,Non-National,Masters,E,68
2020-2021,جامعة خليفة,KHALIFA UNIVERSITY,أبوظبي,Abu Dhabi,حكومة محلية,Local Government,National,Masters,NS,5
2020-2021,جامعة خليفة,KHALIFA UNIVERSITY,أبوظبي,Abu Dhabi,حكومة محلية,Local Government,Non-National,Masters,S,4
2020-2021,جامعة خليفة,KHALIFA UNIVERSITY,أبوظبي,Abu Dhabi,حكومة محلية,Local Government,National,Masters,T,2
2020-2021,جامعة خليفة,KHALIFA UNIVERSITY,أبوظبي,Abu Dhabi,حكومة محلية,Local Government,Non-National,Masters,T,3
2020-2021,جامعة دبي,UNIVERSITY OF DUBAI,دبي,Dubai,حكومة محلية,Local Government,National,Bachelors,E,19
2020-2021,جامعة دبي,UNIVERSITY OF DUBAI,دبي,Dubai,حكومة محلية,Local Government,Non-National,Bachelors,E,1
2020-2021,جامعة دبي,UNIVERSITY OF DUBAI,دبي,Dubai,حكومة محلية,Local Government,National,Bachelors,NS,10
2020-2021,جامعة دبي,UNIVERSITY OF DUBAI,دبي,Dubai,حكومة محلية,Local Government,Non-National,Bachelors,NS,53
2020-2021,جامعة دبي,UNIVERSITY OF DUBAI,دبي,Dubai,حكومة محلية,Local Government,National,Bachelors,T,53
2020-2021,جامعة دبي,UNIVERSITY OF DUBAI,دبي,Dubai,حكومة محلية,Local Government,Non-National,Bachelors,T,5
2020-2021,جامعة دبي,UNIVERSITY OF DUBAI,دبي,Dubai,حكومة محلية,Local Government,National,Doctor of Business Administrate,NS,2
2020-2021,جامعة دبي,UNIVERSITY OF DUBAI,دبي,Dubai,حكومة محلية,Local Government,National,Master of Business Administration,NS,34
2020-2021,جامعة دبي,UNIVERSITY OF DUBAI,دبي,Dubai,حكومة محلية,Local Government,Non-National,Master of Business Administration,NS,1
2020-2021,جامعة دبي,UNIVERSITY OF DUBAI,دبي,Dubai,حكومة محلية,Local Government,National,Masters,NS,8
2020-2021,جامعة دبي,UNIVERSITY OF DUBAI,دبي,Dubai,حكومة محلية,Local Government,Non-National,Masters,NS,2
2020-2021,جامعة رأس الخيمة للطب والعلوم الصحية,RAS AL KHAIMAH MEDICAL AND HEALTH SCIENCES UNIVERSITY,رأس الخيمة,Ras Al Khaima,حكومة محلية,Local Government,National,"(MBBS)Bachelor of Medicine, Bachelor of Surgery",S,2
2020-2021,جامعة رأس الخيمة للطب والعلوم الصحية,RAS AL KHAIMAH MEDICAL AND HEALTH SCIENCES UNIVERSITY,رأس الخيمة,Ras Al Khaima,حكومة محلية,Local Government,Non-National,"(MBBS)Bachelor of Medicine, Bachelor of Surgery",S,80
2020-2021,جامعة رأس الخيمة للطب والعلوم الصحية,RAS AL KHAIMAH MEDICAL AND HEALTH SCIENCES UNIVERSITY,رأس الخيمة,Ras Al Khaima,حكومة محلية,Local Government,National,Bachelors,S,42
2020-2021,جامعة رأس الخيمة للطب والعلوم الصحية,RAS AL KHAIMAH MEDICAL AND HEALTH SCIENCES UNIVERSITY,رأس الخيمة,Ras Al Khaima,حكومة محلية,Local Government,Non-National,Bachelors,S,116
2020-2021,جامعة رأس الخيمة للطب والعلوم الصحية,RAS AL KHAIMAH MEDICAL AND HEALTH SCIENCES UNIVERSITY,رأس الخيمة,Ras Al Khaima,حكومة محلية,Local Government,National,Masters,S,7
2020-2021,جامعة رأس الخيمة للطب والعلوم الصحية,RAS AL KHAIMAH MEDICAL AND HEALTH SCIENCES UNIVERSITY,رأس الخيمة,Ras Al Khaima,حكومة محلية,Local Government,Non-National,Masters,S,9
2020-2021,جامعة زايد,ZAYED UNIVERSITY,أبوظبي,Abu Dhabi,حكومة إتحادية,Federal Government,National,Bachelors,NS,923
2020-2021,جامعة زايد,ZAYED UNIVERSITY,أبوظبي,Abu Dhabi,حكومة إتحادية,Federal Government,Non-National,Bachelors,NS,29
2020-2021,جامعة زايد,ZAYED UNIVERSITY,أبوظبي,Abu Dhabi,حكومة إتحادية,Federal Government,National,Bachelors,S,133
2020-2021,جامعة زايد,ZAYED UNIVERSITY,أبوظبي,Abu Dhabi,حكومة إتحادية,Federal Government,Non-National,Bachelors,S,3
2020-2021,جامعة زايد,ZAYED UNIVERSITY,أبوظبي,Abu Dhabi,حكومة إتحادية,Federal Government,National,Bachelors,T,267
2020-2021,جامعة زايد,ZAYED UNIVERSITY,أبوظبي,Abu Dhabi,حكومة إتحادية,Federal Government,Non-National,Bachelors,T,4
2020-2021,جامعة زايد,ZAYED UNIVERSITY,أبوظبي,Abu Dhabi,حكومة إتحادية,Federal Government,National,Masters,NS,85
2020-2021,جامعة زايد,ZAYED UNIVERSITY,أبوظبي,Abu Dhabi,حكومة إتحادية,Federal Government,Non-National,Masters,NS,5
2020-2021,جامعة زايد,ZAYED UNIVERSITY,دبي,Dubai,حكومة إتحادية,Federal Government,National,Bachelors,NS,580
2020-2021,جامعة زايد,ZAYED UNIVERSITY,دبي,Dubai,حكومة إتحادية,Federal Government,Non-National,Bachelors,NS,18
2020-2021,جامعة زايد,ZAYED UNIVERSITY,دبي,Dubai,حكومة إتحادية,Federal Government,National,Bachelors,S,85
2020-2021,جامعة زايد,ZAYED UNIVERSITY,دبي,Dubai,حكومة إتحادية,Federal Government,Non-National,Bachelors,S,4
2020-2021,جامعة زايد,ZAYED UNIVERSITY,دبي,Dubai,حكومة إتحادية,Federal Government,National,Bachelors,T,167
2020-2021,جامعة زايد,ZAYED UNIVERSITY,دبي,Dubai,حكومة إتحادية,Federal Government,Non-National,Bachelors,T,3
2020-2021,جامعة زايد,ZAYED UNIVERSITY,دبي,Dubai,حكومة إتحادية,Federal Government,National,Masters,NS,13
2020-2021,جامعة سان جوزف دبي,SAINT JOSEPH UNIVERSITY DUBAI,دبي,Dubai,فرع مؤسسة دولية,Branch of International Institution,National,Bachelors,NS,7
2020-2021,جامعة سان جوزف دبي,SAINT JOSEPH UNIVERSITY DUBAI,دبي,Dubai,فرع مؤسسة دولية,Branch of International Institution,Non-National,Bachelors,NS,4
2020-2021,جامعة سان جوزف دبي,SAINT JOSEPH UNIVERSITY DUBAI,دبي,Dubai,فرع مؤسسة دولية,Branch of International Institution,National,Masters,NS,1
2020-2021,جامعة سان جوزف دبي,SAINT JOSEPH UNIVERSITY DUBAI,دبي,Dubai,فرع مؤسسة دولية,Branch of International Institution,Non-National,Masters,NS,10
2020-2021,جامعة ستراثكليد- كلية إدارة الأعمال بالإمارات,UNIVERSITY OF STRATHCLYDE BUSINESS SCHOOL- UAE,أبوظبي,Abu Dhabi,فرع مؤسسة دولية,Branch of International Institution,Non-National,Master of Business Administration,NS,10
2020-2021,جامعة ستراثكليد- كلية إدارة الأعمال بالإمارات,UNIVERSITY OF STRATHCLYDE BUSINESS SCHOOL- UAE,دبي,Dubai,فرع مؤسسة دولية,Branch of International Institution,National,Master of Business Administration,NS,4
2020-2021,جامعة ستراثكليد- كلية إدارة الأعمال بالإمارات,UNIVERSITY OF STRATHCLYDE BUSINESS SCHOOL- UAE,دبي,Dubai,فرع مؤسسة دولية,Branch of International Institution,Non-National,Master of Business Administration,NS,37
2020-2021,جامعة عجمان,AJMAN UNIVERSITY ,عجمان,Ajman,خاصة,Private,National,Bachelors,E,20
2020-2021,جامعة عجمان,AJMAN UNIVERSITY ,عجمان,Ajman,خاصة,Private,Non-National,Bachelors,E,171
2020-2021,جامعة عجمان,AJMAN UNIVERSITY ,عجمان,Ajman,خاصة,Private,National,Bachelors,NS,266
2020-2021,جامعة عجمان,AJMAN UNIVERSITY ,عجمان,Ajman,خاصة,Private,Non-National,Bachelors,NS,517
2020-2021,جامعة عجمان,AJMAN UNIVERSITY ,عجمان,Ajman,خاصة,Private,National,Bachelors,S,4
2020-2021,جامعة عجمان,AJMAN UNIVERSITY ,عجمان,Ajman,خاصة,Private,Non-National,Bachelors,S,97
2020-2021,جامعة عجمان,AJMAN UNIVERSITY ,عجمان,Ajman,خاصة,Private,National,Bachelors,T,6
2020-2021,جامعة عجمان,AJMAN UNIVERSITY ,عجمان,Ajman,خاصة,Private,Non-National,Bachelors,T,38
2020-2021,جامعة عجمان,AJMAN UNIVERSITY ,عجمان,Ajman,خاصة,Private,National,Doctor of Dental Medicine,S,7
2020-2021,جامعة عجمان,AJMAN UNIVERSITY ,عجمان,Ajman,خاصة,Private,Non-National,Doctor of Dental Medicine,S,201
2020-2021,جامعة عجمان,AJMAN UNIVERSITY ,عجمان,Ajman,خاصة,Private,National,Graduate Diploma,NS,2
2020-2021,جامعة عجمان,AJMAN UNIVERSITY ,عجمان,Ajman,خاصة,Private,Non-National,Graduate Diploma,NS,52
2020-2021,جامعة عجمان,AJMAN UNIVERSITY ,عجمان,Ajman,خاصة,Private,National,Master of Business Administration,NS,5
2020-2021,جامعة عجمان,AJMAN UNIVERSITY ,عجمان,Ajman,خاصة,Private,Non-National,Master of Business Administration,NS,20
2020-2021,جامعة عجمان,AJMAN UNIVERSITY ,عجمان,Ajman,خاصة,Private,Non-National,Masters,E,3
2020-2021,جامعة عجمان,AJMAN UNIVERSITY ,عجمان,Ajman,خاصة,Private,National,Masters,NS,17
2020-2021,جامعة عجمان,AJMAN UNIVERSITY ,عجمان,Ajman,خاصة,Private,Non-National,Masters,NS,13
2020-2021,جامعة عجمان,AJMAN UNIVERSITY ,عجمان,Ajman,خاصة,Private,National,Masters,S,2
2020-2021,جامعة عجمان,AJMAN UNIVERSITY ,عجمان,Ajman,خاصة,Private,Non-National,Masters,S,18
2020-2021,جامعة عجمان,AJMAN UNIVERSITY ,عجمان,Ajman,خاصة,Private,National,Professional Diploma,NS,1
2020-2021,جامعة عجمان,AJMAN UNIVERSITY ,عجمان,Ajman,خاصة,Private,Non-National,Professional Diploma,NS,12
2020-2021,جامعة محمد بن راشد للطب والعلوم الصحية,MOHAMMED BIN RASHID UNIVERSITY OF MEDICINE AND HEALTH SCIENCES,دبي,Dubai,حكومة محلية,Local Government,National,Masters,S,7
2020-2021,جامعة محمد بن راشد للطب والعلوم الصحية,MOHAMMED BIN RASHID UNIVERSITY OF MEDICINE AND HEALTH SCIENCES,دبي,Dubai,حكومة محلية,Local Government,Non-National,Masters,S,13
2020-2021,جامعة محمد بن راشد للطب والعلوم الصحية,MOHAMMED BIN RASHID UNIVERSITY OF MEDICINE AND HEALTH SCIENCES,دبي,Dubai,حكومة محلية,Local Government,National,Masters,"S,M",1
2020-2021,جامعة محمد بن راشد للطب والعلوم الصحية,MOHAMMED BIN RASHID UNIVERSITY OF MEDICINE AND HEALTH SCIENCES,دبي,Dubai,حكومة محلية,Local Government,Non-National,Masters,"S,M",4
2020-2021,جامعة محمد بن زايد للعلوم الإنسانية,MOHAMED BIN ZAYED UNIVERSITY FOR HUMANITIES,أبوظبي,Abu Dhabi,حكومة محلية,Local Government,National,Bachelors,NS,93
2020-2021,جامعة محمد بن زايد للعلوم الإنسانية,MOHAMED BIN ZAYED UNIVERSITY FOR HUMANITIES,أبوظبي,Abu Dhabi,حكومة محلية,Local Government,Non-National,Bachelors,NS,15
2020-2021,جامعة محمد بن زايد للعلوم الإنسانية,MOHAMED BIN ZAYED UNIVERSITY FOR HUMANITIES,أبوظبي,Abu Dhabi,حكومة محلية,Local Government,National,Doctorate,NS,8
2020-2021,جامعة محمد بن زايد للعلوم الإنسانية,MOHAMED BIN ZAYED UNIVERSITY FOR HUMANITIES,أبوظبي,Abu Dhabi,حكومة محلية,Local Government,Non-National,Doctorate,NS,1
2020-2021,جامعة محمد بن زايد للعلوم الإنسانية,MOHAMED BIN ZAYED UNIVERSITY FOR HUMANITIES,أبوظبي,Abu Dhabi,حكومة محلية,Local Government,National,Masters,NS,4
2020-2021,جامعة محمد بن زايد للعلوم الإنسانية,MOHAMED BIN ZAYED UNIVERSITY FOR HUMANITIES,أبوظبي,Abu Dhabi,حكومة محلية,Local Government,Non-National,Masters,NS,8
2020-2021,جامعة محمد بن زايد للعلوم الإنسانية,MOHAMED BIN ZAYED UNIVERSITY FOR HUMANITIES,عجمان,Ajman,حكومة محلية,Local Government,National,Bachelors,NS,37
2020-2021,جامعة نيويورك,"NEW YORK UNIVERSITY, ABU DHABI",أبوظبي,Abu Dhabi,فرع مؤسسة دولية,Branch of International Institution,National,Bachelors,E,3
2020-2021,جامعة نيويورك,"NEW YORK UNIVERSITY, ABU DHABI",أبوظبي,Abu Dhabi,فرع مؤسسة دولية,Branch of International Institution,Non-National,Bachelors,E,24
2020-2021,جامعة نيويورك,"NEW YORK UNIVERSITY, ABU DHABI",أبوظبي,Abu Dhabi,فرع مؤسسة دولية,Branch of International Institution,National,Bachelors,NS,40
2020-2021,جامعة نيويورك,"NEW YORK UNIVERSITY, ABU DHABI",أبوظبي,Abu Dhabi,فرع مؤسسة دولية,Branch of International Institution,Non-National,Bachelors,NS,164
2020-2021,جامعة نيويورك,"NEW YORK UNIVERSITY, ABU DHABI",أبوظبي,Abu Dhabi,فرع مؤسسة دولية,Branch of International Institution,National,Bachelors,S,1
2020-2021,جامعة نيويورك,"NEW YORK UNIVERSITY, ABU DHABI",أبوظبي,Abu Dhabi,فرع مؤسسة دولية,Branch of International Institution,Non-National,Bachelors,S,12
2020-2021,جامعة نيويورك,"NEW YORK UNIVERSITY, ABU DHABI",أبوظبي,Abu Dhabi,فرع مؤسسة دولية,Branch of International Institution,Non-National,Bachelors,"S,M",19
2020-2021,جامعة نيويورك,"NEW YORK UNIVERSITY, ABU DHABI",أبوظبي,Abu Dhabi,فرع مؤسسة دولية,Branch of International Institution,National,Bachelors,T,5
2020-2021,جامعة نيويورك,"NEW YORK UNIVERSITY, ABU DHABI",أبوظبي,Abu Dhabi,فرع مؤسسة دولية,Branch of International Institution,Non-National,Bachelors,T,46
2020-2021,جامعة نيويورك,"NEW YORK UNIVERSITY, ABU DHABI",أبوظبي,Abu Dhabi,فرع مؤسسة دولية,Branch of International Institution,National,Masters,NS,1
2020-2021,جامعة نيويورك,"NEW YORK UNIVERSITY, ABU DHABI",أبوظبي,Abu Dhabi,فرع مؤسسة دولية,Branch of International Institution,Non-National,Masters,NS,6
2020-2021,جامعة ولونغونغ فى دبى,UNIVERSITY OF WOLLONGONG IN DUBAI,دبي,Dubai,فرع مؤسسة دولية,Branch of International Institution,National,Bachelors,E,2
2020-2021,جامعة ولونغونغ فى دبى,UNIVERSITY OF WOLLONGONG IN DUBAI,دبي,Dubai,فرع مؤسسة دولية,Branch of International Institution,Non-National,Bachelors,E,35
2020-2021,جامعة ولونغونغ فى دبى,UNIVERSITY OF WOLLONGONG IN DUBAI,دبي,Dubai,فرع مؤسسة دولية,Branch of International Institution,National,Bachelors,NS,1
2020-2021,جامعة ولونغونغ فى دبى,UNIVERSITY OF WOLLONGONG IN DUBAI,دبي,Dubai,فرع مؤسسة دولية,Branch of International Institution,Non-National,Bachelors,NS,213
2020-2021,جامعة ولونغونغ فى دبى,UNIVERSITY OF WOLLONGONG IN DUBAI,دبي,Dubai,فرع مؤسسة دولية,Branch of International Institution,National,Bachelors,S,2
2020-2021,جامعة ولونغونغ فى دبى,UNIVERSITY OF WOLLONGONG IN DUBAI,دبي,Dubai,فرع مؤسسة دولية,Branch of International Institution,Non-National,Bachelors,S,80
2020-2021,جامعة ولونغونغ فى دبى,UNIVERSITY OF WOLLONGONG IN DUBAI,دبي,Dubai,فرع مؤسسة دولية,Branch of International Institution,Non-National,Bachelors,T,35
2020-2021,جامعة ولونغونغ فى دبى,UNIVERSITY OF WOLLONGONG IN DUBAI,دبي,Dubai,فرع مؤسسة دولية,Branch of International Institution,National,Doctor of Business Administrate,NS,1
2020-2021,جامعة ولونغونغ فى دبى,UNIVERSITY OF WOLLONGONG IN DUBAI,دبي,Dubai,فرع مؤسسة دولية,Branch of International Institution,National,Doctorate,NS,3
2020-2021,جامعة ولونغونغ فى دبى,UNIVERSITY OF WOLLONGONG IN DUBAI,دبي,Dubai,فرع مؤسسة دولية,Branch of International Institution,Non-National,Graduate Certificate,NS,4
2020-2021,جامعة ولونغونغ فى دبى,UNIVERSITY OF WOLLONGONG IN DUBAI,دبي,Dubai,فرع مؤسسة دولية,Branch of International Institution,National,Graduate Certificate,T,3
2020-2021,جامعة ولونغونغ فى دبى,UNIVERSITY OF WOLLONGONG IN DUBAI,دبي,Dubai,فرع مؤسسة دولية,Branch of International Institution,Non-National,Graduate Certificate,T,3
2020-2021,جامعة ولونغونغ فى دبى,UNIVERSITY OF WOLLONGONG IN DUBAI,دبي,Dubai,فرع مؤسسة دولية,Branch of International Institution,Non-National,Graduate Diploma,NS,2
2020-2021,جامعة ولونغونغ فى دبى,UNIVERSITY OF WOLLONGONG IN DUBAI,دبي,Dubai,فرع مؤسسة دولية,Branch of International Institution,National,Master of Business Administration,NS,4
2020-2021,جامعة ولونغونغ فى دبى,UNIVERSITY OF WOLLONGONG IN DUBAI,دبي,Dubai,فرع مؤسسة دولية,Branch of International Institution,Non-National,Master of Business Administration,NS,34
2020-2021,جامعة ولونغونغ فى دبى,UNIVERSITY OF WOLLONGONG IN DUBAI,دبي,Dubai,فرع مؤسسة دولية,Branch of International Institution,National,Masters,E,20
2020-2021,جامعة ولونغونغ فى دبى,UNIVERSITY OF WOLLONGONG IN DUBAI,دبي,Dubai,فرع مؤسسة دولية,Branch of International Institution,Non-National,Masters,E,61
2020-2021,جامعة ولونغونغ فى دبى,UNIVERSITY OF WOLLONGONG IN DUBAI,دبي,Dubai,فرع مؤسسة دولية,Branch of International Institution,National,Masters,NS,62
2020-2021,جامعة ولونغونغ فى دبى,UNIVERSITY OF WOLLONGONG IN DUBAI,دبي,Dubai,فرع مؤسسة دولية,Branch of International Institution,Non-National,Masters,NS,228
2020-2021,جامعة ولونغونغ فى دبى,UNIVERSITY OF WOLLONGONG IN DUBAI,دبي,Dubai,فرع مؤسسة دولية,Branch of International Institution,National,Masters,S,1
2020-2021,جامعة ولونغونغ فى دبى,UNIVERSITY OF WOLLONGONG IN DUBAI,دبي,Dubai,فرع مؤسسة دولية,Branch of International Institution,Non-National,Masters,S,4
2020-2021,جامعة ولونغونغ فى دبى,UNIVERSITY OF WOLLONGONG IN DUBAI,دبي,Dubai,فرع مؤسسة دولية,Branch of International Institution,National,Masters,T,4
2020-2021,جامعة ولونغونغ فى دبى,UNIVERSITY OF WOLLONGONG IN DUBAI,دبي,Dubai,فرع مؤسسة دولية,Branch of International Institution,Non-National,Masters,T,4
2020-2021,كليات التقنية العليا,HIGHER COLLEGES OF TECHNOLOGY,أبوظبي,Abu Dhabi,حكومة إتحادية,Federal Government,National,Bachelors,E,283
2020-2021,كليات التقنية العليا,HIGHER COLLEGES OF TECHNOLOGY,أبوظبي,Abu Dhabi,حكومة إتحادية,Federal Government,Non-National,Bachelors,E,43
2020-2021,كليات التقنية العليا,HIGHER COLLEGES OF TECHNOLOGY,أبوظبي,Abu Dhabi,حكومة إتحادية,Federal Government,National,Bachelors,NS,446
2020-2021,كليات التقنية العليا,HIGHER COLLEGES OF TECHNOLOGY,أبوظبي,Abu Dhabi,حكومة إتحادية,Federal Government,Non-National,Bachelors,NS,18
2020-2021,كليات التقنية العليا,HIGHER COLLEGES OF TECHNOLOGY,أبوظبي,Abu Dhabi,حكومة إتحادية,Federal Government,National,Bachelors,S,47
2020-2021,كليات التقنية العليا,HIGHER COLLEGES OF TECHNOLOGY,أبوظبي,Abu Dhabi,حكومة إتحادية,Federal Government,Non-National,Bachelors,S,2
2020-2021,كليات التقنية العليا,HIGHER COLLEGES OF TECHNOLOGY,أبوظبي,Abu Dhabi,حكومة إتحادية,Federal Government,National,Bachelors,T,209
2020-2021,كليات التقنية العليا,HIGHER COLLEGES OF TECHNOLOGY,أبوظبي,Abu Dhabi,حكومة إتحادية,Federal Government,Non-National,Bachelors,T,5
2020-2021,كليات التقنية العليا,HIGHER COLLEGES OF TECHNOLOGY,أبوظبي,Abu Dhabi,حكومة إتحادية,Federal Government,National,Diploma,E,15
2020-2021,كليات التقنية العليا,HIGHER COLLEGES OF TECHNOLOGY,أبوظبي,Abu Dhabi,حكومة إتحادية,Federal Government,National,Diploma,NS,2
2020-2021,كليات التقنية العليا,HIGHER COLLEGES OF TECHNOLOGY,أبوظبي,Abu Dhabi,حكومة إتحادية,Federal Government,National,Diploma,S,97
2020-2021,كليات التقنية العليا,HIGHER COLLEGES OF TECHNOLOGY,أبوظبي,Abu Dhabi,حكومة إتحادية,Federal Government,National,Higher Diploma,NS,9
2020-2021,كليات التقنية العليا,HIGHER COLLEGES OF TECHNOLOGY,أبوظبي,Abu Dhabi,حكومة إتحادية,Federal Government,Non-National,Higher Diploma,NS,2
2020-2021,كليات التقنية العليا,HIGHER COLLEGES OF TECHNOLOGY,أبوظبي,Abu Dhabi,حكومة إتحادية,Federal Government,National,Higher Diploma,S,1
2020-2021,كليات التقنية العليا,HIGHER COLLEGES OF TECHNOLOGY,أبوظبي,Abu Dhabi,حكومة إتحادية,Federal Government,National,Higher Diploma,T,4
2020-2021,كليات التقنية العليا,HIGHER COLLEGES OF TECHNOLOGY,الشارقة,Sharjah,حكومة إتحادية,Federal Government,National,Bachelors,E,224
2020-2021,كليات التقنية العليا,HIGHER COLLEGES OF TECHNOLOGY,الشارقة,Sharjah,حكومة إتحادية,Federal Government,Non-National,Bachelors,E,10
2020-2021,كليات التقنية العليا,HIGHER COLLEGES OF TECHNOLOGY,الشارقة,Sharjah,حكومة إتحادية,Federal Government,National,Bachelors,NS,340
2020-2021,كليات التقنية العليا,HIGHER COLLEGES OF TECHNOLOGY,الشارقة,Sharjah,حكومة إتحادية,Federal Government,Non-National,Bachelors,NS,21
2020-2021,كليات التقنية العليا,HIGHER COLLEGES OF TECHNOLOGY,الشارقة,Sharjah,حكومة إتحادية,Federal Government,National,Bachelors,S,58
2020-2021,كليات التقنية العليا,HIGHER COLLEGES OF TECHNOLOGY,الشارقة,Sharjah,حكومة إتحادية,Federal Government,Non-National,Bachelors,S,7
2020-2021,كليات التقنية العليا,HIGHER COLLEGES OF TECHNOLOGY,الشارقة,Sharjah,حكومة إتحادية,Federal Government,National,Bachelors,T,101
2020-2021,كليات التقنية العليا,HIGHER COLLEGES OF TECHNOLOGY,الشارقة,Sharjah,حكومة إتحادية,Federal Government,Non-National,Bachelors,T,6
2020-2021,كليات التقنية العليا,HIGHER COLLEGES OF TECHNOLOGY,الشارقة,Sharjah,حكومة إتحادية,Federal Government,National,Certificate,NS,10
2020-2021,كليات التقنية العليا,HIGHER COLLEGES OF TECHNOLOGY,الشارقة,Sharjah,حكومة إتحادية,Federal Government,Non-National,Certificate,NS,2
2020-2021,كليات التقنية العليا,HIGHER COLLEGES OF TECHNOLOGY,الشارقة,Sharjah,حكومة إتحادية,Federal Government,National,Diploma,E,3
2020-2021,كليات التقنية العليا,HIGHER COLLEGES OF TECHNOLOGY,الشارقة,Sharjah,حكومة إتحادية,Federal Government,National,Diploma,NS,4
2020-2021,كليات التقنية العليا,HIGHER COLLEGES OF TECHNOLOGY,الشارقة,Sharjah,حكومة إتحادية,Federal Government,National,Diploma,S,26
2020-2021,كليات التقنية العليا,HIGHER COLLEGES OF TECHNOLOGY,الشارقة,Sharjah,حكومة إتحادية,Federal Government,National,Higher Diploma,NS,3
2020-2021,كليات التقنية العليا,HIGHER COLLEGES OF TECHNOLOGY,الشارقة,Sharjah,حكومة إتحادية,Federal Government,National,Higher Diploma,S,1
2020-2021,كليات التقنية العليا,HIGHER COLLEGES OF TECHNOLOGY,الشارقة,Sharjah,حكومة إتحادية,Federal Government,National,Higher Diploma,T,2
2020-2021,كليات التقنية العليا,HIGHER COLLEGES OF TECHNOLOGY,الفجيرة,Fujairah,حكومة إتحادية,Federal Government,National,Bachelors,E,118
2020-2021,كليات التقنية العليا,HIGHER COLLEGES OF TECHNOLOGY,الفجيرة,Fujairah,حكومة إتحادية,Federal Government,Non-National,Bachelors,E,1
2020-2021,كليات التقنية العليا,HIGHER COLLEGES OF TECHNOLOGY,الفجيرة,Fujairah,حكومة إتحادية,Federal Government,National,Bachelors,NS,73
2020-2021,كليات التقنية العليا,HIGHER COLLEGES OF TECHNOLOGY,الفجيرة,Fujairah,حكومة إتحادية,Federal Government,National,Bachelors,S,22
2020-2021,كليات التقنية العليا,HIGHER COLLEGES OF TECHNOLOGY,الفجيرة,Fujairah,حكومة إتحادية,Federal Government,National,Bachelors,T,77
2020-2021,كليات التقنية العليا,HIGHER COLLEGES OF TECHNOLOGY,الفجيرة,Fujairah,حكومة إتحادية,Federal Government,National,Diploma,E,4
2020-2021,كليات التقنية العليا,HIGHER COLLEGES OF TECHNOLOGY,الفجيرة,Fujairah,حكومة إتحادية,Federal Government,National,Higher Diploma,S,1
2020-2021,كليات التقنية العليا,HIGHER COLLEGES OF TECHNOLOGY,الفجيرة,Fujairah,حكومة إتحادية,Federal Government,National,Higher Diploma,T,1
2020-2021,كليات التقنية العليا,HIGHER COLLEGES OF TECHNOLOGY,دبي,Dubai,حكومة إتحادية,Federal Government,National,Bachelors,E,193
2020-2021,كليات التقنية العليا,HIGHER COLLEGES OF TECHNOLOGY,دبي,Dubai,حكومة إتحادية,Federal Government,Non-National,Bachelors,E,8
2020-2021,كليات التقنية العليا,HIGHER COLLEGES OF TECHNOLOGY,دبي,Dubai,حكومة إتحادية,Federal Government,National,Bachelors,NS,222
2020-2021,كليات التقنية العليا,HIGHER COLLEGES OF TECHNOLOGY,دبي,Dubai,حكومة إتحادية,Federal Government,Non-National,Bachelors,NS,7
2020-2021,كليات التقنية العليا,HIGHER COLLEGES OF TECHNOLOGY,دبي,Dubai,حكومة إتحادية,Federal Government,National,Bachelors,S,30
2020-2021,كليات التقنية العليا,HIGHER COLLEGES OF TECHNOLOGY,دبي,Dubai,حكومة إتحادية,Federal Government,Non-National,Bachelors,S,2
2020-2021,كليات التقنية العليا,HIGHER COLLEGES OF TECHNOLOGY,دبي,Dubai,حكومة إتحادية,Federal Government,National,Bachelors,T,121
2020-2021,كليات التقنية العليا,HIGHER COLLEGES OF TECHNOLOGY,دبي,Dubai,حكومة إتحادية,Federal Government,Non-National,Bachelors,T,3
2020-2021,كليات التقنية العليا,HIGHER COLLEGES OF TECHNOLOGY,دبي,Dubai,حكومة إتحادية,Federal Government,National,Certificate,NS,4
2020-2021,كليات التقنية العليا,HIGHER COLLEGES OF TECHNOLOGY,دبي,Dubai,حكومة إتحادية,Federal Government,Non-National,Certificate,NS,1
2020-2021,كليات التقنية العليا,HIGHER COLLEGES OF TECHNOLOGY,دبي,Dubai,حكومة إتحادية,Federal Government,National,Diploma,E,7
2020-2021,كليات التقنية العليا,HIGHER COLLEGES OF TECHNOLOGY,دبي,Dubai,حكومة إتحادية,Federal Government,National,Diploma,S,2
2020-2021,كليات التقنية العليا,HIGHER COLLEGES OF TECHNOLOGY,دبي,Dubai,حكومة إتحادية,Federal Government,National,Higher Diploma,NS,9
2020-2021,كليات التقنية العليا,HIGHER COLLEGES OF TECHNOLOGY,دبي,Dubai,حكومة إتحادية,Federal Government,National,Higher Diploma,S,1
2020-2021,كليات التقنية العليا,HIGHER COLLEGES OF TECHNOLOGY,دبي,Dubai,حكومة إتحادية,Federal Government,National,Higher Diploma,T,1
2020-2021,كليات التقنية العليا,HIGHER COLLEGES OF TECHNOLOGY,رأس الخيمة,Ras Al Khaima,حكومة إتحادية,Federal Government,National,Bachelors,E,97
2020-2021,كليات التقنية العليا,HIGHER COLLEGES OF TECHNOLOGY,رأس الخيمة,Ras Al Khaima,حكومة إتحادية,Federal Government,Non-National,Bachelors,E,1
2020-2021,كليات التقنية العليا,HIGHER COLLEGES OF TECHNOLOGY,رأس الخيمة,Ras Al Khaima,حكومة إتحادية,Federal Government,National,Bachelors,NS,153
2020-2021,كليات التقنية العليا,HIGHER COLLEGES OF TECHNOLOGY,رأس الخيمة,Ras Al Khaima,حكومة إتحادية,Federal Government,Non-National,Bachelors,NS,1
2020-2021,كليات التقنية العليا,HIGHER COLLEGES OF TECHNOLOGY,رأس الخيمة,Ras Al Khaima,حكومة إتحادية,Federal Government,National,Bachelors,T,84
2020-2021,كليات التقنية العليا,HIGHER COLLEGES OF TECHNOLOGY,رأس الخيمة,Ras Al Khaima,حكومة إتحادية,Federal Government,Non-National,Bachelors,T,2
2020-2021,كليات التقنية العليا,HIGHER COLLEGES OF TECHNOLOGY,رأس الخيمة,Ras Al Khaima,حكومة إتحادية,Federal Government,National,Diploma,E,4
2020-2021,كليات التقنية العليا,HIGHER COLLEGES OF TECHNOLOGY,رأس الخيمة,Ras Al Khaima,حكومة إتحادية,Federal Government,National,Higher Diploma,NS,1
2020-2021,كلية  الخوارزمى الدولية,AL KHAWARIZMI INTERNATIONAL COLLEGE,أبوظبي,Abu Dhabi,خاصة,Private,National,Bachelors,NS,98
2020-2021,كلية  الخوارزمى الدولية,AL KHAWARIZMI INTERNATIONAL COLLEGE,أبوظبي,Abu Dhabi,خاصة,Private,Non-National,Bachelors,NS,61
2020-2021,كلية  الخوارزمى الدولية,AL KHAWARIZMI INTERNATIONAL COLLEGE,أبوظبي,Abu Dhabi,خاصة,Private,National,Bachelors,S,7
2020-2021,كلية  الخوارزمى الدولية,AL KHAWARIZMI INTERNATIONAL COLLEGE,أبوظبي,Abu Dhabi,خاصة,Private,Non-National,Bachelors,S,32
2020-2021,كلية  الخوارزمى الدولية,AL KHAWARIZMI INTERNATIONAL COLLEGE,أبوظبي,Abu Dhabi,خاصة,Private,National,Bachelors,T,16
2020-2021,كلية  الخوارزمى الدولية,AL KHAWARIZMI INTERNATIONAL COLLEGE,أبوظبي,Abu Dhabi,خاصة,Private,Non-National,Bachelors,T,18
2020-2021,كلية  الخوارزمى الدولية,AL KHAWARIZMI INTERNATIONAL COLLEGE,أبوظبي,Abu Dhabi,خاصة,Private,National,Diploma,NS,4
2020-2021,كلية  الخوارزمى الدولية,AL KHAWARIZMI INTERNATIONAL COLLEGE,أبوظبي,Abu Dhabi,خاصة,Private,Non-National,Diploma,NS,12
2020-2021,كلية  الخوارزمى الدولية,AL KHAWARIZMI INTERNATIONAL COLLEGE,أبوظبي,Abu Dhabi,خاصة,Private,Non-National,Diploma,S,14
2020-2021,كلية  الخوارزمى الدولية,AL KHAWARIZMI INTERNATIONAL COLLEGE,أبوظبي,Abu Dhabi,خاصة,Private,National,Diploma,T,18
2020-2021,كلية  الخوارزمى الدولية,AL KHAWARIZMI INTERNATIONAL COLLEGE,أبوظبي,Abu Dhabi,خاصة,Private,Non-National,Diploma,T,22
2020-2021,كلية أبوظبي للإدارة,ABU DHABI SCHOOL OF MANAGEMENT,أبوظبي,Abu Dhabi,شبه حكومية,Semi Government,National,Master of Business Administration,NS,53
2020-2021,كلية أبوظبي للإدارة,ABU DHABI SCHOOL OF MANAGEMENT,أبوظبي,Abu Dhabi,شبه حكومية,Semi Government,National,Masters,NS,64
2020-2021,كلية أبوظبي للإدارة,ABU DHABI SCHOOL OF MANAGEMENT,أبوظبي,Abu Dhabi,شبه حكومية,Semi Government,Non-National,Masters,NS,1
2020-2021,كلية الأفق الجامعية,SKYLINE UNIVERSITY COLLEGE,الشارقة,Sharjah,خاصة,Private,National,Bachelors,NS,49
2020-2021,كلية الأفق الجامعية,SKYLINE UNIVERSITY COLLEGE,الشارقة,Sharjah,خاصة,Private,Non-National,Bachelors,NS,30
2020-2021,كلية الأفق الجامعية,SKYLINE UNIVERSITY COLLEGE,الشارقة,Sharjah,خاصة,Private,National,Bachelors,T,42
2020-2021,كلية الأفق الجامعية,SKYLINE UNIVERSITY COLLEGE,الشارقة,Sharjah,خاصة,Private,Non-National,Bachelors,T,8
2020-2021,كلية الأفق الجامعية,SKYLINE UNIVERSITY COLLEGE,الشارقة,Sharjah,خاصة,Private,National,Master of Business Administration,NS,197
2020-2021,كلية الأفق الجامعية,SKYLINE UNIVERSITY COLLEGE,الشارقة,Sharjah,خاصة,Private,Non-National,Master of Business Administration,NS,16
2020-2021,كلية الإمارات للتطوير التربوي,EMIRATES COLLEGE FOR ADVANCED EDUCATION,أبوظبي,Abu Dhabi,حكومة محلية,Local Government,National,Bachelors,NS,7
2020-2021,كلية الإمارات للتطوير التربوي,EMIRATES COLLEGE FOR ADVANCED EDUCATION,أبوظبي,Abu Dhabi,حكومة محلية,Local Government,Non-National,Bachelors,NS,2
2020-2021,كلية الإمارات للتطوير التربوي,EMIRATES COLLEGE FOR ADVANCED EDUCATION,أبوظبي,Abu Dhabi,حكومة محلية,Local Government,National,Graduate Diploma,NS,2
2020-2021,كلية الإمارات للتطوير التربوي,EMIRATES COLLEGE FOR ADVANCED EDUCATION,أبوظبي,Abu Dhabi,حكومة محلية,Local Government,Non-National,Graduate Diploma,NS,2
2020-2021,كلية الإمارات للتطوير التربوي,EMIRATES COLLEGE FOR ADVANCED EDUCATION,أبوظبي,Abu Dhabi,حكومة محلية,Local Government,National,Masters,NS,9
2020-2021,كلية الإمارات للتطوير التربوي,EMIRATES COLLEGE FOR ADVANCED EDUCATION,أبوظبي,Abu Dhabi,حكومة محلية,Local Government,Non-National,Masters,NS,10
2020-2021,كلية الإمارات للتطوير التربوي,EMIRATES COLLEGE FOR ADVANCED EDUCATION,عجمان,Ajman,حكومة محلية,Local Government,National,Graduate Diploma,NS,3
2020-2021,كلية الإمارات للتطوير التربوي,EMIRATES COLLEGE FOR ADVANCED EDUCATION,عجمان,Ajman,حكومة محلية,Local Government,National,Masters,NS,11
2020-2021,كلية الإمارات للتطوير التربوي,EMIRATES COLLEGE FOR ADVANCED EDUCATION,عجمان,Ajman,حكومة محلية,Local Government,Non-National,Masters,NS,1
2020-2021,كلية الإمام مالك للشريعة الإسلامية والقانون,IMAM MALIK COLLEGE FOR ISLAMIC SHARIA AND LAW,دبي,Dubai,حكومة محلية,Local Government,National,Bachelors,NS,46
2020-2021,كلية الإمام مالك للشريعة الإسلامية والقانون,IMAM MALIK COLLEGE FOR ISLAMIC SHARIA AND LAW,دبي,Dubai,حكومة محلية,Local Government,Non-National,Bachelors,NS,42
2020-2021,كلية الإمام مالك للشريعة الإسلامية والقانون,IMAM MALIK COLLEGE FOR ISLAMIC SHARIA AND LAW,دبي,Dubai,حكومة محلية,Local Government,National,Masters,NS,8
2020-2021,كلية الإمام مالك للشريعة الإسلامية والقانون,IMAM MALIK COLLEGE FOR ISLAMIC SHARIA AND LAW,دبي,Dubai,حكومة محلية,Local Government,Non-National,Masters,NS,7
2020-2021,كلية الدار الجامعية,AL DAR UNIVERSITY COLLEGE,دبي,Dubai,خاصة,Private,National,Bachelors,E,47
2020-2021,كلية الدار الجامعية,AL DAR UNIVERSITY COLLEGE,دبي,Dubai,خاصة,Private,Non-National,Bachelors,E,8
2020-2021,كلية الدار الجامعية,AL DAR UNIVERSITY COLLEGE,دبي,Dubai,خاصة,Private,National,Bachelors,NS,62
2020-2021,كلية الدار الجامعية,AL DAR UNIVERSITY COLLEGE,دبي,Dubai,خاصة,Private,Non-National,Bachelors,NS,50
2020-2021,كلية الدار الجامعية,AL DAR UNIVERSITY COLLEGE,دبي,Dubai,خاصة,Private,National,Bachelors,T,17
2020-2021,كلية الدار الجامعية,AL DAR UNIVERSITY COLLEGE,دبي,Dubai,خاصة,Private,Non-National,Bachelors,T,25
2020-2021,كلية المدينة الجامعية بعجمان,CITY UNIVERSITY AJMAN,عجمان,Ajman,خاصة,Private,National,Bachelors,NS,251
2020-2021,كلية المدينة الجامعية بعجمان,CITY UNIVERSITY AJMAN,عجمان,Ajman,خاصة,Private,Non-National,Bachelors,NS,121
2020-2021,كلية المدينة الجامعية بعجمان,CITY UNIVERSITY AJMAN,عجمان,Ajman,خاصة,Private,National,Graduate Diploma,NS,1
2020-2021,كلية المدينة الجامعية بعجمان,CITY UNIVERSITY AJMAN,عجمان,Ajman,خاصة,Private,Non-National,Graduate Diploma,NS,47
2020-2021,كلية المدينة الجامعية بعجمان,CITY UNIVERSITY AJMAN,عجمان,Ajman,خاصة,Private,National,Master of Business Administration,NS,63
2020-2021,كلية المدينة الجامعية بعجمان,CITY UNIVERSITY AJMAN,عجمان,Ajman,خاصة,Private,Non-National,Master of Business Administration,NS,14
2020-2021,كلية المدينة الجامعية بعجمان,CITY UNIVERSITY AJMAN,عجمان,Ajman,خاصة,Private,National,Masters,NS,18
2020-2021,كلية المدينة الجامعية بعجمان,CITY UNIVERSITY AJMAN,عجمان,Ajman,خاصة,Private,Non-National,Masters,NS,1
2020-2021,كلية دبي الطبية للبنات,DUBAI MEDICAL COLLEGE FOR GIRLS,أبوظبي,Abu Dhabi,خاصة,Private,National,"(MBBS)Bachelor of Medicine, Bachelor of Surgery",S,1
2020-2021,كلية دبي الطبية للبنات,DUBAI MEDICAL COLLEGE FOR GIRLS,أبوظبي,Abu Dhabi,خاصة,Private,Non-National,"(MBBS)Bachelor of Medicine, Bachelor of Surgery",S,12
2020-2021,كلية دبي الطبية للبنات,DUBAI MEDICAL COLLEGE FOR GIRLS,الشارقة,Sharjah,خاصة,Private,Non-National,"(MBBS)Bachelor of Medicine, Bachelor of Surgery",S,9
2020-2021,كلية دبي الطبية للبنات,DUBAI MEDICAL COLLEGE FOR GIRLS,الفجيرة,Fujairah,خاصة,Private,Non-National,"(MBBS)Bachelor of Medicine, Bachelor of Surgery",S,2
2020-2021,كلية دبي الطبية للبنات,DUBAI MEDICAL COLLEGE FOR GIRLS,دبي,Dubai,خاصة,Private,National,"(MBBS)Bachelor of Medicine, Bachelor of Surgery",S,5
2020-2021,كلية دبي الطبية للبنات,DUBAI MEDICAL COLLEGE FOR GIRLS,دبي,Dubai,خاصة,Private,Non-National,"(MBBS)Bachelor of Medicine, Bachelor of Surgery",S,26
2020-2021,كلية دبي الطبية للبنات,DUBAI MEDICAL COLLEGE FOR GIRLS,عجمان,Ajman,خاصة,Private,Non-National,"(MBBS)Bachelor of Medicine, Bachelor of Surgery",S,3
2020-2021,كلية دبي للصيدلة,DUBAI PHARMACY COLLEGE FOR GIRLS,دبي,Dubai,خاصة,Private,National,Bachelors,S,3
2020-2021,كلية دبي للصيدلة,DUBAI PHARMACY COLLEGE FOR GIRLS,دبي,Dubai,خاصة,Private,Non-National,Bachelors,S,52
2020-2021,كلية دبي للصيدلة,DUBAI PHARMACY COLLEGE FOR GIRLS,دبي,Dubai,خاصة,Private,National,Masters,S,5
2020-2021,كلية دبي للصيدلة,DUBAI PHARMACY COLLEGE FOR GIRLS,دبي,Dubai,خاصة,Private,Non-National,Masters,S,12
2020-2021,كلية فاطمة للعلوم الصحية,FATIMA COLLEGE OF HEALTH SCIENCES,أبوظبي,Abu Dhabi,حكومة محلية,Local Government,National,Bachelors,S,116
2020-2021,كلية فاطمة للعلوم الصحية,FATIMA COLLEGE OF HEALTH SCIENCES,أبوظبي,Abu Dhabi,حكومة محلية,Local Government,Non-National,Bachelors,S,93
2020-2021,كلية فاطمة للعلوم الصحية,FATIMA COLLEGE OF HEALTH SCIENCES,عجمان,Ajman,حكومة محلية,Local Government,National,Bachelors,S,22
2020-2021,كلية فاطمة للعلوم الصحية,FATIMA COLLEGE OF HEALTH SCIENCES,عجمان,Ajman,حكومة محلية,Local Government,Non-National,Bachelors,S,2
2020-2021,كلية ليوا للتكنولوجيا,LIWA COLLEGE OF TECHNOLOGY,أبوظبي,Abu Dhabi,خاصة,Private,National,Bachelors,NS,274
2020-2021,كلية ليوا للتكنولوجيا,LIWA COLLEGE OF TECHNOLOGY,أبوظبي,Abu Dhabi,خاصة,Private,Non-National,Bachelors,NS,70
2020-2021,كلية ليوا للتكنولوجيا,LIWA COLLEGE OF TECHNOLOGY,أبوظبي,Abu Dhabi,خاصة,Private,National,Bachelors,S,3
2020-2021,كلية ليوا للتكنولوجيا,LIWA COLLEGE OF TECHNOLOGY,أبوظبي,Abu Dhabi,خاصة,Private,Non-National,Bachelors,S,8
2020-2021,كلية ليوا للتكنولوجيا,LIWA COLLEGE OF TECHNOLOGY,أبوظبي,Abu Dhabi,خاصة,Private,National,Diploma,NS,32
2020-2021,كلية ليوا للتكنولوجيا,LIWA COLLEGE OF TECHNOLOGY,أبوظبي,Abu Dhabi,خاصة,Private,Non-National,Diploma,NS,24
2020-2021,كلية محمد بن راشد للإدارة الحكومية,MOHAMMED BIN RASHID SCHOOL OF GOVERNMENT,دبي,Dubai,حكومة محلية,Local Government,National,Graduate Diploma,NS,1
2020-2021,كلية محمد بن راشد للإدارة الحكومية,MOHAMMED BIN RASHID SCHOOL OF GOVERNMENT,دبي,Dubai,حكومة محلية,Local Government,National,Masters,NS,99
2020-2021,كلية محمد بن راشد للإدارة الحكومية,MOHAMMED BIN RASHID SCHOOL OF GOVERNMENT,دبي,Dubai,حكومة محلية,Local Government,Non-National,Masters,NS,3
2020-2021,كلية محمد بن راشد للإدارة الحكومية,MOHAMMED BIN RASHID SCHOOL OF GOVERNMENT,دبي,Dubai,حكومة محلية,Local Government,National,Masters,S,28
2020-2021,كلية محمد بن راشد للإدارة الحكومية,MOHAMMED BIN RASHID SCHOOL OF GOVERNMENT,دبي,Dubai,حكومة محلية,Local Government,Non-National,Masters,S,1
2020-2021,معهد أبوظبي للتعليم والتدريب المهني,ABU DHABI VOCATIONAL EDUCATION AND TRAINING INSTITUTE,أبوظبي,Abu Dhabi,حكومة محلية,Local Government,National,Certificate,E,6
2020-2021,معهد أبوظبي للتعليم والتدريب المهني,ABU DHABI VOCATIONAL EDUCATION AND TRAINING INSTITUTE,أبوظبي,Abu Dhabi,حكومة محلية,Local Government,National,Certificate,NS,45
2020-2021,معهد أبوظبي للتعليم والتدريب المهني,ABU DHABI VOCATIONAL EDUCATION AND TRAINING INSTITUTE,أبوظبي,Abu Dhabi,حكومة محلية,Local Government,National,Certificate,S,24
2020-2021,معهد أبوظبي للتعليم والتدريب المهني,ABU DHABI VOCATIONAL EDUCATION AND TRAINING INSTITUTE,أبوظبي,Abu Dhabi,حكومة محلية,Local Government,National,Diploma,E,367
2020-2021,معهد أبوظبي للتعليم والتدريب المهني,ABU DHABI VOCATIONAL EDUCATION AND TRAINING INSTITUTE,أبوظبي,Abu Dhabi,حكومة محلية,Local Government,Non-National,Diploma,E,3
2020-2021,معهد أبوظبي للتعليم والتدريب المهني,ABU DHABI VOCATIONAL EDUCATION AND TRAINING INSTITUTE,أبوظبي,Abu Dhabi,حكومة محلية,Local Government,National,Diploma,NS,136
2020-2021,معهد أبوظبي للتعليم والتدريب المهني,ABU DHABI VOCATIONAL EDUCATION AND TRAINING INSTITUTE,أبوظبي,Abu Dhabi,حكومة محلية,Local Government,Non-National,Diploma,NS,5
2020-2021,معهد أبوظبي للتعليم والتدريب المهني,ABU DHABI VOCATIONAL EDUCATION AND TRAINING INSTITUTE,أبوظبي,Abu Dhabi,حكومة محلية,Local Government,National,Diploma,S,219
2020-2021,معهد أبوظبي للتعليم والتدريب المهني,ABU DHABI VOCATIONAL EDUCATION AND TRAINING INSTITUTE,أبوظبي,Abu Dhabi,حكومة محلية,Local Government,Non-National,Diploma,S,3
2020-2021,معهد أبوظبي للتعليم والتدريب المهني,ABU DHABI VOCATIONAL EDUCATION AND TRAINING INSTITUTE,أبوظبي,Abu Dhabi,حكومة محلية,Local Government,National,Diploma,T,10
2020-2021,معهد أبوظبي للتعليم والتدريب المهني,ABU DHABI VOCATIONAL EDUCATION AND TRAINING INSTITUTE,أبوظبي,Abu Dhabi,حكومة محلية,Local Government,National,Higher Diploma,NS,55
2020-2021,معهد أبوظبي للتعليم والتدريب المهني,ABU DHABI VOCATIONAL EDUCATION AND TRAINING INSTITUTE,أبوظبي,Abu Dhabi,حكومة محلية,Local Government,Non-National,Higher Diploma,NS,2
2020-2021,معهد أبوظبي للتعليم والتدريب المهني,ABU DHABI VOCATIONAL EDUCATION AND TRAINING INSTITUTE,أبوظبي,Abu Dhabi,حكومة محلية,Local Government,National,Higher Diploma,S,86
2020-2021,معهد الإمارات للدراسات المصرفية والمالية,EMIRATES INSTITUTE FOR BANKING AND FINANCIAL STUDIES,أبوظبي,Abu Dhabi,حكومة محلية,Local Government,National,Bachelors,NS,4
2020-2021,معهد الإمارات للدراسات المصرفية والمالية,EMIRATES INSTITUTE FOR BANKING AND FINANCIAL STUDIES,أبوظبي,Abu Dhabi,حكومة محلية,Local Government,Non-National,Bachelors,NS,11
2020-2021,معهد الإمارات للدراسات المصرفية والمالية,EMIRATES INSTITUTE FOR BANKING AND FINANCIAL STUDIES,أبوظبي,Abu Dhabi,حكومة محلية,Local Government,National,Diploma,NS,1
2020-2021,معهد الإمارات للدراسات المصرفية والمالية,EMIRATES INSTITUTE FOR BANKING AND FINANCIAL STUDIES,أبوظبي,Abu Dhabi,حكومة محلية,Local Government,Non-National,Diploma,NS,2
2020-2021,معهد الإمارات للدراسات المصرفية والمالية,EMIRATES INSTITUTE FOR BANKING AND FINANCIAL STUDIES,الشارقة,Sharjah,حكومة محلية,Local Government,National,Bachelors,NS,2
2020-2021,معهد الإمارات للدراسات المصرفية والمالية,EMIRATES INSTITUTE FOR BANKING AND FINANCIAL STUDIES,الشارقة,Sharjah,حكومة محلية,Local Government,Non-National,Bachelors,NS,7
2020-2021,معهد الإمارات للدراسات المصرفية والمالية,EMIRATES INSTITUTE FOR BANKING AND FINANCIAL STUDIES,الشارقة,Sharjah,حكومة محلية,Local Government,Non-National,Diploma,NS,5
2020-2021,معهد الإمارات للدراسات المصرفية والمالية,EMIRATES INSTITUTE FOR BANKING AND FINANCIAL STUDIES,دبي,Dubai,حكومة محلية,Local Government,Non-National,Bachelors,NS,1
2020-2021,معهد الإمارات للدراسات المصرفية والمالية,EMIRATES INSTITUTE FOR BANKING AND FINANCIAL STUDIES,دبي,Dubai,حكومة محلية,Local Government,Non-National,Diploma,NS,1
2020-2021,معهد تكنولوجيا إدارة الأعمال بدبي - أي. أم. تي,INSTITUTE OF MANAGEMENT TECHNOLOGY-DUBAI,أبوظبي,Abu Dhabi,خاصة,Private,Non-National,Masters,NS,1
2020-2021,معهد تكنولوجيا إدارة الأعمال بدبي - أي. أم. تي,INSTITUTE OF MANAGEMENT TECHNOLOGY-DUBAI,دبي,Dubai,خاصة,Private,National,Bachelors,NS,44
2020-2021,معهد تكنولوجيا إدارة الأعمال بدبي - أي. أم. تي,INSTITUTE OF MANAGEMENT TECHNOLOGY-DUBAI,دبي,Dubai,خاصة,Private,Non-National,Bachelors,NS,3
2020-2021,معهد تكنولوجيا إدارة الأعمال بدبي - أي. أم. تي,INSTITUTE OF MANAGEMENT TECHNOLOGY-DUBAI,دبي,Dubai,خاصة,Private,Non-National,Master of Business Administration,NS,12
2020-2021,معهد تكنولوجيا إدارة الأعمال بدبي - أي. أم. تي,INSTITUTE OF MANAGEMENT TECHNOLOGY-DUBAI,دبي,Dubai,خاصة,Private,National,Masters,NS,129
2020-2021,معهد تكنولوجيا إدارة الأعمال بدبي - أي. أم. تي,INSTITUTE OF MANAGEMENT TECHNOLOGY-DUBAI,دبي,Dubai,خاصة,Private,Non-National,Masters,NS,2
2020-2021,معهد روشيستر للتكنولوجيا,ROCHESTER INSTITUTE OF TECHNOLOGY- DUBAI,دبي,Dubai,فرع مؤسسة دولية,Branch of International Institution,National,Bachelors,E,1
2020-2021,معهد روشيستر للتكنولوجيا,ROCHESTER INSTITUTE OF TECHNOLOGY- DUBAI,دبي,Dubai,فرع مؤسسة دولية,Branch of International Institution,Non-National,Bachelors,E,52
2020-2021,معهد روشيستر للتكنولوجيا,ROCHESTER INSTITUTE OF TECHNOLOGY- DUBAI,دبي,Dubai,فرع مؤسسة دولية,Branch of International Institution,National,Bachelors,NS,1
2020-2021,معهد روشيستر للتكنولوجيا,ROCHESTER INSTITUTE OF TECHNOLOGY- DUBAI,دبي,Dubai,فرع مؤسسة دولية,Branch of International Institution,Non-National,Bachelors,NS,23
2020-2021,معهد روشيستر للتكنولوجيا,ROCHESTER INSTITUTE OF TECHNOLOGY- DUBAI,دبي,Dubai,فرع مؤسسة دولية,Branch of International Institution,Non-National,Bachelors,T,15
2020-2021,معهد روشيستر للتكنولوجيا,ROCHESTER INSTITUTE OF TECHNOLOGY- DUBAI,دبي,Dubai,فرع مؤسسة دولية,Branch of International Institution,National,Masters,E,17
2020-2021,معهد روشيستر للتكنولوجيا,ROCHESTER INSTITUTE OF TECHNOLOGY- DUBAI,دبي,Dubai,فرع مؤسسة دولية,Branch of International Institution,Non-National,Masters,E,16
2020-2021,معهد روشيستر للتكنولوجيا,ROCHESTER INSTITUTE OF TECHNOLOGY- DUBAI,دبي,Dubai,فرع مؤسسة دولية,Branch of International Institution,National,Masters,NS,29
2020-2021,معهد روشيستر للتكنولوجيا,ROCHESTER INSTITUTE OF TECHNOLOGY- DUBAI,دبي,Dubai,فرع مؤسسة دولية,Branch of International Institution,Non-National,Masters,NS,14
2020-2021,معهد روشيستر للتكنولوجيا,ROCHESTER INSTITUTE OF TECHNOLOGY- DUBAI,دبي,Dubai,فرع مؤسسة دولية,Branch of International Institution,Non-National,Masters,T,5
2020-2021,معهد نيويورك للتكنولوجيا,NEW YORK INSTITUTE OF TECHNOLOGY,أبوظبي,Abu Dhabi,فرع مؤسسة دولية,Branch of International Institution,Non-National,Bachelors,E,1
2020-2021,معهد نيويورك للتكنولوجيا,NEW YORK INSTITUTE OF TECHNOLOGY,أبوظبي,Abu Dhabi,فرع مؤسسة دولية,Branch of International Institution,National,Bachelors,NS,2
2020-2021,معهد نيويورك للتكنولوجيا,NEW YORK INSTITUTE OF TECHNOLOGY,أبوظبي,Abu Dhabi,فرع مؤسسة دولية,Branch of International Institution,Non-National,Bachelors,NS,10
2021-2022,أكاديمية أنور قرقاش الدبلوماسية,ANWAR GARGASH DIPLOMATIC ACADEMY,أبوظبي,Abu Dhabi,حكومة إتحادية,Federal Government,National,Graduate Diploma,NS,24
2021-2022,أكاديمية أنور قرقاش الدبلوماسية,ANWAR GARGASH DIPLOMATIC ACADEMY,أبوظبي,Abu Dhabi,حكومة إتحادية,Federal Government,National,Masters,NS,27
2021-2022,أكاديمية الإمارات لإدارة الضيافة,EMIRATES ACADEMY OF HOSPITALITY MANAGEMENT,دبي,Dubai,خاصة,Private,Non-National,Associate of Applied Science,NS,4
2021-2022,أكاديمية الإمارات لإدارة الضيافة,EMIRATES ACADEMY OF HOSPITALITY MANAGEMENT,دبي,Dubai,خاصة,Private,National,Bachelors,NS,5
2021-2022,أكاديمية الإمارات لإدارة الضيافة,EMIRATES ACADEMY OF HOSPITALITY MANAGEMENT,دبي,Dubai,خاصة,Private,Non-National,Bachelors,NS,23
2021-2022,أكاديمية الإمارات لإدارة الضيافة,EMIRATES ACADEMY OF HOSPITALITY MANAGEMENT,دبي,Dubai,خاصة,Private,National,Master of Business Administration,NS,2
2021-2022,أكاديمية الإمارات لإدارة الضيافة,EMIRATES ACADEMY OF HOSPITALITY MANAGEMENT,دبي,Dubai,خاصة,Private,Non-National,Master of Business Administration,NS,15
2021-2022,أكاديمية الإمارات للهوية والجنسية,EMIRATES ACADEMY FOR IDENTITY & CITIZENSHIP,أبوظبي,Abu Dhabi,حكومة محلية,Local Government,National,Bachelors,NS,49
2021-2022,أكاديمية الإمارات للهوية والجنسية,EMIRATES ACADEMY FOR IDENTITY & CITIZENSHIP,أبوظبي,Abu Dhabi,حكومة محلية,Local Government,Non-National,Bachelors,NS,4
2021-2022,أكاديمية الإمارات للهوية والجنسية,EMIRATES ACADEMY FOR IDENTITY & CITIZENSHIP,أبوظبي,Abu Dhabi,حكومة محلية,Local Government,National,Diploma,NS,3
2021-2022,أكاديمية ربدان,RABDAN ACADEMY,أبوظبي,Abu Dhabi,حكومة محلية,Local Government,National,Associate of Applied Science,NS,6
2021-2022,أكاديمية ربدان,RABDAN ACADEMY,أبوظبي,Abu Dhabi,حكومة محلية,Local Government,National,Bachelors,NS,98
2021-2022,أكاديمية ربدان,RABDAN ACADEMY,أبوظبي,Abu Dhabi,حكومة محلية,Local Government,National,Diploma,NS,12
2021-2022,أكاديمية ربدان,RABDAN ACADEMY,أبوظبي,Abu Dhabi,حكومة محلية,Local Government,National,Masters,NS,18
2021-2022,الجامعة الأمريكية في الإمارات,AMERICAN UNIVERSITY IN THE EMIRATES,دبي,Dubai,خاصة,Private,National,Bachelors,NS,186
2021-2022,الجامعة الأمريكية في الإمارات,AMERICAN UNIVERSITY IN THE EMIRATES,دبي,Dubai,خاصة,Private,Non-National,Bachelors,NS,137
2021-2022,الجامعة الأمريكية في الإمارات,AMERICAN UNIVERSITY IN THE EMIRATES,دبي,Dubai,خاصة,Private,Non-National,Bachelors,S,3
2021-2022,الجامعة الأمريكية في الإمارات,AMERICAN UNIVERSITY IN THE EMIRATES,دبي,Dubai,خاصة,Private,National,Bachelors,T,14
2021-2022,الجامعة الأمريكية في الإمارات,AMERICAN UNIVERSITY IN THE EMIRATES,دبي,Dubai,خاصة,Private,Non-National,Bachelors,T,8
2021-2022,الجامعة الأمريكية في الإمارات,AMERICAN UNIVERSITY IN THE EMIRATES,دبي,Dubai,خاصة,Private,National,Master of Business Administration,NS,8
2021-2022,الجامعة الأمريكية في الإمارات,AMERICAN UNIVERSITY IN THE EMIRATES,دبي,Dubai,خاصة,Private,Non-National,Master of Business Administration,NS,5
2021-2022,الجامعة الأمريكية في الإمارات,AMERICAN UNIVERSITY IN THE EMIRATES,دبي,Dubai,خاصة,Private,National,Masters,NS,71
2021-2022,الجامعة الأمريكية في الإمارات,AMERICAN UNIVERSITY IN THE EMIRATES,دبي,Dubai,خاصة,Private,Non-National,Masters,NS,12
2021-2022,الجامعة الأمريكية فى الشارقة,AMERICAN UNIVERSITY OF SHARJAH,الشارقة,Sharjah,حكومة محلية,Local Government,National,Bachelors,E,97
2021-2022,الجامعة الأمريكية فى الشارقة,AMERICAN UNIVERSITY OF SHARJAH,الشارقة,Sharjah,حكومة محلية,Local Government,Non-National,Bachelors,E,269
2021-2022,الجامعة الأمريكية فى الشارقة,AMERICAN UNIVERSITY OF SHARJAH,الشارقة,Sharjah,حكومة محلية,Local Government,National,Bachelors,NS,102
2021-2022,الجامعة الأمريكية فى الشارقة,AMERICAN UNIVERSITY OF SHARJAH,الشارقة,Sharjah,حكومة محلية,Local Government,Non-National,Bachelors,NS,308
2021-2022,الجامعة الأمريكية فى الشارقة,AMERICAN UNIVERSITY OF SHARJAH,الشارقة,Sharjah,حكومة محلية,Local Government,National,Bachelors,S,5
2021-2022,الجامعة الأمريكية فى الشارقة,AMERICAN UNIVERSITY OF SHARJAH,الشارقة,Sharjah,حكومة محلية,Local Government,Non-National,Bachelors,S,2
2021-2022,الجامعة الأمريكية فى الشارقة,AMERICAN UNIVERSITY OF SHARJAH,الشارقة,Sharjah,حكومة محلية,Local Government,Non-National,Bachelors,"S,M",13
2021-2022,الجامعة الأمريكية فى الشارقة,AMERICAN UNIVERSITY OF SHARJAH,الشارقة,Sharjah,حكومة محلية,Local Government,National,Bachelors,T,12
2021-2022,الجامعة الأمريكية فى الشارقة,AMERICAN UNIVERSITY OF SHARJAH,الشارقة,Sharjah,حكومة محلية,Local Government,Non-National,Bachelors,T,18
2021-2022,الجامعة الأمريكية فى الشارقة,AMERICAN UNIVERSITY OF SHARJAH,الشارقة,Sharjah,حكومة محلية,Local Government,National,Doctorate,E,1
2021-2022,الجامعة الأمريكية فى الشارقة,AMERICAN UNIVERSITY OF SHARJAH,الشارقة,Sharjah,حكومة محلية,Local Government,Non-National,Doctorate,E,4
2021-2022,الجامعة الأمريكية فى الشارقة,AMERICAN UNIVERSITY OF SHARJAH,الشارقة,Sharjah,حكومة محلية,Local Government,National,Master of Business Administration,NS,13
2021-2022,الجامعة الأمريكية فى الشارقة,AMERICAN UNIVERSITY OF SHARJAH,الشارقة,Sharjah,حكومة محلية,Local Government,Non-National,Master of Business Administration,NS,9
2021-2022,الجامعة الأمريكية فى الشارقة,AMERICAN UNIVERSITY OF SHARJAH,الشارقة,Sharjah,حكومة محلية,Local Government,National,Masters,E,20
2021-2022,الجامعة الأمريكية فى الشارقة,AMERICAN UNIVERSITY OF SHARJAH,الشارقة,Sharjah,حكومة محلية,Local Government,Non-National,Masters,E,65
2021-2022,الجامعة الأمريكية فى الشارقة,AMERICAN UNIVERSITY OF SHARJAH,الشارقة,Sharjah,حكومة محلية,Local Government,National,Masters,NS,5
2021-2022,الجامعة الأمريكية فى الشارقة,AMERICAN UNIVERSITY OF SHARJAH,الشارقة,Sharjah,حكومة محلية,Local Government,Non-National,Masters,NS,23
2021-2022,الجامعة الأمريكية فى الشارقة,AMERICAN UNIVERSITY OF SHARJAH,الشارقة,Sharjah,حكومة محلية,Local Government,National,Masters,"S,M",1
2021-2022,الجامعة الأمريكية فى الشارقة,AMERICAN UNIVERSITY OF SHARJAH,الشارقة,Sharjah,حكومة محلية,Local Government,Non-National,Masters,"S,M",10
2021-2022,الجامعة الأمريكية فى دبي,AMERICAN UNIVERSITY IN DUBAI,دبي,Dubai,خاصة,Private,National,Bachelors,E,21
2021-2022,الجامعة الأمريكية فى دبي,AMERICAN UNIVERSITY IN DUBAI,دبي,Dubai,خاصة,Private,Non-National,Bachelors,E,57
2021-2022,الجامعة الأمريكية فى دبي,AMERICAN UNIVERSITY IN DUBAI,دبي,Dubai,خاصة,Private,National,Bachelors,NS,53
2021-2022,الجامعة الأمريكية فى دبي,AMERICAN UNIVERSITY IN DUBAI,دبي,Dubai,خاصة,Private,Non-National,Bachelors,NS,146
2021-2022,الجامعة الأمريكية فى دبي,AMERICAN UNIVERSITY IN DUBAI,دبي,Dubai,خاصة,Private,National,Bachelors,"S,M",1
2021-2022,الجامعة الأمريكية فى دبي,AMERICAN UNIVERSITY IN DUBAI,دبي,Dubai,خاصة,Private,Non-National,Bachelors,"S,M",5
2021-2022,الجامعة الأمريكية فى دبي,AMERICAN UNIVERSITY IN DUBAI,دبي,Dubai,خاصة,Private,National,Bachelors,T,1
2021-2022,الجامعة الأمريكية فى دبي,AMERICAN UNIVERSITY IN DUBAI,دبي,Dubai,خاصة,Private,Non-National,Bachelors,T,4
2021-2022,الجامعة الأمريكية فى دبي,AMERICAN UNIVERSITY IN DUBAI,دبي,Dubai,خاصة,Private,National,Masters,NS,22
2021-2022,الجامعة الأمريكية فى دبي,AMERICAN UNIVERSITY IN DUBAI,دبي,Dubai,خاصة,Private,Non-National,Masters,NS,68
2021-2022,الجامعة الأمريكية فى دبي,AMERICAN UNIVERSITY IN DUBAI,دبي,Dubai,خاصة,Private,Non-National,Professional Diploma,NS,4
2021-2022,الجامعة الأمريكية في رأس الخيمة,AMERICAN UNIVERSITY OF RAS AL KHAIMAH,رأس الخيمة,Ras Al Khaima,حكومة محلية,Local Government,National,Bachelors,E,34
2021-2022,الجامعة الأمريكية في رأس الخيمة,AMERICAN UNIVERSITY OF RAS AL KHAIMAH,رأس الخيمة,Ras Al Khaima,حكومة محلية,Local Government,Non-National,Bachelors,E,41
2021-2022,الجامعة الأمريكية في رأس الخيمة,AMERICAN UNIVERSITY OF RAS AL KHAIMAH,رأس الخيمة,Ras Al Khaima,حكومة محلية,Local Government,National,Bachelors,NS,14
2021-2022,الجامعة الأمريكية في رأس الخيمة,AMERICAN UNIVERSITY OF RAS AL KHAIMAH,رأس الخيمة,Ras Al Khaima,حكومة محلية,Local Government,Non-National,Bachelors,NS,19
2021-2022,الجامعة الأمريكية في رأس الخيمة,AMERICAN UNIVERSITY OF RAS AL KHAIMAH,رأس الخيمة,Ras Al Khaima,حكومة محلية,Local Government,National,Bachelors,"S,M",4
2021-2022,الجامعة الأمريكية في رأس الخيمة,AMERICAN UNIVERSITY OF RAS AL KHAIMAH,رأس الخيمة,Ras Al Khaima,حكومة محلية,Local Government,Non-National,Bachelors,"S,M",7
2021-2022,الجامعة الأمريكية في رأس الخيمة,AMERICAN UNIVERSITY OF RAS AL KHAIMAH,رأس الخيمة,Ras Al Khaima,حكومة محلية,Local Government,National,Bachelors,T,2
2021-2022,الجامعة الأمريكية في رأس الخيمة,AMERICAN UNIVERSITY OF RAS AL KHAIMAH,رأس الخيمة,Ras Al Khaima,حكومة محلية,Local Government,Non-National,Bachelors,T,2
2021-2022,الجامعة الأمريكية في رأس الخيمة,AMERICAN UNIVERSITY OF RAS AL KHAIMAH,رأس الخيمة,Ras Al Khaima,حكومة محلية,Local Government,National,Graduate Diploma,NS,1
2021-2022,الجامعة الأمريكية في رأس الخيمة,AMERICAN UNIVERSITY OF RAS AL KHAIMAH,رأس الخيمة,Ras Al Khaima,حكومة محلية,Local Government,National,Master of Business Administration,NS,15
2021-2022,الجامعة الأمريكية في رأس الخيمة,AMERICAN UNIVERSITY OF RAS AL KHAIMAH,رأس الخيمة,Ras Al Khaima,حكومة محلية,Local Government,National,Masters,E,8
2021-2022,الجامعة الأمريكية في رأس الخيمة,AMERICAN UNIVERSITY OF RAS AL KHAIMAH,رأس الخيمة,Ras Al Khaima,حكومة محلية,Local Government,National,Masters,NS,2
2021-2022,الجامعة الأمريكية في رأس الخيمة,AMERICAN UNIVERSITY OF RAS AL KHAIMAH,رأس الخيمة,Ras Al Khaima,حكومة محلية,Local Government,Non-National,Masters,NS,4
2021-2022,الجامعة البريطانية فى دبي,BRITISH UNIVERSITY IN DUBAI,دبي,Dubai,حكومة محلية,Local Government,Non-National,Bachelors,NS,3
2021-2022,الجامعة البريطانية فى دبي,BRITISH UNIVERSITY IN DUBAI,دبي,Dubai,حكومة محلية,Local Government,National,Bachelors,T,4
2021-2022,الجامعة البريطانية فى دبي,BRITISH UNIVERSITY IN DUBAI,دبي,Dubai,حكومة محلية,Local Government,Non-National,Bachelors,T,6
2021-2022,الجامعة البريطانية فى دبي,BRITISH UNIVERSITY IN DUBAI,دبي,Dubai,حكومة محلية,Local Government,National,Doctor of Business Administrate,NS,3
2021-2022,الجامعة البريطانية فى دبي,BRITISH UNIVERSITY IN DUBAI,دبي,Dubai,حكومة محلية,Local Government,National,Doctor of Education,NS,1
2021-2022,الجامعة البريطانية فى دبي,BRITISH UNIVERSITY IN DUBAI,دبي,Dubai,حكومة محلية,Local Government,Non-National,Doctor of Education,NS,6
2021-2022,الجامعة البريطانية فى دبي,BRITISH UNIVERSITY IN DUBAI,دبي,Dubai,حكومة محلية,Local Government,National,Doctorate,E,1
2021-2022,الجامعة البريطانية فى دبي,BRITISH UNIVERSITY IN DUBAI,دبي,Dubai,حكومة محلية,Local Government,National,Doctorate,NS,7
2021-2022,الجامعة البريطانية فى دبي,BRITISH UNIVERSITY IN DUBAI,دبي,Dubai,حكومة محلية,Local Government,Non-National,Doctorate,NS,6
2021-2022,الجامعة البريطانية فى دبي,BRITISH UNIVERSITY IN DUBAI,دبي,Dubai,حكومة محلية,Local Government,National,Doctorate,T,1
2021-2022,الجامعة البريطانية فى دبي,BRITISH UNIVERSITY IN DUBAI,دبي,Dubai,حكومة محلية,Local Government,Non-National,Doctorate,T,4
2021-2022,الجامعة البريطانية فى دبي,BRITISH UNIVERSITY IN DUBAI,دبي,Dubai,حكومة محلية,Local Government,Non-National,Graduate Diploma,E,3
2021-2022,الجامعة البريطانية فى دبي,BRITISH UNIVERSITY IN DUBAI,دبي,Dubai,حكومة محلية,Local Government,Non-National,Graduate Diploma,NS,2
2021-2022,الجامعة البريطانية فى دبي,BRITISH UNIVERSITY IN DUBAI,دبي,Dubai,حكومة محلية,Local Government,National,Master of Business Administration,NS,9
2021-2022,الجامعة البريطانية فى دبي,BRITISH UNIVERSITY IN DUBAI,دبي,Dubai,حكومة محلية,Local Government,Non-National,Master of Business Administration,NS,7
2021-2022,الجامعة البريطانية فى دبي,BRITISH UNIVERSITY IN DUBAI,دبي,Dubai,حكومة محلية,Local Government,National,Masters,E,6
2021-2022,الجامعة البريطانية فى دبي,BRITISH UNIVERSITY IN DUBAI,دبي,Dubai,حكومة محلية,Local Government,Non-National,Masters,E,28
2021-2022,الجامعة البريطانية فى دبي,BRITISH UNIVERSITY IN DUBAI,دبي,Dubai,حكومة محلية,Local Government,National,Masters,NS,32
2021-2022,الجامعة البريطانية فى دبي,BRITISH UNIVERSITY IN DUBAI,دبي,Dubai,حكومة محلية,Local Government,Non-National,Masters,NS,68
2021-2022,الجامعة البريطانية فى دبي,BRITISH UNIVERSITY IN DUBAI,دبي,Dubai,حكومة محلية,Local Government,National,Masters,T,5
2021-2022,الجامعة البريطانية فى دبي,BRITISH UNIVERSITY IN DUBAI,دبي,Dubai,حكومة محلية,Local Government,Non-National,Masters,T,2
2021-2022,الجامعة الكندية في دبي,CANADIAN UNIVERSITY DUBAI,دبي,Dubai,خاصة,Private,National,Bachelors,E,2
2021-2022,الجامعة الكندية في دبي,CANADIAN UNIVERSITY DUBAI,دبي,Dubai,خاصة,Private,Non-National,Bachelors,E,30
2021-2022,الجامعة الكندية في دبي,CANADIAN UNIVERSITY DUBAI,دبي,Dubai,خاصة,Private,National,Bachelors,NS,46
2021-2022,الجامعة الكندية في دبي,CANADIAN UNIVERSITY DUBAI,دبي,Dubai,خاصة,Private,Non-National,Bachelors,NS,141
2021-2022,الجامعة الكندية في دبي,CANADIAN UNIVERSITY DUBAI,دبي,Dubai,خاصة,Private,National,Bachelors,S,5
2021-2022,الجامعة الكندية في دبي,CANADIAN UNIVERSITY DUBAI,دبي,Dubai,خاصة,Private,Non-National,Bachelors,S,8
2021-2022,الجامعة الكندية في دبي,CANADIAN UNIVERSITY DUBAI,دبي,Dubai,خاصة,Private,Non-National,Diploma,NS,1
2021-2022,الجامعة الكندية في دبي,CANADIAN UNIVERSITY DUBAI,دبي,Dubai,خاصة,Private,National,Masters,NS,48
2021-2022,الجامعة الكندية في دبي,CANADIAN UNIVERSITY DUBAI,دبي,Dubai,خاصة,Private,Non-National,Masters,NS,21
2021-2022,الجامعة الكندية في دبي,CANADIAN UNIVERSITY DUBAI,دبي,Dubai,خاصة,Private,National,Masters,T,10
2021-2022,الجامعة الكندية في دبي,CANADIAN UNIVERSITY DUBAI,دبي,Dubai,خاصة,Private,Non-National,Masters,T,1
2021-2022,الكلية الملكية للجراحين في أيرلندة,ROYAL COLLEGE OF SURGEONS IN IRELAND- DUBAI,دبي,Dubai,فرع مؤسسة دولية,Branch of International Institution,Non-National,Masters,NS,1
2021-2022,الكلية الملكية للجراحين في أيرلندة,ROYAL COLLEGE OF SURGEONS IN IRELAND- DUBAI,دبي,Dubai,فرع مؤسسة دولية,Branch of International Institution,National,Masters,S,32
2021-2022,الكلية الملكية للجراحين في أيرلندة,ROYAL COLLEGE OF SURGEONS IN IRELAND- DUBAI,دبي,Dubai,فرع مؤسسة دولية,Branch of International Institution,Non-National,Masters,S,14
2021-2022,بوليتيكنيك أبوظبي,ABU DHABI POLYTECHNIC,أبوظبي,Abu Dhabi,حكومة محلية,Local Government,National,Bachelors,E,95
2021-2022,بوليتيكنيك أبوظبي,ABU DHABI POLYTECHNIC,أبوظبي,Abu Dhabi,حكومة محلية,Local Government,National,Bachelors,NS,33
2021-2022,بوليتيكنيك أبوظبي,ABU DHABI POLYTECHNIC,أبوظبي,Abu Dhabi,حكومة محلية,Local Government,National,Bachelors,S,2
2021-2022,بوليتيكنيك أبوظبي,ABU DHABI POLYTECHNIC,أبوظبي,Abu Dhabi,حكومة محلية,Local Government,National,Bachelors,T,18
2021-2022,بوليتيكنيك أبوظبي,ABU DHABI POLYTECHNIC,أبوظبي,Abu Dhabi,حكومة محلية,Local Government,National,Diploma,E,7
2021-2022,بوليتيكنيك أبوظبي,ABU DHABI POLYTECHNIC,أبوظبي,Abu Dhabi,حكومة محلية,Local Government,National,Diploma,NS,8
2021-2022,بوليتيكنيك أبوظبي,ABU DHABI POLYTECHNIC,أبوظبي,Abu Dhabi,حكومة محلية,Local Government,National,Higher Diploma,E,102
2021-2022,جامعة  الخليج الطبية,GULF MEDICAL UNIVERSITY,عجمان,Ajman,خاصة,Private,National,"(MBBS)Bachelor of Medicine, Bachelor of Surgery",S,7
2021-2022,جامعة  الخليج الطبية,GULF MEDICAL UNIVERSITY,عجمان,Ajman,خاصة,Private,Non-National,"(MBBS)Bachelor of Medicine, Bachelor of Surgery",S,68
2021-2022,جامعة  الخليج الطبية,GULF MEDICAL UNIVERSITY,عجمان,Ajman,خاصة,Private,National,Bachelors,S,22
2021-2022,جامعة  الخليج الطبية,GULF MEDICAL UNIVERSITY,عجمان,Ajman,خاصة,Private,Non-National,Bachelors,S,224
2021-2022,جامعة  الخليج الطبية,GULF MEDICAL UNIVERSITY,عجمان,Ajman,خاصة,Private,National,Bachelors,"S,M",1
2021-2022,جامعة  الخليج الطبية,GULF MEDICAL UNIVERSITY,عجمان,Ajman,خاصة,Private,Non-National,Bachelors,"S,M",34
2021-2022,جامعة  الخليج الطبية,GULF MEDICAL UNIVERSITY,عجمان,Ajman,خاصة,Private,National,Masters,S,11
2021-2022,جامعة  الخليج الطبية,GULF MEDICAL UNIVERSITY,عجمان,Ajman,خاصة,Private,Non-National,Masters,S,19
2021-2022,جامعة أبوظبى,ABU DHABI UNIVERSITY,أبوظبي,Abu Dhabi,خاصة,Private,National,Bachelors,E,59
2021-2022,جامعة أبوظبى,ABU DHABI UNIVERSITY,أبوظبي,Abu Dhabi,خاصة,Private,Non-National,Bachelors,E,257
2021-2022,جامعة أبوظبى,ABU DHABI UNIVERSITY,أبوظبي,Abu Dhabi,خاصة,Private,National,Bachelors,NS,629
2021-2022,جامعة أبوظبى,ABU DHABI UNIVERSITY,أبوظبي,Abu Dhabi,خاصة,Private,Non-National,Bachelors,NS,228
2021-2022,جامعة أبوظبى,ABU DHABI UNIVERSITY,أبوظبي,Abu Dhabi,خاصة,Private,National,Bachelors,S,15
2021-2022,جامعة أبوظبى,ABU DHABI UNIVERSITY,أبوظبي,Abu Dhabi,خاصة,Private,Non-National,Bachelors,S,41
2021-2022,جامعة أبوظبى,ABU DHABI UNIVERSITY,أبوظبي,Abu Dhabi,خاصة,Private,National,Bachelors,T,7
2021-2022,جامعة أبوظبى,ABU DHABI UNIVERSITY,أبوظبي,Abu Dhabi,خاصة,Private,Non-National,Bachelors,T,13
2021-2022,جامعة أبوظبى,ABU DHABI UNIVERSITY,أبوظبي,Abu Dhabi,خاصة,Private,National,Doctor of Business Administrate,NS,3
2021-2022,جامعة أبوظبى,ABU DHABI UNIVERSITY,أبوظبي,Abu Dhabi,خاصة,Private,Non-National,Doctor of Business Administrate,NS,1
2021-2022,جامعة أبوظبى,ABU DHABI UNIVERSITY,أبوظبي,Abu Dhabi,خاصة,Private,National,Graduate Diploma,NS,4
2021-2022,جامعة أبوظبى,ABU DHABI UNIVERSITY,أبوظبي,Abu Dhabi,خاصة,Private,Non-National,Graduate Diploma,NS,138
2021-2022,جامعة أبوظبى,ABU DHABI UNIVERSITY,أبوظبي,Abu Dhabi,خاصة,Private,National,Master of Business Administration,NS,412
2021-2022,جامعة أبوظبى,ABU DHABI UNIVERSITY,أبوظبي,Abu Dhabi,خاصة,Private,Non-National,Master of Business Administration,NS,37
2021-2022,جامعة أبوظبى,ABU DHABI UNIVERSITY,أبوظبي,Abu Dhabi,خاصة,Private,National,Masters,E,104
2021-2022,جامعة أبوظبى,ABU DHABI UNIVERSITY,أبوظبي,Abu Dhabi,خاصة,Private,Non-National,Masters,E,13
2021-2022,جامعة أبوظبى,ABU DHABI UNIVERSITY,أبوظبي,Abu Dhabi,خاصة,Private,National,Masters,NS,256
2021-2022,جامعة أبوظبى,ABU DHABI UNIVERSITY,أبوظبي,Abu Dhabi,خاصة,Private,Non-National,Masters,NS,37
2021-2022,جامعة أبوظبى,ABU DHABI UNIVERSITY,أبوظبي,Abu Dhabi,خاصة,Private,National,Masters,T,4
2021-2022,جامعة أبوظبى,ABU DHABI UNIVERSITY,أبوظبي,Abu Dhabi,خاصة,Private,Non-National,Masters,T,1
2021-2022,جامعة أبوظبى,ABU DHABI UNIVERSITY,دبي,Dubai,خاصة,Private,National,Doctor of Business Administrate,NS,1
2021-2022,جامعة أبوظبى,ABU DHABI UNIVERSITY,دبي,Dubai,خاصة,Private,Non-National,Graduate Diploma,NS,1
2021-2022,جامعة أبوظبى,ABU DHABI UNIVERSITY,دبي,Dubai,خاصة,Private,National,Master of Business Administration,NS,58
2021-2022,جامعة أبوظبى,ABU DHABI UNIVERSITY,دبي,Dubai,خاصة,Private,Non-National,Master of Business Administration,NS,3
2021-2022,جامعة أبوظبى,ABU DHABI UNIVERSITY,دبي,Dubai,خاصة,Private,National,Masters,E,47
2021-2022,جامعة أبوظبى,ABU DHABI UNIVERSITY,دبي,Dubai,خاصة,Private,Non-National,Masters,E,6
2021-2022,جامعة أبوظبى,ABU DHABI UNIVERSITY,دبي,Dubai,خاصة,Private,National,Masters,NS,16
2021-2022,جامعة أبوظبى,ABU DHABI UNIVERSITY,دبي,Dubai,خاصة,Private,Non-National,Masters,NS,3
2021-2022,جامعة أم القيوين,UMM AL QUWAIN UNIVERSITY,أم القيوين,Umm Al Quwain,حكومة محلية,Local Government,National,Bachelors,NS,115
2021-2022,جامعة أم القيوين,UMM AL QUWAIN UNIVERSITY,أم القيوين,Umm Al Quwain,حكومة محلية,Local Government,Non-National,Bachelors,NS,31
2021-2022,جامعة الإمارات العربية المتحدة,UNITED ARAB EMIRATES  UNIVERSITY,أبوظبي,Abu Dhabi,حكومة إتحادية,Federal Government,National,Bachelors,E,493
2021-2022,جامعة الإمارات العربية المتحدة,UNITED ARAB EMIRATES  UNIVERSITY,أبوظبي,Abu Dhabi,حكومة إتحادية,Federal Government,Non-National,Bachelors,E,54
2021-2022,جامعة الإمارات العربية المتحدة,UNITED ARAB EMIRATES  UNIVERSITY,أبوظبي,Abu Dhabi,حكومة إتحادية,Federal Government,National,Bachelors,NS,1034
2021-2022,جامعة الإمارات العربية المتحدة,UNITED ARAB EMIRATES  UNIVERSITY,أبوظبي,Abu Dhabi,حكومة إتحادية,Federal Government,Non-National,Bachelors,NS,98
2021-2022,جامعة الإمارات العربية المتحدة,UNITED ARAB EMIRATES  UNIVERSITY,أبوظبي,Abu Dhabi,حكومة إتحادية,Federal Government,National,Bachelors,S,244
2021-2022,جامعة الإمارات العربية المتحدة,UNITED ARAB EMIRATES  UNIVERSITY,أبوظبي,Abu Dhabi,حكومة إتحادية,Federal Government,Non-National,Bachelors,S,67
2021-2022,جامعة الإمارات العربية المتحدة,UNITED ARAB EMIRATES  UNIVERSITY,أبوظبي,Abu Dhabi,حكومة إتحادية,Federal Government,National,Bachelors,"S,M",139
2021-2022,جامعة الإمارات العربية المتحدة,UNITED ARAB EMIRATES  UNIVERSITY,أبوظبي,Abu Dhabi,حكومة إتحادية,Federal Government,Non-National,Bachelors,"S,M",29
2021-2022,جامعة الإمارات العربية المتحدة,UNITED ARAB EMIRATES  UNIVERSITY,أبوظبي,Abu Dhabi,حكومة إتحادية,Federal Government,National,Bachelors,T,107
2021-2022,جامعة الإمارات العربية المتحدة,UNITED ARAB EMIRATES  UNIVERSITY,أبوظبي,Abu Dhabi,حكومة إتحادية,Federal Government,Non-National,Bachelors,T,5
2021-2022,جامعة الإمارات العربية المتحدة,UNITED ARAB EMIRATES  UNIVERSITY,أبوظبي,Abu Dhabi,حكومة إتحادية,Federal Government,Non-National,Doctorate,E,9
2021-2022,جامعة الإمارات العربية المتحدة,UNITED ARAB EMIRATES  UNIVERSITY,أبوظبي,Abu Dhabi,حكومة إتحادية,Federal Government,National,Doctorate,NS,7
2021-2022,جامعة الإمارات العربية المتحدة,UNITED ARAB EMIRATES  UNIVERSITY,أبوظبي,Abu Dhabi,حكومة إتحادية,Federal Government,Non-National,Doctorate,NS,5
2021-2022,جامعة الإمارات العربية المتحدة,UNITED ARAB EMIRATES  UNIVERSITY,أبوظبي,Abu Dhabi,حكومة إتحادية,Federal Government,National,Doctorate,S,2
2021-2022,جامعة الإمارات العربية المتحدة,UNITED ARAB EMIRATES  UNIVERSITY,أبوظبي,Abu Dhabi,حكومة إتحادية,Federal Government,Non-National,Doctorate,S,4
2021-2022,جامعة الإمارات العربية المتحدة,UNITED ARAB EMIRATES  UNIVERSITY,أبوظبي,Abu Dhabi,حكومة إتحادية,Federal Government,National,Doctorate,"S,M",1
2021-2022,جامعة الإمارات العربية المتحدة,UNITED ARAB EMIRATES  UNIVERSITY,أبوظبي,Abu Dhabi,حكومة إتحادية,Federal Government,Non-National,Doctorate,"S,M",5
2021-2022,جامعة الإمارات العربية المتحدة,UNITED ARAB EMIRATES  UNIVERSITY,أبوظبي,Abu Dhabi,حكومة إتحادية,Federal Government,National,Masters,E,50
2021-2022,جامعة الإمارات العربية المتحدة,UNITED ARAB EMIRATES  UNIVERSITY,أبوظبي,Abu Dhabi,حكومة إتحادية,Federal Government,Non-National,Masters,E,43
2021-2022,جامعة الإمارات العربية المتحدة,UNITED ARAB EMIRATES  UNIVERSITY,أبوظبي,Abu Dhabi,حكومة إتحادية,Federal Government,National,Masters,NS,78
2021-2022,جامعة الإمارات العربية المتحدة,UNITED ARAB EMIRATES  UNIVERSITY,أبوظبي,Abu Dhabi,حكومة إتحادية,Federal Government,Non-National,Masters,NS,27
2021-2022,جامعة الإمارات العربية المتحدة,UNITED ARAB EMIRATES  UNIVERSITY,أبوظبي,Abu Dhabi,حكومة إتحادية,Federal Government,National,Masters,S,29
2021-2022,جامعة الإمارات العربية المتحدة,UNITED ARAB EMIRATES  UNIVERSITY,أبوظبي,Abu Dhabi,حكومة إتحادية,Federal Government,Non-National,Masters,S,28
2021-2022,جامعة الإمارات العربية المتحدة,UNITED ARAB EMIRATES  UNIVERSITY,أبوظبي,Abu Dhabi,حكومة إتحادية,Federal Government,National,Masters,"S,M",3
2021-2022,جامعة الإمارات العربية المتحدة,UNITED ARAB EMIRATES  UNIVERSITY,أبوظبي,Abu Dhabi,حكومة إتحادية,Federal Government,Non-National,Masters,"S,M",7
2021-2022,جامعة الإمارات العربية المتحدة,UNITED ARAB EMIRATES  UNIVERSITY,أبوظبي,Abu Dhabi,حكومة إتحادية,Federal Government,National,Masters,T,8
2021-2022,جامعة الإمارات العربية المتحدة,UNITED ARAB EMIRATES  UNIVERSITY,أبوظبي,Abu Dhabi,حكومة إتحادية,Federal Government,Non-National,Masters,T,3
2021-2022,جامعة الإمارات للطيران,EMIRATES AVIATION UNIVERSITY,دبي,Dubai,حكومة محلية,Local Government,National,Bachelors,E,35
2021-2022,جامعة الإمارات للطيران,EMIRATES AVIATION UNIVERSITY,دبي,Dubai,حكومة محلية,Local Government,Non-National,Bachelors,E,77
2021-2022,جامعة الإمارات للطيران,EMIRATES AVIATION UNIVERSITY,دبي,Dubai,حكومة محلية,Local Government,National,Bachelors,NS,35
2021-2022,جامعة الإمارات للطيران,EMIRATES AVIATION UNIVERSITY,دبي,Dubai,حكومة محلية,Local Government,Non-National,Bachelors,NS,56
2021-2022,جامعة الإمارات للطيران,EMIRATES AVIATION UNIVERSITY,دبي,Dubai,حكومة محلية,Local Government,Non-National,Diploma,E,1
2021-2022,جامعة الإمارات للطيران,EMIRATES AVIATION UNIVERSITY,دبي,Dubai,حكومة محلية,Local Government,Non-National,Diploma,NS,2
2021-2022,جامعة الإمارات للطيران,EMIRATES AVIATION UNIVERSITY,دبي,Dubai,حكومة محلية,Local Government,National,Higher Diploma,E,3
2021-2022,جامعة الإمارات للطيران,EMIRATES AVIATION UNIVERSITY,دبي,Dubai,حكومة محلية,Local Government,Non-National,Higher Diploma,E,17
2021-2022,جامعة الإمارات للطيران,EMIRATES AVIATION UNIVERSITY,دبي,Dubai,حكومة محلية,Local Government,National,Higher Diploma,NS,1
2021-2022,جامعة الإمارات للطيران,EMIRATES AVIATION UNIVERSITY,دبي,Dubai,حكومة محلية,Local Government,Non-National,Higher Diploma,NS,1
2021-2022,جامعة الإمارات للطيران,EMIRATES AVIATION UNIVERSITY,دبي,Dubai,حكومة محلية,Local Government,National,Master of Business Administration,NS,16
2021-2022,جامعة الإمارات للطيران,EMIRATES AVIATION UNIVERSITY,دبي,Dubai,حكومة محلية,Local Government,Non-National,Master of Business Administration,NS,30
2021-2022,جامعة الإمارات للطيران,EMIRATES AVIATION UNIVERSITY,دبي,Dubai,حكومة محلية,Local Government,Non-National,Masters,E,6
2021-2022,جامعة الإمارات للطيران,EMIRATES AVIATION UNIVERSITY,دبي,Dubai,حكومة محلية,Local Government,National,Masters,NS,22
2021-2022,جامعة الإمارات للطيران,EMIRATES AVIATION UNIVERSITY,دبي,Dubai,حكومة محلية,Local Government,Non-National,Masters,NS,26
2021-2022,جامعة السوربون - أبوظبي,"SORBONNE UNIVERSITY, ABU DHABI",أبوظبي,Abu Dhabi,فرع مؤسسة دولية,Branch of International Institution,National,Bachelors,NS,80
2021-2022,جامعة السوربون - أبوظبي,"SORBONNE UNIVERSITY, ABU DHABI",أبوظبي,Abu Dhabi,فرع مؤسسة دولية,Branch of International Institution,Non-National,Bachelors,NS,63
2021-2022,جامعة السوربون - أبوظبي,"SORBONNE UNIVERSITY, ABU DHABI",أبوظبي,Abu Dhabi,فرع مؤسسة دولية,Branch of International Institution,Non-National,Bachelors,S,2
2021-2022,جامعة السوربون - أبوظبي,"SORBONNE UNIVERSITY, ABU DHABI",أبوظبي,Abu Dhabi,فرع مؤسسة دولية,Branch of International Institution,National,Diploma,NS,3
2021-2022,جامعة السوربون - أبوظبي,"SORBONNE UNIVERSITY, ABU DHABI",أبوظبي,Abu Dhabi,فرع مؤسسة دولية,Branch of International Institution,Non-National,Diploma,NS,12
2021-2022,جامعة السوربون - أبوظبي,"SORBONNE UNIVERSITY, ABU DHABI",أبوظبي,Abu Dhabi,فرع مؤسسة دولية,Branch of International Institution,National,Masters,NS,40
2021-2022,جامعة السوربون - أبوظبي,"SORBONNE UNIVERSITY, ABU DHABI",أبوظبي,Abu Dhabi,فرع مؤسسة دولية,Branch of International Institution,Non-National,Masters,NS,30
2021-2022,جامعة السوربون - أبوظبي,"SORBONNE UNIVERSITY, ABU DHABI",أبوظبي,Abu Dhabi,فرع مؤسسة دولية,Branch of International Institution,National,Masters,S,2
2021-2022,جامعة السوربون - أبوظبي,"SORBONNE UNIVERSITY, ABU DHABI",أبوظبي,Abu Dhabi,فرع مؤسسة دولية,Branch of International Institution,Non-National,Masters,S,1
2021-2022,جامعة الشارقة,UNIVERSITY OF SHARJAH,الشارقة,Sharjah,شبه حكومية,Semi Government,National,"(MBBS)Bachelor of Medicine, Bachelor of Surgery",S,35
2021-2022,جامعة الشارقة,UNIVERSITY OF SHARJAH,الشارقة,Sharjah,شبه حكومية,Semi Government,Non-National,"(MBBS)Bachelor of Medicine, Bachelor of Surgery",S,88
2021-2022,جامعة الشارقة,UNIVERSITY OF SHARJAH,الشارقة,Sharjah,شبه حكومية,Semi Government,National,Bachelors,E,275
2021-2022,جامعة الشارقة,UNIVERSITY OF SHARJAH,الشارقة,Sharjah,شبه حكومية,Semi Government,Non-National,Bachelors,E,340
2021-2022,جامعة الشارقة,UNIVERSITY OF SHARJAH,الشارقة,Sharjah,شبه حكومية,Semi Government,National,Bachelors,NS,760
2021-2022,جامعة الشارقة,UNIVERSITY OF SHARJAH,الشارقة,Sharjah,شبه حكومية,Semi Government,Non-National,Bachelors,NS,406
2021-2022,جامعة الشارقة,UNIVERSITY OF SHARJAH,الشارقة,Sharjah,شبه حكومية,Semi Government,National,Bachelors,S,77
2021-2022,جامعة الشارقة,UNIVERSITY OF SHARJAH,الشارقة,Sharjah,شبه حكومية,Semi Government,Non-National,Bachelors,S,314
2021-2022,جامعة الشارقة,UNIVERSITY OF SHARJAH,الشارقة,Sharjah,شبه حكومية,Semi Government,National,Bachelors,"S,M",27
2021-2022,جامعة الشارقة,UNIVERSITY OF SHARJAH,الشارقة,Sharjah,شبه حكومية,Semi Government,Non-National,Bachelors,"S,M",37
2021-2022,جامعة الشارقة,UNIVERSITY OF SHARJAH,الشارقة,Sharjah,شبه حكومية,Semi Government,National,Bachelors,T,53
2021-2022,جامعة الشارقة,UNIVERSITY OF SHARJAH,الشارقة,Sharjah,شبه حكومية,Semi Government,Non-National,Bachelors,T,58
2021-2022,جامعة الشارقة,UNIVERSITY OF SHARJAH,الشارقة,Sharjah,شبه حكومية,Semi Government,National,Doctor of Dental Medicine,S,8
2021-2022,جامعة الشارقة,UNIVERSITY OF SHARJAH,الشارقة,Sharjah,شبه حكومية,Semi Government,Non-National,Doctor of Dental Medicine,S,89
2021-2022,جامعة الشارقة,UNIVERSITY OF SHARJAH,الشارقة,Sharjah,شبه حكومية,Semi Government,National,Doctorate,E,3
2021-2022,جامعة الشارقة,UNIVERSITY OF SHARJAH,الشارقة,Sharjah,شبه حكومية,Semi Government,Non-National,Doctorate,E,2
2021-2022,جامعة الشارقة,UNIVERSITY OF SHARJAH,الشارقة,Sharjah,شبه حكومية,Semi Government,National,Doctorate,NS,19
2021-2022,جامعة الشارقة,UNIVERSITY OF SHARJAH,الشارقة,Sharjah,شبه حكومية,Semi Government,Non-National,Doctorate,NS,11
2021-2022,جامعة الشارقة,UNIVERSITY OF SHARJAH,الشارقة,Sharjah,شبه حكومية,Semi Government,Non-National,Doctorate,"S,M",2
2021-2022,جامعة الشارقة,UNIVERSITY OF SHARJAH,الشارقة,Sharjah,شبه حكومية,Semi Government,National,Graduate Diploma,S,2
2021-2022,جامعة الشارقة,UNIVERSITY OF SHARJAH,الشارقة,Sharjah,شبه حكومية,Semi Government,Non-National,Graduate Diploma,S,11
2021-2022,جامعة الشارقة,UNIVERSITY OF SHARJAH,الشارقة,Sharjah,شبه حكومية,Semi Government,National,Master of Business Administration,NS,59
2021-2022,جامعة الشارقة,UNIVERSITY OF SHARJAH,الشارقة,Sharjah,شبه حكومية,Semi Government,Non-National,Master of Business Administration,NS,9
2021-2022,جامعة الشارقة,UNIVERSITY OF SHARJAH,الشارقة,Sharjah,شبه حكومية,Semi Government,National,Master of Business Administration,S,7
2021-2022,جامعة الشارقة,UNIVERSITY OF SHARJAH,الشارقة,Sharjah,شبه حكومية,Semi Government,Non-National,Master of Business Administration,S,1
2021-2022,جامعة الشارقة,UNIVERSITY OF SHARJAH,الشارقة,Sharjah,شبه حكومية,Semi Government,National,Masters,E,40
2021-2022,جامعة الشارقة,UNIVERSITY OF SHARJAH,الشارقة,Sharjah,شبه حكومية,Semi Government,Non-National,Masters,E,49
2021-2022,جامعة الشارقة,UNIVERSITY OF SHARJAH,الشارقة,Sharjah,شبه حكومية,Semi Government,National,Masters,NS,103
2021-2022,جامعة الشارقة,UNIVERSITY OF SHARJAH,الشارقة,Sharjah,شبه حكومية,Semi Government,Non-National,Masters,NS,44
2021-2022,جامعة الشارقة,UNIVERSITY OF SHARJAH,الشارقة,Sharjah,شبه حكومية,Semi Government,National,Masters,S,33
2021-2022,جامعة الشارقة,UNIVERSITY OF SHARJAH,الشارقة,Sharjah,شبه حكومية,Semi Government,Non-National,Masters,S,29
2021-2022,جامعة الشارقة,UNIVERSITY OF SHARJAH,الشارقة,Sharjah,شبه حكومية,Semi Government,National,Masters,"S,M",7
2021-2022,جامعة الشارقة,UNIVERSITY OF SHARJAH,الشارقة,Sharjah,شبه حكومية,Semi Government,Non-National,Masters,"S,M",9
2021-2022,جامعة الشارقة,UNIVERSITY OF SHARJAH,الشارقة,Sharjah,شبه حكومية,Semi Government,National,Masters,T,1
2021-2022,جامعة الشارقة,UNIVERSITY OF SHARJAH,الشارقة,Sharjah,شبه حكومية,Semi Government,Non-National,Masters,T,1
2021-2022,جامعة العلوم والتقنية في الفجيرة,UNIVERSITY OF SCIENCE AND TECHNOLOGY OF FUJAIRAH,الفجيرة,Fujairah,خاصة,Private,National,Bachelors,NS,69
2021-2022,جامعة العلوم والتقنية في الفجيرة,UNIVERSITY OF SCIENCE AND TECHNOLOGY OF FUJAIRAH,الفجيرة,Fujairah,خاصة,Private,Non-National,Bachelors,NS,11
2021-2022,جامعة العلوم والتقنية في الفجيرة,UNIVERSITY OF SCIENCE AND TECHNOLOGY OF FUJAIRAH,الفجيرة,Fujairah,خاصة,Private,National,Bachelors,S,3
2021-2022,جامعة العلوم والتقنية في الفجيرة,UNIVERSITY OF SCIENCE AND TECHNOLOGY OF FUJAIRAH,الفجيرة,Fujairah,خاصة,Private,Non-National,Bachelors,S,1
2021-2022,جامعة العين,AL AIN UNIVERSITY,أبوظبي,Abu Dhabi,خاصة,Private,National,Bachelors,E,9
2021-2022,جامعة العين,AL AIN UNIVERSITY,أبوظبي,Abu Dhabi,خاصة,Private,Non-National,Bachelors,E,23
2021-2022,جامعة العين,AL AIN UNIVERSITY,أبوظبي,Abu Dhabi,خاصة,Private,National,Bachelors,NS,647
2021-2022,جامعة العين,AL AIN UNIVERSITY,أبوظبي,Abu Dhabi,خاصة,Private,Non-National,Bachelors,NS,191
2021-2022,جامعة العين,AL AIN UNIVERSITY,أبوظبي,Abu Dhabi,خاصة,Private,Non-National,Bachelors,S,114
2021-2022,جامعة العين,AL AIN UNIVERSITY,أبوظبي,Abu Dhabi,خاصة,Private,National,Bachelors,T,3
2021-2022,جامعة العين,AL AIN UNIVERSITY,أبوظبي,Abu Dhabi,خاصة,Private,Non-National,Bachelors,T,16
2021-2022,جامعة العين,AL AIN UNIVERSITY,أبوظبي,Abu Dhabi,خاصة,Private,National,Graduate Diploma,NS,13
2021-2022,جامعة العين,AL AIN UNIVERSITY,أبوظبي,Abu Dhabi,خاصة,Private,Non-National,Graduate Diploma,NS,2099
2021-2022,جامعة العين,AL AIN UNIVERSITY,أبوظبي,Abu Dhabi,خاصة,Private,National,Master of Business Administration,NS,43
2021-2022,جامعة العين,AL AIN UNIVERSITY,أبوظبي,Abu Dhabi,خاصة,Private,Non-National,Master of Business Administration,NS,5
2021-2022,جامعة العين,AL AIN UNIVERSITY,أبوظبي,Abu Dhabi,خاصة,Private,National,Masters,NS,68
2021-2022,جامعة العين,AL AIN UNIVERSITY,أبوظبي,Abu Dhabi,خاصة,Private,Non-National,Masters,NS,14
2021-2022,جامعة العين,AL AIN UNIVERSITY,أبوظبي,Abu Dhabi,خاصة,Private,National,Masters,S,4
2021-2022,جامعة العين,AL AIN UNIVERSITY,أبوظبي,Abu Dhabi,خاصة,Private,Non-National,Masters,S,4
2021-2022,جامعة الفجيرة,UNIVERSITY OF FUJAIRAH,الفجيرة,Fujairah,شبه حكومية,Semi Government,National,Bachelors,NS,61
2021-2022,جامعة الفجيرة,UNIVERSITY OF FUJAIRAH,الفجيرة,Fujairah,شبه حكومية,Semi Government,Non-National,Bachelors,NS,10
2021-2022,جامعة الفجيرة,UNIVERSITY OF FUJAIRAH,الفجيرة,Fujairah,شبه حكومية,Semi Government,National,Bachelors,T,13
2021-2022,جامعة الفجيرة,UNIVERSITY OF FUJAIRAH,الفجيرة,Fujairah,شبه حكومية,Semi Government,Non-National,Bachelors,T,3
2021-2022,جامعة الفجيرة,UNIVERSITY OF FUJAIRAH,الفجيرة,Fujairah,شبه حكومية,Semi Government,Non-National,Diploma,NS,1
2021-2022,جامعة الفلاح,AL FALAH UNIVERSITY,دبي,Dubai,خاصة,Private,National,Bachelors,NS,64
2021-2022,جامعة الفلاح,AL FALAH UNIVERSITY,دبي,Dubai,خاصة,Private,Non-National,Bachelors,NS,14
2021-2022,جامعة الفلاح,AL FALAH UNIVERSITY,دبي,Dubai,خاصة,Private,Non-National,Bachelors,S,1
2021-2022,جامعة القاسمية,AL QASIMIYA UNIVERSITY,الشارقة,Sharjah,حكومة محلية,Local Government,National,Bachelors,NS,6
2021-2022,جامعة القاسمية,AL QASIMIYA UNIVERSITY,الشارقة,Sharjah,حكومة محلية,Local Government,Non-National,Bachelors,NS,312
2021-2022,جامعة الوصل,AL WASL UNIVERSITY,دبي,Dubai,خاصة,Private,National,Bachelors,NS,32
2021-2022,جامعة الوصل,AL WASL UNIVERSITY,دبي,Dubai,خاصة,Private,Non-National,Bachelors,NS,258
2021-2022,جامعة الوصل,AL WASL UNIVERSITY,دبي,Dubai,خاصة,Private,National,Doctorate,NS,10
2021-2022,جامعة الوصل,AL WASL UNIVERSITY,دبي,Dubai,خاصة,Private,Non-National,Doctorate,NS,1
2021-2022,جامعة الوصل,AL WASL UNIVERSITY,دبي,Dubai,خاصة,Private,National,Masters,NS,18
2021-2022,جامعة الوصل,AL WASL UNIVERSITY,دبي,Dubai,خاصة,Private,Non-National,Masters,NS,6
2021-2022,جامعة جميرا,JUMEIRA UNIVERSITY,دبي,Dubai,خاصة,Private,National,Bachelors,NS,12
2021-2022,جامعة جميرا,JUMEIRA UNIVERSITY,دبي,Dubai,خاصة,Private,Non-National,Bachelors,NS,35
2021-2022,جامعة جميرا,JUMEIRA UNIVERSITY,دبي,Dubai,خاصة,Private,Non-National,Bachelors,S,15
2021-2022,جامعة جميرا,JUMEIRA UNIVERSITY,دبي,Dubai,خاصة,Private,Non-National,Bachelors,"S,M",1
2021-2022,جامعة حمدان بن محمد الذكية,HAMDAN BIN MOHAMMED  SMART UNIVERSITY,دبي,Dubai,شبه حكومية,Semi Government,National,Bachelors,NS,37
2021-2022,جامعة حمدان بن محمد الذكية,HAMDAN BIN MOHAMMED  SMART UNIVERSITY,دبي,Dubai,شبه حكومية,Semi Government,Non-National,Bachelors,NS,40
2021-2022,جامعة حمدان بن محمد الذكية,HAMDAN BIN MOHAMMED  SMART UNIVERSITY,دبي,Dubai,شبه حكومية,Semi Government,National,Bachelors,S,4
2021-2022,جامعة حمدان بن محمد الذكية,HAMDAN BIN MOHAMMED  SMART UNIVERSITY,دبي,Dubai,شبه حكومية,Semi Government,Non-National,Bachelors,S,8
2021-2022,جامعة حمدان بن محمد الذكية,HAMDAN BIN MOHAMMED  SMART UNIVERSITY,دبي,Dubai,شبه حكومية,Semi Government,National,Doctorate,NS,9
2021-2022,جامعة حمدان بن محمد الذكية,HAMDAN BIN MOHAMMED  SMART UNIVERSITY,دبي,Dubai,شبه حكومية,Semi Government,Non-National,Doctorate,NS,1
2021-2022,جامعة حمدان بن محمد الذكية,HAMDAN BIN MOHAMMED  SMART UNIVERSITY,دبي,Dubai,شبه حكومية,Semi Government,Non-National,Doctorate,"S,M",1
2021-2022,جامعة حمدان بن محمد الذكية,HAMDAN BIN MOHAMMED  SMART UNIVERSITY,دبي,Dubai,شبه حكومية,Semi Government,National,Masters,NS,139
2021-2022,جامعة حمدان بن محمد الذكية,HAMDAN BIN MOHAMMED  SMART UNIVERSITY,دبي,Dubai,شبه حكومية,Semi Government,Non-National,Masters,NS,16
2021-2022,جامعة حمدان بن محمد الذكية,HAMDAN BIN MOHAMMED  SMART UNIVERSITY,دبي,Dubai,شبه حكومية,Semi Government,National,Masters,S,5
2021-2022,جامعة حمدان بن محمد الذكية,HAMDAN BIN MOHAMMED  SMART UNIVERSITY,دبي,Dubai,شبه حكومية,Semi Government,Non-National,Masters,S,1
2021-2022,جامعة خليفة,KHALIFA UNIVERSITY,أبوظبي,Abu Dhabi,حكومة محلية,Local Government,National,Bachelors,E,435
2021-2022,جامعة خليفة,KHALIFA UNIVERSITY,أبوظبي,Abu Dhabi,حكومة محلية,Local Government,Non-National,Bachelors,E,36
2021-2022,جامعة خليفة,KHALIFA UNIVERSITY,أبوظبي,Abu Dhabi,حكومة محلية,Local Government,National,Bachelors,S,8
2021-2022,جامعة خليفة,KHALIFA UNIVERSITY,أبوظبي,Abu Dhabi,حكومة محلية,Local Government,Non-National,Bachelors,S,8
2021-2022,جامعة خليفة,KHALIFA UNIVERSITY,أبوظبي,Abu Dhabi,حكومة محلية,Local Government,National,Bachelors,"S,M",2
2021-2022,جامعة خليفة,KHALIFA UNIVERSITY,أبوظبي,Abu Dhabi,حكومة محلية,Local Government,Non-National,Bachelors,"S,M",10
2021-2022,جامعة خليفة,KHALIFA UNIVERSITY,أبوظبي,Abu Dhabi,حكومة محلية,Local Government,National,Doctorate,E,8
2021-2022,جامعة خليفة,KHALIFA UNIVERSITY,أبوظبي,Abu Dhabi,حكومة محلية,Local Government,Non-National,Doctorate,E,8
2021-2022,جامعة خليفة,KHALIFA UNIVERSITY,أبوظبي,Abu Dhabi,حكومة محلية,Local Government,National,Masters,E,53
2021-2022,جامعة خليفة,KHALIFA UNIVERSITY,أبوظبي,Abu Dhabi,حكومة محلية,Local Government,Non-National,Masters,E,108
2021-2022,جامعة خليفة,KHALIFA UNIVERSITY,أبوظبي,Abu Dhabi,حكومة محلية,Local Government,National,Masters,NS,11
2021-2022,جامعة خليفة,KHALIFA UNIVERSITY,أبوظبي,Abu Dhabi,حكومة محلية,Local Government,Non-National,Masters,S,5
2021-2022,جامعة خليفة,KHALIFA UNIVERSITY,أبوظبي,Abu Dhabi,حكومة محلية,Local Government,National,Masters,T,4
2021-2022,جامعة خليفة,KHALIFA UNIVERSITY,أبوظبي,Abu Dhabi,حكومة محلية,Local Government,Non-National,Masters,T,3
2021-2022,جامعة دبي,UNIVERSITY OF DUBAI,دبي,Dubai,حكومة محلية,Local Government,National,Bachelors,E,33
2021-2022,جامعة دبي,UNIVERSITY OF DUBAI,دبي,Dubai,حكومة محلية,Local Government,Non-National,Bachelors,E,1
2021-2022,جامعة دبي,UNIVERSITY OF DUBAI,دبي,Dubai,حكومة محلية,Local Government,National,Bachelors,NS,26
2021-2022,جامعة دبي,UNIVERSITY OF DUBAI,دبي,Dubai,حكومة محلية,Local Government,Non-National,Bachelors,NS,45
2021-2022,جامعة دبي,UNIVERSITY OF DUBAI,دبي,Dubai,حكومة محلية,Local Government,National,Bachelors,T,76
2021-2022,جامعة دبي,UNIVERSITY OF DUBAI,دبي,Dubai,حكومة محلية,Local Government,Non-National,Bachelors,T,2
2021-2022,جامعة دبي,UNIVERSITY OF DUBAI,دبي,Dubai,حكومة محلية,Local Government,National,Doctor of Business Administrate,NS,5
2021-2022,جامعة دبي,UNIVERSITY OF DUBAI,دبي,Dubai,حكومة محلية,Local Government,Non-National,Doctor of Business Administrate,NS,1
2021-2022,جامعة دبي,UNIVERSITY OF DUBAI,دبي,Dubai,حكومة محلية,Local Government,National,Doctorate,NS,5
2021-2022,جامعة دبي,UNIVERSITY OF DUBAI,دبي,Dubai,حكومة محلية,Local Government,National,Master of Business Administration,NS,30
2021-2022,جامعة دبي,UNIVERSITY OF DUBAI,دبي,Dubai,حكومة محلية,Local Government,Non-National,Master of Business Administration,NS,4
2021-2022,جامعة دبي,UNIVERSITY OF DUBAI,دبي,Dubai,حكومة محلية,Local Government,National,Masters,NS,7
2021-2022,جامعة دبي,UNIVERSITY OF DUBAI,دبي,Dubai,حكومة محلية,Local Government,Non-National,Masters,NS,2
2021-2022,جامعة رأس الخيمة للطب والعلوم الصحية,RAS AL KHAIMAH MEDICAL AND HEALTH SCIENCES UNIVERSITY,رأس الخيمة,Ras Al Khaima,حكومة محلية,Local Government,National,"(MBBS)Bachelor of Medicine, Bachelor of Surgery",S,5
2021-2022,جامعة رأس الخيمة للطب والعلوم الصحية,RAS AL KHAIMAH MEDICAL AND HEALTH SCIENCES UNIVERSITY,رأس الخيمة,Ras Al Khaima,حكومة محلية,Local Government,Non-National,"(MBBS)Bachelor of Medicine, Bachelor of Surgery",S,81
2021-2022,جامعة رأس الخيمة للطب والعلوم الصحية,RAS AL KHAIMAH MEDICAL AND HEALTH SCIENCES UNIVERSITY,رأس الخيمة,Ras Al Khaima,حكومة محلية,Local Government,National,Bachelors,S,41
2021-2022,جامعة رأس الخيمة للطب والعلوم الصحية,RAS AL KHAIMAH MEDICAL AND HEALTH SCIENCES UNIVERSITY,رأس الخيمة,Ras Al Khaima,حكومة محلية,Local Government,Non-National,Bachelors,S,71
2021-2022,جامعة رأس الخيمة للطب والعلوم الصحية,RAS AL KHAIMAH MEDICAL AND HEALTH SCIENCES UNIVERSITY,رأس الخيمة,Ras Al Khaima,حكومة محلية,Local Government,National,Masters,S,9
2021-2022,جامعة رأس الخيمة للطب والعلوم الصحية,RAS AL KHAIMAH MEDICAL AND HEALTH SCIENCES UNIVERSITY,رأس الخيمة,Ras Al Khaima,حكومة محلية,Local Government,Non-National,Masters,S,3
2021-2022,جامعة زايد,ZAYED UNIVERSITY,أبوظبي,Abu Dhabi,حكومة إتحادية,Federal Government,National,Bachelors,NS,774
2021-2022,جامعة زايد,ZAYED UNIVERSITY,أبوظبي,Abu Dhabi,حكومة إتحادية,Federal Government,Non-National,Bachelors,NS,22
2021-2022,جامعة زايد,ZAYED UNIVERSITY,أبوظبي,Abu Dhabi,حكومة إتحادية,Federal Government,National,Bachelors,S,155
2021-2022,جامعة زايد,ZAYED UNIVERSITY,أبوظبي,Abu Dhabi,حكومة إتحادية,Federal Government,Non-National,Bachelors,S,4
2021-2022,جامعة زايد,ZAYED UNIVERSITY,أبوظبي,Abu Dhabi,حكومة إتحادية,Federal Government,National,Bachelors,T,278
2021-2022,جامعة زايد,ZAYED UNIVERSITY,أبوظبي,Abu Dhabi,حكومة إتحادية,Federal Government,Non-National,Bachelors,T,12
2021-2022,جامعة زايد,ZAYED UNIVERSITY,أبوظبي,Abu Dhabi,حكومة إتحادية,Federal Government,National,Masters,NS,72
2021-2022,جامعة زايد,ZAYED UNIVERSITY,أبوظبي,Abu Dhabi,حكومة إتحادية,Federal Government,Non-National,Masters,NS,4
2021-2022,جامعة زايد,ZAYED UNIVERSITY,دبي,Dubai,حكومة إتحادية,Federal Government,National,Bachelors,NS,451
2021-2022,جامعة زايد,ZAYED UNIVERSITY,دبي,Dubai,حكومة إتحادية,Federal Government,Non-National,Bachelors,NS,8
2021-2022,جامعة زايد,ZAYED UNIVERSITY,دبي,Dubai,حكومة إتحادية,Federal Government,National,Bachelors,S,92
2021-2022,جامعة زايد,ZAYED UNIVERSITY,دبي,Dubai,حكومة إتحادية,Federal Government,Non-National,Bachelors,S,4
2021-2022,جامعة زايد,ZAYED UNIVERSITY,دبي,Dubai,حكومة إتحادية,Federal Government,National,Bachelors,T,146
2021-2022,جامعة زايد,ZAYED UNIVERSITY,دبي,Dubai,حكومة إتحادية,Federal Government,Non-National,Bachelors,T,4
2021-2022,جامعة زايد,ZAYED UNIVERSITY,دبي,Dubai,حكومة إتحادية,Federal Government,National,Masters,NS,27
2021-2022,جامعة زايد,ZAYED UNIVERSITY,دبي,Dubai,حكومة إتحادية,Federal Government,Non-National,Masters,NS,3
2021-2022,جامعة سان جوزف دبي,SAINT JOSEPH UNIVERSITY DUBAI,دبي,Dubai,فرع مؤسسة دولية,Branch of International Institution,National,Bachelors,NS,11
2021-2022,جامعة سان جوزف دبي,SAINT JOSEPH UNIVERSITY DUBAI,دبي,Dubai,فرع مؤسسة دولية,Branch of International Institution,Non-National,Bachelors,NS,3
2021-2022,جامعة سان جوزف دبي,SAINT JOSEPH UNIVERSITY DUBAI,دبي,Dubai,فرع مؤسسة دولية,Branch of International Institution,National,Masters,NS,3
2021-2022,جامعة سان جوزف دبي,SAINT JOSEPH UNIVERSITY DUBAI,دبي,Dubai,فرع مؤسسة دولية,Branch of International Institution,Non-National,Masters,NS,5
2021-2022,جامعة ستراثكليد- كلية إدارة الأعمال بالإمارات,UNIVERSITY OF STRATHCLYDE BUSINESS SCHOOL- UAE,أبوظبي,Abu Dhabi,فرع مؤسسة دولية,Branch of International Institution,Non-National,Master of Business Administration,NS,2
2021-2022,جامعة ستراثكليد- كلية إدارة الأعمال بالإمارات,UNIVERSITY OF STRATHCLYDE BUSINESS SCHOOL- UAE,دبي,Dubai,فرع مؤسسة دولية,Branch of International Institution,National,Master of Business Administration,NS,3
2021-2022,جامعة ستراثكليد- كلية إدارة الأعمال بالإمارات,UNIVERSITY OF STRATHCLYDE BUSINESS SCHOOL- UAE,دبي,Dubai,فرع مؤسسة دولية,Branch of International Institution,Non-National,Master of Business Administration,NS,24
2021-2022,جامعة عجمان,AJMAN UNIVERSITY ,عجمان,Ajman,خاصة,Private,National,Bachelors,E,16
2021-2022,جامعة عجمان,AJMAN UNIVERSITY ,عجمان,Ajman,خاصة,Private,Non-National,Bachelors,E,170
2021-2022,جامعة عجمان,AJMAN UNIVERSITY ,عجمان,Ajman,خاصة,Private,National,Bachelors,NS,259
2021-2022,جامعة عجمان,AJMAN UNIVERSITY ,عجمان,Ajman,خاصة,Private,Non-National,Bachelors,NS,480
2021-2022,جامعة عجمان,AJMAN UNIVERSITY ,عجمان,Ajman,خاصة,Private,National,Bachelors,S,2
2021-2022,جامعة عجمان,AJMAN UNIVERSITY ,عجمان,Ajman,خاصة,Private,Non-National,Bachelors,S,110
2021-2022,جامعة عجمان,AJMAN UNIVERSITY ,عجمان,Ajman,خاصة,Private,National,Bachelors,T,3
2021-2022,جامعة عجمان,AJMAN UNIVERSITY ,عجمان,Ajman,خاصة,Private,Non-National,Bachelors,T,13
2021-2022,جامعة عجمان,AJMAN UNIVERSITY ,عجمان,Ajman,خاصة,Private,Non-National,Doctor of Business Administrate,NS,1
2021-2022,جامعة عجمان,AJMAN UNIVERSITY ,عجمان,Ajman,خاصة,Private,National,Doctor of Dental Medicine,S,12
2021-2022,جامعة عجمان,AJMAN UNIVERSITY ,عجمان,Ajman,خاصة,Private,Non-National,Doctor of Dental Medicine,S,166
2021-2022,جامعة عجمان,AJMAN UNIVERSITY ,عجمان,Ajman,خاصة,Private,National,Doctorate,NS,2
2021-2022,جامعة عجمان,AJMAN UNIVERSITY ,عجمان,Ajman,خاصة,Private,Non-National,Graduate Diploma,NS,32
2021-2022,جامعة عجمان,AJMAN UNIVERSITY ,عجمان,Ajman,خاصة,Private,National,Master of Business Administration,NS,10
2021-2022,جامعة عجمان,AJMAN UNIVERSITY ,عجمان,Ajman,خاصة,Private,Non-National,Master of Business Administration,NS,10
2021-2022,جامعة عجمان,AJMAN UNIVERSITY ,عجمان,Ajman,خاصة,Private,National,Masters,NS,34
2021-2022,جامعة عجمان,AJMAN UNIVERSITY ,عجمان,Ajman,خاصة,Private,Non-National,Masters,NS,12
2021-2022,جامعة عجمان,AJMAN UNIVERSITY ,عجمان,Ajman,خاصة,Private,National,Masters,S,3
2021-2022,جامعة عجمان,AJMAN UNIVERSITY ,عجمان,Ajman,خاصة,Private,Non-National,Masters,S,9
2021-2022,جامعة عجمان,AJMAN UNIVERSITY ,عجمان,Ajman,خاصة,Private,National,Masters,T,2
2021-2022,جامعة عجمان,AJMAN UNIVERSITY ,عجمان,Ajman,خاصة,Private,Non-National,Masters,T,2
2021-2022,جامعة محمد بن راشد للطب والعلوم الصحية,MOHAMMED BIN RASHID UNIVERSITY OF MEDICINE AND HEALTH SCIENCES,دبي,Dubai,حكومة محلية,Local Government,National,"(MBBS)Bachelor of Medicine, Bachelor of Surgery",S,6
2021-2022,جامعة محمد بن راشد للطب والعلوم الصحية,MOHAMMED BIN RASHID UNIVERSITY OF MEDICINE AND HEALTH SCIENCES,دبي,Dubai,حكومة محلية,Local Government,Non-National,"(MBBS)Bachelor of Medicine, Bachelor of Surgery",S,34
2021-2022,جامعة محمد بن راشد للطب والعلوم الصحية,MOHAMMED BIN RASHID UNIVERSITY OF MEDICINE AND HEALTH SCIENCES,دبي,Dubai,حكومة محلية,Local Government,National,Masters,S,17
2021-2022,جامعة محمد بن راشد للطب والعلوم الصحية,MOHAMMED BIN RASHID UNIVERSITY OF MEDICINE AND HEALTH SCIENCES,دبي,Dubai,حكومة محلية,Local Government,Non-National,Masters,S,28
2021-2022,جامعة محمد بن راشد للطب والعلوم الصحية,MOHAMMED BIN RASHID UNIVERSITY OF MEDICINE AND HEALTH SCIENCES,دبي,Dubai,حكومة محلية,Local Government,National,Masters,"S,M",2
2021-2022,جامعة محمد بن راشد للطب والعلوم الصحية,MOHAMMED BIN RASHID UNIVERSITY OF MEDICINE AND HEALTH SCIENCES,دبي,Dubai,حكومة محلية,Local Government,Non-National,Masters,"S,M",4
2021-2022,جامعة محمد بن زايد للعلوم الإنسانية,MOHAMED BIN ZAYED UNIVERSITY FOR HUMANITIES,أبوظبي,Abu Dhabi,حكومة محلية,Local Government,National,Bachelors,NS,102
2021-2022,جامعة محمد بن زايد للعلوم الإنسانية,MOHAMED BIN ZAYED UNIVERSITY FOR HUMANITIES,أبوظبي,Abu Dhabi,حكومة محلية,Local Government,Non-National,Bachelors,NS,15
2021-2022,جامعة محمد بن زايد للعلوم الإنسانية,MOHAMED BIN ZAYED UNIVERSITY FOR HUMANITIES,أبوظبي,Abu Dhabi,حكومة محلية,Local Government,National,Doctorate,NS,2
2021-2022,جامعة محمد بن زايد للعلوم الإنسانية,MOHAMED BIN ZAYED UNIVERSITY FOR HUMANITIES,أبوظبي,Abu Dhabi,حكومة محلية,Local Government,National,Masters,NS,3
2021-2022,جامعة محمد بن زايد للعلوم الإنسانية,MOHAMED BIN ZAYED UNIVERSITY FOR HUMANITIES,أبوظبي,Abu Dhabi,حكومة محلية,Local Government,Non-National,Masters,NS,3
2021-2022,جامعة محمد بن زايد للعلوم الإنسانية,MOHAMED BIN ZAYED UNIVERSITY FOR HUMANITIES,عجمان,Ajman,حكومة محلية,Local Government,National,Bachelors,NS,44
2021-2022,جامعة نيويورك,"NEW YORK UNIVERSITY, ABU DHABI",أبوظبي,Abu Dhabi,فرع مؤسسة دولية,Branch of International Institution,National,Bachelors,E,5
2021-2022,جامعة نيويورك,"NEW YORK UNIVERSITY, ABU DHABI",أبوظبي,Abu Dhabi,فرع مؤسسة دولية,Branch of International Institution,Non-National,Bachelors,E,30
2021-2022,جامعة نيويورك,"NEW YORK UNIVERSITY, ABU DHABI",أبوظبي,Abu Dhabi,فرع مؤسسة دولية,Branch of International Institution,National,Bachelors,NS,38
2021-2022,جامعة نيويورك,"NEW YORK UNIVERSITY, ABU DHABI",أبوظبي,Abu Dhabi,فرع مؤسسة دولية,Branch of International Institution,Non-National,Bachelors,NS,169
2021-2022,جامعة نيويورك,"NEW YORK UNIVERSITY, ABU DHABI",أبوظبي,Abu Dhabi,فرع مؤسسة دولية,Branch of International Institution,National,Bachelors,S,1
2021-2022,جامعة نيويورك,"NEW YORK UNIVERSITY, ABU DHABI",أبوظبي,Abu Dhabi,فرع مؤسسة دولية,Branch of International Institution,Non-National,Bachelors,S,14
2021-2022,جامعة نيويورك,"NEW YORK UNIVERSITY, ABU DHABI",أبوظبي,Abu Dhabi,فرع مؤسسة دولية,Branch of International Institution,National,Bachelors,"S,M",4
2021-2022,جامعة نيويورك,"NEW YORK UNIVERSITY, ABU DHABI",أبوظبي,Abu Dhabi,فرع مؤسسة دولية,Branch of International Institution,Non-National,Bachelors,"S,M",24
2021-2022,جامعة نيويورك,"NEW YORK UNIVERSITY, ABU DHABI",أبوظبي,Abu Dhabi,فرع مؤسسة دولية,Branch of International Institution,National,Bachelors,T,4
2021-2022,جامعة نيويورك,"NEW YORK UNIVERSITY, ABU DHABI",أبوظبي,Abu Dhabi,فرع مؤسسة دولية,Branch of International Institution,Non-National,Bachelors,T,51
2021-2022,جامعة نيويورك,"NEW YORK UNIVERSITY, ABU DHABI",أبوظبي,Abu Dhabi,فرع مؤسسة دولية,Branch of International Institution,National,Masters,NS,4
2021-2022,جامعة نيويورك,"NEW YORK UNIVERSITY, ABU DHABI",أبوظبي,Abu Dhabi,فرع مؤسسة دولية,Branch of International Institution,Non-National,Masters,NS,6
2021-2022,جامعة ولونغونغ فى دبى,UNIVERSITY OF WOLLONGONG IN DUBAI,دبي,Dubai,فرع مؤسسة دولية,Branch of International Institution,National,Bachelors,E,1
2021-2022,جامعة ولونغونغ فى دبى,UNIVERSITY OF WOLLONGONG IN DUBAI,دبي,Dubai,فرع مؤسسة دولية,Branch of International Institution,Non-National,Bachelors,E,46
2021-2022,جامعة ولونغونغ فى دبى,UNIVERSITY OF WOLLONGONG IN DUBAI,دبي,Dubai,فرع مؤسسة دولية,Branch of International Institution,National,Bachelors,NS,4
2021-2022,جامعة ولونغونغ فى دبى,UNIVERSITY OF WOLLONGONG IN DUBAI,دبي,Dubai,فرع مؤسسة دولية,Branch of International Institution,Non-National,Bachelors,NS,181
2021-2022,جامعة ولونغونغ فى دبى,UNIVERSITY OF WOLLONGONG IN DUBAI,دبي,Dubai,فرع مؤسسة دولية,Branch of International Institution,National,Bachelors,S,6
2021-2022,جامعة ولونغونغ فى دبى,UNIVERSITY OF WOLLONGONG IN DUBAI,دبي,Dubai,فرع مؤسسة دولية,Branch of International Institution,Non-National,Bachelors,S,112
2021-2022,جامعة ولونغونغ فى دبى,UNIVERSITY OF WOLLONGONG IN DUBAI,دبي,Dubai,فرع مؤسسة دولية,Branch of International Institution,Non-National,Bachelors,T,38
2021-2022,جامعة ولونغونغ فى دبى,UNIVERSITY OF WOLLONGONG IN DUBAI,دبي,Dubai,فرع مؤسسة دولية,Branch of International Institution,Non-National,Doctor of Business Administrate,NS,1
2021-2022,جامعة ولونغونغ فى دبى,UNIVERSITY OF WOLLONGONG IN DUBAI,دبي,Dubai,فرع مؤسسة دولية,Branch of International Institution,National,Doctorate,NS,1
2021-2022,جامعة ولونغونغ فى دبى,UNIVERSITY OF WOLLONGONG IN DUBAI,دبي,Dubai,فرع مؤسسة دولية,Branch of International Institution,National,Graduate Certificate,NS,1
2021-2022,جامعة ولونغونغ فى دبى,UNIVERSITY OF WOLLONGONG IN DUBAI,دبي,Dubai,فرع مؤسسة دولية,Branch of International Institution,Non-National,Graduate Certificate,NS,3
2021-2022,جامعة ولونغونغ فى دبى,UNIVERSITY OF WOLLONGONG IN DUBAI,دبي,Dubai,فرع مؤسسة دولية,Branch of International Institution,National,Graduate Certificate,T,1
2021-2022,جامعة ولونغونغ فى دبى,UNIVERSITY OF WOLLONGONG IN DUBAI,دبي,Dubai,فرع مؤسسة دولية,Branch of International Institution,Non-National,Graduate Certificate,T,2
2021-2022,جامعة ولونغونغ فى دبى,UNIVERSITY OF WOLLONGONG IN DUBAI,دبي,Dubai,فرع مؤسسة دولية,Branch of International Institution,Non-National,Graduate Diploma,NS,1
2021-2022,جامعة ولونغونغ فى دبى,UNIVERSITY OF WOLLONGONG IN DUBAI,دبي,Dubai,فرع مؤسسة دولية,Branch of International Institution,National,Master of Business Administration,NS,6
2021-2022,جامعة ولونغونغ فى دبى,UNIVERSITY OF WOLLONGONG IN DUBAI,دبي,Dubai,فرع مؤسسة دولية,Branch of International Institution,Non-National,Master of Business Administration,NS,28
2021-2022,جامعة ولونغونغ فى دبى,UNIVERSITY OF WOLLONGONG IN DUBAI,دبي,Dubai,فرع مؤسسة دولية,Branch of International Institution,National,Masters,E,16
2021-2022,جامعة ولونغونغ فى دبى,UNIVERSITY OF WOLLONGONG IN DUBAI,دبي,Dubai,فرع مؤسسة دولية,Branch of International Institution,Non-National,Masters,E,42
2021-2022,جامعة ولونغونغ فى دبى,UNIVERSITY OF WOLLONGONG IN DUBAI,دبي,Dubai,فرع مؤسسة دولية,Branch of International Institution,National,Masters,NS,38
2021-2022,جامعة ولونغونغ فى دبى,UNIVERSITY OF WOLLONGONG IN DUBAI,دبي,Dubai,فرع مؤسسة دولية,Branch of International Institution,Non-National,Masters,NS,211
2021-2022,جامعة ولونغونغ فى دبى,UNIVERSITY OF WOLLONGONG IN DUBAI,دبي,Dubai,فرع مؤسسة دولية,Branch of International Institution,National,Masters,S,13
2021-2022,جامعة ولونغونغ فى دبى,UNIVERSITY OF WOLLONGONG IN DUBAI,دبي,Dubai,فرع مؤسسة دولية,Branch of International Institution,Non-National,Masters,S,46
2021-2022,جامعة ولونغونغ فى دبى,UNIVERSITY OF WOLLONGONG IN DUBAI,دبي,Dubai,فرع مؤسسة دولية,Branch of International Institution,National,Masters,T,1
2021-2022,جامعة ولونغونغ فى دبى,UNIVERSITY OF WOLLONGONG IN DUBAI,دبي,Dubai,فرع مؤسسة دولية,Branch of International Institution,Non-National,Masters,T,1
2021-2022,كليات التقنية العليا,HIGHER COLLEGES OF TECHNOLOGY,أبوظبي,Abu Dhabi,حكومة إتحادية,Federal Government,National,Bachelors,E,367
2021-2022,كليات التقنية العليا,HIGHER COLLEGES OF TECHNOLOGY,أبوظبي,Abu Dhabi,حكومة إتحادية,Federal Government,Non-National,Bachelors,E,15
2021-2022,كليات التقنية العليا,HIGHER COLLEGES OF TECHNOLOGY,أبوظبي,Abu Dhabi,حكومة إتحادية,Federal Government,National,Bachelors,NS,342
2021-2022,كليات التقنية العليا,HIGHER COLLEGES OF TECHNOLOGY,أبوظبي,Abu Dhabi,حكومة إتحادية,Federal Government,Non-National,Bachelors,NS,15
2021-2022,كليات التقنية العليا,HIGHER COLLEGES OF TECHNOLOGY,أبوظبي,Abu Dhabi,حكومة إتحادية,Federal Government,National,Bachelors,S,45
2021-2022,كليات التقنية العليا,HIGHER COLLEGES OF TECHNOLOGY,أبوظبي,Abu Dhabi,حكومة إتحادية,Federal Government,Non-National,Bachelors,S,3
2021-2022,كليات التقنية العليا,HIGHER COLLEGES OF TECHNOLOGY,أبوظبي,Abu Dhabi,حكومة إتحادية,Federal Government,National,Bachelors,T,151
2021-2022,كليات التقنية العليا,HIGHER COLLEGES OF TECHNOLOGY,أبوظبي,Abu Dhabi,حكومة إتحادية,Federal Government,Non-National,Bachelors,T,8
2021-2022,كليات التقنية العليا,HIGHER COLLEGES OF TECHNOLOGY,أبوظبي,Abu Dhabi,حكومة إتحادية,Federal Government,National,Diploma,E,9
2021-2022,كليات التقنية العليا,HIGHER COLLEGES OF TECHNOLOGY,أبوظبي,Abu Dhabi,حكومة إتحادية,Federal Government,National,Diploma,NS,5
2021-2022,كليات التقنية العليا,HIGHER COLLEGES OF TECHNOLOGY,أبوظبي,Abu Dhabi,حكومة إتحادية,Federal Government,National,Diploma,S,20
2021-2022,كليات التقنية العليا,HIGHER COLLEGES OF TECHNOLOGY,أبوظبي,Abu Dhabi,حكومة إتحادية,Federal Government,National,Higher Diploma,NS,10
2021-2022,كليات التقنية العليا,HIGHER COLLEGES OF TECHNOLOGY,أبوظبي,Abu Dhabi,حكومة إتحادية,Federal Government,Non-National,Higher Diploma,NS,1
2021-2022,كليات التقنية العليا,HIGHER COLLEGES OF TECHNOLOGY,أبوظبي,Abu Dhabi,حكومة إتحادية,Federal Government,National,Higher Diploma,T,2
2021-2022,كليات التقنية العليا,HIGHER COLLEGES OF TECHNOLOGY,الشارقة,Sharjah,حكومة إتحادية,Federal Government,National,Bachelors,E,197
2021-2022,كليات التقنية العليا,HIGHER COLLEGES OF TECHNOLOGY,الشارقة,Sharjah,حكومة إتحادية,Federal Government,Non-National,Bachelors,E,5
2021-2022,كليات التقنية العليا,HIGHER COLLEGES OF TECHNOLOGY,الشارقة,Sharjah,حكومة إتحادية,Federal Government,National,Bachelors,NS,207
2021-2022,كليات التقنية العليا,HIGHER COLLEGES OF TECHNOLOGY,الشارقة,Sharjah,حكومة إتحادية,Federal Government,Non-National,Bachelors,NS,8
2021-2022,كليات التقنية العليا,HIGHER COLLEGES OF TECHNOLOGY,الشارقة,Sharjah,حكومة إتحادية,Federal Government,National,Bachelors,S,57
2021-2022,كليات التقنية العليا,HIGHER COLLEGES OF TECHNOLOGY,الشارقة,Sharjah,حكومة إتحادية,Federal Government,Non-National,Bachelors,S,3
2021-2022,كليات التقنية العليا,HIGHER COLLEGES OF TECHNOLOGY,الشارقة,Sharjah,حكومة إتحادية,Federal Government,National,Bachelors,T,87
2021-2022,كليات التقنية العليا,HIGHER COLLEGES OF TECHNOLOGY,الشارقة,Sharjah,حكومة إتحادية,Federal Government,Non-National,Bachelors,T,2
2021-2022,كليات التقنية العليا,HIGHER COLLEGES OF TECHNOLOGY,الشارقة,Sharjah,حكومة إتحادية,Federal Government,National,Diploma,E,1
2021-2022,كليات التقنية العليا,HIGHER COLLEGES OF TECHNOLOGY,الشارقة,Sharjah,حكومة إتحادية,Federal Government,National,Diploma,NS,2
2021-2022,كليات التقنية العليا,HIGHER COLLEGES OF TECHNOLOGY,الشارقة,Sharjah,حكومة إتحادية,Federal Government,National,Diploma,S,7
2021-2022,كليات التقنية العليا,HIGHER COLLEGES OF TECHNOLOGY,الشارقة,Sharjah,حكومة إتحادية,Federal Government,National,Higher Diploma,NS,3
2021-2022,كليات التقنية العليا,HIGHER COLLEGES OF TECHNOLOGY,الشارقة,Sharjah,حكومة إتحادية,Federal Government,Non-National,Higher Diploma,S,1
2021-2022,كليات التقنية العليا,HIGHER COLLEGES OF TECHNOLOGY,الشارقة,Sharjah,حكومة إتحادية,Federal Government,National,Higher Diploma,T,2
2021-2022,كليات التقنية العليا,HIGHER COLLEGES OF TECHNOLOGY,الفجيرة,Fujairah,حكومة إتحادية,Federal Government,National,Bachelors,E,104
2021-2022,كليات التقنية العليا,HIGHER COLLEGES OF TECHNOLOGY,الفجيرة,Fujairah,حكومة إتحادية,Federal Government,National,Bachelors,NS,56
2021-2022,كليات التقنية العليا,HIGHER COLLEGES OF TECHNOLOGY,الفجيرة,Fujairah,حكومة إتحادية,Federal Government,National,Bachelors,S,36
2021-2022,كليات التقنية العليا,HIGHER COLLEGES OF TECHNOLOGY,الفجيرة,Fujairah,حكومة إتحادية,Federal Government,National,Bachelors,T,48
2021-2022,كليات التقنية العليا,HIGHER COLLEGES OF TECHNOLOGY,الفجيرة,Fujairah,حكومة إتحادية,Federal Government,National,Diploma,E,1
2021-2022,كليات التقنية العليا,HIGHER COLLEGES OF TECHNOLOGY,دبي,Dubai,حكومة إتحادية,Federal Government,National,Bachelors,E,166
2021-2022,كليات التقنية العليا,HIGHER COLLEGES OF TECHNOLOGY,دبي,Dubai,حكومة إتحادية,Federal Government,Non-National,Bachelors,E,8
2021-2022,كليات التقنية العليا,HIGHER COLLEGES OF TECHNOLOGY,دبي,Dubai,حكومة إتحادية,Federal Government,National,Bachelors,NS,191
2021-2022,كليات التقنية العليا,HIGHER COLLEGES OF TECHNOLOGY,دبي,Dubai,حكومة إتحادية,Federal Government,Non-National,Bachelors,NS,4
2021-2022,كليات التقنية العليا,HIGHER COLLEGES OF TECHNOLOGY,دبي,Dubai,حكومة إتحادية,Federal Government,National,Bachelors,S,24
2021-2022,كليات التقنية العليا,HIGHER COLLEGES OF TECHNOLOGY,دبي,Dubai,حكومة إتحادية,Federal Government,Non-National,Bachelors,S,2
2021-2022,كليات التقنية العليا,HIGHER COLLEGES OF TECHNOLOGY,دبي,Dubai,حكومة إتحادية,Federal Government,National,Bachelors,T,108
2021-2022,كليات التقنية العليا,HIGHER COLLEGES OF TECHNOLOGY,دبي,Dubai,حكومة إتحادية,Federal Government,Non-National,Bachelors,T,2
2021-2022,كليات التقنية العليا,HIGHER COLLEGES OF TECHNOLOGY,دبي,Dubai,حكومة إتحادية,Federal Government,National,Diploma,E,3
2021-2022,كليات التقنية العليا,HIGHER COLLEGES OF TECHNOLOGY,دبي,Dubai,حكومة إتحادية,Federal Government,National,Diploma,S,1
2021-2022,كليات التقنية العليا,HIGHER COLLEGES OF TECHNOLOGY,دبي,Dubai,حكومة إتحادية,Federal Government,National,Higher Diploma,NS,3
2021-2022,كليات التقنية العليا,HIGHER COLLEGES OF TECHNOLOGY,دبي,Dubai,حكومة إتحادية,Federal Government,National,Higher Diploma,S,1
2021-2022,كليات التقنية العليا,HIGHER COLLEGES OF TECHNOLOGY,دبي,Dubai,حكومة إتحادية,Federal Government,Non-National,Higher Diploma,S,1
2021-2022,كليات التقنية العليا,HIGHER COLLEGES OF TECHNOLOGY,دبي,Dubai,حكومة إتحادية,Federal Government,National,Higher Diploma,T,3
2021-2022,كليات التقنية العليا,HIGHER COLLEGES OF TECHNOLOGY,دبي,Dubai,حكومة إتحادية,Federal Government,Non-National,Higher Diploma,T,1
2021-2022,كليات التقنية العليا,HIGHER COLLEGES OF TECHNOLOGY,رأس الخيمة,Ras Al Khaima,حكومة إتحادية,Federal Government,National,Bachelors,E,79
2021-2022,كليات التقنية العليا,HIGHER COLLEGES OF TECHNOLOGY,رأس الخيمة,Ras Al Khaima,حكومة إتحادية,Federal Government,National,Bachelors,NS,94
2021-2022,كليات التقنية العليا,HIGHER COLLEGES OF TECHNOLOGY,رأس الخيمة,Ras Al Khaima,حكومة إتحادية,Federal Government,Non-National,Bachelors,NS,1
2021-2022,كليات التقنية العليا,HIGHER COLLEGES OF TECHNOLOGY,رأس الخيمة,Ras Al Khaima,حكومة إتحادية,Federal Government,National,Bachelors,T,151
2021-2022,كليات التقنية العليا,HIGHER COLLEGES OF TECHNOLOGY,رأس الخيمة,Ras Al Khaima,حكومة إتحادية,Federal Government,National,Diploma,E,4
2021-2022,كليات التقنية العليا,HIGHER COLLEGES OF TECHNOLOGY,رأس الخيمة,Ras Al Khaima,حكومة إتحادية,Federal Government,National,Diploma,NS,1
2021-2022,كليات التقنية العليا,HIGHER COLLEGES OF TECHNOLOGY,رأس الخيمة,Ras Al Khaima,حكومة إتحادية,Federal Government,National,Higher Diploma,NS,1
2021-2022,كليات التقنية العليا,HIGHER COLLEGES OF TECHNOLOGY,رأس الخيمة,Ras Al Khaima,حكومة إتحادية,Federal Government,National,Higher Diploma,T,2
2021-2022,كلية  الخوارزمى الدولية,AL KHAWARIZMI INTERNATIONAL COLLEGE,أبوظبي,Abu Dhabi,خاصة,Private,National,Bachelors,NS,119
2021-2022,كلية  الخوارزمى الدولية,AL KHAWARIZMI INTERNATIONAL COLLEGE,أبوظبي,Abu Dhabi,خاصة,Private,Non-National,Bachelors,NS,46
2021-2022,كلية  الخوارزمى الدولية,AL KHAWARIZMI INTERNATIONAL COLLEGE,أبوظبي,Abu Dhabi,خاصة,Private,National,Bachelors,S,3
2021-2022,كلية  الخوارزمى الدولية,AL KHAWARIZMI INTERNATIONAL COLLEGE,أبوظبي,Abu Dhabi,خاصة,Private,Non-National,Bachelors,S,34
2021-2022,كلية  الخوارزمى الدولية,AL KHAWARIZMI INTERNATIONAL COLLEGE,أبوظبي,Abu Dhabi,خاصة,Private,National,Bachelors,T,16
2021-2022,كلية  الخوارزمى الدولية,AL KHAWARIZMI INTERNATIONAL COLLEGE,أبوظبي,Abu Dhabi,خاصة,Private,Non-National,Bachelors,T,21
2021-2022,كلية  الخوارزمى الدولية,AL KHAWARIZMI INTERNATIONAL COLLEGE,أبوظبي,Abu Dhabi,خاصة,Private,Non-National,Diploma,NS,7
2021-2022,كلية  الخوارزمى الدولية,AL KHAWARIZMI INTERNATIONAL COLLEGE,أبوظبي,Abu Dhabi,خاصة,Private,National,Diploma,S,2
2021-2022,كلية  الخوارزمى الدولية,AL KHAWARIZMI INTERNATIONAL COLLEGE,أبوظبي,Abu Dhabi,خاصة,Private,Non-National,Diploma,S,1
2021-2022,كلية  الخوارزمى الدولية,AL KHAWARIZMI INTERNATIONAL COLLEGE,أبوظبي,Abu Dhabi,خاصة,Private,National,Diploma,T,10
2021-2022,كلية  الخوارزمى الدولية,AL KHAWARIZMI INTERNATIONAL COLLEGE,أبوظبي,Abu Dhabi,خاصة,Private,Non-National,Diploma,T,10
2021-2022,كلية أبوظبي للإدارة,ABU DHABI SCHOOL OF MANAGEMENT,أبوظبي,Abu Dhabi,شبه حكومية,Semi Government,National,Master of Business Administration,NS,113
2021-2022,كلية أبوظبي للإدارة,ABU DHABI SCHOOL OF MANAGEMENT,أبوظبي,Abu Dhabi,شبه حكومية,Semi Government,Non-National,Master of Business Administration,NS,2
2021-2022,كلية أبوظبي للإدارة,ABU DHABI SCHOOL OF MANAGEMENT,أبوظبي,Abu Dhabi,شبه حكومية,Semi Government,National,Masters,NS,130
2021-2022,كلية الأفق الجامعية,SKYLINE UNIVERSITY COLLEGE,الشارقة,Sharjah,خاصة,Private,National,Bachelors,NS,86
2021-2022,كلية الأفق الجامعية,SKYLINE UNIVERSITY COLLEGE,الشارقة,Sharjah,خاصة,Private,Non-National,Bachelors,NS,51
2021-2022,كلية الأفق الجامعية,SKYLINE UNIVERSITY COLLEGE,الشارقة,Sharjah,خاصة,Private,National,Bachelors,T,59
2021-2022,كلية الأفق الجامعية,SKYLINE UNIVERSITY COLLEGE,الشارقة,Sharjah,خاصة,Private,Non-National,Bachelors,T,13
2021-2022,كلية الأفق الجامعية,SKYLINE UNIVERSITY COLLEGE,الشارقة,Sharjah,خاصة,Private,National,Master of Business Administration,NS,146
2021-2022,كلية الأفق الجامعية,SKYLINE UNIVERSITY COLLEGE,الشارقة,Sharjah,خاصة,Private,Non-National,Master of Business Administration,NS,5
2021-2022,كلية الإمارات للتطوير التربوي,EMIRATES COLLEGE FOR ADVANCED EDUCATION,أبوظبي,Abu Dhabi,حكومة محلية,Local Government,National,Bachelors,NS,6
2021-2022,كلية الإمارات للتطوير التربوي,EMIRATES COLLEGE FOR ADVANCED EDUCATION,أبوظبي,Abu Dhabi,حكومة محلية,Local Government,Non-National,Bachelors,NS,10
2021-2022,كلية الإمارات للتطوير التربوي,EMIRATES COLLEGE FOR ADVANCED EDUCATION,أبوظبي,Abu Dhabi,حكومة محلية,Local Government,National,Graduate Diploma,NS,6
2021-2022,كلية الإمارات للتطوير التربوي,EMIRATES COLLEGE FOR ADVANCED EDUCATION,أبوظبي,Abu Dhabi,حكومة محلية,Local Government,National,Masters,NS,17
2021-2022,كلية الإمارات للتطوير التربوي,EMIRATES COLLEGE FOR ADVANCED EDUCATION,أبوظبي,Abu Dhabi,حكومة محلية,Local Government,Non-National,Masters,NS,4
2021-2022,كلية الإمارات للتطوير التربوي,EMIRATES COLLEGE FOR ADVANCED EDUCATION,عجمان,Ajman,حكومة محلية,Local Government,Non-National,Graduate Diploma,NS,1
2021-2022,كلية الإمارات للتطوير التربوي,EMIRATES COLLEGE FOR ADVANCED EDUCATION,عجمان,Ajman,حكومة محلية,Local Government,National,Masters,NS,7
2021-2022,كلية الإمارات للتطوير التربوي,EMIRATES COLLEGE FOR ADVANCED EDUCATION,عجمان,Ajman,حكومة محلية,Local Government,Non-National,Masters,NS,1
2021-2022,كلية الإمام مالك للشريعة الإسلامية والقانون,IMAM MALIK COLLEGE FOR ISLAMIC SHARIA AND LAW,دبي,Dubai,حكومة محلية,Local Government,National,Bachelors,NS,40
2021-2022,كلية الإمام مالك للشريعة الإسلامية والقانون,IMAM MALIK COLLEGE FOR ISLAMIC SHARIA AND LAW,دبي,Dubai,حكومة محلية,Local Government,Non-National,Bachelors,NS,35
2021-2022,كلية الإمام مالك للشريعة الإسلامية والقانون,IMAM MALIK COLLEGE FOR ISLAMIC SHARIA AND LAW,دبي,Dubai,حكومة محلية,Local Government,National,Masters,NS,6
2021-2022,كلية الإمام مالك للشريعة الإسلامية والقانون,IMAM MALIK COLLEGE FOR ISLAMIC SHARIA AND LAW,دبي,Dubai,حكومة محلية,Local Government,Non-National,Masters,NS,9
2021-2022,كلية الدار الجامعية,AL DAR UNIVERSITY COLLEGE,دبي,Dubai,خاصة,Private,National,Bachelors,E,10
2021-2022,كلية الدار الجامعية,AL DAR UNIVERSITY COLLEGE,دبي,Dubai,خاصة,Private,National,Bachelors,NS,24
2021-2022,كلية الدار الجامعية,AL DAR UNIVERSITY COLLEGE,دبي,Dubai,خاصة,Private,Non-National,Bachelors,NS,11
2021-2022,كلية الدار الجامعية,AL DAR UNIVERSITY COLLEGE,دبي,Dubai,خاصة,Private,National,Bachelors,T,1
2021-2022,كلية الدار الجامعية,AL DAR UNIVERSITY COLLEGE,دبي,Dubai,خاصة,Private,Non-National,Bachelors,T,5
2021-2022,كلية المدينة الجامعية بعجمان,CITY UNIVERSITY AJMAN,عجمان,Ajman,خاصة,Private,National,Bachelors,NS,228
2021-2022,كلية المدينة الجامعية بعجمان,CITY UNIVERSITY AJMAN,عجمان,Ajman,خاصة,Private,Non-National,Bachelors,NS,124
2021-2022,كلية المدينة الجامعية بعجمان,CITY UNIVERSITY AJMAN,عجمان,Ajman,خاصة,Private,National,Graduate Diploma,NS,1
2021-2022,كلية المدينة الجامعية بعجمان,CITY UNIVERSITY AJMAN,عجمان,Ajman,خاصة,Private,Non-National,Graduate Diploma,NS,12
2021-2022,كلية المدينة الجامعية بعجمان,CITY UNIVERSITY AJMAN,عجمان,Ajman,خاصة,Private,National,Master of Business Administration,NS,28
2021-2022,كلية المدينة الجامعية بعجمان,CITY UNIVERSITY AJMAN,عجمان,Ajman,خاصة,Private,Non-National,Master of Business Administration,NS,3
2021-2022,كلية المدينة الجامعية بعجمان,CITY UNIVERSITY AJMAN,عجمان,Ajman,خاصة,Private,National,Masters,NS,6
2021-2022,كلية المدينة الجامعية بعجمان,CITY UNIVERSITY AJMAN,عجمان,Ajman,خاصة,Private,Non-National,Masters,NS,3
2021-2022,كلية دبي الطبية للبنات,DUBAI MEDICAL COLLEGE FOR GIRLS,دبي,Dubai,خاصة,Private,National,"(MBBS)Bachelor of Medicine, Bachelor of Surgery",S,9
2021-2022,كلية دبي الطبية للبنات,DUBAI MEDICAL COLLEGE FOR GIRLS,دبي,Dubai,خاصة,Private,Non-National,"(MBBS)Bachelor of Medicine, Bachelor of Surgery",S,53
2021-2022,كلية دبي الطبية للبنات,DUBAI MEDICAL COLLEGE FOR GIRLS,دبي,Dubai,خاصة,Private,National,Graduate Diploma,S,1
2021-2022,كلية دبي الطبية للبنات,DUBAI MEDICAL COLLEGE FOR GIRLS,دبي,Dubai,خاصة,Private,National,Masters,S,4
2021-2022,كلية دبي الطبية للبنات,DUBAI MEDICAL COLLEGE FOR GIRLS,دبي,Dubai,خاصة,Private,Non-National,Masters,S,4
2021-2022,كلية دبي للصيدلة,DUBAI PHARMACY COLLEGE FOR GIRLS,دبي,Dubai,خاصة,Private,National,Bachelors,S,5
2021-2022,كلية دبي للصيدلة,DUBAI PHARMACY COLLEGE FOR GIRLS,دبي,Dubai,خاصة,Private,Non-National,Bachelors,S,38
2021-2022,كلية دبي للصيدلة,DUBAI PHARMACY COLLEGE FOR GIRLS,دبي,Dubai,خاصة,Private,National,Masters,S,5
2021-2022,كلية دبي للصيدلة,DUBAI PHARMACY COLLEGE FOR GIRLS,دبي,Dubai,خاصة,Private,Non-National,Masters,S,15
2021-2022,كلية فاطمة للعلوم الصحية,FATIMA COLLEGE OF HEALTH SCIENCES,أبوظبي,Abu Dhabi,حكومة محلية,Local Government,National,Bachelors,S,179
2021-2022,كلية فاطمة للعلوم الصحية,FATIMA COLLEGE OF HEALTH SCIENCES,أبوظبي,Abu Dhabi,حكومة محلية,Local Government,Non-National,Bachelors,S,76
2021-2022,كلية فاطمة للعلوم الصحية,FATIMA COLLEGE OF HEALTH SCIENCES,عجمان,Ajman,حكومة محلية,Local Government,National,Bachelors,S,50
2021-2022,كلية فاطمة للعلوم الصحية,FATIMA COLLEGE OF HEALTH SCIENCES,عجمان,Ajman,حكومة محلية,Local Government,Non-National,Bachelors,S,2
2021-2022,كلية ليوا للتكنولوجيا,LIWA COLLEGE OF TECHNOLOGY,أبوظبي,Abu Dhabi,خاصة,Private,National,Bachelors,NS,279
2021-2022,كلية ليوا للتكنولوجيا,LIWA COLLEGE OF TECHNOLOGY,أبوظبي,Abu Dhabi,خاصة,Private,Non-National,Bachelors,NS,62
2021-2022,كلية ليوا للتكنولوجيا,LIWA COLLEGE OF TECHNOLOGY,أبوظبي,Abu Dhabi,خاصة,Private,National,Bachelors,S,8
2021-2022,كلية ليوا للتكنولوجيا,LIWA COLLEGE OF TECHNOLOGY,أبوظبي,Abu Dhabi,خاصة,Private,Non-National,Bachelors,S,12
2021-2022,كلية ليوا للتكنولوجيا,LIWA COLLEGE OF TECHNOLOGY,أبوظبي,Abu Dhabi,خاصة,Private,National,Diploma,NS,18
2021-2022,كلية ليوا للتكنولوجيا,LIWA COLLEGE OF TECHNOLOGY,أبوظبي,Abu Dhabi,خاصة,Private,Non-National,Diploma,NS,18
2021-2022,كلية محمد بن راشد للإدارة الحكومية,MOHAMMED BIN RASHID SCHOOL OF GOVERNMENT,دبي,Dubai,حكومة محلية,Local Government,National,Masters,NS,90
2021-2022,كلية محمد بن راشد للإدارة الحكومية,MOHAMMED BIN RASHID SCHOOL OF GOVERNMENT,دبي,Dubai,حكومة محلية,Local Government,Non-National,Masters,NS,3
2021-2022,معهد أبوظبي للتعليم والتدريب المهني,ABU DHABI VOCATIONAL EDUCATION AND TRAINING INSTITUTE,أبوظبي,Abu Dhabi,حكومة محلية,Local Government,National,Certificate,E,4
2021-2022,معهد أبوظبي للتعليم والتدريب المهني,ABU DHABI VOCATIONAL EDUCATION AND TRAINING INSTITUTE,أبوظبي,Abu Dhabi,حكومة محلية,Local Government,National,Certificate,NS,13
2021-2022,معهد أبوظبي للتعليم والتدريب المهني,ABU DHABI VOCATIONAL EDUCATION AND TRAINING INSTITUTE,أبوظبي,Abu Dhabi,حكومة محلية,Local Government,National,Diploma,E,72
2021-2022,معهد أبوظبي للتعليم والتدريب المهني,ABU DHABI VOCATIONAL EDUCATION AND TRAINING INSTITUTE,أبوظبي,Abu Dhabi,حكومة محلية,Local Government,National,Diploma,NS,33
2021-2022,معهد أبوظبي للتعليم والتدريب المهني,ABU DHABI VOCATIONAL EDUCATION AND TRAINING INSTITUTE,أبوظبي,Abu Dhabi,حكومة محلية,Local Government,National,Diploma,S,210
2021-2022,معهد أبوظبي للتعليم والتدريب المهني,ABU DHABI VOCATIONAL EDUCATION AND TRAINING INSTITUTE,أبوظبي,Abu Dhabi,حكومة محلية,Local Government,Non-National,Diploma,S,5
2021-2022,معهد أبوظبي للتعليم والتدريب المهني,ABU DHABI VOCATIONAL EDUCATION AND TRAINING INSTITUTE,أبوظبي,Abu Dhabi,حكومة محلية,Local Government,National,Diploma,T,2
2021-2022,معهد أبوظبي للتعليم والتدريب المهني,ABU DHABI VOCATIONAL EDUCATION AND TRAINING INSTITUTE,أبوظبي,Abu Dhabi,حكومة محلية,Local Government,National,Higher Diploma,NS,30
2021-2022,معهد أبوظبي للتعليم والتدريب المهني,ABU DHABI VOCATIONAL EDUCATION AND TRAINING INSTITUTE,أبوظبي,Abu Dhabi,حكومة محلية,Local Government,Non-National,Higher Diploma,NS,1
2021-2022,معهد أبوظبي للتعليم والتدريب المهني,ABU DHABI VOCATIONAL EDUCATION AND TRAINING INSTITUTE,أبوظبي,Abu Dhabi,حكومة محلية,Local Government,National,Higher Diploma,S,105
2021-2022,معهد أبوظبي للتعليم والتدريب المهني,ABU DHABI VOCATIONAL EDUCATION AND TRAINING INSTITUTE,أبوظبي,Abu Dhabi,حكومة محلية,Local Government,Non-National,Higher Diploma,S,4
2021-2022,معهد أبوظبي للتعليم والتدريب المهني,ABU DHABI VOCATIONAL EDUCATION AND TRAINING INSTITUTE,أبوظبي,Abu Dhabi,حكومة محلية,Local Government,National,Other,NS,8
2021-2022,معهد أبوظبي للتعليم والتدريب المهني,ABU DHABI VOCATIONAL EDUCATION AND TRAINING INSTITUTE,أبوظبي,Abu Dhabi,حكومة محلية,Local Government,Non-National,Other,NS,8
2021-2022,معهد الإمارات للدراسات المصرفية والمالية,EMIRATES INSTITUTE FOR BANKING AND FINANCIAL STUDIES,أبوظبي,Abu Dhabi,حكومة محلية,Local Government,National,Bachelors,NS,2
2021-2022,معهد الإمارات للدراسات المصرفية والمالية,EMIRATES INSTITUTE FOR BANKING AND FINANCIAL STUDIES,أبوظبي,Abu Dhabi,حكومة محلية,Local Government,Non-National,Bachelors,NS,12
2021-2022,معهد الإمارات للدراسات المصرفية والمالية,EMIRATES INSTITUTE FOR BANKING AND FINANCIAL STUDIES,الشارقة,Sharjah,حكومة محلية,Local Government,National,Bachelors,NS,6
2021-2022,معهد الإمارات للدراسات المصرفية والمالية,EMIRATES INSTITUTE FOR BANKING AND FINANCIAL STUDIES,الشارقة,Sharjah,حكومة محلية,Local Government,Non-National,Bachelors,NS,16
2021-2022,معهد الإمارات للدراسات المصرفية والمالية,EMIRATES INSTITUTE FOR BANKING AND FINANCIAL STUDIES,الشارقة,Sharjah,حكومة محلية,Local Government,Non-National,Diploma,NS,1
2021-2022,معهد الإمارات للدراسات المصرفية والمالية,EMIRATES INSTITUTE FOR BANKING AND FINANCIAL STUDIES,عجمان,Ajman,حكومة محلية,Local Government,Non-National,Bachelors,NS,1
2021-2022,معهد تكنولوجيا إدارة الأعمال بدبي - أي. أم. تي,INSTITUTE OF MANAGEMENT TECHNOLOGY-DUBAI,دبي,Dubai,خاصة,Private,National,Bachelors,NS,22
2021-2022,معهد تكنولوجيا إدارة الأعمال بدبي - أي. أم. تي,INSTITUTE OF MANAGEMENT TECHNOLOGY-DUBAI,دبي,Dubai,خاصة,Private,Non-National,Bachelors,NS,4
2021-2022,معهد تكنولوجيا إدارة الأعمال بدبي - أي. أم. تي,INSTITUTE OF MANAGEMENT TECHNOLOGY-DUBAI,دبي,Dubai,خاصة,Private,National,Master of Business Administration,NS,4
2021-2022,معهد تكنولوجيا إدارة الأعمال بدبي - أي. أم. تي,INSTITUTE OF MANAGEMENT TECHNOLOGY-DUBAI,دبي,Dubai,خاصة,Private,Non-National,Master of Business Administration,NS,6
2021-2022,معهد تكنولوجيا إدارة الأعمال بدبي - أي. أم. تي,INSTITUTE OF MANAGEMENT TECHNOLOGY-DUBAI,دبي,Dubai,خاصة,Private,National,Masters,NS,235
2021-2022,معهد تكنولوجيا إدارة الأعمال بدبي - أي. أم. تي,INSTITUTE OF MANAGEMENT TECHNOLOGY-DUBAI,دبي,Dubai,خاصة,Private,Non-National,Masters,NS,1
2021-2022,معهد دبي للتصميم والابتكار,DUBAI INSTITUTE OF DESIGN AND INNOVATION,دبي,Dubai,حكومة محلية,Local Government,National,Bachelors,NS,7
2021-2022,معهد دبي للتصميم والابتكار,DUBAI INSTITUTE OF DESIGN AND INNOVATION,دبي,Dubai,حكومة محلية,Local Government,Non-National,Bachelors,NS,30
2021-2022,معهد روشيستر للتكنولوجيا,ROCHESTER INSTITUTE OF TECHNOLOGY- DUBAI,دبي,Dubai,فرع مؤسسة دولية,Branch of International Institution,National,Bachelors,E,2
2021-2022,معهد روشيستر للتكنولوجيا,ROCHESTER INSTITUTE OF TECHNOLOGY- DUBAI,دبي,Dubai,فرع مؤسسة دولية,Branch of International Institution,Non-National,Bachelors,E,47
2021-2022,معهد روشيستر للتكنولوجيا,ROCHESTER INSTITUTE OF TECHNOLOGY- DUBAI,دبي,Dubai,فرع مؤسسة دولية,Branch of International Institution,National,Bachelors,NS,4
2021-2022,معهد روشيستر للتكنولوجيا,ROCHESTER INSTITUTE OF TECHNOLOGY- DUBAI,دبي,Dubai,فرع مؤسسة دولية,Branch of International Institution,Non-National,Bachelors,NS,17
2021-2022,معهد روشيستر للتكنولوجيا,ROCHESTER INSTITUTE OF TECHNOLOGY- DUBAI,دبي,Dubai,فرع مؤسسة دولية,Branch of International Institution,National,Bachelors,T,2
2021-2022,معهد روشيستر للتكنولوجيا,ROCHESTER INSTITUTE OF TECHNOLOGY- DUBAI,دبي,Dubai,فرع مؤسسة دولية,Branch of International Institution,Non-National,Bachelors,T,14
2021-2022,معهد روشيستر للتكنولوجيا,ROCHESTER INSTITUTE OF TECHNOLOGY- DUBAI,دبي,Dubai,فرع مؤسسة دولية,Branch of International Institution,National,Masters,E,14
2021-2022,معهد روشيستر للتكنولوجيا,ROCHESTER INSTITUTE OF TECHNOLOGY- DUBAI,دبي,Dubai,فرع مؤسسة دولية,Branch of International Institution,Non-National,Masters,E,13
2021-2022,معهد روشيستر للتكنولوجيا,ROCHESTER INSTITUTE OF TECHNOLOGY- DUBAI,دبي,Dubai,فرع مؤسسة دولية,Branch of International Institution,National,Masters,NS,27
2021-2022,معهد روشيستر للتكنولوجيا,ROCHESTER INSTITUTE OF TECHNOLOGY- DUBAI,دبي,Dubai,فرع مؤسسة دولية,Branch of International Institution,Non-National,Masters,NS,13
2022-2023,أكاديمية الإمارات لإدارة الضيافة,EMIRATES ACADEMY OF HOSPITALITY MANAGEMENT,دبي,Dubai,خاصة,Private,Non-National,Master of Business Administration,NS,1
2022-2023,أكاديمية الإمارات للهوية والجنسية,EMIRATES ACADEMY FOR IDENTITY & CITIZENSHIP,أبوظبي,Abu Dhabi,حكومة محلية,Local Government,National,Bachelors,NS,15
2022-2023,أكاديمية الشارقة للتعليم,SHARJAH EDUCATION ACADEMY,الشارقة,Sharjah,حكومة محلية,Local Government,National,Graduate Diploma,NS,1
2022-2023,أكاديمية الشارقة للتعليم,SHARJAH EDUCATION ACADEMY,الشارقة,Sharjah,حكومة محلية,Local Government,Non-National,Graduate Diploma,NS,13
2022-2023,أكاديمية ربدان,RABDAN ACADEMY,أبوظبي,Abu Dhabi,حكومة محلية,Local Government,National,Bachelors,NS,63
2022-2023,أكاديمية ربدان,RABDAN ACADEMY,أبوظبي,Abu Dhabi,حكومة محلية,Local Government,National,Masters,NS,13
2022-2023,الجامعة الأمريكية في الإمارات,AMERICAN UNIVERSITY IN THE EMIRATES,دبي,Dubai,خاصة,Private,National,Bachelors,NS,58
2022-2023,الجامعة الأمريكية في الإمارات,AMERICAN UNIVERSITY IN THE EMIRATES,دبي,Dubai,خاصة,Private,Non-National,Bachelors,NS,57
2022-2023,الجامعة الأمريكية في الإمارات,AMERICAN UNIVERSITY IN THE EMIRATES,دبي,Dubai,خاصة,Private,National,Bachelors,S,1
2022-2023,الجامعة الأمريكية في الإمارات,AMERICAN UNIVERSITY IN THE EMIRATES,دبي,Dubai,خاصة,Private,Non-National,Bachelors,S,1
2022-2023,الجامعة الأمريكية في الإمارات,AMERICAN UNIVERSITY IN THE EMIRATES,دبي,Dubai,خاصة,Private,National,Bachelors,T,4
2022-2023,الجامعة الأمريكية في الإمارات,AMERICAN UNIVERSITY IN THE EMIRATES,دبي,Dubai,خاصة,Private,Non-National,Bachelors,T,5
2022-2023,الجامعة الأمريكية في الإمارات,AMERICAN UNIVERSITY IN THE EMIRATES,دبي,Dubai,خاصة,Private,National,Master of Business Administration,NS,1
2022-2023,الجامعة الأمريكية في الإمارات,AMERICAN UNIVERSITY IN THE EMIRATES,دبي,Dubai,خاصة,Private,National,Masters,NS,20
2022-2023,الجامعة الأمريكية في الإمارات,AMERICAN UNIVERSITY IN THE EMIRATES,دبي,Dubai,خاصة,Private,Non-National,Masters,NS,3
2022-2023,الجامعة الأمريكية فى الشارقة,AMERICAN UNIVERSITY OF SHARJAH,الشارقة,Sharjah,حكومة محلية,Local Government,National,Bachelors,E,45
2022-2023,الجامعة الأمريكية فى الشارقة,AMERICAN UNIVERSITY OF SHARJAH,الشارقة,Sharjah,حكومة محلية,Local Government,Non-National,Bachelors,E,103
2022-2023,الجامعة الأمريكية فى الشارقة,AMERICAN UNIVERSITY OF SHARJAH,الشارقة,Sharjah,حكومة محلية,Local Government,National,Bachelors,NS,32
2022-2023,الجامعة الأمريكية فى الشارقة,AMERICAN UNIVERSITY OF SHARJAH,الشارقة,Sharjah,حكومة محلية,Local Government,Non-National,Bachelors,NS,73
2022-2023,الجامعة الأمريكية فى الشارقة,AMERICAN UNIVERSITY OF SHARJAH,الشارقة,Sharjah,حكومة محلية,Local Government,National,Bachelors,S,5
2022-2023,الجامعة الأمريكية فى الشارقة,AMERICAN UNIVERSITY OF SHARJAH,الشارقة,Sharjah,حكومة محلية,Local Government,Non-National,Bachelors,S,3
2022-2023,الجامعة الأمريكية فى الشارقة,AMERICAN UNIVERSITY OF SHARJAH,الشارقة,Sharjah,حكومة محلية,Local Government,Non-National,Bachelors,"S,M",7
2022-2023,الجامعة الأمريكية فى الشارقة,AMERICAN UNIVERSITY OF SHARJAH,الشارقة,Sharjah,حكومة محلية,Local Government,National,Bachelors,T,5
2022-2023,الجامعة الأمريكية فى الشارقة,AMERICAN UNIVERSITY OF SHARJAH,الشارقة,Sharjah,حكومة محلية,Local Government,Non-National,Bachelors,T,7
2022-2023,الجامعة الأمريكية فى الشارقة,AMERICAN UNIVERSITY OF SHARJAH,الشارقة,Sharjah,حكومة محلية,Local Government,National,Master of Business Administration,NS,4
2022-2023,الجامعة الأمريكية فى الشارقة,AMERICAN UNIVERSITY OF SHARJAH,الشارقة,Sharjah,حكومة محلية,Local Government,Non-National,Master of Business Administration,NS,4
2022-2023,الجامعة الأمريكية فى الشارقة,AMERICAN UNIVERSITY OF SHARJAH,الشارقة,Sharjah,حكومة محلية,Local Government,National,Masters,E,5
2022-2023,الجامعة الأمريكية فى الشارقة,AMERICAN UNIVERSITY OF SHARJAH,الشارقة,Sharjah,حكومة محلية,Local Government,Non-National,Masters,E,26
2022-2023,الجامعة الأمريكية فى الشارقة,AMERICAN UNIVERSITY OF SHARJAH,الشارقة,Sharjah,حكومة محلية,Local Government,National,Masters,NS,2
2022-2023,الجامعة الأمريكية فى الشارقة,AMERICAN UNIVERSITY OF SHARJAH,الشارقة,Sharjah,حكومة محلية,Local Government,Non-National,Masters,NS,12
2022-2023,الجامعة الأمريكية فى الشارقة,AMERICAN UNIVERSITY OF SHARJAH,الشارقة,Sharjah,حكومة محلية,Local Government,Non-National,Masters,"S,M",1
2022-2023,الجامعة الأمريكية فى دبي,AMERICAN UNIVERSITY IN DUBAI,دبي,Dubai,خاصة,Private,National,Bachelors,E,2
2022-2023,الجامعة الأمريكية فى دبي,AMERICAN UNIVERSITY IN DUBAI,دبي,Dubai,خاصة,Private,Non-National,Bachelors,E,10
2022-2023,الجامعة الأمريكية فى دبي,AMERICAN UNIVERSITY IN DUBAI,دبي,Dubai,خاصة,Private,National,Bachelors,NS,4
2022-2023,الجامعة الأمريكية فى دبي,AMERICAN UNIVERSITY IN DUBAI,دبي,Dubai,خاصة,Private,Non-National,Bachelors,NS,25
2022-2023,الجامعة الأمريكية فى دبي,AMERICAN UNIVERSITY IN DUBAI,دبي,Dubai,خاصة,Private,Non-National,Bachelors,"S,M",1
2022-2023,الجامعة الأمريكية فى دبي,AMERICAN UNIVERSITY IN DUBAI,دبي,Dubai,خاصة,Private,Non-National,Graduate Diploma,NS,6
2022-2023,الجامعة الأمريكية فى دبي,AMERICAN UNIVERSITY IN DUBAI,دبي,Dubai,خاصة,Private,National,Masters,NS,2
2022-2023,الجامعة الأمريكية فى دبي,AMERICAN UNIVERSITY IN DUBAI,دبي,Dubai,خاصة,Private,Non-National,Masters,NS,24
2022-2023,الجامعة الأمريكية في رأس الخيمة,AMERICAN UNIVERSITY OF RAS AL KHAIMAH,رأس الخيمة,Ras Al Khaima,حكومة محلية,Local Government,National,Bachelors,E,3
2022-2023,الجامعة الأمريكية في رأس الخيمة,AMERICAN UNIVERSITY OF RAS AL KHAIMAH,رأس الخيمة,Ras Al Khaima,حكومة محلية,Local Government,Non-National,Bachelors,E,6
2022-2023,الجامعة الأمريكية في رأس الخيمة,AMERICAN UNIVERSITY OF RAS AL KHAIMAH,رأس الخيمة,Ras Al Khaima,حكومة محلية,Local Government,National,Bachelors,NS,11
2022-2023,الجامعة الأمريكية في رأس الخيمة,AMERICAN UNIVERSITY OF RAS AL KHAIMAH,رأس الخيمة,Ras Al Khaima,حكومة محلية,Local Government,Non-National,Bachelors,NS,3
2022-2023,الجامعة الأمريكية في رأس الخيمة,AMERICAN UNIVERSITY OF RAS AL KHAIMAH,رأس الخيمة,Ras Al Khaima,حكومة محلية,Local Government,National,Bachelors,"S,M",2
2022-2023,الجامعة الأمريكية في رأس الخيمة,AMERICAN UNIVERSITY OF RAS AL KHAIMAH,رأس الخيمة,Ras Al Khaima,حكومة محلية,Local Government,Non-National,Bachelors,"S,M",1
2022-2023,الجامعة الأمريكية في رأس الخيمة,AMERICAN UNIVERSITY OF RAS AL KHAIMAH,رأس الخيمة,Ras Al Khaima,حكومة محلية,Local Government,Non-National,Bachelors,T,1
2022-2023,الجامعة الأمريكية في رأس الخيمة,AMERICAN UNIVERSITY OF RAS AL KHAIMAH,رأس الخيمة,Ras Al Khaima,حكومة محلية,Local Government,National,Graduate Diploma,NS,1
2022-2023,الجامعة الأمريكية في رأس الخيمة,AMERICAN UNIVERSITY OF RAS AL KHAIMAH,رأس الخيمة,Ras Al Khaima,حكومة محلية,Local Government,National,Master of Business Administration,NS,4
2022-2023,الجامعة الأمريكية في رأس الخيمة,AMERICAN UNIVERSITY OF RAS AL KHAIMAH,رأس الخيمة,Ras Al Khaima,حكومة محلية,Local Government,National,Masters,E,1
2022-2023,الجامعة الأمريكية في رأس الخيمة,AMERICAN UNIVERSITY OF RAS AL KHAIMAH,رأس الخيمة,Ras Al Khaima,حكومة محلية,Local Government,National,Masters,NS,2
2022-2023,الجامعة الأمريكية في رأس الخيمة,AMERICAN UNIVERSITY OF RAS AL KHAIMAH,رأس الخيمة,Ras Al Khaima,حكومة محلية,Local Government,Non-National,Masters,NS,3
2022-2023,الجامعة البريطانية فى دبي,BRITISH UNIVERSITY IN DUBAI,دبي,Dubai,حكومة محلية,Local Government,National,Doctorate,NS,4
2022-2023,الجامعة البريطانية فى دبي,BRITISH UNIVERSITY IN DUBAI,دبي,Dubai,حكومة محلية,Local Government,Non-National,Doctorate,NS,11
2022-2023,الجامعة البريطانية فى دبي,BRITISH UNIVERSITY IN DUBAI,دبي,Dubai,حكومة محلية,Local Government,National,Doctorate,T,2
2022-2023,الجامعة البريطانية فى دبي,BRITISH UNIVERSITY IN DUBAI,دبي,Dubai,حكومة محلية,Local Government,Non-National,Doctorate,T,1
2022-2023,الجامعة البريطانية فى دبي,BRITISH UNIVERSITY IN DUBAI,دبي,Dubai,حكومة محلية,Local Government,National,Graduate Diploma,E,1
2022-2023,الجامعة البريطانية فى دبي,BRITISH UNIVERSITY IN DUBAI,دبي,Dubai,حكومة محلية,Local Government,Non-National,Graduate Diploma,E,3
2022-2023,الجامعة البريطانية فى دبي,BRITISH UNIVERSITY IN DUBAI,دبي,Dubai,حكومة محلية,Local Government,Non-National,Graduate Diploma,NS,1
2022-2023,الجامعة البريطانية فى دبي,BRITISH UNIVERSITY IN DUBAI,دبي,Dubai,حكومة محلية,Local Government,National,Masters,E,2
2022-2023,الجامعة البريطانية فى دبي,BRITISH UNIVERSITY IN DUBAI,دبي,Dubai,حكومة محلية,Local Government,Non-National,Masters,E,11
2022-2023,الجامعة البريطانية فى دبي,BRITISH UNIVERSITY IN DUBAI,دبي,Dubai,حكومة محلية,Local Government,National,Masters,NS,9
2022-2023,الجامعة البريطانية فى دبي,BRITISH UNIVERSITY IN DUBAI,دبي,Dubai,حكومة محلية,Local Government,Non-National,Masters,NS,20
2022-2023,الجامعة البريطانية فى دبي,BRITISH UNIVERSITY IN DUBAI,دبي,Dubai,حكومة محلية,Local Government,National,Masters,T,1
2022-2023,الجامعة البريطانية فى دبي,BRITISH UNIVERSITY IN DUBAI,دبي,Dubai,حكومة محلية,Local Government,Non-National,Masters,T,2
2022-2023,الجامعة الكندية في دبي,CANADIAN UNIVERSITY DUBAI,دبي,Dubai,خاصة,Private,National,Bachelors,E,2
2022-2023,الجامعة الكندية في دبي,CANADIAN UNIVERSITY DUBAI,دبي,Dubai,خاصة,Private,Non-National,Bachelors,E,11
2022-2023,الجامعة الكندية في دبي,CANADIAN UNIVERSITY DUBAI,دبي,Dubai,خاصة,Private,National,Bachelors,NS,14
2022-2023,الجامعة الكندية في دبي,CANADIAN UNIVERSITY DUBAI,دبي,Dubai,خاصة,Private,Non-National,Bachelors,NS,50
2022-2023,الجامعة الكندية في دبي,CANADIAN UNIVERSITY DUBAI,دبي,Dubai,خاصة,Private,National,Bachelors,S,1
2022-2023,الجامعة الكندية في دبي,CANADIAN UNIVERSITY DUBAI,دبي,Dubai,خاصة,Private,Non-National,Bachelors,S,5
2022-2023,الجامعة الكندية في دبي,CANADIAN UNIVERSITY DUBAI,دبي,Dubai,خاصة,Private,National,Masters,NS,7
2022-2023,الجامعة الكندية في دبي,CANADIAN UNIVERSITY DUBAI,دبي,Dubai,خاصة,Private,Non-National,Masters,NS,5
2022-2023,الجامعة الكندية في دبي,CANADIAN UNIVERSITY DUBAI,دبي,Dubai,خاصة,Private,National,Masters,T,6
2022-2023,الجامعة الكندية في دبي,CANADIAN UNIVERSITY DUBAI,دبي,Dubai,خاصة,Private,Non-National,Masters,T,7
2022-2023,بوليتيكنيك أبوظبي,ABU DHABI POLYTECHNIC,أبوظبي,Abu Dhabi,حكومة محلية,Local Government,National,Bachelors,E,14
2022-2023,بوليتيكنيك أبوظبي,ABU DHABI POLYTECHNIC,أبوظبي,Abu Dhabi,حكومة محلية,Local Government,National,Bachelors,S,8
2022-2023,بوليتيكنيك أبوظبي,ABU DHABI POLYTECHNIC,أبوظبي,Abu Dhabi,حكومة محلية,Local Government,National,Bachelors,T,7
2022-2023,بوليتيكنيك أبوظبي,ABU DHABI POLYTECHNIC,أبوظبي,Abu Dhabi,حكومة محلية,Local Government,National,Diploma,E,3
2022-2023,بوليتيكنيك أبوظبي,ABU DHABI POLYTECHNIC,أبوظبي,Abu Dhabi,حكومة محلية,Local Government,National,Higher Diploma,E,9
2022-2023,جامعة  الخليج الطبية,GULF MEDICAL UNIVERSITY,عجمان,Ajman,خاصة,Private,National,"(MBBS)Bachelor of Medicine, Bachelor of Surgery",S,2
2022-2023,جامعة  الخليج الطبية,GULF MEDICAL UNIVERSITY,عجمان,Ajman,خاصة,Private,Non-National,"(MBBS)Bachelor of Medicine, Bachelor of Surgery",S,8
2022-2023,جامعة  الخليج الطبية,GULF MEDICAL UNIVERSITY,عجمان,Ajman,خاصة,Private,National,Bachelors,S,4
2022-2023,جامعة  الخليج الطبية,GULF MEDICAL UNIVERSITY,عجمان,Ajman,خاصة,Private,Non-National,Bachelors,S,21
2022-2023,جامعة  الخليج الطبية,GULF MEDICAL UNIVERSITY,عجمان,Ajman,خاصة,Private,Non-National,Doctor of Dental Medicine,S,1
2022-2023,جامعة  الخليج الطبية,GULF MEDICAL UNIVERSITY,عجمان,Ajman,خاصة,Private,National,Masters,S,25
2022-2023,جامعة  الخليج الطبية,GULF MEDICAL UNIVERSITY,عجمان,Ajman,خاصة,Private,Non-National,Masters,S,35
2022-2023,جامعة أبوظبى,ABU DHABI UNIVERSITY,أبوظبي,Abu Dhabi,خاصة,Private,National,Bachelors,E,14
2022-2023,جامعة أبوظبى,ABU DHABI UNIVERSITY,أبوظبي,Abu Dhabi,خاصة,Private,Non-National,Bachelors,E,41
2022-2023,جامعة أبوظبى,ABU DHABI UNIVERSITY,أبوظبي,Abu Dhabi,خاصة,Private,National,Bachelors,NS,496
2022-2023,جامعة أبوظبى,ABU DHABI UNIVERSITY,أبوظبي,Abu Dhabi,خاصة,Private,Non-National,Bachelors,NS,86
2022-2023,جامعة أبوظبى,ABU DHABI UNIVERSITY,أبوظبي,Abu Dhabi,خاصة,Private,National,Bachelors,S,5
2022-2023,جامعة أبوظبى,ABU DHABI UNIVERSITY,أبوظبي,Abu Dhabi,خاصة,Private,Non-National,Bachelors,S,6
2022-2023,جامعة أبوظبى,ABU DHABI UNIVERSITY,أبوظبي,Abu Dhabi,خاصة,Private,National,Bachelors,T,1
2022-2023,جامعة أبوظبى,ABU DHABI UNIVERSITY,أبوظبي,Abu Dhabi,خاصة,Private,Non-National,Bachelors,T,6
2022-2023,جامعة أبوظبى,ABU DHABI UNIVERSITY,أبوظبي,Abu Dhabi,خاصة,Private,Non-National,Doctor of Business Administrate,NS,1
2022-2023,جامعة أبوظبى,ABU DHABI UNIVERSITY,أبوظبي,Abu Dhabi,خاصة,Private,National,Graduate Diploma,NS,3
2022-2023,جامعة أبوظبى,ABU DHABI UNIVERSITY,أبوظبي,Abu Dhabi,خاصة,Private,Non-National,Graduate Diploma,NS,37
2022-2023,جامعة أبوظبى,ABU DHABI UNIVERSITY,أبوظبي,Abu Dhabi,خاصة,Private,National,Master of Business Administration,NS,89
2022-2023,جامعة أبوظبى,ABU DHABI UNIVERSITY,أبوظبي,Abu Dhabi,خاصة,Private,Non-National,Master of Business Administration,NS,15
2022-2023,جامعة أبوظبى,ABU DHABI UNIVERSITY,أبوظبي,Abu Dhabi,خاصة,Private,National,Masters,E,28
2022-2023,جامعة أبوظبى,ABU DHABI UNIVERSITY,أبوظبي,Abu Dhabi,خاصة,Private,Non-National,Masters,E,4
2022-2023,جامعة أبوظبى,ABU DHABI UNIVERSITY,أبوظبي,Abu Dhabi,خاصة,Private,National,Masters,NS,48
2022-2023,جامعة أبوظبى,ABU DHABI UNIVERSITY,أبوظبي,Abu Dhabi,خاصة,Private,Non-National,Masters,NS,14
2022-2023,جامعة أبوظبى,ABU DHABI UNIVERSITY,دبي,Dubai,خاصة,Private,National,Master of Business Administration,NS,7
2022-2023,جامعة أبوظبى,ABU DHABI UNIVERSITY,دبي,Dubai,خاصة,Private,National,Masters,E,13
2022-2023,جامعة أبوظبى,ABU DHABI UNIVERSITY,دبي,Dubai,خاصة,Private,Non-National,Masters,E,1
2022-2023,جامعة أبوظبى,ABU DHABI UNIVERSITY,دبي,Dubai,خاصة,Private,National,Masters,NS,4
2022-2023,جامعة أم القيوين,UMM AL QUWAIN UNIVERSITY,أم القيوين,Umm Al Quwain,حكومة محلية,Local Government,National,Bachelors,NS,72
2022-2023,جامعة أم القيوين,UMM AL QUWAIN UNIVERSITY,أم القيوين,Umm Al Quwain,حكومة محلية,Local Government,Non-National,Bachelors,NS,24
2022-2023,جامعة أمتي دبي,AMITY UNIVERSITY DUBAI,دبي,Dubai,فرع مؤسسة دولية,Branch of International Institution,National,Bachelors,E,1
2022-2023,جامعة أمتي دبي,AMITY UNIVERSITY DUBAI,دبي,Dubai,فرع مؤسسة دولية,Branch of International Institution,Non-National,Bachelors,E,56
2022-2023,جامعة أمتي دبي,AMITY UNIVERSITY DUBAI,دبي,Dubai,فرع مؤسسة دولية,Branch of International Institution,National,Bachelors,NS,2
2022-2023,جامعة أمتي دبي,AMITY UNIVERSITY DUBAI,دبي,Dubai,فرع مؤسسة دولية,Branch of International Institution,Non-National,Bachelors,NS,307
2022-2023,جامعة أمتي دبي,AMITY UNIVERSITY DUBAI,دبي,Dubai,فرع مؤسسة دولية,Branch of International Institution,National,Bachelors,S,3
2022-2023,جامعة أمتي دبي,AMITY UNIVERSITY DUBAI,دبي,Dubai,فرع مؤسسة دولية,Branch of International Institution,Non-National,Bachelors,S,33
2022-2023,جامعة أمتي دبي,AMITY UNIVERSITY DUBAI,دبي,Dubai,فرع مؤسسة دولية,Branch of International Institution,Non-National,Bachelors,T,83
2022-2023,جامعة أمتي دبي,AMITY UNIVERSITY DUBAI,دبي,Dubai,فرع مؤسسة دولية,Branch of International Institution,Non-National,Foundation,NS,25
2022-2023,جامعة أمتي دبي,AMITY UNIVERSITY DUBAI,دبي,Dubai,فرع مؤسسة دولية,Branch of International Institution,National,Masters,NS,1
2022-2023,جامعة أمتي دبي,AMITY UNIVERSITY DUBAI,دبي,Dubai,فرع مؤسسة دولية,Branch of International Institution,Non-National,Masters,NS,57
2022-2023,جامعة الإمارات العربية المتحدة,UNITED ARAB EMIRATES  UNIVERSITY,أبوظبي,Abu Dhabi,حكومة إتحادية,Federal Government,National,Bachelors,E,166
2022-2023,جامعة الإمارات العربية المتحدة,UNITED ARAB EMIRATES  UNIVERSITY,أبوظبي,Abu Dhabi,حكومة إتحادية,Federal Government,Non-National,Bachelors,E,29
2022-2023,جامعة الإمارات العربية المتحدة,UNITED ARAB EMIRATES  UNIVERSITY,أبوظبي,Abu Dhabi,حكومة إتحادية,Federal Government,National,Bachelors,NS,491
2022-2023,جامعة الإمارات العربية المتحدة,UNITED ARAB EMIRATES  UNIVERSITY,أبوظبي,Abu Dhabi,حكومة إتحادية,Federal Government,Non-National,Bachelors,NS,38
2022-2023,جامعة الإمارات العربية المتحدة,UNITED ARAB EMIRATES  UNIVERSITY,أبوظبي,Abu Dhabi,حكومة إتحادية,Federal Government,National,Bachelors,S,104
2022-2023,جامعة الإمارات العربية المتحدة,UNITED ARAB EMIRATES  UNIVERSITY,أبوظبي,Abu Dhabi,حكومة إتحادية,Federal Government,Non-National,Bachelors,S,7
2022-2023,جامعة الإمارات العربية المتحدة,UNITED ARAB EMIRATES  UNIVERSITY,أبوظبي,Abu Dhabi,حكومة إتحادية,Federal Government,National,Bachelors,"S,M",79
2022-2023,جامعة الإمارات العربية المتحدة,UNITED ARAB EMIRATES  UNIVERSITY,أبوظبي,Abu Dhabi,حكومة إتحادية,Federal Government,Non-National,Bachelors,"S,M",15
2022-2023,جامعة الإمارات العربية المتحدة,UNITED ARAB EMIRATES  UNIVERSITY,أبوظبي,Abu Dhabi,حكومة إتحادية,Federal Government,National,Bachelors,T,77
2022-2023,جامعة الإمارات العربية المتحدة,UNITED ARAB EMIRATES  UNIVERSITY,أبوظبي,Abu Dhabi,حكومة إتحادية,Federal Government,Non-National,Bachelors,T,4
2022-2023,جامعة الإمارات العربية المتحدة,UNITED ARAB EMIRATES  UNIVERSITY,أبوظبي,Abu Dhabi,حكومة إتحادية,Federal Government,Non-National,Doctorate,E,2
2022-2023,جامعة الإمارات العربية المتحدة,UNITED ARAB EMIRATES  UNIVERSITY,أبوظبي,Abu Dhabi,حكومة إتحادية,Federal Government,National,Doctorate,NS,7
2022-2023,جامعة الإمارات العربية المتحدة,UNITED ARAB EMIRATES  UNIVERSITY,أبوظبي,Abu Dhabi,حكومة إتحادية,Federal Government,Non-National,Doctorate,NS,6
2022-2023,جامعة الإمارات العربية المتحدة,UNITED ARAB EMIRATES  UNIVERSITY,أبوظبي,Abu Dhabi,حكومة إتحادية,Federal Government,National,Doctorate,S,1
2022-2023,جامعة الإمارات العربية المتحدة,UNITED ARAB EMIRATES  UNIVERSITY,أبوظبي,Abu Dhabi,حكومة إتحادية,Federal Government,Non-National,Doctorate,S,2
2022-2023,جامعة الإمارات العربية المتحدة,UNITED ARAB EMIRATES  UNIVERSITY,أبوظبي,Abu Dhabi,حكومة إتحادية,Federal Government,National,Doctorate,"S,M",1
2022-2023,جامعة الإمارات العربية المتحدة,UNITED ARAB EMIRATES  UNIVERSITY,أبوظبي,Abu Dhabi,حكومة إتحادية,Federal Government,Non-National,Doctorate,"S,M",7
2022-2023,جامعة الإمارات العربية المتحدة,UNITED ARAB EMIRATES  UNIVERSITY,أبوظبي,Abu Dhabi,حكومة إتحادية,Federal Government,National,Doctorate,T,1
2022-2023,جامعة الإمارات العربية المتحدة,UNITED ARAB EMIRATES  UNIVERSITY,أبوظبي,Abu Dhabi,حكومة إتحادية,Federal Government,Non-National,Doctorate,T,1
2022-2023,جامعة الإمارات العربية المتحدة,UNITED ARAB EMIRATES  UNIVERSITY,أبوظبي,Abu Dhabi,حكومة إتحادية,Federal Government,National,Masters,E,14
2022-2023,جامعة الإمارات العربية المتحدة,UNITED ARAB EMIRATES  UNIVERSITY,أبوظبي,Abu Dhabi,حكومة إتحادية,Federal Government,Non-National,Masters,E,17
2022-2023,جامعة الإمارات العربية المتحدة,UNITED ARAB EMIRATES  UNIVERSITY,أبوظبي,Abu Dhabi,حكومة إتحادية,Federal Government,National,Masters,NS,60
2022-2023,جامعة الإمارات العربية المتحدة,UNITED ARAB EMIRATES  UNIVERSITY,أبوظبي,Abu Dhabi,حكومة إتحادية,Federal Government,Non-National,Masters,NS,23
2022-2023,جامعة الإمارات العربية المتحدة,UNITED ARAB EMIRATES  UNIVERSITY,أبوظبي,Abu Dhabi,حكومة إتحادية,Federal Government,National,Masters,S,10
2022-2023,جامعة الإمارات العربية المتحدة,UNITED ARAB EMIRATES  UNIVERSITY,أبوظبي,Abu Dhabi,حكومة إتحادية,Federal Government,Non-National,Masters,S,8
2022-2023,جامعة الإمارات العربية المتحدة,UNITED ARAB EMIRATES  UNIVERSITY,أبوظبي,Abu Dhabi,حكومة إتحادية,Federal Government,Non-National,Masters,"S,M",7
2022-2023,جامعة الإمارات العربية المتحدة,UNITED ARAB EMIRATES  UNIVERSITY,أبوظبي,Abu Dhabi,حكومة إتحادية,Federal Government,National,Masters,T,2
2022-2023,جامعة الإمارات العربية المتحدة,UNITED ARAB EMIRATES  UNIVERSITY,أبوظبي,Abu Dhabi,حكومة إتحادية,Federal Government,Non-National,Masters,T,1
2022-2023,جامعة الإمارات للطيران,EMIRATES AVIATION UNIVERSITY,دبي,Dubai,حكومة محلية,Local Government,National,Bachelors,E,22
2022-2023,جامعة الإمارات للطيران,EMIRATES AVIATION UNIVERSITY,دبي,Dubai,حكومة محلية,Local Government,Non-National,Bachelors,E,21
2022-2023,جامعة الإمارات للطيران,EMIRATES AVIATION UNIVERSITY,دبي,Dubai,حكومة محلية,Local Government,National,Bachelors,NS,12
2022-2023,جامعة الإمارات للطيران,EMIRATES AVIATION UNIVERSITY,دبي,Dubai,حكومة محلية,Local Government,Non-National,Bachelors,NS,18
2022-2023,جامعة الإمارات للطيران,EMIRATES AVIATION UNIVERSITY,دبي,Dubai,حكومة محلية,Local Government,Non-National,Diploma,E,1
2022-2023,جامعة الإمارات للطيران,EMIRATES AVIATION UNIVERSITY,دبي,Dubai,حكومة محلية,Local Government,National,Graduate Diploma,NS,2
2022-2023,جامعة الإمارات للطيران,EMIRATES AVIATION UNIVERSITY,دبي,Dubai,حكومة محلية,Local Government,Non-National,Graduate Diploma,NS,5
2022-2023,جامعة الإمارات للطيران,EMIRATES AVIATION UNIVERSITY,دبي,Dubai,حكومة محلية,Local Government,National,Higher Diploma,E,20
2022-2023,جامعة الإمارات للطيران,EMIRATES AVIATION UNIVERSITY,دبي,Dubai,حكومة محلية,Local Government,Non-National,Higher Diploma,E,4
2022-2023,جامعة الإمارات للطيران,EMIRATES AVIATION UNIVERSITY,دبي,Dubai,حكومة محلية,Local Government,National,Higher Diploma,NS,6
2022-2023,جامعة الإمارات للطيران,EMIRATES AVIATION UNIVERSITY,دبي,Dubai,حكومة محلية,Local Government,Non-National,Higher Diploma,NS,1
2022-2023,جامعة الإمارات للطيران,EMIRATES AVIATION UNIVERSITY,دبي,Dubai,حكومة محلية,Local Government,National,Master of Business Administration,NS,5
2022-2023,جامعة الإمارات للطيران,EMIRATES AVIATION UNIVERSITY,دبي,Dubai,حكومة محلية,Local Government,Non-National,Master of Business Administration,NS,6
2022-2023,جامعة الإمارات للطيران,EMIRATES AVIATION UNIVERSITY,دبي,Dubai,حكومة محلية,Local Government,Non-National,Masters,E,2
2022-2023,جامعة الإمارات للطيران,EMIRATES AVIATION UNIVERSITY,دبي,Dubai,حكومة محلية,Local Government,National,Masters,NS,4
2022-2023,جامعة الإمارات للطيران,EMIRATES AVIATION UNIVERSITY,دبي,Dubai,حكومة محلية,Local Government,Non-National,Masters,NS,8
2022-2023,جامعة الشارقة,UNIVERSITY OF SHARJAH,الشارقة,Sharjah,شبه حكومية,Semi Government,National,Bachelors,E,78
2022-2023,جامعة الشارقة,UNIVERSITY OF SHARJAH,الشارقة,Sharjah,شبه حكومية,Semi Government,Non-National,Bachelors,E,111
2022-2023,جامعة الشارقة,UNIVERSITY OF SHARJAH,الشارقة,Sharjah,شبه حكومية,Semi Government,National,Bachelors,NS,441
2022-2023,جامعة الشارقة,UNIVERSITY OF SHARJAH,الشارقة,Sharjah,شبه حكومية,Semi Government,Non-National,Bachelors,NS,132
2022-2023,جامعة الشارقة,UNIVERSITY OF SHARJAH,الشارقة,Sharjah,شبه حكومية,Semi Government,National,Bachelors,S,13
2022-2023,جامعة الشارقة,UNIVERSITY OF SHARJAH,الشارقة,Sharjah,شبه حكومية,Semi Government,Non-National,Bachelors,S,31
2022-2023,جامعة الشارقة,UNIVERSITY OF SHARJAH,الشارقة,Sharjah,شبه حكومية,Semi Government,National,Bachelors,"S,M",13
2022-2023,جامعة الشارقة,UNIVERSITY OF SHARJAH,الشارقة,Sharjah,شبه حكومية,Semi Government,Non-National,Bachelors,"S,M",22
2022-2023,جامعة الشارقة,UNIVERSITY OF SHARJAH,الشارقة,Sharjah,شبه حكومية,Semi Government,National,Bachelors,T,23
2022-2023,جامعة الشارقة,UNIVERSITY OF SHARJAH,الشارقة,Sharjah,شبه حكومية,Semi Government,Non-National,Bachelors,T,14
2022-2023,جامعة الشارقة,UNIVERSITY OF SHARJAH,الشارقة,Sharjah,شبه حكومية,Semi Government,National,Doctorate,E,1
2022-2023,جامعة الشارقة,UNIVERSITY OF SHARJAH,الشارقة,Sharjah,شبه حكومية,Semi Government,National,Doctorate,NS,13
2022-2023,جامعة الشارقة,UNIVERSITY OF SHARJAH,الشارقة,Sharjah,شبه حكومية,Semi Government,Non-National,Doctorate,NS,5
2022-2023,جامعة الشارقة,UNIVERSITY OF SHARJAH,الشارقة,Sharjah,شبه حكومية,Semi Government,National,Doctorate,"S,M",1
2022-2023,جامعة الشارقة,UNIVERSITY OF SHARJAH,الشارقة,Sharjah,شبه حكومية,Semi Government,Non-National,Doctorate,"S,M",2
2022-2023,جامعة الشارقة,UNIVERSITY OF SHARJAH,الشارقة,Sharjah,شبه حكومية,Semi Government,National,Master of Business Administration,NS,33
2022-2023,جامعة الشارقة,UNIVERSITY OF SHARJAH,الشارقة,Sharjah,شبه حكومية,Semi Government,Non-National,Master of Business Administration,NS,5
2022-2023,جامعة الشارقة,UNIVERSITY OF SHARJAH,الشارقة,Sharjah,شبه حكومية,Semi Government,Non-National,Master of Business Administration,S,2
2022-2023,جامعة الشارقة,UNIVERSITY OF SHARJAH,الشارقة,Sharjah,شبه حكومية,Semi Government,National,Masters,E,27
2022-2023,جامعة الشارقة,UNIVERSITY OF SHARJAH,الشارقة,Sharjah,شبه حكومية,Semi Government,Non-National,Masters,E,18
2022-2023,جامعة الشارقة,UNIVERSITY OF SHARJAH,الشارقة,Sharjah,شبه حكومية,Semi Government,National,Masters,NS,41
2022-2023,جامعة الشارقة,UNIVERSITY OF SHARJAH,الشارقة,Sharjah,شبه حكومية,Semi Government,Non-National,Masters,NS,9
2022-2023,جامعة الشارقة,UNIVERSITY OF SHARJAH,الشارقة,Sharjah,شبه حكومية,Semi Government,National,Masters,S,7
2022-2023,جامعة الشارقة,UNIVERSITY OF SHARJAH,الشارقة,Sharjah,شبه حكومية,Semi Government,Non-National,Masters,S,9
2022-2023,جامعة الشارقة,UNIVERSITY OF SHARJAH,الشارقة,Sharjah,شبه حكومية,Semi Government,National,Masters,"S,M",1
2022-2023,جامعة الشارقة,UNIVERSITY OF SHARJAH,الشارقة,Sharjah,شبه حكومية,Semi Government,Non-National,Masters,"S,M",1
2022-2023,جامعة الشارقة,UNIVERSITY OF SHARJAH,الشارقة,Sharjah,شبه حكومية,Semi Government,Non-National,Masters,T,1
2022-2023,جامعة العلوم والتقنية في الفجيرة,UNIVERSITY OF SCIENCE AND TECHNOLOGY OF FUJAIRAH,الفجيرة,Fujairah,خاصة,Private,National,Bachelors,NS,36
2022-2023,جامعة العلوم والتقنية في الفجيرة,UNIVERSITY OF SCIENCE AND TECHNOLOGY OF FUJAIRAH,الفجيرة,Fujairah,خاصة,Private,Non-National,Bachelors,NS,2
2022-2023,جامعة العين,AL AIN UNIVERSITY,أبوظبي,Abu Dhabi,خاصة,Private,National,Bachelors,E,3
2022-2023,جامعة العين,AL AIN UNIVERSITY,أبوظبي,Abu Dhabi,خاصة,Private,Non-National,Bachelors,E,15
2022-2023,جامعة العين,AL AIN UNIVERSITY,أبوظبي,Abu Dhabi,خاصة,Private,National,Bachelors,NS,225
2022-2023,جامعة العين,AL AIN UNIVERSITY,أبوظبي,Abu Dhabi,خاصة,Private,Non-National,Bachelors,NS,76
2022-2023,جامعة العين,AL AIN UNIVERSITY,أبوظبي,Abu Dhabi,خاصة,Private,National,Bachelors,S,4
2022-2023,جامعة العين,AL AIN UNIVERSITY,أبوظبي,Abu Dhabi,خاصة,Private,Non-National,Bachelors,S,53
2022-2023,جامعة العين,AL AIN UNIVERSITY,أبوظبي,Abu Dhabi,خاصة,Private,National,Bachelors,T,1
2022-2023,جامعة العين,AL AIN UNIVERSITY,أبوظبي,Abu Dhabi,خاصة,Private,Non-National,Bachelors,T,5
2022-2023,جامعة العين,AL AIN UNIVERSITY,أبوظبي,Abu Dhabi,خاصة,Private,National,Graduate Diploma,NS,1
2022-2023,جامعة العين,AL AIN UNIVERSITY,أبوظبي,Abu Dhabi,خاصة,Private,Non-National,Graduate Diploma,NS,1007
2022-2023,جامعة العين,AL AIN UNIVERSITY,أبوظبي,Abu Dhabi,خاصة,Private,National,Master of Business Administration,NS,9
2022-2023,جامعة العين,AL AIN UNIVERSITY,أبوظبي,Abu Dhabi,خاصة,Private,Non-National,Master of Business Administration,NS,3
2022-2023,جامعة العين,AL AIN UNIVERSITY,أبوظبي,Abu Dhabi,خاصة,Private,National,Master of Business Administration,S,3
2022-2023,جامعة العين,AL AIN UNIVERSITY,أبوظبي,Abu Dhabi,خاصة,Private,Non-National,Master of Business Administration,S,1
2022-2023,جامعة العين,AL AIN UNIVERSITY,أبوظبي,Abu Dhabi,خاصة,Private,National,Masters,NS,18
2022-2023,جامعة العين,AL AIN UNIVERSITY,أبوظبي,Abu Dhabi,خاصة,Private,Non-National,Masters,NS,1
2022-2023,جامعة العين,AL AIN UNIVERSITY,أبوظبي,Abu Dhabi,خاصة,Private,Non-National,Masters,S,2
2022-2023,جامعة الفجيرة,UNIVERSITY OF FUJAIRAH,الفجيرة,Fujairah,شبه حكومية,Semi Government,National,Bachelors,NS,25
2022-2023,جامعة الفجيرة,UNIVERSITY OF FUJAIRAH,الفجيرة,Fujairah,شبه حكومية,Semi Government,Non-National,Bachelors,NS,5
2022-2023,جامعة الفجيرة,UNIVERSITY OF FUJAIRAH,الفجيرة,Fujairah,شبه حكومية,Semi Government,National,Bachelors,T,6
2022-2023,جامعة الفجيرة,UNIVERSITY OF FUJAIRAH,الفجيرة,Fujairah,شبه حكومية,Semi Government,Non-National,Bachelors,T,1
2022-2023,جامعة الفجيرة,UNIVERSITY OF FUJAIRAH,الفجيرة,Fujairah,شبه حكومية,Semi Government,National,Diploma,NS,4
2022-2023,جامعة القاسمية,AL QASIMIYA UNIVERSITY,الشارقة,Sharjah,حكومة محلية,Local Government,National,Bachelors,NS,2
2022-2023,جامعة القاسمية,AL QASIMIYA UNIVERSITY,الشارقة,Sharjah,حكومة محلية,Local Government,Non-National,Bachelors,NS,122
2022-2023,جامعة الوصل,AL WASL UNIVERSITY,دبي,Dubai,خاصة,Private,National,Doctorate,NS,4
2022-2023,جامعة الوصل,AL WASL UNIVERSITY,دبي,Dubai,خاصة,Private,Non-National,Doctorate,NS,1
2022-2023,جامعة الوصل,AL WASL UNIVERSITY,دبي,Dubai,خاصة,Private,Non-National,Masters,NS,1
2022-2023,جامعة جميرا,JUMEIRA UNIVERSITY,دبي,Dubai,خاصة,Private,National,Bachelors,NS,1
2022-2023,جامعة جميرا,JUMEIRA UNIVERSITY,دبي,Dubai,خاصة,Private,Non-National,Bachelors,NS,1
2022-2023,جامعة جميرا,JUMEIRA UNIVERSITY,دبي,Dubai,خاصة,Private,Non-National,Bachelors,"S,M",2
2022-2023,جامعة حمدان بن محمد الذكية,HAMDAN BIN MOHAMMED  SMART UNIVERSITY,دبي,Dubai,شبه حكومية,Semi Government,National,Bachelors,NS,20
2022-2023,جامعة حمدان بن محمد الذكية,HAMDAN BIN MOHAMMED  SMART UNIVERSITY,دبي,Dubai,شبه حكومية,Semi Government,Non-National,Bachelors,NS,7
2022-2023,جامعة حمدان بن محمد الذكية,HAMDAN BIN MOHAMMED  SMART UNIVERSITY,دبي,Dubai,شبه حكومية,Semi Government,National,Bachelors,S,4
2022-2023,جامعة حمدان بن محمد الذكية,HAMDAN BIN MOHAMMED  SMART UNIVERSITY,دبي,Dubai,شبه حكومية,Semi Government,Non-National,Bachelors,S,5
2022-2023,جامعة حمدان بن محمد الذكية,HAMDAN BIN MOHAMMED  SMART UNIVERSITY,دبي,Dubai,شبه حكومية,Semi Government,National,Diploma,S,1
2022-2023,جامعة حمدان بن محمد الذكية,HAMDAN BIN MOHAMMED  SMART UNIVERSITY,دبي,Dubai,شبه حكومية,Semi Government,Non-National,Diploma,S,1
2022-2023,جامعة حمدان بن محمد الذكية,HAMDAN BIN MOHAMMED  SMART UNIVERSITY,دبي,Dubai,شبه حكومية,Semi Government,National,Doctorate,NS,1
2022-2023,جامعة حمدان بن محمد الذكية,HAMDAN BIN MOHAMMED  SMART UNIVERSITY,دبي,Dubai,شبه حكومية,Semi Government,National,Masters,NS,66
2022-2023,جامعة حمدان بن محمد الذكية,HAMDAN BIN MOHAMMED  SMART UNIVERSITY,دبي,Dubai,شبه حكومية,Semi Government,Non-National,Masters,NS,8
2022-2023,جامعة حمدان بن محمد الذكية,HAMDAN BIN MOHAMMED  SMART UNIVERSITY,دبي,Dubai,شبه حكومية,Semi Government,National,Masters,S,3
2022-2023,جامعة حمدان بن محمد الذكية,HAMDAN BIN MOHAMMED  SMART UNIVERSITY,دبي,Dubai,شبه حكومية,Semi Government,Non-National,Masters,S,2
2022-2023,جامعة خليفة,KHALIFA UNIVERSITY,أبوظبي,Abu Dhabi,حكومة محلية,Local Government,National,Bachelors,E,137
2022-2023,جامعة خليفة,KHALIFA UNIVERSITY,أبوظبي,Abu Dhabi,حكومة محلية,Local Government,Non-National,Bachelors,E,5
2022-2023,جامعة خليفة,KHALIFA UNIVERSITY,أبوظبي,Abu Dhabi,حكومة محلية,Local Government,National,Bachelors,S,1
2022-2023,جامعة خليفة,KHALIFA UNIVERSITY,أبوظبي,Abu Dhabi,حكومة محلية,Local Government,Non-National,Bachelors,"S,M",4
2022-2023,جامعة خليفة,KHALIFA UNIVERSITY,أبوظبي,Abu Dhabi,حكومة محلية,Local Government,National,Doctorate,E,4
2022-2023,جامعة خليفة,KHALIFA UNIVERSITY,أبوظبي,Abu Dhabi,حكومة محلية,Local Government,Non-National,Doctorate,E,11
2022-2023,جامعة خليفة,KHALIFA UNIVERSITY,أبوظبي,Abu Dhabi,حكومة محلية,Local Government,National,Masters,E,22
2022-2023,جامعة خليفة,KHALIFA UNIVERSITY,أبوظبي,Abu Dhabi,حكومة محلية,Local Government,Non-National,Masters,E,52
2022-2023,جامعة خليفة,KHALIFA UNIVERSITY,أبوظبي,Abu Dhabi,حكومة محلية,Local Government,National,Masters,NS,5
2022-2023,جامعة خليفة,KHALIFA UNIVERSITY,أبوظبي,Abu Dhabi,حكومة محلية,Local Government,National,Masters,S,1
2022-2023,جامعة خليفة,KHALIFA UNIVERSITY,أبوظبي,Abu Dhabi,حكومة محلية,Local Government,Non-National,Masters,S,3
2022-2023,جامعة خليفة,KHALIFA UNIVERSITY,أبوظبي,Abu Dhabi,حكومة محلية,Local Government,Non-National,Masters,T,3
2022-2023,جامعة دبي,UNIVERSITY OF DUBAI,دبي,Dubai,حكومة محلية,Local Government,National,Bachelors,E,4
2022-2023,جامعة دبي,UNIVERSITY OF DUBAI,دبي,Dubai,حكومة محلية,Local Government,Non-National,Bachelors,E,5
2022-2023,جامعة دبي,UNIVERSITY OF DUBAI,دبي,Dubai,حكومة محلية,Local Government,National,Bachelors,NS,12
2022-2023,جامعة دبي,UNIVERSITY OF DUBAI,دبي,Dubai,حكومة محلية,Local Government,Non-National,Bachelors,NS,9
2022-2023,جامعة دبي,UNIVERSITY OF DUBAI,دبي,Dubai,حكومة محلية,Local Government,National,Bachelors,T,18
2022-2023,جامعة دبي,UNIVERSITY OF DUBAI,دبي,Dubai,حكومة محلية,Local Government,Non-National,Bachelors,T,1
2022-2023,جامعة دبي,UNIVERSITY OF DUBAI,دبي,Dubai,حكومة محلية,Local Government,National,Doctorate,NS,1
2022-2023,جامعة دبي,UNIVERSITY OF DUBAI,دبي,Dubai,حكومة محلية,Local Government,National,Master of Business Administration,NS,3
2022-2023,جامعة زايد,ZAYED UNIVERSITY,أبوظبي,Abu Dhabi,حكومة إتحادية,Federal Government,National,Bachelors,NS,313
2022-2023,جامعة زايد,ZAYED UNIVERSITY,أبوظبي,Abu Dhabi,حكومة إتحادية,Federal Government,Non-National,Bachelors,NS,2
2022-2023,جامعة زايد,ZAYED UNIVERSITY,أبوظبي,Abu Dhabi,حكومة إتحادية,Federal Government,National,Bachelors,S,43
2022-2023,جامعة زايد,ZAYED UNIVERSITY,أبوظبي,Abu Dhabi,حكومة إتحادية,Federal Government,National,Bachelors,T,105
2022-2023,جامعة زايد,ZAYED UNIVERSITY,أبوظبي,Abu Dhabi,حكومة إتحادية,Federal Government,Non-National,Bachelors,T,24
2022-2023,جامعة زايد,ZAYED UNIVERSITY,أبوظبي,Abu Dhabi,حكومة إتحادية,Federal Government,National,Masters,NS,21
2022-2023,جامعة زايد,ZAYED UNIVERSITY,أبوظبي,Abu Dhabi,حكومة إتحادية,Federal Government,Non-National,Masters,NS,5
2022-2023,جامعة زايد,ZAYED UNIVERSITY,دبي,Dubai,حكومة إتحادية,Federal Government,National,Bachelors,NS,205
2022-2023,جامعة زايد,ZAYED UNIVERSITY,دبي,Dubai,حكومة إتحادية,Federal Government,National,Bachelors,S,35
2022-2023,جامعة زايد,ZAYED UNIVERSITY,دبي,Dubai,حكومة إتحادية,Federal Government,National,Bachelors,T,56
2022-2023,جامعة زايد,ZAYED UNIVERSITY,دبي,Dubai,حكومة إتحادية,Federal Government,National,Masters,NS,14
2022-2023,جامعة سان جوزف دبي,SAINT JOSEPH UNIVERSITY DUBAI,دبي,Dubai,فرع مؤسسة دولية,Branch of International Institution,National,Bachelors,NS,1
2022-2023,جامعة سان جوزف دبي,SAINT JOSEPH UNIVERSITY DUBAI,دبي,Dubai,فرع مؤسسة دولية,Branch of International Institution,Non-National,Bachelors,NS,1
2022-2023,جامعة سان جوزف دبي,SAINT JOSEPH UNIVERSITY DUBAI,دبي,Dubai,فرع مؤسسة دولية,Branch of International Institution,Non-National,Masters,NS,5
2022-2023,جامعة عجمان,AJMAN UNIVERSITY ,عجمان,Ajman,خاصة,Private,National,Bachelors,E,15
2022-2023,جامعة عجمان,AJMAN UNIVERSITY ,عجمان,Ajman,خاصة,Private,Non-National,Bachelors,E,65
2022-2023,جامعة عجمان,AJMAN UNIVERSITY ,عجمان,Ajman,خاصة,Private,National,Bachelors,NS,106
2022-2023,جامعة عجمان,AJMAN UNIVERSITY ,عجمان,Ajman,خاصة,Private,Non-National,Bachelors,NS,159
2022-2023,جامعة عجمان,AJMAN UNIVERSITY ,عجمان,Ajman,خاصة,Private,National,Bachelors,S,1
2022-2023,جامعة عجمان,AJMAN UNIVERSITY ,عجمان,Ajman,خاصة,Private,Non-National,Bachelors,S,15
2022-2023,جامعة عجمان,AJMAN UNIVERSITY ,عجمان,Ajman,خاصة,Private,National,Bachelors,T,1
2022-2023,جامعة عجمان,AJMAN UNIVERSITY ,عجمان,Ajman,خاصة,Private,Non-National,Bachelors,T,13
2022-2023,جامعة عجمان,AJMAN UNIVERSITY ,عجمان,Ajman,خاصة,Private,National,Doctor of Business Administrate,NS,1
2022-2023,جامعة عجمان,AJMAN UNIVERSITY ,عجمان,Ajman,خاصة,Private,Non-National,Doctor of Business Administrate,NS,1
2022-2023,جامعة عجمان,AJMAN UNIVERSITY ,عجمان,Ajman,خاصة,Private,National,Doctorate,NS,1
2022-2023,جامعة عجمان,AJMAN UNIVERSITY ,عجمان,Ajman,خاصة,Private,Non-National,Graduate Diploma,NS,22
2022-2023,جامعة عجمان,AJMAN UNIVERSITY ,عجمان,Ajman,خاصة,Private,National,Master of Business Administration,NS,2
2022-2023,جامعة عجمان,AJMAN UNIVERSITY ,عجمان,Ajman,خاصة,Private,Non-National,Master of Business Administration,NS,3
2022-2023,جامعة عجمان,AJMAN UNIVERSITY ,عجمان,Ajman,خاصة,Private,Non-National,Masters,E,3
2022-2023,جامعة عجمان,AJMAN UNIVERSITY ,عجمان,Ajman,خاصة,Private,National,Masters,NS,14
2022-2023,جامعة عجمان,AJMAN UNIVERSITY ,عجمان,Ajman,خاصة,Private,Non-National,Masters,NS,6
2022-2023,جامعة عجمان,AJMAN UNIVERSITY ,عجمان,Ajman,خاصة,Private,Non-National,Masters,S,4
2022-2023,جامعة عجمان,AJMAN UNIVERSITY ,عجمان,Ajman,خاصة,Private,National,Masters,T,1
2022-2023,جامعة عجمان,AJMAN UNIVERSITY ,عجمان,Ajman,خاصة,Private,Non-National,Masters,T,5
2022-2023,جامعة محمد بن راشد للطب والعلوم الصحية,MOHAMMED BIN RASHID UNIVERSITY OF MEDICINE AND HEALTH SCIENCES,دبي,Dubai,حكومة محلية,Local Government,National,"(MBBS)Bachelor of Medicine, Bachelor of Surgery",S,6
2022-2023,جامعة محمد بن راشد للطب والعلوم الصحية,MOHAMMED BIN RASHID UNIVERSITY OF MEDICINE AND HEALTH SCIENCES,دبي,Dubai,حكومة محلية,Local Government,Non-National,"(MBBS)Bachelor of Medicine, Bachelor of Surgery",S,34
2022-2023,جامعة محمد بن راشد للطب والعلوم الصحية,MOHAMMED BIN RASHID UNIVERSITY OF MEDICINE AND HEALTH SCIENCES,دبي,Dubai,حكومة محلية,Local Government,National,Masters,S,10
2022-2023,جامعة محمد بن راشد للطب والعلوم الصحية,MOHAMMED BIN RASHID UNIVERSITY OF MEDICINE AND HEALTH SCIENCES,دبي,Dubai,حكومة محلية,Local Government,Non-National,Masters,S,15
2022-2023,جامعة محمد بن راشد للطب والعلوم الصحية,MOHAMMED BIN RASHID UNIVERSITY OF MEDICINE AND HEALTH SCIENCES,دبي,Dubai,حكومة محلية,Local Government,National,Masters,"S,M",1
2022-2023,جامعة محمد بن زايد للذكاء الاصطناعي,MOHAMED BIN ZAYED UNIVERSITY OF ARTIFICIAL INTELLIGENCE,أبوظبي,Abu Dhabi,شبه حكومية,Semi Government,National,Masters,T,8
2022-2023,جامعة محمد بن زايد للذكاء الاصطناعي,MOHAMED BIN ZAYED UNIVERSITY OF ARTIFICIAL INTELLIGENCE,أبوظبي,Abu Dhabi,شبه حكومية,Semi Government,Non-National,Masters,T,44
2022-2023,جامعة محمد بن زايد للعلوم الإنسانية,MOHAMED BIN ZAYED UNIVERSITY FOR HUMANITIES,أبوظبي,Abu Dhabi,حكومة محلية,Local Government,National,Bachelors,NS,10
2022-2023,جامعة محمد بن زايد للعلوم الإنسانية,MOHAMED BIN ZAYED UNIVERSITY FOR HUMANITIES,أبوظبي,Abu Dhabi,حكومة محلية,Local Government,National,Doctorate,NS,1
2022-2023,جامعة محمد بن زايد للعلوم الإنسانية,MOHAMED BIN ZAYED UNIVERSITY FOR HUMANITIES,أبوظبي,Abu Dhabi,حكومة محلية,Local Government,National,Masters,NS,3
2022-2023,جامعة محمد بن زايد للعلوم الإنسانية,MOHAMED BIN ZAYED UNIVERSITY FOR HUMANITIES,عجمان,Ajman,حكومة محلية,Local Government,National,Bachelors,NS,11
2022-2023,جامعة نيويورك,"NEW YORK UNIVERSITY, ABU DHABI",أبوظبي,Abu Dhabi,فرع مؤسسة دولية,Branch of International Institution,National,Bachelors,E,3
2022-2023,جامعة نيويورك,"NEW YORK UNIVERSITY, ABU DHABI",أبوظبي,Abu Dhabi,فرع مؤسسة دولية,Branch of International Institution,Non-National,Bachelors,E,2
2022-2023,جامعة نيويورك,"NEW YORK UNIVERSITY, ABU DHABI",أبوظبي,Abu Dhabi,فرع مؤسسة دولية,Branch of International Institution,National,Bachelors,NS,12
2022-2023,جامعة نيويورك,"NEW YORK UNIVERSITY, ABU DHABI",أبوظبي,Abu Dhabi,فرع مؤسسة دولية,Branch of International Institution,Non-National,Bachelors,NS,22
2022-2023,جامعة نيويورك,"NEW YORK UNIVERSITY, ABU DHABI",أبوظبي,Abu Dhabi,فرع مؤسسة دولية,Branch of International Institution,Non-National,Bachelors,S,3
2022-2023,جامعة نيويورك,"NEW YORK UNIVERSITY, ABU DHABI",أبوظبي,Abu Dhabi,فرع مؤسسة دولية,Branch of International Institution,Non-National,Bachelors,T,9
2022-2023,جامعة ولونغونغ فى دبى,UNIVERSITY OF WOLLONGONG IN DUBAI,دبي,Dubai,فرع مؤسسة دولية,Branch of International Institution,Non-National,Bachelors,E,11
2022-2023,جامعة ولونغونغ فى دبى,UNIVERSITY OF WOLLONGONG IN DUBAI,دبي,Dubai,فرع مؤسسة دولية,Branch of International Institution,National,Bachelors,NS,1
2022-2023,جامعة ولونغونغ فى دبى,UNIVERSITY OF WOLLONGONG IN DUBAI,دبي,Dubai,فرع مؤسسة دولية,Branch of International Institution,Non-National,Bachelors,NS,59
2022-2023,جامعة ولونغونغ فى دبى,UNIVERSITY OF WOLLONGONG IN DUBAI,دبي,Dubai,فرع مؤسسة دولية,Branch of International Institution,Non-National,Bachelors,S,10
2022-2023,جامعة ولونغونغ فى دبى,UNIVERSITY OF WOLLONGONG IN DUBAI,دبي,Dubai,فرع مؤسسة دولية,Branch of International Institution,Non-National,Bachelors,T,19
2022-2023,جامعة ولونغونغ فى دبى,UNIVERSITY OF WOLLONGONG IN DUBAI,دبي,Dubai,فرع مؤسسة دولية,Branch of International Institution,National,Masters,E,6
2022-2023,جامعة ولونغونغ فى دبى,UNIVERSITY OF WOLLONGONG IN DUBAI,دبي,Dubai,فرع مؤسسة دولية,Branch of International Institution,Non-National,Masters,E,8
2022-2023,جامعة ولونغونغ فى دبى,UNIVERSITY OF WOLLONGONG IN DUBAI,دبي,Dubai,فرع مؤسسة دولية,Branch of International Institution,National,Masters,NS,15
2022-2023,جامعة ولونغونغ فى دبى,UNIVERSITY OF WOLLONGONG IN DUBAI,دبي,Dubai,فرع مؤسسة دولية,Branch of International Institution,Non-National,Masters,NS,49
2022-2023,جامعة ولونغونغ فى دبى,UNIVERSITY OF WOLLONGONG IN DUBAI,دبي,Dubai,فرع مؤسسة دولية,Branch of International Institution,National,Masters,S,2
2022-2023,جامعة ولونغونغ فى دبى,UNIVERSITY OF WOLLONGONG IN DUBAI,دبي,Dubai,فرع مؤسسة دولية,Branch of International Institution,Non-National,Masters,S,6
2022-2023,كليات التقنية العليا,HIGHER COLLEGES OF TECHNOLOGY,أبوظبي,Abu Dhabi,حكومة إتحادية,Federal Government,National,Bachelors,E,142
2022-2023,كليات التقنية العليا,HIGHER COLLEGES OF TECHNOLOGY,أبوظبي,Abu Dhabi,حكومة إتحادية,Federal Government,Non-National,Bachelors,E,9
2022-2023,كليات التقنية العليا,HIGHER COLLEGES OF TECHNOLOGY,أبوظبي,Abu Dhabi,حكومة إتحادية,Federal Government,National,Bachelors,NS,145
2022-2023,كليات التقنية العليا,HIGHER COLLEGES OF TECHNOLOGY,أبوظبي,Abu Dhabi,حكومة إتحادية,Federal Government,National,Bachelors,S,16
2022-2023,كليات التقنية العليا,HIGHER COLLEGES OF TECHNOLOGY,أبوظبي,Abu Dhabi,حكومة إتحادية,Federal Government,National,Bachelors,T,43
2022-2023,كليات التقنية العليا,HIGHER COLLEGES OF TECHNOLOGY,أبوظبي,Abu Dhabi,حكومة إتحادية,Federal Government,Non-National,Bachelors,T,2
2022-2023,كليات التقنية العليا,HIGHER COLLEGES OF TECHNOLOGY,أبوظبي,Abu Dhabi,حكومة إتحادية,Federal Government,National,Diploma,S,5
2022-2023,كليات التقنية العليا,HIGHER COLLEGES OF TECHNOLOGY,أبوظبي,Abu Dhabi,حكومة إتحادية,Federal Government,National,Higher Diploma,NS,2
2022-2023,كليات التقنية العليا,HIGHER COLLEGES OF TECHNOLOGY,أبوظبي,Abu Dhabi,حكومة إتحادية,Federal Government,National,Higher Diploma,S,1
2022-2023,كليات التقنية العليا,HIGHER COLLEGES OF TECHNOLOGY,أبوظبي,Abu Dhabi,حكومة إتحادية,Federal Government,National,Higher Diploma,T,5
2022-2023,كليات التقنية العليا,HIGHER COLLEGES OF TECHNOLOGY,الشارقة,Sharjah,حكومة إتحادية,Federal Government,National,Bachelors,E,64
2022-2023,كليات التقنية العليا,HIGHER COLLEGES OF TECHNOLOGY,الشارقة,Sharjah,حكومة إتحادية,Federal Government,Non-National,Bachelors,E,2
2022-2023,كليات التقنية العليا,HIGHER COLLEGES OF TECHNOLOGY,الشارقة,Sharjah,حكومة إتحادية,Federal Government,National,Bachelors,NS,106
2022-2023,كليات التقنية العليا,HIGHER COLLEGES OF TECHNOLOGY,الشارقة,Sharjah,حكومة إتحادية,Federal Government,Non-National,Bachelors,NS,4
2022-2023,كليات التقنية العليا,HIGHER COLLEGES OF TECHNOLOGY,الشارقة,Sharjah,حكومة إتحادية,Federal Government,National,Bachelors,S,23
2022-2023,كليات التقنية العليا,HIGHER COLLEGES OF TECHNOLOGY,الشارقة,Sharjah,حكومة إتحادية,Federal Government,Non-National,Bachelors,S,3
2022-2023,كليات التقنية العليا,HIGHER COLLEGES OF TECHNOLOGY,الشارقة,Sharjah,حكومة إتحادية,Federal Government,National,Bachelors,T,47
2022-2023,كليات التقنية العليا,HIGHER COLLEGES OF TECHNOLOGY,الشارقة,Sharjah,حكومة إتحادية,Federal Government,Non-National,Bachelors,T,2
2022-2023,كليات التقنية العليا,HIGHER COLLEGES OF TECHNOLOGY,الشارقة,Sharjah,حكومة إتحادية,Federal Government,National,Diploma,S,2
2022-2023,كليات التقنية العليا,HIGHER COLLEGES OF TECHNOLOGY,الفجيرة,Fujairah,حكومة إتحادية,Federal Government,National,Bachelors,E,32
2022-2023,كليات التقنية العليا,HIGHER COLLEGES OF TECHNOLOGY,الفجيرة,Fujairah,حكومة إتحادية,Federal Government,National,Bachelors,NS,24
2022-2023,كليات التقنية العليا,HIGHER COLLEGES OF TECHNOLOGY,الفجيرة,Fujairah,حكومة إتحادية,Federal Government,National,Bachelors,S,30
2022-2023,كليات التقنية العليا,HIGHER COLLEGES OF TECHNOLOGY,الفجيرة,Fujairah,حكومة إتحادية,Federal Government,National,Bachelors,T,18
2022-2023,كليات التقنية العليا,HIGHER COLLEGES OF TECHNOLOGY,الفجيرة,Fujairah,حكومة إتحادية,Federal Government,National,Diploma,E,1
2022-2023,كليات التقنية العليا,HIGHER COLLEGES OF TECHNOLOGY,دبي,Dubai,حكومة إتحادية,Federal Government,National,Bachelors,E,59
2022-2023,كليات التقنية العليا,HIGHER COLLEGES OF TECHNOLOGY,دبي,Dubai,حكومة إتحادية,Federal Government,Non-National,Bachelors,E,3
2022-2023,كليات التقنية العليا,HIGHER COLLEGES OF TECHNOLOGY,دبي,Dubai,حكومة إتحادية,Federal Government,National,Bachelors,NS,64
2022-2023,كليات التقنية العليا,HIGHER COLLEGES OF TECHNOLOGY,دبي,Dubai,حكومة إتحادية,Federal Government,Non-National,Bachelors,NS,1
2022-2023,كليات التقنية العليا,HIGHER COLLEGES OF TECHNOLOGY,دبي,Dubai,حكومة إتحادية,Federal Government,National,Bachelors,S,16
2022-2023,كليات التقنية العليا,HIGHER COLLEGES OF TECHNOLOGY,دبي,Dubai,حكومة إتحادية,Federal Government,Non-National,Bachelors,S,2
2022-2023,كليات التقنية العليا,HIGHER COLLEGES OF TECHNOLOGY,دبي,Dubai,حكومة إتحادية,Federal Government,National,Bachelors,T,24
2022-2023,كليات التقنية العليا,HIGHER COLLEGES OF TECHNOLOGY,دبي,Dubai,حكومة إتحادية,Federal Government,National,Diploma,E,3
2022-2023,كليات التقنية العليا,HIGHER COLLEGES OF TECHNOLOGY,دبي,Dubai,حكومة إتحادية,Federal Government,National,Higher Diploma,NS,4
2022-2023,كليات التقنية العليا,HIGHER COLLEGES OF TECHNOLOGY,دبي,Dubai,حكومة إتحادية,Federal Government,National,Higher Diploma,T,1
2022-2023,كليات التقنية العليا,HIGHER COLLEGES OF TECHNOLOGY,رأس الخيمة,Ras Al Khaima,حكومة إتحادية,Federal Government,National,Bachelors,E,17
2022-2023,كليات التقنية العليا,HIGHER COLLEGES OF TECHNOLOGY,رأس الخيمة,Ras Al Khaima,حكومة إتحادية,Federal Government,National,Bachelors,NS,37
2022-2023,كليات التقنية العليا,HIGHER COLLEGES OF TECHNOLOGY,رأس الخيمة,Ras Al Khaima,حكومة إتحادية,Federal Government,National,Bachelors,T,35
2022-2023,كليات التقنية العليا,HIGHER COLLEGES OF TECHNOLOGY,رأس الخيمة,Ras Al Khaima,حكومة إتحادية,Federal Government,Non-National,Bachelors,T,1
2022-2023,كلية  الخوارزمى الدولية,AL KHAWARIZMI INTERNATIONAL COLLEGE,أبوظبي,Abu Dhabi,خاصة,Private,National,Bachelors,NS,43
2022-2023,كلية  الخوارزمى الدولية,AL KHAWARIZMI INTERNATIONAL COLLEGE,أبوظبي,Abu Dhabi,خاصة,Private,Non-National,Bachelors,NS,21
2022-2023,كلية  الخوارزمى الدولية,AL KHAWARIZMI INTERNATIONAL COLLEGE,أبوظبي,Abu Dhabi,خاصة,Private,National,Bachelors,S,2
2022-2023,كلية  الخوارزمى الدولية,AL KHAWARIZMI INTERNATIONAL COLLEGE,أبوظبي,Abu Dhabi,خاصة,Private,Non-National,Bachelors,S,18
2022-2023,كلية  الخوارزمى الدولية,AL KHAWARIZMI INTERNATIONAL COLLEGE,أبوظبي,Abu Dhabi,خاصة,Private,National,Bachelors,T,3
2022-2023,كلية  الخوارزمى الدولية,AL KHAWARIZMI INTERNATIONAL COLLEGE,أبوظبي,Abu Dhabi,خاصة,Private,Non-National,Bachelors,T,6
2022-2023,كلية  الخوارزمى الدولية,AL KHAWARIZMI INTERNATIONAL COLLEGE,أبوظبي,Abu Dhabi,خاصة,Private,National,Diploma,NS,5
2022-2023,كلية  الخوارزمى الدولية,AL KHAWARIZMI INTERNATIONAL COLLEGE,أبوظبي,Abu Dhabi,خاصة,Private,Non-National,Diploma,NS,6
2022-2023,كلية  الخوارزمى الدولية,AL KHAWARIZMI INTERNATIONAL COLLEGE,أبوظبي,Abu Dhabi,خاصة,Private,National,Diploma,S,1
2022-2023,كلية  الخوارزمى الدولية,AL KHAWARIZMI INTERNATIONAL COLLEGE,أبوظبي,Abu Dhabi,خاصة,Private,Non-National,Diploma,S,5
2022-2023,كلية  الخوارزمى الدولية,AL KHAWARIZMI INTERNATIONAL COLLEGE,أبوظبي,Abu Dhabi,خاصة,Private,National,Diploma,T,1
2022-2023,كلية  الخوارزمى الدولية,AL KHAWARIZMI INTERNATIONAL COLLEGE,أبوظبي,Abu Dhabi,خاصة,Private,Non-National,Diploma,T,6
2022-2023,كلية أبوظبي للإدارة,ABU DHABI SCHOOL OF MANAGEMENT,أبوظبي,Abu Dhabi,شبه حكومية,Semi Government,National,Masters,NS,40
2022-2023,كلية أبوظبي للإدارة,ABU DHABI SCHOOL OF MANAGEMENT,أبوظبي,Abu Dhabi,شبه حكومية,Semi Government,Non-National,Masters,NS,2
2022-2023,كلية الأفق الجامعية,SKYLINE UNIVERSITY COLLEGE,الشارقة,Sharjah,خاصة,Private,National,Bachelors,NS,25
2022-2023,كلية الأفق الجامعية,SKYLINE UNIVERSITY COLLEGE,الشارقة,Sharjah,خاصة,Private,Non-National,Bachelors,NS,7
2022-2023,كلية الأفق الجامعية,SKYLINE UNIVERSITY COLLEGE,الشارقة,Sharjah,خاصة,Private,National,Bachelors,T,32
2022-2023,كلية الأفق الجامعية,SKYLINE UNIVERSITY COLLEGE,الشارقة,Sharjah,خاصة,Private,Non-National,Bachelors,T,4
2022-2023,كلية الأفق الجامعية,SKYLINE UNIVERSITY COLLEGE,الشارقة,Sharjah,خاصة,Private,National,Master of Business Administration,NS,46
2022-2023,كلية الأفق الجامعية,SKYLINE UNIVERSITY COLLEGE,الشارقة,Sharjah,خاصة,Private,Non-National,Master of Business Administration,NS,1
2022-2023,كلية الإمام مالك للشريعة الإسلامية والقانون,IMAM MALIK COLLEGE FOR ISLAMIC SHARIA AND LAW,دبي,Dubai,حكومة محلية,Local Government,National,Bachelors,NS,27
2022-2023,كلية الإمام مالك للشريعة الإسلامية والقانون,IMAM MALIK COLLEGE FOR ISLAMIC SHARIA AND LAW,دبي,Dubai,حكومة محلية,Local Government,Non-National,Bachelors,NS,20
2022-2023,كلية الإمام مالك للشريعة الإسلامية والقانون,IMAM MALIK COLLEGE FOR ISLAMIC SHARIA AND LAW,دبي,Dubai,حكومة محلية,Local Government,National,Masters,NS,1
2022-2023,كلية الإمام مالك للشريعة الإسلامية والقانون,IMAM MALIK COLLEGE FOR ISLAMIC SHARIA AND LAW,دبي,Dubai,حكومة محلية,Local Government,Non-National,Masters,NS,1
2022-2023,كلية المدينة الجامعية بعجمان,CITY UNIVERSITY AJMAN,عجمان,Ajman,خاصة,Private,National,Bachelors,NS,97
2022-2023,كلية المدينة الجامعية بعجمان,CITY UNIVERSITY AJMAN,عجمان,Ajman,خاصة,Private,Non-National,Bachelors,NS,58
2022-2023,كلية المدينة الجامعية بعجمان,CITY UNIVERSITY AJMAN,عجمان,Ajman,خاصة,Private,Non-National,Graduate Diploma,NS,2
2022-2023,كلية المدينة الجامعية بعجمان,CITY UNIVERSITY AJMAN,عجمان,Ajman,خاصة,Private,National,Master of Business Administration,NS,1
2022-2023,كلية المدينة الجامعية بعجمان,CITY UNIVERSITY AJMAN,عجمان,Ajman,خاصة,Private,National,Masters,NS,2
2022-2023,كلية دبي للصيدلة,DUBAI PHARMACY COLLEGE FOR GIRLS,دبي,Dubai,خاصة,Private,National,Masters,S,1
2022-2023,كلية دبي للصيدلة,DUBAI PHARMACY COLLEGE FOR GIRLS,دبي,Dubai,خاصة,Private,Non-National,Masters,S,4
2022-2023,كلية فاطمة للعلوم الصحية,FATIMA COLLEGE OF HEALTH SCIENCES,أبوظبي,Abu Dhabi,حكومة محلية,Local Government,National,Bachelors,S,48
2022-2023,كلية فاطمة للعلوم الصحية,FATIMA COLLEGE OF HEALTH SCIENCES,أبوظبي,Abu Dhabi,حكومة محلية,Local Government,Non-National,Bachelors,S,25
2022-2023,كلية فاطمة للعلوم الصحية,FATIMA COLLEGE OF HEALTH SCIENCES,عجمان,Ajman,حكومة محلية,Local Government,National,Bachelors,S,21
2022-2023,كلية ليوا للتكنولوجيا,LIWA COLLEGE OF TECHNOLOGY,أبوظبي,Abu Dhabi,خاصة,Private,National,Bachelors,NS,187
2022-2023,كلية ليوا للتكنولوجيا,LIWA COLLEGE OF TECHNOLOGY,أبوظبي,Abu Dhabi,خاصة,Private,Non-National,Bachelors,NS,20
2022-2023,كلية ليوا للتكنولوجيا,LIWA COLLEGE OF TECHNOLOGY,أبوظبي,Abu Dhabi,خاصة,Private,National,Bachelors,S,4
2022-2023,كلية ليوا للتكنولوجيا,LIWA COLLEGE OF TECHNOLOGY,أبوظبي,Abu Dhabi,خاصة,Private,Non-National,Bachelors,S,4
2022-2023,كلية ليوا للتكنولوجيا,LIWA COLLEGE OF TECHNOLOGY,أبوظبي,Abu Dhabi,خاصة,Private,National,Diploma,NS,6
2022-2023,كلية ليوا للتكنولوجيا,LIWA COLLEGE OF TECHNOLOGY,أبوظبي,Abu Dhabi,خاصة,Private,Non-National,Diploma,NS,6
2022-2023,كلية محمد بن راشد للإدارة الحكومية,MOHAMMED BIN RASHID SCHOOL OF GOVERNMENT,دبي,Dubai,حكومة محلية,Local Government,National,Masters,NS,10
2022-2023,كلية محمد بن راشد للإدارة الحكومية,MOHAMMED BIN RASHID SCHOOL OF GOVERNMENT,دبي,Dubai,حكومة محلية,Local Government,Non-National,Masters,NS,1
2022-2023,معهد أبوظبي للتعليم والتدريب المهني,ABU DHABI VOCATIONAL EDUCATION AND TRAINING INSTITUTE,أبوظبي,Abu Dhabi,حكومة محلية,Local Government,National,Diploma,E,31
2022-2023,معهد أبوظبي للتعليم والتدريب المهني,ABU DHABI VOCATIONAL EDUCATION AND TRAINING INSTITUTE,أبوظبي,Abu Dhabi,حكومة محلية,Local Government,Non-National,Diploma,E,1
2022-2023,معهد أبوظبي للتعليم والتدريب المهني,ABU DHABI VOCATIONAL EDUCATION AND TRAINING INSTITUTE,أبوظبي,Abu Dhabi,حكومة محلية,Local Government,National,Diploma,S,44
2022-2023,معهد أبوظبي للتعليم والتدريب المهني,ABU DHABI VOCATIONAL EDUCATION AND TRAINING INSTITUTE,أبوظبي,Abu Dhabi,حكومة محلية,Local Government,Non-National,Diploma,S,1
2022-2023,معهد الإمارات للدراسات المصرفية والمالية,EMIRATES INSTITUTE FOR BANKING AND FINANCIAL STUDIES,أبوظبي,Abu Dhabi,حكومة محلية,Local Government,National,Bachelors,NS,1
2022-2023,معهد الإمارات للدراسات المصرفية والمالية,EMIRATES INSTITUTE FOR BANKING AND FINANCIAL STUDIES,أبوظبي,Abu Dhabi,حكومة محلية,Local Government,Non-National,Bachelors,NS,7
2022-2023,معهد الإمارات للدراسات المصرفية والمالية,EMIRATES INSTITUTE FOR BANKING AND FINANCIAL STUDIES,الشارقة,Sharjah,حكومة محلية,Local Government,National,Bachelors,NS,2
2022-2023,معهد الإمارات للدراسات المصرفية والمالية,EMIRATES INSTITUTE FOR BANKING AND FINANCIAL STUDIES,الشارقة,Sharjah,حكومة محلية,Local Government,Non-National,Bachelors,NS,7
2022-2023,معهد تكنولوجيا إدارة الأعمال بدبي - أي. أم. تي,INSTITUTE OF MANAGEMENT TECHNOLOGY-DUBAI,دبي,Dubai,خاصة,Private,National,Bachelors,NS,46
2022-2023,معهد تكنولوجيا إدارة الأعمال بدبي - أي. أم. تي,INSTITUTE OF MANAGEMENT TECHNOLOGY-DUBAI,دبي,Dubai,خاصة,Private,Non-National,Bachelors,NS,1
2022-2023,معهد تكنولوجيا إدارة الأعمال بدبي - أي. أم. تي,INSTITUTE OF MANAGEMENT TECHNOLOGY-DUBAI,دبي,Dubai,خاصة,Private,National,Masters,NS,9
2022-2023,معهد دبي للتصميم والابتكار,DUBAI INSTITUTE OF DESIGN AND INNOVATION,دبي,Dubai,حكومة محلية,Local Government,National,Bachelors,NS,2
2022-2023,معهد دبي للتصميم والابتكار,DUBAI INSTITUTE OF DESIGN AND INNOVATION,دبي,Dubai,حكومة محلية,Local Government,Non-National,Bachelors,NS,2
2022-2023,معهد روشيستر للتكنولوجيا,ROCHESTER INSTITUTE OF TECHNOLOGY- DUBAI,دبي,Dubai,فرع مؤسسة دولية,Branch of International Institution,National,Bachelors,E,4
2022-2023,معهد روشيستر للتكنولوجيا,ROCHESTER INSTITUTE OF TECHNOLOGY- DUBAI,دبي,Dubai,فرع مؤسسة دولية,Branch of International Institution,Non-National,Bachelors,E,17
2022-2023,معهد روشيستر للتكنولوجيا,ROCHESTER INSTITUTE OF TECHNOLOGY- DUBAI,دبي,Dubai,فرع مؤسسة دولية,Branch of International Institution,National,Bachelors,NS,1
2022-2023,معهد روشيستر للتكنولوجيا,ROCHESTER INSTITUTE OF TECHNOLOGY- DUBAI,دبي,Dubai,فرع مؤسسة دولية,Branch of International Institution,Non-National,Bachelors,NS,6
2022-2023,معهد روشيستر للتكنولوجيا,ROCHESTER INSTITUTE OF TECHNOLOGY- DUBAI,دبي,Dubai,فرع مؤسسة دولية,Branch of International Institution,National,Bachelors,T,1
2022-2023,معهد روشيستر للتكنولوجيا,ROCHESTER INSTITUTE OF TECHNOLOGY- DUBAI,دبي,Dubai,فرع مؤسسة دولية,Branch of International Institution,Non-National,Bachelors,T,2
2022-2023,معهد روشيستر للتكنولوجيا,ROCHESTER INSTITUTE OF TECHNOLOGY- DUBAI,دبي,Dubai,فرع مؤسسة دولية,Branch of International Institution,National,Masters,E,1
2022-2023,معهد روشيستر للتكنولوجيا,ROCHESTER INSTITUTE OF TECHNOLOGY- DUBAI,دبي,Dubai,فرع مؤسسة دولية,Branch of International Institution,Non-National,Masters,E,7
2022-2023,معهد روشيستر للتكنولوجيا,ROCHESTER INSTITUTE OF TECHNOLOGY- DUBAI,دبي,Dubai,فرع مؤسسة دولية,Branch of International Institution,National,Masters,NS,27
2022-2023,معهد روشيستر للتكنولوجيا,ROCHESTER INSTITUTE OF TECHNOLOGY- DUBAI,دبي,Dubai,فرع مؤسسة دولية,Branch of International Institution,Non-National,Masters,NS,10
