Enroll_Academic_Period,Institution_Name,Gender,Nationality,Total Students
2013-2014 : Fall,Abu Dhabi Polytechnic,Female,National,42
2013-2014 : Spring,Abu Dhabi Polytechnic,Female,National,28
2014-2015 : Fall,Abu Dhabi Polytechnic,Female,National,196
2014-2015 : Spring,Abu Dhabi Polytechnic,Female,National,29
2015-2016 : Fall,Abu Dhabi Polytechnic,Female,National,128
2015-2016 : Spring,Abu Dhabi Polytechnic,Female,National,22
2016-2017 : Fall,Abu Dhabi Polytechnic,Female,National,115
2016-2017 : Spring,Abu Dhabi Polytechnic,Female,National,46
2017-2018 : Fall,Abu Dhabi Polytechnic,Female,National,93
2018-2019 : Spring,Abu Dhabi Polytechnic,Female,National,43
2019-2020 : Fall,Abu Dhabi Polytechnic,Female,National,98
2019-2020 : Spring,Abu Dhabi Polytechnic,Female,National,13
2019-2020 : Winter,Abu Dhabi Polytechnic,Female,National,43
2020-2021 : Fall,Abu Dhabi Polytechnic,Female,National,180
2020-2021 : Spring,Abu Dhabi Polytechnic,Female,National,44
2022-2023 : Spring,Abu Dhabi Polytechnic,Female,National,28
2013-2014 : Spring,Abu Dhabi School of Management,Female,Non-National,1
2016-2017 : Fall,Abu Dhabi School of Management,Female,Non-National,1
2016-2017 : Spring,Abu Dhabi School of Management,Female,National,53
2017-2018 : Fall,Abu Dhabi School of Management,Female,Non-National,10
2018-2019 : Fall,Abu Dhabi School of Management,Female,National,85
2018-2019 : Fall,Abu Dhabi School of Management,Female,Non-National,4
2019-2020 : Fall,Abu Dhabi School of Management,Female,National,97
2019-2020 : Spring,Abu Dhabi School of Management,Female,National,34
2020-2021 : Fall,Abu Dhabi School of Management,Female,Non-National,3
2012-2013 : Fall,Abu Dhabi University,Female,National,112
2012-2013 : Spring,Abu Dhabi University,Female,National,61
2012-2013 : Spring,Abu Dhabi University,Female,Non-National,151
2013-2014 : Fall,Abu Dhabi University,Female,Non-National,520
2013-2014 : Spring,Abu Dhabi University,Female,Non-National,305
2014-2015 : Spring,Abu Dhabi University,Female,Non-National,395
2015-2016 : Fall,Abu Dhabi University,Female,Non-National,863
2016-2017 : Fall,Abu Dhabi University,Female,Non-National,360
2016-2017 : Spring,Abu Dhabi University,Female,Non-National,168
2017-2018 : Fall,Abu Dhabi University,Female,Non-National,975
2017-2018 : Summer 1,Abu Dhabi University,Female,National,33
2017-2018 : Summer 1,Abu Dhabi University,Female,Non-National,8
2017-2018 : Winter,Abu Dhabi University,Female,National,51
2017-2018 : Winter,Abu Dhabi University,Female,Non-National,93
2019-2020 : Fall,Abu Dhabi University,Female,Non-National,480
2019-2020 : Winter,Abu Dhabi University,Female,Non-National,52
2020-2021 : Fall,Abu Dhabi University,Female,Non-National,345
2020-2021 : Summer 1,Abu Dhabi University,Female,Non-National,40
2020-2021 : Winter,Abu Dhabi University,Female,National,113
2020-2021 : Winter,Abu Dhabi University,Female,Non-National,61
2021-2022 : Fall,Abu Dhabi University,Female,Non-National,305
2021-2022 : Spring,Abu Dhabi University,Female,National,95
2022-2023 : Fall,Abu Dhabi University,Female,National,330
2022-2023 : Fall,Abu Dhabi University,Female,Non-National,431
2022-2023 : Spring,Abu Dhabi University,Female,National,162
2022-2023 : Spring,Abu Dhabi University,Female,Non-National,102
2022-2023 : Winter,Abu Dhabi University,Female,National,100
2022-2023 : Winter,Abu Dhabi University,Female,Non-National,89
2012-2013 : Fall,Abu Dhabi Vocational Education & Training Institute,Female,National,216
2013-2014 : Spring,Abu Dhabi Vocational Education & Training Institute,Female,National,123
2012-2013 : Fall,Abu Dhabi Polytechnic,Female,National,40
2012-2013 : Fall,Abu Dhabi Polytechnic,Female,Non-National,1
2012-2013 : Spring,Abu Dhabi Polytechnic,Female,National,13
2017-2018 : Fall,Abu Dhabi Polytechnic,Female,Non-National,33
2017-2018 : Winter,Abu Dhabi Polytechnic,Female,National,4
2018-2019 : Fall,Abu Dhabi Polytechnic,Female,National,101
2020-2021 : Fall,Abu Dhabi Polytechnic,Female,Non-National,11
2021-2022 : Spring,Abu Dhabi Polytechnic,Female,National,32
2021-2022 : Spring,Abu Dhabi Polytechnic,Female,Non-National,2
2022-2023 : Fall,Abu Dhabi Polytechnic,Female,National,84
2022-2023 : Fall,Abu Dhabi Polytechnic,Female,Non-National,3
2022-2023 : Spring,Abu Dhabi Polytechnic,Female,Non-National,1
2013-2014 : Spring,Abu Dhabi School of Management,Female,National,35
2016-2017 : Fall,Abu Dhabi School of Management,Female,National,39
2017-2018 : Fall,Abu Dhabi School of Management,Female,National,81
2017-2018 : Spring,Abu Dhabi School of Management,Female,National,22
2018-2019 : Spring,Abu Dhabi School of Management,Female,National,15
2018-2019 : Winter,Abu Dhabi School of Management,Female,National,56
2018-2019 : Winter,Abu Dhabi School of Management,Female,Non-National,1
2019-2020 : Fall,Abu Dhabi School of Management,Female,Non-National,7
2019-2020 : Spring,Abu Dhabi School of Management,Female,Non-National,1
2019-2020 : Summer 1,Abu Dhabi School of Management,Female,National,16
2019-2020 : Summer 1,Abu Dhabi School of Management,Female,Non-National,1
2020-2021 : Fall,Abu Dhabi School of Management,Female,National,72
2012-2013 : Fall,Abu Dhabi University,Female,Non-National,311
2013-2014 : Fall,Abu Dhabi University,Female,National,229
2013-2014 : Spring,Abu Dhabi University,Female,National,114
2014-2015 : Fall,Abu Dhabi University,Female,National,184
2014-2015 : Fall,Abu Dhabi University,Female,Non-National,960
2014-2015 : Spring,Abu Dhabi University,Female,National,142
2015-2016 : Fall,Abu Dhabi University,Female,National,192
2015-2016 : Spring,Abu Dhabi University,Female,National,113
2015-2016 : Spring,Abu Dhabi University,Female,Non-National,189
2016-2017 : Fall,Abu Dhabi University,Female,National,253
2016-2017 : Spring,Abu Dhabi University,Female,National,161
2017-2018 : Fall,Abu Dhabi University,Female,National,235
2017-2018 : Spring,Abu Dhabi University,Female,National,115
2017-2018 : Spring,Abu Dhabi University,Female,Non-National,283
2018-2019 : Fall,Abu Dhabi University,Female,National,233
2018-2019 : Fall,Abu Dhabi University,Female,Non-National,736
2018-2019 : Spring,Abu Dhabi University,Female,National,135
2018-2019 : Spring,Abu Dhabi University,Female,Non-National,235
2018-2019 : Summer 1,Abu Dhabi University,Female,National,26
2018-2019 : Summer 1,Abu Dhabi University,Female,Non-National,9
2018-2019 : Winter,Abu Dhabi University,Female,National,46
2018-2019 : Winter,Abu Dhabi University,Female,Non-National,62
2019-2020 : Fall,Abu Dhabi University,Female,National,345
2019-2020 : Spring,Abu Dhabi University,Female,National,115
2019-2020 : Spring,Abu Dhabi University,Female,Non-National,193
2019-2020 : Summer 1,Abu Dhabi University,Female,National,96
2019-2020 : Summer 1,Abu Dhabi University,Female,Non-National,31
2019-2020 : Winter,Abu Dhabi University,Female,National,76
2020-2021 : Fall,Abu Dhabi University,Female,National,449
2020-2021 : Spring,Abu Dhabi University,Female,National,194
2020-2021 : Spring,Abu Dhabi University,Female,Non-National,131
2020-2021 : Summer 1,Abu Dhabi University,Female,National,41
2021-2022 : Fall,Abu Dhabi University,Female,National,254
2021-2022 : Spring,Abu Dhabi University,Female,Non-National,124
2021-2022 : Summer 1,Abu Dhabi University,Female,National,19
2021-2022 : Summer 1,Abu Dhabi University,Female,Non-National,18
2021-2022 : Winter,Abu Dhabi University,Female,National,88
2021-2022 : Winter,Abu Dhabi University,Female,Non-National,68
2012-2013 : Fall,Abu Dhabi Vocational Education & Training Institute,Female,Non-National,9
2013-2014 : Fall,Abu Dhabi Vocational Education & Training Institute,Female,National,47
2013-2014 : Spring,Abu Dhabi Vocational Education & Training Institute,Female,Non-National,11
2014-2015 : Fall,Abu Dhabi Vocational Education & Training Institute,Female,National,147
2014-2015 : Fall,Abu Dhabi Vocational Education & Training Institute,Female,Non-National,3
2015-2016 : Fall,Abu Dhabi Vocational Education & Training Institute,Female,Non-National,8
2015-2016 : Spring,Abu Dhabi Vocational Education & Training Institute,Female,National,56
2016-2017 : Fall,Abu Dhabi Vocational Education & Training Institute,Female,National,190
2017-2018 : Fall,Abu Dhabi Vocational Education & Training Institute,Female,National,119
2018-2019 : Spring,Abu Dhabi Vocational Education & Training Institute,Female,National,186
2018-2019 : Spring,Abu Dhabi Vocational Education & Training Institute,Female,Non-National,3
2019-2020 : Fall,Abu Dhabi Vocational Education & Training Institute,Female,Non-National,14
2019-2020 : Spring,Abu Dhabi Vocational Education & Training Institute,Female,Non-National,7
2020-2021 : Fall,Abu Dhabi Vocational Education & Training Institute,Female,Non-National,15
2020-2021 : Spring,Abu Dhabi Vocational Education & Training Institute,Female,National,406
2020-2021 : Spring,Abu Dhabi Vocational Education & Training Institute,Female,Non-National,10
2012-2013 : Fall,Ajman University,Female,National,269
2012-2013 : Fall,Ajman University,Female,Non-National,866
2012-2013 : Spring,Ajman University,Female,National,106
2012-2013 : Spring,Ajman University,Female,Non-National,263
2013-2014 : Spring,Ajman University,Female,National,79
2014-2015 : Spring,Ajman University,Female,National,93
2015-2016 : Fall,Ajman University,Female,National,186
2015-2016 : Spring,Ajman University,Female,National,104
2015-2016 : Spring,Ajman University,Female,Non-National,122
2016-2017 : Fall,Ajman University,Female,Non-National,722
2016-2017 : Spring,Ajman University,Female,Non-National,151
2018-2019 : Fall,Ajman University,Female,Non-National,725
2018-2019 : Spring,Ajman University,Female,Non-National,119
2019-2020 : Fall,Ajman University,Female,National,141
2019-2020 : Fall,Ajman University,Female,Non-National,673
2019-2020 : Spring,Ajman University,Female,National,35
2019-2020 : Spring,Ajman University,Female,Non-National,82
2020-2021 : Fall,Ajman University,Female,National,124
2021-2022 : Spring,Ajman University,Female,National,33
2021-2022 : Spring,Ajman University,Female,Non-National,75
2021-2022 : Summer 1,Ajman University,Female,Non-National,1
2022-2023 : Fall,Ajman University,Female,National,150
2022-2023 : Fall,Ajman University,Female,Non-National,569
2022-2023 : Spring,Ajman University,Female,National,50
2012-2013 : Fall,Al Ain University of Science and Technology,Female,National,195
2012-2013 : Spring,Al Ain University of Science and Technology,Female,National,106
2012-2013 : Spring,Al Ain University of Science and Technology,Female,Non-National,136
2015-2016 : Fall,Abu Dhabi Vocational Education & Training Institute,Female,National,120
2015-2016 : Spring,Abu Dhabi Vocational Education & Training Institute,Female,Non-National,6
2016-2017 : Fall,Abu Dhabi Vocational Education & Training Institute,Female,Non-National,3
2016-2017 : Spring,Abu Dhabi Vocational Education & Training Institute,Female,National,138
2016-2017 : Spring,Abu Dhabi Vocational Education & Training Institute,Female,Non-National,34
2017-2018 : Fall,Abu Dhabi Vocational Education & Training Institute,Female,Non-National,88
2018-2019 : Fall,Abu Dhabi Vocational Education & Training Institute,Female,National,380
2018-2019 : Fall,Abu Dhabi Vocational Education & Training Institute,Female,Non-National,10
2019-2020 : Fall,Abu Dhabi Vocational Education & Training Institute,Female,National,501
2019-2020 : Spring,Abu Dhabi Vocational Education & Training Institute,Female,National,249
2020-2021 : Fall,Abu Dhabi Vocational Education & Training Institute,Female,National,448
2013-2014 : Fall,Ajman University,Female,National,249
2013-2014 : Fall,Ajman University,Female,Non-National,883
2013-2014 : Spring,Ajman University,Female,Non-National,265
2014-2015 : Fall,Ajman University,Female,National,238
2014-2015 : Fall,Ajman University,Female,Non-National,947
2014-2015 : Spring,Ajman University,Female,Non-National,234
2015-2016 : Fall,Ajman University,Female,Non-National,595
2016-2017 : Fall,Ajman University,Female,National,246
2016-2017 : Spring,Ajman University,Female,National,103
2017-2018 : Fall,Ajman University,Female,National,179
2017-2018 : Fall,Ajman University,Female,Non-National,639
2017-2018 : Spring,Ajman University,Female,National,13
2017-2018 : Spring,Ajman University,Female,Non-National,49
2018-2019 : Fall,Ajman University,Female,National,228
2018-2019 : Spring,Ajman University,Female,National,56
2020-2021 : Fall,Ajman University,Female,Non-National,498
2020-2021 : Spring,Ajman University,Female,National,31
2020-2021 : Spring,Ajman University,Female,Non-National,104
2021-2022 : Fall,Ajman University,Female,National,154
2021-2022 : Fall,Ajman University,Female,Non-National,521
2022-2023 : Spring,Ajman University,Female,Non-National,110
2012-2013 : Fall,Al Ain University of Science and Technology,Female,Non-National,459
2014-2015 : Fall,Al Ain University of Science and Technology,Female,National,220
2014-2015 : Spring,Al Ain University of Science and Technology,Female,National,215
2014-2015 : Spring,Al Ain University of Science and Technology,Female,Non-National,155
2015-2016 : Fall,Al Ain University of Science and Technology,Female,Non-National,393
2015-2016 : Spring,Al Ain University of Science and Technology,Female,National,198
2015-2016 : Spring,Al Ain University of Science and Technology,Female,Non-National,126
2017-2018 : Spring,Al Ain University of Science and Technology,Female,National,210
2017-2018 : Summer 1,Al Ain University of Science and Technology,Female,Non-National,31
2018-2019 : Spring,Al Ain University of Science and Technology,Female,National,128
2018-2019 : Summer 1,Al Ain University of Science and Technology,Female,National,19
2018-2019 : Summer 1,Al Ain University of Science and Technology,Female,Non-National,28
2019-2020 : Fall,Al Ain University of Science and Technology,Female,Non-National,415
2019-2020 : Spring,Al Ain University of Science and Technology,Female,National,139
2019-2020 : Spring,Al Ain University of Science and Technology,Female,Non-National,138
2019-2020 : Summer 1,Al Ain University of Science and Technology,Female,National,32
2013-2014 : Fall,Al Ain University of Science and Technology,Female,National,221
2013-2014 : Fall,Al Ain University of Science and Technology,Female,Non-National,475
2013-2014 : Spring,Al Ain University of Science and Technology,Female,National,149
2013-2014 : Spring,Al Ain University of Science and Technology,Female,Non-National,113
2014-2015 : Fall,Al Ain University of Science and Technology,Female,Non-National,264
2015-2016 : Fall,Al Ain University of Science and Technology,Female,National,251
2016-2017 : Fall,Al Ain University of Science and Technology,Female,National,302
2016-2017 : Fall,Al Ain University of Science and Technology,Female,Non-National,322
2016-2017 : Spring,Al Ain University of Science and Technology,Female,National,191
2016-2017 : Spring,Al Ain University of Science and Technology,Female,Non-National,85
2017-2018 : Fall,Al Ain University of Science and Technology,Female,National,164
2017-2018 : Fall,Al Ain University of Science and Technology,Female,Non-National,559
2017-2018 : Spring,Al Ain University of Science and Technology,Female,Non-National,490
2017-2018 : Summer 1,Al Ain University of Science and Technology,Female,National,33
2018-2019 : Fall,Al Ain University of Science and Technology,Female,National,260
2018-2019 : Fall,Al Ain University of Science and Technology,Female,Non-National,326
2018-2019 : Spring,Al Ain University of Science and Technology,Female,Non-National,121
2019-2020 : Fall,Al Ain University of Science and Technology,Female,National,206
2020-2021 : Fall,Al Ain University of Science and Technology,Female,National,145
2020-2021 : Fall,Al Ain University of Science and Technology,Female,Non-National,263
2020-2021 : Summer 1,Al Ain University of Science and Technology,Female,National,27
2020-2021 : Summer 1,Al Ain University of Science and Technology,Female,Non-National,383
2021-2022 : Fall,Al Ain University of Science and Technology,Female,National,123
2021-2022 : Fall,Al Ain University of Science and Technology,Female,Non-National,1484
2021-2022 : Spring,Al Ain University of Science and Technology,Female,National,74
2021-2022 : Summer 2,Al Ain University of Science and Technology,Female,National,5
2021-2022 : Summer 2,Al Ain University of Science and Technology,Female,Non-National,424
2022-2023 : Fall,Al Ain University of Science and Technology,Female,National,100
2022-2023 : Spring,Al Ain University of Science and Technology,Female,National,104
2022-2023 : Spring,Al Ain University of Science and Technology,Female,Non-National,920
2012-2013 : Fall,Al Dar University College,Female,Non-National,68
2013-2014 : Fall,Al Dar University College,Female,National,76
2013-2014 : Spring,Al Dar University College,Female,National,38
2013-2014 : Spring,Al Dar University College,Female,Non-National,26
2014-2015 : Fall,Al Dar University College,Female,National,22
2014-2015 : Fall,Al Dar University College,Female,Non-National,32
2016-2017 : Fall,Al Dar University College,Female,National,27
2016-2017 : Spring,Al Dar University College,Female,National,19
2017-2018 : Fall,Al Dar University College,Female,National,15
2017-2018 : Spring,Al Dar University College,Female,National,12
2017-2018 : Spring,Al Dar University College,Female,Non-National,11
2018-2019 : Spring,Al Dar University College,Female,National,25
2018-2019 : Spring,Al Dar University College,Female,Non-National,12
2018-2019 : Summer 1,Al Dar University College,Female,National,3
2018-2019 : Summer 1,Al Dar University College,Female,Non-National,5
2019-2020 : Fall,Al Dar University College,Female,Non-National,75
2019-2020 : Spring,Al Dar University College,Female,Non-National,11
2019-2020 : Summer 1,Al Dar University College,Female,National,4
2019-2020 : Summer 1,Al Dar University College,Female,Non-National,2
2019-2020 : Summer 2,Al Dar University College,Female,Non-National,1
2015-2016 : Fall,Al Falah University,Female,National,74
2015-2016 : Fall,Al Falah University,Female,Non-National,15
2015-2016 : Spring,Al Falah University,Female,Non-National,12
2017-2018 : Summer 1,Al Falah University,Female,Non-National,1
2017-2018 : Winter,Al Falah University,Female,National,18
2018-2019 : Spring,Al Falah University,Female,National,25
2019-2020 : Fall,Al Falah University,Female,National,28
2019-2020 : Fall,Al Falah University,Female,Non-National,11
2019-2020 : Spring,Al Falah University,Female,National,26
2019-2020 : Spring,Al Falah University,Female,Non-National,8
2019-2020 : Summer 1,Al Falah University,Female,National,3
2019-2020 : Summer 2,Al Falah University,Female,National,4
2019-2020 : Summer 2,Al Falah University,Female,Non-National,1
2020-2021 : Fall,Al Falah University,Female,National,19
2020-2021 : Fall,Al Falah University,Female,Non-National,8
2020-2021 : Spring,Al Falah University,Female,National,15
2020-2021 : Summer 2,Al Falah University,Female,National,1
2021-2022 : Spring,Al Falah University,Female,National,11
2021-2022 : Spring,Al Falah University,Female,Non-National,9
2013-2014 : Fall,Al Ghurair University,Female,National,29
2013-2014 : Spring,Al Ghurair University,Female,Non-National,17
2014-2015 : Fall,Al Ghurair University,Female,National,25
2014-2015 : Fall,Al Ghurair University,Female,Non-National,82
2014-2015 : Spring,Al Ghurair University,Female,Non-National,25
2015-2016 : Fall,Al Ghurair University,Female,Non-National,103
2016-2017 : Fall,Al Ghurair University,Female,National,31
2016-2017 : Spring,Al Ghurair University,Female,National,11
2017-2018 : Fall,Al Ghurair University,Female,Non-National,68
2017-2018 : Spring,Al Ghurair University,Female,National,13
2017-2018 : Spring,Al Ghurair University,Female,Non-National,47
2018-2019 : Fall,Al Ghurair University,Female,National,20
2019-2020 : Summer 1,Al Ghurair University,Female,National,1
2020-2021 : Fall,Al Ghurair University,Female,Non-National,19
2020-2021 : Spring,Al Ghurair University,Female,National,5
2020-2021 : Spring,Al Ghurair University,Female,Non-National,6
2021-2022 : Fall,Al Ghurair University,Female,National,12
2021-2022 : Fall,Al Ghurair University,Female,Non-National,32
2012-2013 : Fall,Al Hosn University,Female,National,100
2012-2013 : Spring,Al Hosn University,Female,National,33
2012-2013 : Spring,Al Hosn University,Female,Non-National,48
2013-2014 : Fall,Al Hosn University,Female,Non-National,73
2013-2014 : Spring,Al Hosn University,Female,Non-National,43
2012-2013 : Fall,Al Khawarizmi International College,Female,Non-National,125
2013-2014 : Fall,Al Khawarizmi International College,Female,National,36
2014-2015 : Fall,Al Khawarizmi International College,Female,National,46
2014-2015 : Spring,Al Khawarizmi International College,Female,Non-National,88
2015-2016 : Spring,Al Khawarizmi International College,Female,National,27
2015-2016 : Spring,Al Khawarizmi International College,Female,Non-National,39
2017-2018 : Spring,Al Khawarizmi International College,Female,National,60
2019-2020 : Summer 1,Al Ain University of Science and Technology,Female,Non-National,19
2019-2020 : Summer 2,Al Ain University of Science and Technology,Female,National,19
2019-2020 : Summer 2,Al Ain University of Science and Technology,Female,Non-National,41
2020-2021 : Spring,Al Ain University of Science and Technology,Female,National,104
2020-2021 : Spring,Al Ain University of Science and Technology,Female,Non-National,128
2020-2021 : Summer 2,Al Ain University of Science and Technology,Female,National,24
2020-2021 : Summer 2,Al Ain University of Science and Technology,Female,Non-National,288
2021-2022 : Spring,Al Ain University of Science and Technology,Female,Non-National,742
2021-2022 : Summer 1,Al Ain University of Science and Technology,Female,National,16
2021-2022 : Summer 1,Al Ain University of Science and Technology,Female,Non-National,454
2022-2023 : Fall,Al Ain University of Science and Technology,Female,Non-National,1403
2012-2013 : Fall,Al Dar University College,Female,National,56
2012-2013 : Spring,Al Dar University College,Female,National,34
2012-2013 : Spring,Al Dar University College,Female,Non-National,9
2013-2014 : Fall,Al Dar University College,Female,Non-National,84
2016-2017 : Fall,Al Dar University College,Female,Non-National,49
2016-2017 : Spring,Al Dar University College,Female,Non-National,19
2017-2018 : Fall,Al Dar University College,Female,Non-National,83
2017-2018 : Summer 1,Al Dar University College,Female,National,2
2017-2018 : Summer 1,Al Dar University College,Female,Non-National,1
2018-2019 : Fall,Al Dar University College,Female,National,17
2018-2019 : Fall,Al Dar University College,Female,Non-National,61
2019-2020 : Fall,Al Dar University College,Female,National,12
2019-2020 : Spring,Al Dar University College,Female,National,9
2015-2016 : Spring,Al Falah University,Female,National,32
2016-2017 : Fall,Al Falah University,Female,National,44
2016-2017 : Fall,Al Falah University,Female,Non-National,12
2016-2017 : Spring,Al Falah University,Female,National,23
2016-2017 : Spring,Al Falah University,Female,Non-National,9
2017-2018 : Fall,Al Falah University,Female,National,23
2017-2018 : Fall,Al Falah University,Female,Non-National,20
2017-2018 : Summer 1,Al Falah University,Female,National,7
2017-2018 : Winter,Al Falah University,Female,Non-National,5
2018-2019 : Fall,Al Falah University,Female,National,35
2018-2019 : Fall,Al Falah University,Female,Non-National,20
2018-2019 : Spring,Al Falah University,Female,Non-National,10
2018-2019 : Summer 1,Al Falah University,Female,National,1
2018-2019 : Summer 1,Al Falah University,Female,Non-National,1
2019-2020 : Summer 1,Al Falah University,Female,Non-National,1
2020-2021 : Spring,Al Falah University,Female,Non-National,9
2020-2021 : Summer 1,Al Falah University,Female,National,2
2021-2022 : Fall,Al Falah University,Female,National,18
2021-2022 : Fall,Al Falah University,Female,Non-National,12
2012-2013 : Fall,Al Ghurair University,Female,National,18
2012-2013 : Fall,Al Ghurair University,Female,Non-National,55
2012-2013 : Spring,Al Ghurair University,Female,National,12
2012-2013 : Spring,Al Ghurair University,Female,Non-National,15
2013-2014 : Fall,Al Ghurair University,Female,Non-National,87
2013-2014 : Spring,Al Ghurair University,Female,National,15
2014-2015 : Spring,Al Ghurair University,Female,National,16
2015-2016 : Fall,Al Ghurair University,Female,National,22
2018-2019 : Spring,Al Khawarizmi International College,Female,National,64
2019-2020 : Fall,Al Khawarizmi International College,Female,Non-National,122
2019-2020 : Spring,Al Khawarizmi International College,Female,National,55
2019-2020 : Spring,Al Khawarizmi International College,Female,Non-National,59
2020-2021 : Spring,Al Khawarizmi International College,Female,National,2
2020-2021 : Spring,Al Khawarizmi International College,Female,Non-National,2
2021-2022 : Fall,Al Khawarizmi International College,Female,National,23
2021-2022 : Spring,Al Khawarizmi International College,Female,Non-National,32
2022-2023 : Fall,Al Khawarizmi International College,Female,Non-National,110
2019-2020 : Spring,Al Qasimiya University,Female,Non-National,413
2020-2021 : Fall,Al Qasimiya University,Female,Non-National,390
2020-2021 : Spring,Al Qasimiya University,Female,National,6
2020-2021 : Spring,Al Qasimiya University,Female,Non-National,488
2021-2022 : Fall,Al Qasimiya University,Female,National,8
2021-2022 : Spring,Al Qasimiya University,Female,Non-National,520
2022-2023 : Fall,Al Qasimiya University,Female,Non-National,28
2012-2013 : Fall,Al Wasl University,Female,Non-National,744
2013-2014 : Fall,Al Wasl University,Female,National,94
2014-2015 : Fall,Al Wasl University,Female,National,59
2014-2015 : Fall,Al Wasl University,Female,Non-National,703
2015-2016 : Fall,Al Wasl University,Female,Non-National,48
2015-2016 : Spring,Al Wasl University,Female,National,75
2016-2017 : Fall,Al Wasl University,Female,National,106
2016-2017 : Spring,Al Wasl University,Female,National,93
2017-2018 : Fall,Al Wasl University,Female,National,60
2018-2019 : Fall,Al Wasl University,Female,National,50
2018-2019 : Spring,Al Wasl University,Female,National,1
2018-2019 : Spring,Al Wasl University,Female,Non-National,2
2019-2020 : Spring,Al Wasl University,Female,Non-National,1
2020-2021 : Fall,Al Wasl University,Female,Non-National,321
2020-2021 : Spring,Al Wasl University,Female,National,4
2020-2021 : Spring,Al Wasl University,Female,Non-National,4
2021-2022 : Fall,Al Wasl University,Female,National,37
2013-2014 : Fall,American College of Dubai,Female,National,1
2013-2014 : Fall,American College of Dubai,Female,Non-National,56
2013-2014 : Spring,American College of Dubai,Female,National,1
2014-2015 : Fall,American College of Dubai,Female,National,1
2014-2015 : Fall,American College of Dubai,Female,Non-National,38
2015-2016 : Fall,American College of Dubai,Female,National,2
2015-2016 : Spring,American College of Dubai,Female,Non-National,20
2017-2018 : Spring,American College of Dubai,Female,National,3
2017-2018 : Spring,American College of Dubai,Female,Non-National,7
2018-2019 : Fall,American College of Dubai,Female,Non-National,15
2018-2019 : Spring,American College of Dubai,Female,Non-National,3
2019-2020 : Fall,American College of Dubai,Female,National,2
2019-2020 : Fall,American College of Dubai,Female,Non-National,25
2019-2020 : Spring,American College of Dubai,Female,National,2
2019-2020 : Spring,American College of Dubai,Female,Non-National,5
2020-2021 : Spring,American College of Dubai,Female,Non-National,1
2012-2013 : Fall,American University in Dubai,Female,National,25
2012-2013 : Fall,American University in Dubai,Female,Non-National,257
2012-2013 : Spring,American University in Dubai,Female,Non-National,35
2015-2016 : Spring,American University in Dubai,Female,National,3
2017-2018 : Spring,American University in Dubai,Female,National,8
2015-2016 : Spring,Al Ghurair University,Female,National,15
2015-2016 : Spring,Al Ghurair University,Female,Non-National,23
2016-2017 : Fall,Al Ghurair University,Female,Non-National,92
2016-2017 : Spring,Al Ghurair University,Female,Non-National,24
2017-2018 : Fall,Al Ghurair University,Female,National,15
2017-2018 : Summer 1,Al Ghurair University,Female,Non-National,2
2018-2019 : Fall,Al Ghurair University,Female,Non-National,72
2018-2019 : Spring,Al Ghurair University,Female,National,15
2018-2019 : Spring,Al Ghurair University,Female,Non-National,25
2019-2020 : Fall,Al Ghurair University,Female,National,13
2019-2020 : Fall,Al Ghurair University,Female,Non-National,51
2019-2020 : Spring,Al Ghurair University,Female,National,1
2019-2020 : Spring,Al Ghurair University,Female,Non-National,7
2020-2021 : Fall,Al Ghurair University,Female,National,5
2012-2013 : Fall,Al Hosn University,Female,Non-National,95
2013-2014 : Fall,Al Hosn University,Female,National,36
2013-2014 : Spring,Al Hosn University,Female,National,36
2014-2015 : Fall,Al Hosn University,Female,National,32
2014-2015 : Fall,Al Hosn University,Female,Non-National,82
2012-2013 : Fall,Al Khawarizmi International College,Female,National,68
2012-2013 : Spring,Al Khawarizmi International College,Female,National,50
2012-2013 : Spring,Al Khawarizmi International College,Female,Non-National,69
2013-2014 : Fall,Al Khawarizmi International College,Female,Non-National,104
2013-2014 : Spring,Al Khawarizmi International College,Female,National,29
2013-2014 : Spring,Al Khawarizmi International College,Female,Non-National,71
2014-2015 : Fall,Al Khawarizmi International College,Female,Non-National,105
2014-2015 : Spring,Al Khawarizmi International College,Female,National,32
2015-2016 : Fall,Al Khawarizmi International College,Female,National,23
2015-2016 : Fall,Al Khawarizmi International College,Female,Non-National,79
2016-2017 : Fall,Al Khawarizmi International College,Female,National,91
2016-2017 : Fall,Al Khawarizmi International College,Female,Non-National,111
2016-2017 : Spring,Al Khawarizmi International College,Female,National,41
2016-2017 : Spring,Al Khawarizmi International College,Female,Non-National,50
2017-2018 : Fall,Al Khawarizmi International College,Female,National,1
2017-2018 : Fall,Al Khawarizmi International College,Female,Non-National,143
2017-2018 : Spring,Al Khawarizmi International College,Female,Non-National,55
2018-2019 : Fall,Al Khawarizmi International College,Female,National,77
2018-2019 : Fall,Al Khawarizmi International College,Female,Non-National,98
2018-2019 : Spring,Al Khawarizmi International College,Female,Non-National,62
2019-2020 : Fall,Al Khawarizmi International College,Female,National,62
2020-2021 : Fall,Al Khawarizmi International College,Female,National,42
2020-2021 : Fall,Al Khawarizmi International College,Female,Non-National,129
2021-2022 : Fall,Al Khawarizmi International College,Female,Non-National,59
2021-2022 : Spring,Al Khawarizmi International College,Female,National,16
2022-2023 : Fall,Al Khawarizmi International College,Female,National,44
2022-2023 : Spring,Al Khawarizmi International College,Female,National,27
2022-2023 : Spring,Al Khawarizmi International College,Female,Non-National,20
2019-2020 : Spring,Al Qasimiya University,Female,National,5
2020-2021 : Fall,Al Qasimiya University,Female,National,5
2021-2022 : Fall,Al Qasimiya University,Female,Non-National,506
2021-2022 : Spring,Al Qasimiya University,Female,National,9
2022-2023 : Spring,Al Qasimiya University,Female,Non-National,4
2012-2013 : Fall,Al Wasl University,Female,National,146
2013-2014 : Fall,Al Wasl University,Female,Non-National,714
2015-2016 : Fall,Al Wasl University,Female,National,88
2015-2016 : Spring,Al Wasl University,Female,Non-National,41
2016-2017 : Fall,Al Wasl University,Female,Non-National,75
2016-2017 : Spring,Al Wasl University,Female,Non-National,64
2017-2018 : Fall,Al Wasl University,Female,Non-National,329
2018-2019 : Fall,Al Wasl University,Female,Non-National,270
2019-2020 : Fall,Al Wasl University,Female,National,57
2019-2020 : Fall,Al Wasl University,Female,Non-National,308
2019-2020 : Spring,Al Wasl University,Female,National,3
2020-2021 : Fall,Al Wasl University,Female,National,36
2021-2022 : Fall,Al Wasl University,Female,Non-National,278
2021-2022 : Spring,Al Wasl University,Female,National,5
2021-2022 : Spring,Al Wasl University,Female,Non-National,3
2022-2023 : Fall,Al Wasl University,Female,National,33
2022-2023 : Fall,Al Wasl University,Female,Non-National,307
2022-2023 : Spring,Al Wasl University,Female,National,2
2022-2023 : Spring,Al Wasl University,Female,Non-National,2
2012-2013 : Fall,American College of Dubai,Female,National,1
2012-2013 : Fall,American College of Dubai,Female,Non-National,57
2012-2013 : Spring,American College of Dubai,Female,National,1
2012-2013 : Spring,American College of Dubai,Female,Non-National,17
2013-2014 : Spring,American College of Dubai,Female,Non-National,14
2014-2015 : Spring,American College of Dubai,Female,Non-National,20
2015-2016 : Fall,American College of Dubai,Female,Non-National,31
2016-2017 : Fall,American College of Dubai,Female,Non-National,34
2016-2017 : Spring,American College of Dubai,Female,Non-National,3
2017-2018 : Fall,American College of Dubai,Female,Non-National,31
2017-2018 : Summer 1,American College of Dubai,Female,Non-National,2
2020-2021 : Fall,American College of Dubai,Female,Non-National,1
2012-2013 : Spring,American University in Dubai,Female,National,4
2013-2014 : Fall,American University in Dubai,Female,National,30
2013-2014 : Fall,American University in Dubai,Female,Non-National,199
2013-2014 : Spring,American University in Dubai,Female,National,5
2013-2014 : Spring,American University in Dubai,Female,Non-National,60
2014-2015 : Fall,American University in Dubai,Female,National,42
2014-2015 : Fall,American University in Dubai,Female,Non-National,288
2014-2015 : Spring,American University in Dubai,Female,National,10
2014-2015 : Spring,American University in Dubai,Female,Non-National,51
2015-2016 : Fall,American University in Dubai,Female,National,37
2015-2016 : Fall,American University in Dubai,Female,Non-National,192
2015-2016 : Spring,American University in Dubai,Female,Non-National,46
2016-2017 : Fall,American University in Dubai,Female,National,30
2016-2017 : Fall,American University in Dubai,Female,Non-National,192
2016-2017 : Spring,American University in Dubai,Female,National,3
2016-2017 : Spring,American University in Dubai,Female,Non-National,26
2017-2018 : Fall,American University in Dubai,Female,National,20
2017-2018 : Fall,American University in Dubai,Female,Non-National,185
2017-2018 : Spring,American University in Dubai,Female,Non-National,31
2018-2019 : Spring,American University in Dubai,Female,National,3
2018-2019 : Spring,American University in Dubai,Female,Non-National,26
2018-2019 : Fall,American University in Dubai,Female,National,38
2018-2019 : Fall,American University in Dubai,Female,Non-National,129
2019-2020 : Spring,American University in Dubai,Female,Non-National,20
2020-2021 : Spring,American University in Dubai,Female,National,12
2021-2022 : Fall,American University in Dubai,Female,National,60
2021-2022 : Spring,American University in Dubai,Female,National,8
2021-2022 : Spring,American University in Dubai,Female,Non-National,28
2022-2023 : Fall,American University in Dubai,Female,Non-National,163
2012-2013 : Spring,American University in the Emirates,Female,National,41
2013-2014 : Fall,American University in the Emirates,Female,National,37
2013-2014 : Fall,American University in the Emirates,Female,Non-National,73
2013-2014 : Spring,American University in the Emirates,Female,National,30
2013-2014 : Spring,American University in the Emirates,Female,Non-National,38
2014-2015 : Fall,American University in the Emirates,Female,National,52
2014-2015 : Fall,American University in the Emirates,Female,Non-National,121
2014-2015 : Spring,American University in the Emirates,Female,National,43
2014-2015 : Spring,American University in the Emirates,Female,Non-National,68
2015-2016 : Fall,American University in the Emirates,Female,National,45
2015-2016 : Fall,American University in the Emirates,Female,Non-National,113
2015-2016 : Spring,American University in the Emirates,Female,Non-National,48
2016-2017 : Fall,American University in the Emirates,Female,National,39
2016-2017 : Fall,American University in the Emirates,Female,Non-National,116
2016-2017 : Spring,American University in the Emirates,Female,National,35
2016-2017 : Spring,American University in the Emirates,Female,Non-National,38
2017-2018 : Fall,American University in the Emirates,Female,National,41
2017-2018 : Fall,American University in the Emirates,Female,Non-National,105
2017-2018 : Spring,American University in the Emirates,Female,Non-National,38
2017-2018 : Summer 1,American University in the Emirates,Female,National,5
2018-2019 : Spring,American University in the Emirates,Female,National,32
2018-2019 : Spring,American University in the Emirates,Female,Non-National,37
2019-2020 : Fall,American University in the Emirates,Female,National,66
2019-2020 : Fall,American University in the Emirates,Female,Non-National,75
2019-2020 : Spring,American University in the Emirates,Female,National,29
2020-2021 : Fall,American University in the Emirates,Female,National,41
2020-2021 : Fall,American University in the Emirates,Female,Non-National,45
2020-2021 : Spring,American University in the Emirates,Female,Non-National,25
2021-2022 : Fall,American University in the Emirates,Female,National,49
2021-2022 : Fall,American University in the Emirates,Female,Non-National,48
2022-2023 : Spring,American University in the Emirates,Female,National,56
2022-2023 : Spring,American University in the Emirates,Female,Non-National,30
2012-2013 : Fall,American University of Ras Al Khaimah,Female,National,21
2012-2013 : Fall,American University of Ras Al Khaimah,Female,Non-National,21
2012-2013 : Spring,American University of Ras Al Khaimah,Female,National,12
2012-2013 : Spring,American University of Ras Al Khaimah,Female,Non-National,13
2013-2014 : Fall,American University of Ras Al Khaimah,Female,National,47
2013-2014 : Fall,American University of Ras Al Khaimah,Female,Non-National,64
2013-2014 : Spring,American University of Ras Al Khaimah,Female,National,5
2019-2020 : Fall,American University in Dubai,Female,National,27
2019-2020 : Fall,American University in Dubai,Female,Non-National,116
2019-2020 : Spring,American University in Dubai,Female,National,4
2020-2021 : Fall,American University in Dubai,Female,National,60
2020-2021 : Fall,American University in Dubai,Female,Non-National,140
2020-2021 : Spring,American University in Dubai,Female,Non-National,26
2021-2022 : Fall,American University in Dubai,Female,Non-National,121
2022-2023 : Fall,American University in Dubai,Female,National,86
2022-2023 : Spring,American University in Dubai,Female,National,2
2022-2023 : Spring,American University in Dubai,Female,Non-National,20
2012-2013 : Fall,American University in the Emirates,Female,National,59
2012-2013 : Fall,American University in the Emirates,Female,Non-National,47
2012-2013 : Spring,American University in the Emirates,Female,Non-National,49
2015-2016 : Spring,American University in the Emirates,Female,National,35
2017-2018 : Spring,American University in the Emirates,Female,National,37
2017-2018 : Summer 1,American University in the Emirates,Female,Non-National,4
2018-2019 : Fall,American University in the Emirates,Female,National,69
2018-2019 : Fall,American University in the Emirates,Female,Non-National,71
2018-2019 : Summer 1,American University in the Emirates,Female,National,9
2018-2019 : Summer 1,American University in the Emirates,Female,Non-National,8
2019-2020 : Spring,American University in the Emirates,Female,Non-National,32
2020-2021 : Spring,American University in the Emirates,Female,National,16
2021-2022 : Spring,American University in the Emirates,Female,National,27
2021-2022 : Spring,American University in the Emirates,Female,Non-National,34
2022-2023 : Fall,American University in the Emirates,Female,National,42
2022-2023 : Fall,American University in the Emirates,Female,Non-National,51
2014-2015 : Fall,American University of Ras Al Khaimah,Female,National,34
2015-2016 : Fall,American University of Ras Al Khaimah,Female,Non-National,59
2016-2017 : Fall,American University of Ras Al Khaimah,Female,National,34
2016-2017 : Fall,American University of Ras Al Khaimah,Female,Non-National,49
2016-2017 : Spring,American University of Ras Al Khaimah,Female,National,15
2017-2018 : Fall,American University of Ras Al Khaimah,Female,Non-National,100
2017-2018 : Winter,American University of Ras Al Khaimah,Female,National,31
2017-2018 : Winter,American University of Ras Al Khaimah,Female,Non-National,15
2018-2019 : Fall,American University of Ras Al Khaimah,Female,National,61
2020-2021 : Fall,American University of Ras Al Khaimah,Female,Non-National,40
2020-2021 : Spring,American University of Ras Al Khaimah,Female,National,62
2020-2021 : Spring,American University of Ras Al Khaimah,Female,Non-National,55
2020-2021 : Summer 1,American University of Ras Al Khaimah,Female,National,5
2021-2022 : Fall,American University of Ras Al Khaimah,Female,National,78
2021-2022 : Fall,American University of Ras Al Khaimah,Female,Non-National,81
2021-2022 : Spring,American University of Ras Al Khaimah,Female,Non-National,23
2021-2022 : Summer 1,American University of Ras Al Khaimah,Female,National,1
2022-2023 : Spring,American University of Ras Al Khaimah,Female,Non-National,29
2013-2014 : Fall,American University of Sharjah,Female,National,130
2013-2014 : Spring,American University of Sharjah,Female,Non-National,156
2014-2015 : Fall,American University of Sharjah,Female,National,160
2013-2014 : Spring,American University of Ras Al Khaimah,Female,Non-National,13
2014-2015 : Fall,American University of Ras Al Khaimah,Female,Non-National,35
2014-2015 : Spring,American University of Ras Al Khaimah,Female,National,15
2014-2015 : Spring,American University of Ras Al Khaimah,Female,Non-National,15
2015-2016 : Fall,American University of Ras Al Khaimah,Female,National,52
2015-2016 : Spring,American University of Ras Al Khaimah,Female,National,17
2015-2016 : Spring,American University of Ras Al Khaimah,Female,Non-National,26
2016-2017 : Spring,American University of Ras Al Khaimah,Female,Non-National,27
2017-2018 : Fall,American University of Ras Al Khaimah,Female,National,53
2017-2018 : Summer 1,American University of Ras Al Khaimah,Female,National,1
2018-2019 : Fall,American University of Ras Al Khaimah,Female,Non-National,37
2018-2019 : Spring,American University of Ras Al Khaimah,Female,National,20
2018-2019 : Spring,American University of Ras Al Khaimah,Female,Non-National,10
2019-2020 : Fall,American University of Ras Al Khaimah,Female,National,60
2019-2020 : Fall,American University of Ras Al Khaimah,Female,Non-National,47
2019-2020 : Spring,American University of Ras Al Khaimah,Female,National,21
2019-2020 : Spring,American University of Ras Al Khaimah,Female,Non-National,14
2020-2021 : Fall,American University of Ras Al Khaimah,Female,National,55
2020-2021 : Summer 1,American University of Ras Al Khaimah,Female,Non-National,5
2021-2022 : Spring,American University of Ras Al Khaimah,Female,National,28
2021-2022 : Summer 1,American University of Ras Al Khaimah,Female,Non-National,1
2022-2023 : Fall,American University of Ras Al Khaimah,Female,National,48
2022-2023 : Fall,American University of Ras Al Khaimah,Female,Non-National,89
2022-2023 : Spring,American University of Ras Al Khaimah,Female,National,9
2012-2013 : Fall,American University of Sharjah,Female,National,142
2012-2013 : Fall,American University of Sharjah,Female,Non-National,521
2012-2013 : Spring,American University of Sharjah,Female,National,17
2012-2013 : Spring,American University of Sharjah,Female,Non-National,118
2013-2014 : Fall,American University of Sharjah,Female,Non-National,638
2013-2014 : Spring,American University of Sharjah,Female,National,17
2014-2015 : Spring,American University of Sharjah,Female,National,21
2015-2016 : Fall,American University of Sharjah,Female,National,146
2016-2017 : Fall,American University of Sharjah,Female,Non-National,536
2016-2017 : Spring,American University of Sharjah,Female,Non-National,82
2017-2018 : Fall,American University of Sharjah,Female,Non-National,492
2017-2018 : Summer 1,American University of Sharjah,Female,National,2
2017-2018 : Summer 1,American University of Sharjah,Female,Non-National,5
2018-2019 : Fall,American University of Sharjah,Female,Non-National,385
2018-2019 : Summer 1,American University of Sharjah,Female,Non-National,4
2019-2020 : Fall,American University of Sharjah,Female,National,179
2019-2020 : Fall,American University of Sharjah,Female,Non-National,500
2019-2020 : Spring,American University of Sharjah,Female,National,16
2020-2021 : Fall,American University of Sharjah,Female,National,207
2020-2021 : Summer 1,American University of Sharjah,Female,Non-National,8
2021-2022 : Fall,American University of Sharjah,Female,Non-National,489
2021-2022 : Spring,American University of Sharjah,Female,National,21
2021-2022 : Spring,American University of Sharjah,Female,Non-National,82
2014-2015 : Fall,American University of Sharjah,Female,Non-National,576
2014-2015 : Spring,American University of Sharjah,Female,Non-National,112
2015-2016 : Fall,American University of Sharjah,Female,Non-National,536
2016-2017 : Fall,American University of Sharjah,Female,National,146
2016-2017 : Spring,American University of Sharjah,Female,National,24
2017-2018 : Fall,American University of Sharjah,Female,National,138
2017-2018 : Spring,American University of Sharjah,Female,National,29
2017-2018 : Spring,American University of Sharjah,Female,Non-National,79
2018-2019 : Fall,American University of Sharjah,Female,National,184
2018-2019 : Spring,American University of Sharjah,Female,National,23
2018-2019 : Spring,American University of Sharjah,Female,Non-National,67
2018-2019 : Summer 1,American University of Sharjah,Female,National,6
2019-2020 : Spring,American University of Sharjah,Female,Non-National,82
2019-2020 : Summer 1,American University of Sharjah,Female,National,5
2019-2020 : Summer 1,American University of Sharjah,Female,Non-National,4
2020-2021 : Fall,American University of Sharjah,Female,Non-National,518
2020-2021 : Spring,American University of Sharjah,Female,National,24
2020-2021 : Spring,American University of Sharjah,Female,Non-National,76
2020-2021 : Summer 1,American University of Sharjah,Female,National,3
2021-2022 : Fall,American University of Sharjah,Female,National,221
2021-2022 : Summer 1,American University of Sharjah,Female,National,3
2021-2022 : Summer 1,American University of Sharjah,Female,Non-National,4
2020-2021 : Fall,"Arab Academy For Science, Technology And Maritime Transport",Female,National,17
2020-2021 : Fall,"Arab Academy For Science, Technology And Maritime Transport",Female,Non-National,1
2021-2022 : Spring,"Arab Academy For Science, Technology And Maritime Transport",Female,National,9
2021-2022 : Spring,"Arab Academy For Science, Technology And Maritime Transport",Female,Non-National,2
2022-2023 : Fall,"Arab Academy For Science, Technology And Maritime Transport",Female,National,21
2022-2023 : Fall,"Arab Academy For Science, Technology And Maritime Transport",Female,Non-National,1
2013-2014 : Fall,Canadian University of Dubai,Female,National,65
2013-2014 : Fall,Canadian University of Dubai,Female,Non-National,165
2013-2014 : Spring,Canadian University of Dubai,Female,National,37
2014-2015 : Fall,Canadian University of Dubai,Female,National,60
2014-2015 : Fall,Canadian University of Dubai,Female,Non-National,184
2014-2015 : Spring,Canadian University of Dubai,Female,National,56
2015-2016 : Fall,Canadian University of Dubai,Female,National,48
2015-2016 : Spring,Canadian University of Dubai,Female,National,28
2015-2016 : Spring,Canadian University of Dubai,Female,Non-National,62
2016-2017 : Fall,Canadian University of Dubai,Female,National,59
2016-2017 : Spring,Canadian University of Dubai,Female,National,26
2017-2018 : Fall,Canadian University of Dubai,Female,National,32
2017-2018 : Spring,Canadian University of Dubai,Female,National,19
2017-2018 : Spring,Canadian University of Dubai,Female,Non-National,33
2018-2019 : Spring,Canadian University of Dubai,Female,National,29
2018-2019 : Spring,Canadian University of Dubai,Female,Non-National,42
2018-2019 : Summer 1,Canadian University of Dubai,Female,Non-National,2
2019-2020 : Fall,Canadian University of Dubai,Female,National,53
2019-2020 : Summer 1,Canadian University of Dubai,Female,National,11
2019-2020 : Summer 1,Canadian University of Dubai,Female,Non-National,11
2022-2023 : Fall,American University of Sharjah,Female,National,241
2022-2023 : Fall,American University of Sharjah,Female,Non-National,411
2022-2023 : Spring,American University of Sharjah,Female,National,28
2022-2023 : Spring,American University of Sharjah,Female,Non-National,102
2022-2023 : Fall,Amity University Dubai ,Female,National,1
2022-2023 : Fall,Amity University Dubai ,Female,Non-National,1
2022-2023 : Spring,Amity University Dubai ,Female,Non-National,1
2020-2021 : Spring,"Arab Academy For Science, Technology And Maritime Transport",Female,National,9
2021-2022 : Fall,"Arab Academy For Science, Technology And Maritime Transport",Female,National,33
2021-2022 : Fall,"Arab Academy For Science, Technology And Maritime Transport",Female,Non-National,12
2022-2023 : Spring,"Arab Academy For Science, Technology And Maritime Transport",Female,National,14
2022-2023 : Spring,"Arab Academy For Science, Technology And Maritime Transport",Female,Non-National,4
2012-2013 : Fall,Canadian University of Dubai,Female,National,50
2012-2013 : Fall,Canadian University of Dubai,Female,Non-National,177
2012-2013 : Spring,Canadian University of Dubai,Female,National,5
2012-2013 : Spring,Canadian University of Dubai,Female,Non-National,8
2013-2014 : Spring,Canadian University of Dubai,Female,Non-National,106
2014-2015 : Spring,Canadian University of Dubai,Female,Non-National,104
2015-2016 : Fall,Canadian University of Dubai,Female,Non-National,160
2016-2017 : Fall,Canadian University of Dubai,Female,Non-National,132
2016-2017 : Spring,Canadian University of Dubai,Female,Non-National,41
2017-2018 : Fall,Canadian University of Dubai,Female,Non-National,121
2017-2018 : Summer 1,Canadian University of Dubai,Female,National,10
2017-2018 : Summer 1,Canadian University of Dubai,Female,Non-National,9
2018-2019 : Fall,Canadian University of Dubai,Female,National,20
2018-2019 : Fall,Canadian University of Dubai,Female,Non-National,133
2018-2019 : Summer 1,Canadian University of Dubai,Female,National,4
2019-2020 : Fall,Canadian University of Dubai,Female,Non-National,113
2019-2020 : Spring,Canadian University of Dubai,Female,National,29
2019-2020 : Spring,Canadian University of Dubai,Female,Non-National,35
2019-2020 : Summer 2,Canadian University of Dubai,Female,National,9
2020-2021 : Fall,Canadian University of Dubai,Female,Non-National,167
2020-2021 : Summer 1,Canadian University of Dubai,Female,Non-National,7
2020-2021 : Summer 2,Canadian University of Dubai,Female,National,8
2021-2022 : Spring,Canadian University of Dubai,Female,National,34
2021-2022 : Spring,Canadian University of Dubai,Female,Non-National,61
2021-2022 : Summer 1,Canadian University of Dubai,Female,National,6
2021-2022 : Summer 2,Canadian University of Dubai,Female,Non-National,1
2022-2023 : Fall,Canadian University of Dubai,Female,National,64
2022-2023 : Fall,Canadian University of Dubai,Female,Non-National,256
2022-2023 : Spring,Canadian University of Dubai,Female,Non-National,98
2012-2013 : Fall,City University College of Ajman,Female,Non-National,31
2013-2014 : Spring,City University College of Ajman,Female,National,22
2013-2014 : Spring,City University College of Ajman,Female,Non-National,31
2014-2015 : Fall,City University College of Ajman,Female,National,30
2014-2015 : Spring,City University College of Ajman,Female,National,40
2014-2015 : Spring,City University College of Ajman,Female,Non-National,30
2015-2016 : Fall,City University College of Ajman,Female,National,41
2019-2020 : Summer 2,Canadian University of Dubai,Female,Non-National,5
2020-2021 : Fall,Canadian University of Dubai,Female,National,49
2020-2021 : Spring,Canadian University of Dubai,Female,National,30
2020-2021 : Spring,Canadian University of Dubai,Female,Non-National,58
2020-2021 : Summer 1,Canadian University of Dubai,Female,National,7
2020-2021 : Summer 2,Canadian University of Dubai,Female,Non-National,7
2021-2022 : Fall,Canadian University of Dubai,Female,National,49
2021-2022 : Fall,Canadian University of Dubai,Female,Non-National,171
2021-2022 : Summer 1,Canadian University of Dubai,Female,Non-National,4
2021-2022 : Summer 2,Canadian University of Dubai,Female,National,2
2022-2023 : Spring,Canadian University of Dubai,Female,National,44
2012-2013 : Fall,City University College of Ajman,Female,National,6
2012-2013 : Spring,City University College of Ajman,Female,National,8
2012-2013 : Spring,City University College of Ajman,Female,Non-National,31
2013-2014 : Fall,City University College of Ajman,Female,National,27
2013-2014 : Fall,City University College of Ajman,Female,Non-National,62
2014-2015 : Fall,City University College of Ajman,Female,Non-National,55
2015-2016 : Spring,City University College of Ajman,Female,National,19
2016-2017 : Fall,City University College of Ajman,Female,National,32
2016-2017 : Fall,City University College of Ajman,Female,Non-National,41
2016-2017 : Spring,City University College of Ajman,Female,National,28
2016-2017 : Spring,City University College of Ajman,Female,Non-National,28
2017-2018 : Fall,City University College of Ajman,Female,National,45
2017-2018 : Spring,City University College of Ajman,Female,Non-National,29
2018-2019 : Fall,City University College of Ajman,Female,National,98
2018-2019 : Fall,City University College of Ajman,Female,Non-National,88
2018-2019 : Summer 1,City University College of Ajman,Female,National,6
2018-2019 : Summer 1,City University College of Ajman,Female,Non-National,6
2019-2020 : Fall,City University College of Ajman,Female,National,61
2019-2020 Full year courses,City University College of Ajman,Female,Non-National,7
2020-2021 : Spring,City University College of Ajman,Female,Non-National,53
2020-2021 : Summer 1,City University College of Ajman,Female,National,12
2020-2021 : Summer 1,City University College of Ajman,Female,Non-National,2
2020-2021 Full year courses,City University College of Ajman,Female,National,2
2020-2021 Full year courses,City University College of Ajman,Female,Non-National,16
2021-2022 : Fall,City University College of Ajman,Female,National,31
2021-2022 : Fall,City University College of Ajman,Female,Non-National,21
2021-2022 : Spring,City University College of Ajman,Female,National,6
2021-2022 : Summer 1,City University College of Ajman,Female,Non-National,2
2021-2022 : Summer 2,City University College of Ajman,Female,National,1
2022-2023 : Fall,City University College of Ajman,Female,National,28
2018-2019 : Fall,Dubai Institute Of Design And Innovation ,Female,National,9
2018-2019 : Fall,Dubai Institute Of Design And Innovation ,Female,Non-National,26
2019-2020 : Fall,Dubai Institute Of Design And Innovation ,Female,National,12
2020-2021 : Fall,Dubai Institute Of Design And Innovation ,Female,National,7
2021-2022 : Fall,Dubai Institute Of Design And Innovation ,Female,Non-National,21
2022-2023 : Fall,Dubai Institute Of Design And Innovation ,Female,National,9
2012-2013 : Fall,Dubai Medical College for Girls,Female,Non-National,53
2015-2016 : Fall,City University College of Ajman,Female,Non-National,56
2015-2016 : Spring,City University College of Ajman,Female,Non-National,32
2017-2018 : Fall,City University College of Ajman,Female,Non-National,80
2017-2018 : Spring,City University College of Ajman,Female,National,29
2018-2019 : Spring,City University College of Ajman,Female,National,42
2018-2019 : Spring,City University College of Ajman,Female,Non-National,46
2019-2020 : Fall,City University College of Ajman,Female,Non-National,80
2019-2020 : Spring,City University College of Ajman,Female,National,55
2019-2020 : Spring,City University College of Ajman,Female,Non-National,58
2020-2021 : Fall,City University College of Ajman,Female,National,76
2020-2021 : Fall,City University College of Ajman,Female,Non-National,93
2020-2021 : Spring,City University College of Ajman,Female,National,33
2020-2021 : Summer 2,City University College of Ajman,Female,National,9
2020-2021 : Summer 2,City University College of Ajman,Female,Non-National,12
2021-2022 : Spring,City University College of Ajman,Female,Non-National,26
2021-2022 : Summer 1,City University College of Ajman,Female,National,4
2022-2023 : Fall,City University College of Ajman,Female,Non-National,100
2022-2023 : Full year courses,City University College of Ajman,Female,National,1
2022-2023 : Full year courses,City University College of Ajman,Female,Non-National,7
2022-2023 : Spring,City University College of Ajman,Female,National,22
2022-2023 : Spring,City University College of Ajman,Female,Non-National,45
2018-2019 : Spring,Dubai Institute Of Design And Innovation ,Female,National,1
2019-2020 : Fall,Dubai Institute Of Design And Innovation ,Female,Non-National,12
2020-2021 : Fall,Dubai Institute Of Design And Innovation ,Female,Non-National,18
2020-2021 : Spring,Dubai Institute Of Design And Innovation ,Female,Non-National,1
2021-2022 : Fall,Dubai Institute Of Design And Innovation ,Female,National,7
2022-2023 : Fall,Dubai Institute Of Design And Innovation ,Female,Non-National,13
2022-2023 : Spring,Dubai Institute Of Design And Innovation ,Female,Non-National,3
2012-2013 : Fall,Dubai Medical College for Girls,Female,National,17
2013-2014 : Fall,Dubai Medical College for Girls,Female,National,18
2014-2015 : Fall,Dubai Medical College for Girls,Female,Non-National,53
2016-2017 : Fall,Dubai Medical College for Girls,Female,National,8
2016-2017 : Fall,Dubai Medical College for Girls,Female,Non-National,58
2017-2018 : Fall,Dubai Medical College for Girls,Female,National,15
2018-2019 : Fall,Dubai Medical College for Girls,Female,National,14
2018-2019 : Fall,Dubai Medical College for Girls,Female,Non-National,52
2019-2020 : Fall,Dubai Medical College for Girls,Female,National,5
2019-2020 Full year courses,Dubai Medical College for Girls,Female,National,14
2019-2020 Full year courses,Dubai Medical College for Girls,Female,Non-National,54
2020-2021 : Spring,Dubai Medical College for Girls,Female,Non-National,52
2020-2021 Full year courses,Dubai Medical College for Girls,Female,National,18
2020-2021 Full year courses,Dubai Medical College for Girls,Female,Non-National,53
2021-2022 : Spring,Dubai Medical College for Girls,Female,National,19
2021-2022 : Spring,Dubai Medical College for Girls,Female,Non-National,47
2021-2022 Full year courses,Dubai Medical College for Girls,Female,National,19
2021-2022 Full year courses,Dubai Medical College for Girls,Female,Non-National,47
2012-2013 : Fall,Dubai Pharmacy College,Female,National,3
2013-2014 : Fall,Dubai Medical College for Girls,Female,Non-National,49
2014-2015 : Fall,Dubai Medical College for Girls,Female,National,15
2015-2016 : Fall,Dubai Medical College for Girls,Female,National,7
2015-2016 : Fall,Dubai Medical College for Girls,Female,Non-National,60
2017-2018 : Fall,Dubai Medical College for Girls,Female,Non-National,56
2019-2020 : Fall,Dubai Medical College for Girls,Female,Non-National,2
2020-2021 : Spring,Dubai Medical College for Girls,Female,National,18
2012-2013 : Fall,Dubai Pharmacy College,Female,Non-National,95
2013-2014 : Fall,Dubai Pharmacy College,Female,National,2
2013-2014 : Fall,Dubai Pharmacy College,Female,Non-National,75
2014-2015 : Fall,Dubai Pharmacy College,Female,Non-National,93
2014-2015 : Spring,Dubai Pharmacy College,Female,National,12
2014-2015 : Spring,Dubai Pharmacy College,Female,Non-National,76
2015-2016 : Fall,Dubai Pharmacy College,Female,National,7
2015-2016 : Fall,Dubai Pharmacy College,Female,Non-National,94
2016-2017 : Fall,Dubai Pharmacy College,Female,National,5
2016-2017 : Fall,Dubai Pharmacy College,Female,Non-National,90
2017-2018 : Fall,Dubai Pharmacy College,Female,National,6
2017-2018 : Fall,Dubai Pharmacy College,Female,Non-National,63
2018-2019 : Spring,Dubai Pharmacy College,Female,Non-National,2
2019-2020 : Fall,Dubai Pharmacy College,Female,Non-National,53
2019-2020 : Spring,Dubai Pharmacy College,Female,National,6
2019-2020 : Spring,Dubai Pharmacy College,Female,Non-National,18
2020-2021 : Fall,Dubai Pharmacy College,Female,National,5
2020-2021 : Fall,Dubai Pharmacy College,Female,Non-National,54
2020-2021 : Spring,Dubai Pharmacy College,Female,National,1
2022-2023 : Fall,Dubai Pharmacy College,Female,Non-National,42
2012-2013 : Fall,Emirates Academy of Hospitality Management,Female,National,6
2012-2013 : Fall,Emirates Academy of Hospitality Management,Female,Non-National,56
2014-2015 : Fall,Emirates Academy of Hospitality Management,Female,National,3
2015-2016 : Spring,Emirates Academy of Hospitality Management,Female,National,2
2017-2018 : Spring,Emirates Academy of Hospitality Management,Female,National,2
2017-2018 : Summer 1,Emirates Academy of Hospitality Management,Female,Non-National,3
2018-2019 : Fall,Emirates Academy of Hospitality Management,Female,National,7
2018-2019 : Fall,Emirates Academy of Hospitality Management,Female,Non-National,25
2018-2019 : Winter,Emirates Academy of Hospitality Management,Female,National,2
2019-2020 : Fall,Emirates Academy of Hospitality Management,Female,National,4
2019-2020 : Spring,Emirates Academy of Hospitality Management,Female,Non-National,7
2021-2022 : Spring,Emirates Academy of Hospitality Management,Female,Non-National,20
2021-2022 : Winter,Emirates Academy of Hospitality Management,Female,National,1
2012-2013 : Spring,Emirates Aviation University,Female,Non-National,3
2013-2014 : Spring,Emirates Aviation University,Female,Non-National,7
2014-2015 : Fall,Emirates Aviation University,Female,National,29
2015-2016 : Fall,Emirates Aviation University,Female,Non-National,54
2016-2017 : Fall,Emirates Aviation University,Female,National,32
2016-2017 : Fall,Emirates Aviation University,Female,Non-National,52
2016-2017 : Spring,Emirates Aviation University,Female,National,10
2017-2018 : Fall,Emirates Aviation University,Female,Non-National,79
2017-2018 : Spring,Emirates Aviation University,Female,National,5
2017-2018 : Spring,Emirates Aviation University,Female,Non-National,17
2014-2015 : Fall,Dubai Pharmacy College,Female,National,12
2016-2017 : Spring,Dubai Pharmacy College,Female,National,5
2016-2017 : Spring,Dubai Pharmacy College,Female,Non-National,88
2017-2018 : Winter,Dubai Pharmacy College,Female,Non-National,1
2018-2019 : Fall,Dubai Pharmacy College,Female,National,6
2018-2019 : Fall,Dubai Pharmacy College,Female,Non-National,34
2019-2020 : Fall,Dubai Pharmacy College,Female,National,6
2020-2021 : Spring,Dubai Pharmacy College,Female,Non-National,3
2021-2022 : Fall,Dubai Pharmacy College,Female,National,10
2021-2022 : Fall,Dubai Pharmacy College,Female,Non-National,44
2022-2023 : Fall,Dubai Pharmacy College,Female,National,1
2012-2013 : Spring,Emirates Academy of Hospitality Management,Female,Non-National,19
2013-2014 : Fall,Emirates Academy of Hospitality Management,Female,National,1
2013-2014 : Fall,Emirates Academy of Hospitality Management,Female,Non-National,62
2013-2014 : Spring,Emirates Academy of Hospitality Management,Female,Non-National,14
2014-2015 : Fall,Emirates Academy of Hospitality Management,Female,Non-National,56
2014-2015 : Spring,Emirates Academy of Hospitality Management,Female,Non-National,21
2015-2016 : Fall,Emirates Academy of Hospitality Management,Female,National,1
2015-2016 : Fall,Emirates Academy of Hospitality Management,Female,Non-National,71
2015-2016 : Spring,Emirates Academy of Hospitality Management,Female,Non-National,14
2016-2017 : Fall,Emirates Academy of Hospitality Management,Female,National,1
2016-2017 : Fall,Emirates Academy of Hospitality Management,Female,Non-National,63
2016-2017 : Spring,Emirates Academy of Hospitality Management,Female,National,1
2016-2017 : Spring,Emirates Academy of Hospitality Management,Female,Non-National,14
2017-2018 : Fall,Emirates Academy of Hospitality Management,Female,National,3
2017-2018 : Fall,Emirates Academy of Hospitality Management,Female,Non-National,60
2017-2018 : Spring,Emirates Academy of Hospitality Management,Female,Non-National,3
2017-2018 : Summer 1,Emirates Academy of Hospitality Management,Female,National,2
2018-2019 : Spring,Emirates Academy of Hospitality Management,Female,Non-National,6
2018-2019 : Winter,Emirates Academy of Hospitality Management,Female,Non-National,9
2019-2020 : Fall,Emirates Academy of Hospitality Management,Female,Non-National,50
2019-2020 : Spring,Emirates Academy of Hospitality Management,Female,National,1
2020-2021 : Fall,Emirates Academy of Hospitality Management,Female,National,2
2020-2021 : Fall,Emirates Academy of Hospitality Management,Female,Non-National,5
2020-2021 : Spring,Emirates Academy of Hospitality Management,Female,Non-National,4
2021-2022 : Fall,Emirates Academy of Hospitality Management,Female,Non-National,16
2021-2022 : Winter,Emirates Academy of Hospitality Management,Female,Non-National,1
2022-2023 : Winter,Emirates Academy of Hospitality Management,Female,National,4
2022-2023 : Winter,Emirates Academy of Hospitality Management,Female,Non-National,16
2012-2013 : Fall,Emirates Aviation University,Female,National,5
2012-2013 : Fall,Emirates Aviation University,Female,Non-National,20
2012-2013 : Spring,Emirates Aviation University,Female,National,12
2013-2014 : Fall,Emirates Aviation University,Female,National,11
2013-2014 : Fall,Emirates Aviation University,Female,Non-National,34
2013-2014 : Spring,Emirates Aviation University,Female,National,27
2014-2015 : Fall,Emirates Aviation University,Female,Non-National,80
2014-2015 : Spring,Emirates Aviation University,Female,National,31
2018-2019 : Fall,Emirates Aviation University,Female,National,17
2019-2020 : Summer 1,Emirates Aviation University,Female,National,3
2020-2021 : Fall,Emirates Aviation University,Female,Non-National,19
2020-2021 : Spring,Emirates Aviation University,Female,National,13
2020-2021 : Spring,Emirates Aviation University,Female,Non-National,6
2021-2022 : Fall,Emirates Aviation University,Female,National,23
2021-2022 : Fall,Emirates Aviation University,Female,Non-National,24
2021-2022 : Spring,Emirates Aviation University,Female,National,19
2021-2022 : Spring,Emirates Aviation University,Female,Non-National,28
2021-2022 : Summer 1,Emirates Aviation University,Female,National,3
2022-2023 : Spring,Emirates Aviation University,Female,Non-National,20
2013-2014 : Fall,Emirates Canadian University College,Female,National,12
2014-2015 : Fall,Emirates Canadian University College,Female,National,27
2014-2015 : Fall,Emirates Canadian University College,Female,Non-National,21
2014-2015 : Spring,Emirates Canadian University College,Female,National,21
2015-2016 : Fall,Emirates Canadian University College,Female,National,14
2015-2016 : Spring,Emirates Canadian University College,Female,National,11
2015-2016 : Spring,Emirates Canadian University College,Female,Non-National,5
2016-2017 : Fall,Emirates Canadian University College,Female,National,10
2016-2017 : Spring,Emirates Canadian University College,Female,National,17
2017-2018 : Fall,Emirates Canadian University College,Female,National,10
2017-2018 : Spring,Emirates Canadian University College,Female,National,13
2017-2018 : Spring,Emirates Canadian University College,Female,Non-National,4
2018-2019 : Fall,Emirates Canadian University College,Female,National,12
2018-2019 : Spring,Emirates Canadian University College,Female,National,9
2018-2019 : Spring,Emirates Canadian University College,Female,Non-National,2
2018-2019 : Summer 1,Emirates Canadian University College,Female,Non-National,1
2019-2020 : Fall,Emirates Canadian University College,Female,National,9
2019-2020 : Spring,Emirates Canadian University College,Female,Non-National,8
2019-2020 : Summer 1,Emirates Canadian University College,Female,Non-National,1
2019-2020 : Summer 2,Emirates Canadian University College,Female,Non-National,1
2020-2021 : Fall,Emirates Canadian University College,Female,National,9
2020-2021 : Spring,Emirates Canadian University College,Female,National,11
2020-2021 : Spring,Emirates Canadian University College,Female,Non-National,1
2020-2021 : Summer 1,Emirates Canadian University College,Female,National,2
2020-2021 : Summer 2,Emirates Canadian University College,Female,Non-National,1
2021-2022 : Fall,Emirates Canadian University College,Female,National,9
2021-2022 : Summer 2,Emirates Canadian University College,Female,National,1
2013-2014 : Fall,Emirates College for Advanced Education,Female,National,95
2013-2014 : Fall,Emirates College for Advanced Education,Female,Non-National,40
2013-2014 : Spring,Emirates College for Advanced Education,Female,National,13
2014-2015 : Fall,Emirates College for Advanced Education,Female,National,160
2014-2015 : Fall,Emirates College for Advanced Education,Female,Non-National,36
2015-2016 : Spring,Emirates College for Advanced Education,Female,Non-National,3
2016-2017 : Fall,Emirates College for Advanced Education,Female,National,4
2018-2019 : Fall,Emirates College for Advanced Education,Female,National,4
2018-2019 : Spring,Emirates College for Advanced Education,Female,National,12
2014-2015 : Spring,Emirates Aviation University,Female,Non-National,35
2015-2016 : Fall,Emirates Aviation University,Female,National,30
2015-2016 : Spring,Emirates Aviation University,Female,National,24
2015-2016 : Spring,Emirates Aviation University,Female,Non-National,41
2016-2017 : Spring,Emirates Aviation University,Female,Non-National,27
2017-2018 : Fall,Emirates Aviation University,Female,National,17
2018-2019 : Fall,Emirates Aviation University,Female,Non-National,33
2018-2019 : Spring,Emirates Aviation University,Female,National,18
2018-2019 : Spring,Emirates Aviation University,Female,Non-National,27
2019-2020 : Fall,Emirates Aviation University,Female,National,35
2019-2020 : Fall,Emirates Aviation University,Female,Non-National,40
2019-2020 : Spring,Emirates Aviation University,Female,National,8
2019-2020 : Spring,Emirates Aviation University,Female,Non-National,9
2020-2021 : Fall,Emirates Aviation University,Female,National,20
2021-2022 : Summer 1,Emirates Aviation University,Female,Non-National,3
2022-2023 : Fall,Emirates Aviation University,Female,National,17
2022-2023 : Fall,Emirates Aviation University,Female,Non-National,38
2022-2023 : Spring,Emirates Aviation University,Female,National,21
2013-2014 : Fall,Emirates Canadian University College,Female,Non-National,22
2014-2015 : Spring,Emirates Canadian University College,Female,Non-National,14
2015-2016 : Fall,Emirates Canadian University College,Female,Non-National,25
2016-2017 : Fall,Emirates Canadian University College,Female,Non-National,18
2016-2017 : Spring,Emirates Canadian University College,Female,Non-National,8
2017-2018 : Fall,Emirates Canadian University College,Female,Non-National,18
2017-2018 : Summer 1,Emirates Canadian University College,Female,National,1
2018-2019 : Fall,Emirates Canadian University College,Female,Non-National,3
2018-2019 : Summer 1,Emirates Canadian University College,Female,National,6
2019-2020 : Fall,Emirates Canadian University College,Female,Non-National,2
2019-2020 : Spring,Emirates Canadian University College,Female,National,3
2019-2020 : Summer 2,Emirates Canadian University College,Female,National,3
2020-2021 : Fall,Emirates Canadian University College,Female,Non-National,4
2020-2021 : Summer 1,Emirates Canadian University College,Female,Non-National,1
2020-2021 : Summer 2,Emirates Canadian University College,Female,National,4
2021-2022 : Fall,Emirates Canadian University College,Female,Non-National,3
2021-2022 : Spring,Emirates Canadian University College,Female,National,9
2021-2022 : Spring,Emirates Canadian University College,Female,Non-National,4
2021-2022 : Summer 1,Emirates Canadian University College,Female,National,2
2022-2023 : Fall,Emirates Canadian University College,Female,National,19
2022-2023 : Fall,Emirates Canadian University College,Female,Non-National,11
2022-2023 : Spring,Emirates Canadian University College,Female,National,19
2022-2023 : Spring,Emirates Canadian University College,Female,Non-National,3
2012-2013 : Fall,Emirates College for Advanced Education,Female,National,63
2012-2013 : Fall,Emirates College for Advanced Education,Female,Non-National,19
2013-2014 : Spring,Emirates College for Advanced Education,Female,Non-National,6
2014-2015 : Spring,Emirates College for Advanced Education,Female,National,6
2015-2016 : Fall,Emirates College for Advanced Education,Female,National,146
2015-2016 : Fall,Emirates College for Advanced Education,Female,Non-National,21
2015-2016 : Spring,Emirates College for Advanced Education,Female,National,7
2018-2019 : Spring,Emirates College for Advanced Education,Female,Non-National,1
2020-2021 : Fall,Emirates College for Advanced Education,Female,National,30
2021-2022 : Fall,Emirates College for Advanced Education,Female,National,49
2012-2013 : Fall,Emirates College for Management & Information Technology,Female,National,2
2012-2013 : Fall,Emirates College for Management & Information Technology,Female,Non-National,4
2012-2013 : Spring,Emirates College for Management & Information Technology,Female,National,4
2012-2013 : Spring,Emirates College for Management & Information Technology,Female,Non-National,6
2014-2015 : Spring,Emirates College for Management & Information Technology,Female,National,7
2014-2015 : Spring,Emirates College for Management & Information Technology,Female,Non-National,9
2016-2017 : Fall,Emirates College for Management & Information Technology,Female,Non-National,2
2016-2017 : Spring,Emirates College for Management & Information Technology,Female,Non-National,4
2012-2013 : Fall,Emirates College of Technology,Female,National,85
2012-2013 : Spring,Emirates College of Technology,Female,National,68
2013-2014 : Fall,Emirates College of Technology,Female,National,142
2013-2014 : Fall,Emirates College of Technology,Female,Non-National,69
2013-2014 : Spring,Emirates College of Technology,Female,National,116
2013-2014 : Spring,Emirates College of Technology,Female,Non-National,36
2014-2015 : Fall,Emirates College of Technology,Female,National,144
2014-2015 : Fall,Emirates College of Technology,Female,Non-National,76
2014-2015 : Spring,Emirates College of Technology,Female,National,70
2014-2015 : Spring,Emirates College of Technology,Female,Non-National,42
2015-2016 : Fall,Emirates College of Technology,Female,National,86
2015-2016 : Fall,Emirates College of Technology,Female,Non-National,65
2015-2016 : Spring,Emirates College of Technology,Female,Non-National,47
2016-2017 : Fall,Emirates College of Technology,Female,National,165
2016-2017 : Fall,Emirates College of Technology,Female,Non-National,59
2016-2017 : Spring,Emirates College of Technology,Female,Non-National,32
2017-2018 : Fall,Emirates College of Technology,Female,National,39
2017-2018 : Fall,Emirates College of Technology,Female,Non-National,97
2017-2018 : Summer 1,Emirates College of Technology,Female,National,13
2018-2019 : Spring,Emirates College of Technology,Female,National,35
2018-2019 : Spring,Emirates College of Technology,Female,Non-National,18
2019-2020 : Fall,Emirates College of Technology,Female,National,38
2019-2020 : Fall,Emirates College of Technology,Female,Non-National,40
2019-2020 : Spring,Emirates College of Technology,Female,National,40
2019-2020 : Spring,Emirates College of Technology,Female,Non-National,32
2019-2020 : Summer 1,Emirates College of Technology,Female,National,23
2019-2020 : Summer 2,Emirates College of Technology,Female,National,9
2019-2020 : Summer 2,Emirates College of Technology,Female,Non-National,1
2020-2021 : Fall,Emirates College of Technology,Female,National,47
2020-2021 : Fall,Emirates College of Technology,Female,Non-National,20
2020-2021 : Spring,Emirates College of Technology,Female,National,50
2020-2021 : Spring,Emirates College of Technology,Female,Non-National,14
2020-2021 : Summer 1,Emirates College of Technology,Female,Non-National,5
2020-2021 : Summer 2,Emirates College of Technology,Female,National,17
2021-2022 : Fall,Emirates College of Technology,Female,Non-National,14
2021-2022 : Summer 2,Emirates College of Technology,Female,National,4
2019-2020 : Fall,Emirates College for Advanced Education,Female,National,27
2019-2020 : Fall,Emirates College for Advanced Education,Female,Non-National,2
2019-2020 : Spring,Emirates College for Advanced Education,Female,National,6
2019-2020 : Spring,Emirates College for Advanced Education,Female,Non-National,1
2020-2021 : Fall,Emirates College for Advanced Education,Female,Non-National,5
2021-2022 : Summer 1,Emirates College for Advanced Education,Female,National,22
2021-2022 : Summer 1,Emirates College for Advanced Education,Female,Non-National,1
2022-2023 : Fall,Emirates College for Advanced Education,Female,National,21
2022-2023 : Fall,Emirates College for Advanced Education,Female,Non-National,3
2013-2014 : Fall,Emirates College for Management & Information Technology,Female,National,4
2013-2014 : Fall,Emirates College for Management & Information Technology,Female,Non-National,12
2013-2014 : Spring,Emirates College for Management & Information Technology,Female,National,5
2013-2014 : Spring,Emirates College for Management & Information Technology,Female,Non-National,7
2014-2015 : Fall,Emirates College for Management & Information Technology,Female,National,4
2014-2015 : Fall,Emirates College for Management & Information Technology,Female,Non-National,11
2016-2017 : Fall,Emirates College for Management & Information Technology,Female,National,6
2016-2017 : Spring,Emirates College for Management & Information Technology,Female,National,9
2012-2013 : Fall,Emirates College of Technology,Female,Non-National,58
2012-2013 : Spring,Emirates College of Technology,Female,Non-National,16
2015-2016 : Spring,Emirates College of Technology,Female,National,89
2016-2017 : Spring,Emirates College of Technology,Female,National,64
2017-2018 : Summer 1,Emirates College of Technology,Female,Non-National,8
2017-2018 : Winter,Emirates College of Technology,Female,National,43
2017-2018 : Winter,Emirates College of Technology,Female,Non-National,31
2018-2019 : Fall,Emirates College of Technology,Female,National,52
2018-2019 : Fall,Emirates College of Technology,Female,Non-National,37
2018-2019 : Summer 1,Emirates College of Technology,Female,National,5
2018-2019 : Summer 1,Emirates College of Technology,Female,Non-National,2
2019-2020 : Summer 1,Emirates College of Technology,Female,Non-National,3
2020-2021 : Summer 1,Emirates College of Technology,Female,National,15
2020-2021 : Summer 2,Emirates College of Technology,Female,Non-National,6
2021-2022 : Fall,Emirates College of Technology,Female,National,38
2021-2022 : Spring,Emirates College of Technology,Female,National,31
2021-2022 : Spring,Emirates College of Technology,Female,Non-National,18
2021-2022 : Summer 1,Emirates College of Technology,Female,National,7
2022-2023 : Spring,Emirates College of Technology,Female,Non-National,7
2022-2023 : Winter,Emirates College of Technology,Female,Non-National,3
2016-2017 : Spring,Emirates Diplomatic Academy,Female,Non-National,9
2020-2021 : Fall,Emirates Diplomatic Academy,Female,Non-National,1
2022-2023 : Fall,Emirates Diplomatic Academy,Female,National,35
2012-2013 : Fall,Emirates Institute for Banking and Financial Studies,Female,National,11
2012-2013 : Fall,Emirates Institute for Banking and Financial Studies,Female,Non-National,32
2012-2013 : Spring,Emirates Institute for Banking and Financial Studies,Female,National,9
2013-2014 : Fall,Emirates Institute for Banking and Financial Studies,Female,National,23
2013-2014 : Fall,Emirates Institute for Banking and Financial Studies,Female,Non-National,134
2021-2022 : Summer 2,Emirates College of Technology,Female,Non-National,7
2022-2023 : Fall,Emirates College of Technology,Female,National,50
2022-2023 : Fall,Emirates College of Technology,Female,Non-National,38
2022-2023 : Spring,Emirates College of Technology,Female,National,41
2022-2023 : Winter,Emirates College of Technology,Female,National,7
2019-2020 : Fall,Emirates Diplomatic Academy,Female,National,34
2020-2021 : Fall,Emirates Diplomatic Academy,Female,National,21
2021-2022 : Fall,Emirates Diplomatic Academy,Female,National,21
2012-2013 : Spring,Emirates Institute for Banking and Financial Studies,Female,Non-National,35
2013-2014 : Spring,Emirates Institute for Banking and Financial Studies,Female,Non-National,125
2015-2016 : Fall,Emirates Institute for Banking and Financial Studies,Female,Non-National,193
2016-2017 : Fall,Emirates Institute for Banking and Financial Studies,Female,Non-National,207
2016-2017 : Spring,Emirates Institute for Banking and Financial Studies,Female,National,45
2017-2018 : Fall,Emirates Institute for Banking and Financial Studies,Female,Non-National,175
2017-2018 : Spring,Emirates Institute for Banking and Financial Studies,Female,National,58
2017-2018 : Spring,Emirates Institute for Banking and Financial Studies,Female,Non-National,176
2018-2019 : Fall,Emirates Institute for Banking and Financial Studies,Female,National,69
2020-2021 : Spring,Emirates Institute for Banking and Financial Studies,Female,National,57
2020-2021 : Spring,Emirates Institute for Banking and Financial Studies,Female,Non-National,67
2021-2022 : Fall,Emirates Institute for Banking and Financial Studies,Female,National,57
2021-2022 : Fall,Emirates Institute for Banking and Financial Studies,Female,Non-National,67
2021-2022 : Spring,Emirates Institute for Banking and Financial Studies,Female,National,22
2021-2022 : Spring,Emirates Institute for Banking and Financial Studies,Female,Non-National,50
2018-2019 : Spring,Emirates Institute for Citizenship and Residence,Female,National,5
2019-2020 : Fall,Emirates Institute for Citizenship and Residence,Female,National,7
2019-2020 : Spring,Emirates Institute for Citizenship and Residence,Female,National,7
2020-2021 : Spring,Emirates Institute for Citizenship and Residence,Female,National,9
2022-2023 : Fall,Emirates Institute for Citizenship and Residence,Female,National,5
2012-2013 : Fall,European International College,Female,Non-National,6
2013-2014 : Fall,European International College,Female,National,2
2014-2015 : Fall,European International College,Female,National,6
2014-2015 : Spring,European International College,Female,National,4
2015-2016 : Spring,European International College,Female,National,1
2015-2016 : Spring,European International College,Female,Non-National,1
2017-2018 : Spring,European International College,Female,National,1
2018-2019 : Fall,European International College,Female,National,1
2018-2019 : Spring,European International College,Female,National,1
2019-2020 : Fall,European International College,Female,National,1
2019-2020 : Spring,European International College,Female,National,1
2012-2013 : Spring,European University College,Female,National,4
2013-2014 : Fall,European University College,Female,National,6
2013-2014 : Fall,European University College,Female,Non-National,18
2015-2016 : Fall,European University College,Female,Non-National,7
2016-2017 : Fall,European University College,Female,National,2
2016-2017 : Spring,European University College,Female,National,1
2013-2014 : Spring,Emirates Institute for Banking and Financial Studies,Female,National,21
2014-2015 : Fall,Emirates Institute for Banking and Financial Studies,Female,National,8
2014-2015 : Fall,Emirates Institute for Banking and Financial Studies,Female,Non-National,92
2014-2015 : Spring,Emirates Institute for Banking and Financial Studies,Female,National,21
2014-2015 : Spring,Emirates Institute for Banking and Financial Studies,Female,Non-National,199
2015-2016 : Fall,Emirates Institute for Banking and Financial Studies,Female,National,24
2015-2016 : Spring,Emirates Institute for Banking and Financial Studies,Female,National,23
2015-2016 : Spring,Emirates Institute for Banking and Financial Studies,Female,Non-National,185
2016-2017 : Fall,Emirates Institute for Banking and Financial Studies,Female,National,28
2016-2017 : Spring,Emirates Institute for Banking and Financial Studies,Female,Non-National,202
2017-2018 : Fall,Emirates Institute for Banking and Financial Studies,Female,National,32
2018-2019 : Fall,Emirates Institute for Banking and Financial Studies,Female,Non-National,156
2018-2019 : Spring,Emirates Institute for Banking and Financial Studies,Female,National,48
2018-2019 : Spring,Emirates Institute for Banking and Financial Studies,Female,Non-National,122
2019-2020 : Fall,Emirates Institute for Banking and Financial Studies,Female,National,65
2019-2020 : Fall,Emirates Institute for Banking and Financial Studies,Female,Non-National,112
2016-2017 : Spring,Emirates Institute for Citizenship and Residence,Female,National,3
2018-2019 : Fall,Emirates Institute for Citizenship and Residence,Female,National,6
2020-2021 : Fall,Emirates Institute for Citizenship and Residence,Female,National,10
2021-2022 : Fall,Emirates Institute for Citizenship and Residence,Female,National,10
2012-2013 : Fall,European International College,Female,National,1
2012-2013 : Spring,European International College,Female,National,1
2012-2013 : Spring,European International College,Female,Non-National,6
2013-2014 : Fall,European International College,Female,Non-National,4
2013-2014 : Spring,European International College,Female,National,3
2013-2014 : Spring,European International College,Female,Non-National,2
2014-2015 : Fall,European International College,Female,Non-National,6
2014-2015 : Spring,European International College,Female,Non-National,2
2015-2016 : Fall,European International College,Female,National,1
2015-2016 : Fall,European International College,Female,Non-National,3
2016-2017 : Fall,European International College,Female,National,2
2016-2017 : Fall,European International College,Female,Non-National,3
2016-2017 : Spring,European International College,Female,National,8
2016-2017 : Spring,European International College,Female,Non-National,7
2017-2018 : Fall,European International College,Female,National,5
2017-2018 : Fall,European International College,Female,Non-National,7
2012-2013 : Fall,European University College,Female,Non-National,3
2012-2013 : Spring,European University College,Female,Non-National,10
2013-2014 : Spring,European University College,Female,National,6
2013-2014 : Spring,European University College,Female,Non-National,8
2014-2015 : Spring,European University College,Female,Non-National,3
2015-2016 : Fall,European University College,Female,National,1
2016-2017 : Fall,European University College,Female,Non-National,2
2016-2017 : Spring,European University College,Female,Non-National,2
2018-2019 : Fall,European University College,Female,Non-National,1
2017-2018 : Fall,European University College,Female,Non-National,2
2018-2019 : Fall,European University College,Female,National,5
2018-2019 : Spring,European University College,Female,National,1
2018-2019 : Spring,European University College,Female,Non-National,4
2013-2014 : Spring,Fatima College Of Health Sciences ,Female,National,23
2013-2014 : Spring,Fatima College Of Health Sciences ,Female,Non-National,2
2014-2015 : Spring,Fatima College Of Health Sciences ,Female,National,37
2014-2015 : Spring,Fatima College Of Health Sciences ,Female,Non-National,38
2015-2016 : Fall,Fatima College Of Health Sciences ,Female,National,208
2015-2016 : Fall,Fatima College Of Health Sciences ,Female,Non-National,92
2015-2016 : Spring,Fatima College Of Health Sciences ,Female,Non-National,35
2017-2018 : Spring,Fatima College Of Health Sciences ,Female,National,46
2019-2020 : Fall,Fatima College Of Health Sciences ,Female,National,288
2019-2020 : Fall,Fatima College Of Health Sciences ,Female,Non-National,57
2019-2020 : Spring,Fatima College Of Health Sciences ,Female,National,65
2019-2020 : Spring,Fatima College Of Health Sciences ,Female,Non-National,18
2020-2021 : Fall,Fatima College Of Health Sciences ,Female,National,867
2020-2021 : Fall,Fatima College Of Health Sciences ,Female,Non-National,96
2020-2021 : Spring,Fatima College Of Health Sciences ,Female,National,77
2021-2022 : Spring,Fatima College Of Health Sciences ,Female,National,57
2021-2022 : Spring,Fatima College Of Health Sciences ,Female,Non-National,3
2022-2023 : Fall,Fatima College Of Health Sciences ,Female,National,184
2022-2023 : Fall,Fatima College Of Health Sciences ,Female,Non-National,62
2012-2013 : Fall,Gulf Medical University,Female,Non-National,104
2013-2014 : Fall,Gulf Medical University,Female,Non-National,123
2013-2014 : Spring,Gulf Medical University,Female,Non-National,9
2014-2015 : Fall,Gulf Medical University,Female,National,9
2014-2015 : Spring,Gulf Medical University,Female,Non-National,3
2015-2016 : Fall,Gulf Medical University,Female,National,8
2015-2016 : Fall,Gulf Medical University,Female,Non-National,145
2016-2017 : Fall,Gulf Medical University,Female,National,16
2016-2017 : Fall,Gulf Medical University,Female,Non-National,167
2017-2018 : Fall,Gulf Medical University,Female,Non-National,210
2018-2019 Full year courses,Gulf Medical University,Female,National,7
2018-2019 Full year courses,Gulf Medical University,Female,Non-National,88
2019-2020 : Fall,Gulf Medical University,Female,Non-National,275
2019-2020 : Spring,Gulf Medical University,Female,Non-National,6
2019-2020 Full year courses,Gulf Medical University,Female,National,4
2020-2021 : Fall,Gulf Medical University,Female,Non-National,276
2020-2021 : Spring,Gulf Medical University,Female,Non-National,8
2021-2022 : Fall,Gulf Medical University,Female,National,43
2022-2023 : Fall,Gulf Medical University,Female,Non-National,318
2022-2023 : Full year courses,Gulf Medical University,Female,National,3
2022-2023 : Full year courses,Gulf Medical University,Female,Non-National,53
2022-2023 : Spring,Gulf Medical University,Female,National,4
2022-2023 : Spring,Gulf Medical University,Female,Non-National,25
2012-2013 : Spring,Hamdan Bin Mohammed Smart University ,Female,National,45
2012-2013 : Spring,Hamdan Bin Mohammed Smart University ,Female,Non-National,24
2013-2014 : Fall,Hamdan Bin Mohammed Smart University ,Female,National,61
2013-2014 : Fall,Hamdan Bin Mohammed Smart University ,Female,Non-National,81
2019-2020 : Fall,European University College,Female,National,4
2019-2020 : Fall,European University College,Female,Non-National,1
2020-2021 : Fall,European University College,Female,National,1
2020-2021 : Fall,European University College,Female,Non-National,3
2013-2014 : Fall,Fatima College Of Health Sciences ,Female,National,168
2013-2014 : Fall,Fatima College Of Health Sciences ,Female,Non-National,45
2014-2015 : Fall,Fatima College Of Health Sciences ,Female,National,119
2014-2015 : Fall,Fatima College Of Health Sciences ,Female,Non-National,10
2015-2016 : Spring,Fatima College Of Health Sciences ,Female,National,58
2016-2017 : Fall,Fatima College Of Health Sciences ,Female,National,269
2016-2017 : Fall,Fatima College Of Health Sciences ,Female,Non-National,50
2016-2017 : Spring,Fatima College Of Health Sciences ,Female,National,47
2016-2017 : Spring,Fatima College Of Health Sciences ,Female,Non-National,65
2017-2018 : Fall,Fatima College Of Health Sciences ,Female,National,187
2017-2018 : Fall,Fatima College Of Health Sciences ,Female,Non-National,206
2017-2018 : Spring,Fatima College Of Health Sciences ,Female,Non-National,35
2018-2019 : Fall,Fatima College Of Health Sciences ,Female,National,197
2018-2019 : Fall,Fatima College Of Health Sciences ,Female,Non-National,90
2018-2019 : Spring,Fatima College Of Health Sciences ,Female,National,57
2018-2019 : Spring,Fatima College Of Health Sciences ,Female,Non-National,23
2020-2021 : Spring,Fatima College Of Health Sciences ,Female,Non-National,10
2021-2022 : Fall,Fatima College Of Health Sciences ,Female,National,258
2021-2022 : Fall,Fatima College Of Health Sciences ,Female,Non-National,45
2022-2023 : Spring,Fatima College Of Health Sciences ,Female,National,82
2022-2023 : Spring,Fatima College Of Health Sciences ,Female,Non-National,15
2012-2013 : Fall,Gulf Medical University,Female,National,6
2012-2013 : Spring,Gulf Medical University,Female,National,1
2012-2013 : Spring,Gulf Medical University,Female,Non-National,6
2013-2014 : Fall,Gulf Medical University,Female,National,9
2013-2014 : Spring,Gulf Medical University,Female,National,2
2014-2015 : Fall,Gulf Medical University,Female,Non-National,164
2015-2016 : Spring,Gulf Medical University,Female,National,1
2015-2016 : Spring,Gulf Medical University,Female,Non-National,38
2017-2018 : Fall,Gulf Medical University,Female,National,16
2018-2019 : Fall,Gulf Medical University,Female,National,20
2018-2019 : Fall,Gulf Medical University,Female,Non-National,226
2019-2020 : Fall,Gulf Medical University,Female,National,71
2019-2020 Full year courses,Gulf Medical University,Female,Non-National,92
2020-2021 : Fall,Gulf Medical University,Female,National,64
2020-2021 Full year courses,Gulf Medical University,Female,National,6
2020-2021 Full year courses,Gulf Medical University,Female,Non-National,99
2021-2022 : Fall,Gulf Medical University,Female,Non-National,310
2021-2022 : Spring,Gulf Medical University,Female,National,1
2021-2022 : Spring,Gulf Medical University,Female,Non-National,17
2021-2022 Full year courses,Gulf Medical University,Female,National,6
2021-2022 Full year courses,Gulf Medical University,Female,Non-National,83
2022-2023 : Fall,Gulf Medical University,Female,National,24
2012-2013 : Fall,Hamdan Bin Mohammed Smart University ,Female,National,67
2012-2013 : Fall,Hamdan Bin Mohammed Smart University ,Female,Non-National,22
2013-2014 : Spring,Hamdan Bin Mohammed Smart University ,Female,Non-National,20
2013-2014 : Spring,Hamdan Bin Mohammed Smart University ,Female,National,41
2014-2015 : Fall,Hamdan Bin Mohammed Smart University ,Female,Non-National,35
2015-2016 : Spring,Hamdan Bin Mohammed Smart University ,Female,Non-National,23
2016-2017 : Fall,Hamdan Bin Mohammed Smart University ,Female,National,118
2016-2017 : Fall,Hamdan Bin Mohammed Smart University ,Female,Non-National,32
2016-2017 : Spring,Hamdan Bin Mohammed Smart University ,Female,National,85
2016-2017 : Spring,Hamdan Bin Mohammed Smart University ,Female,Non-National,29
2017-2018 : Fall,Hamdan Bin Mohammed Smart University ,Female,National,88
2017-2018 : Fall,Hamdan Bin Mohammed Smart University ,Female,Non-National,40
2017-2018 : Spring,Hamdan Bin Mohammed Smart University ,Female,Non-National,17
2018-2019 : Fall,Hamdan Bin Mohammed Smart University ,Female,National,102
2018-2019 : Fall,Hamdan Bin Mohammed Smart University ,Female,Non-National,55
2018-2019 : Spring,Hamdan Bin Mohammed Smart University ,Female,Non-National,22
2019-2020 : Fall,Hamdan Bin Mohammed Smart University ,Female,National,80
2020-2021 : Spring,Hamdan Bin Mohammed Smart University ,Female,Non-National,37
2021-2022 : Fall,Hamdan Bin Mohammed Smart University ,Female,National,130
2021-2022 : Fall,Hamdan Bin Mohammed Smart University ,Female,Non-National,34
2021-2022 : Spring,Hamdan Bin Mohammed Smart University ,Female,National,81
2022-2023 : Fall,Hamdan Bin Mohammed Smart University ,Female,National,140
2022-2023 : Spring,Hamdan Bin Mohammed Smart University ,Female,National,139
2022-2023 : Spring,Hamdan Bin Mohammed Smart University ,Female,Non-National,23
2012-2013 : Spring,Higher Colleges of Technology,Female,National,1110
2013-2014 : Fall,Higher Colleges of Technology,Female,National,2932
2014-2015 : Fall,Higher Colleges of Technology,Female,National,3597
2014-2015 : Fall,Higher Colleges of Technology,Female,Non-National,9
2016-2017 : Fall,Higher Colleges of Technology,Female,National,3556
2016-2017 : Fall,Higher Colleges of Technology,Female,Non-National,1
2016-2017 : Spring,Higher Colleges of Technology,Female,National,475
2017-2018 : Spring,Higher Colleges of Technology,Female,National,646
2017-2018 : Spring,Higher Colleges of Technology,Female,Non-National,4
2018-2019 : Fall,Higher Colleges of Technology,Female,National,2985
2018-2019 : Summer 1,Higher Colleges of Technology,Female,National,149
2020-2021 : Spring,Higher Colleges of Technology,Female,National,1199
2020-2021 : Spring,Higher Colleges of Technology,Female,Non-National,89
2021-2022 : Fall,Higher Colleges of Technology,Female,National,2130
2021-2022 : Fall,Higher Colleges of Technology,Female,Non-National,98
2021-2022 : Spring,Higher Colleges of Technology,Female,Non-National,47
2022-2023 : Spring,Higher Colleges of Technology,Female,Non-National,66
2012-2013 : Fall,Imam Malik College for Islamic Sharia' and Law,Female,Non-National,18
2013-2014 : Fall,Imam Malik College for Islamic Sharia' and Law,Female,National,26
2013-2014 : Fall,Imam Malik College for Islamic Sharia' and Law,Female,Non-National,28
2013-2014 : Spring,Imam Malik College for Islamic Sharia' and Law,Female,Non-National,11
2014-2015 : Fall,Imam Malik College for Islamic Sharia' and Law,Female,National,25
2014-2015 : Fall,Imam Malik College for Islamic Sharia' and Law,Female,Non-National,14
2014-2015 : Spring,Imam Malik College for Islamic Sharia' and Law,Female,Non-National,13
2015-2016 : Fall,Imam Malik College for Islamic Sharia' and Law,Female,Non-National,20
2014-2015 : Fall,Hamdan Bin Mohammed Smart University ,Female,National,101
2014-2015 : Spring,Hamdan Bin Mohammed Smart University ,Female,National,59
2014-2015 : Spring,Hamdan Bin Mohammed Smart University ,Female,Non-National,18
2015-2016 : Fall,Hamdan Bin Mohammed Smart University ,Female,National,64
2015-2016 : Fall,Hamdan Bin Mohammed Smart University ,Female,Non-National,27
2015-2016 : Spring,Hamdan Bin Mohammed Smart University ,Female,National,69
2017-2018 : Spring,Hamdan Bin Mohammed Smart University ,Female,National,69
2018-2019 : Spring,Hamdan Bin Mohammed Smart University ,Female,National,63
2019-2020 : Fall,Hamdan Bin Mohammed Smart University ,Female,Non-National,45
2019-2020 : Spring,Hamdan Bin Mohammed Smart University ,Female,National,54
2019-2020 : Spring,Hamdan Bin Mohammed Smart University ,Female,Non-National,13
2020-2021 : Fall,Hamdan Bin Mohammed Smart University ,Female,National,287
2020-2021 : Fall,Hamdan Bin Mohammed Smart University ,Female,Non-National,53
2020-2021 : Spring,Hamdan Bin Mohammed Smart University ,Female,National,86
2021-2022 : Spring,Hamdan Bin Mohammed Smart University ,Female,Non-National,24
2022-2023 : Fall,Hamdan Bin Mohammed Smart University ,Female,Non-National,45
2012-2013 : Fall,Higher Colleges of Technology,Female,National,2167
2012-2013 : Fall,Higher Colleges of Technology,Female,Non-National,8
2013-2014 : Spring,Higher Colleges of Technology,Female,National,590
2013-2014 : Spring,Higher Colleges of Technology,Female,Non-National,144
2014-2015 : Spring,Higher Colleges of Technology,Female,National,525
2014-2015 : Spring,Higher Colleges of Technology,Female,Non-National,38
2015-2016 : Fall,Higher Colleges of Technology,Female,National,2945
2015-2016 : Fall,Higher Colleges of Technology,Female,Non-National,83
2015-2016 : Spring,Higher Colleges of Technology,Female,National,668
2015-2016 : Spring,Higher Colleges of Technology,Female,Non-National,15
2017-2018 : Fall,Higher Colleges of Technology,Female,National,2228
2017-2018 : Fall,Higher Colleges of Technology,Female,Non-National,219
2017-2018 : Summer 1,Higher Colleges of Technology,Female,National,122
2018-2019 : Fall,Higher Colleges of Technology,Female,Non-National,1
2018-2019 : Spring,Higher Colleges of Technology,Female,National,459
2019-2020 : Fall,Higher Colleges of Technology,Female,National,4540
2019-2020 : Fall,Higher Colleges of Technology,Female,Non-National,23
2019-2020 : Spring,Higher Colleges of Technology,Female,National,557
2020-2021 : Fall,Higher Colleges of Technology,Female,National,2957
2020-2021 : Fall,Higher Colleges of Technology,Female,Non-National,2
2021-2022 : Spring,Higher Colleges of Technology,Female,National,1193
2022-2023 : Fall,Higher Colleges of Technology,Female,National,4053
2022-2023 : Fall,Higher Colleges of Technology,Female,Non-National,168
2022-2023 : Spring,Higher Colleges of Technology,Female,National,1214
2012-2013 : Fall,Imam Malik College for Islamic Sharia' and Law,Female,National,22
2012-2013 : Spring,Imam Malik College for Islamic Sharia' and Law,Female,National,18
2012-2013 : Spring,Imam Malik College for Islamic Sharia' and Law,Female,Non-National,17
2013-2014 : Spring,Imam Malik College for Islamic Sharia' and Law,Female,National,20
2014-2015 : Spring,Imam Malik College for Islamic Sharia' and Law,Female,National,13
2015-2016 : Fall,Imam Malik College for Islamic Sharia' and Law,Female,National,16
2015-2016 : Spring,Imam Malik College for Islamic Sharia' and Law,Female,National,24
2016-2017 : Fall,Imam Malik College for Islamic Sharia' and Law,Female,National,54
2017-2018 : Fall,Imam Malik College for Islamic Sharia' and Law,Female,Non-National,31
2017-2018 : Spring,Imam Malik College for Islamic Sharia' and Law,Female,National,16
2017-2018 : Spring,Imam Malik College for Islamic Sharia' and Law,Female,Non-National,13
2019-2020 : Fall,Imam Malik College for Islamic Sharia' and Law,Female,Non-National,17
2019-2020 : Spring,Imam Malik College for Islamic Sharia' and Law,Female,Non-National,8
2020-2021 : Fall,Imam Malik College for Islamic Sharia' and Law,Female,Non-National,18
2020-2021 : Spring,Imam Malik College for Islamic Sharia' and Law,Female,National,13
2020-2021 : Spring,Imam Malik College for Islamic Sharia' and Law,Female,Non-National,15
2021-2022 : Fall,Imam Malik College for Islamic Sharia' and Law,Female,National,22
2022-2023 : Fall,Imam Malik College for Islamic Sharia' and Law,Female,Non-National,15
2022-2023 : Spring,Imam Malik College for Islamic Sharia' and Law,Female,National,18
2022-2023 : Spring,Imam Malik College for Islamic Sharia' and Law,Female,Non-National,6
2015-2016 : Fall,INSEAD- The Business School for the World,Female,Non-National,7
2013-2014 : Fall,Institute of Management Technology,Female,National,2
2014-2015 : Fall,Institute of Management Technology,Female,National,6
2014-2015 : Fall,Institute of Management Technology,Female,Non-National,43
2015-2016 : Fall,Institute of Management Technology,Female,Non-National,29
2016-2017 : Fall,Institute of Management Technology,Female,National,17
2016-2017 : Spring,Institute of Management Technology,Female,National,10
2018-2019 : Fall,Institute of Management Technology,Female,National,9
2020-2021 : Fall,Institute of Management Technology,Female,Non-National,4
2020-2021 : Spring,Institute of Management Technology,Female,National,20
2020-2021 : Spring,Institute of Management Technology,Female,Non-National,5
2021-2022 : Fall,Institute of Management Technology,Female,National,20
2021-2022 : Fall,Institute of Management Technology,Female,Non-National,1
2021-2022 : Spring,Institute of Management Technology,Female,Non-National,1
2012-2013 : Fall,Jumeira University,Female,National,17
2012-2013 : Spring,Jumeira University,Female,National,3
2012-2013 : Spring,Jumeira University,Female,Non-National,7
2013-2014 : Fall,Jumeira University,Female,National,13
2013-2014 : Fall,Jumeira University,Female,Non-National,4
2014-2015 : Fall,Jumeira University,Female,Non-National,49
2015-2016 : Spring,Jumeira University,Female,National,7
2016-2017 : Fall,Jumeira University,Female,National,28
2016-2017 : Fall,Jumeira University,Female,Non-National,111
2016-2017 : Spring,Jumeira University,Female,National,4
2016-2017 : Spring,Jumeira University,Female,Non-National,5
2017-2018 : Fall,Jumeira University,Female,National,8
2017-2018 : Fall,Jumeira University,Female,Non-National,33
2017-2018 : Spring,Jumeira University,Female,Non-National,2
2018-2019 : Fall,Jumeira University,Female,National,12
2018-2019 : Fall,Jumeira University,Female,Non-National,30
2018-2019 : Spring,Jumeira University,Female,Non-National,12
2019-2020 Full year courses,Jumeira University,Female,National,8
2019-2020 Full year courses,Jumeira University,Female,Non-National,30
2020-2021 : Spring,Jumeira University,Female,Non-National,17
2021-2022 : Fall,Jumeira University,Female,National,12
2021-2022 : Fall,Jumeira University,Female,Non-National,44
2021-2022 : Spring,Jumeira University,Female,National,2
2015-2016 : Spring,Imam Malik College for Islamic Sharia' and Law,Female,Non-National,24
2016-2017 : Fall,Imam Malik College for Islamic Sharia' and Law,Female,Non-National,30
2016-2017 : Spring,Imam Malik College for Islamic Sharia' and Law,Female,National,33
2016-2017 : Spring,Imam Malik College for Islamic Sharia' and Law,Female,Non-National,15
2017-2018 : Fall,Imam Malik College for Islamic Sharia' and Law,Female,National,31
2018-2019 : Fall,Imam Malik College for Islamic Sharia' and Law,Female,National,30
2018-2019 : Fall,Imam Malik College for Islamic Sharia' and Law,Female,Non-National,22
2018-2019 : Spring,Imam Malik College for Islamic Sharia' and Law,Female,National,19
2018-2019 : Spring,Imam Malik College for Islamic Sharia' and Law,Female,Non-National,9
2019-2020 : Fall,Imam Malik College for Islamic Sharia' and Law,Female,National,27
2019-2020 : Spring,Imam Malik College for Islamic Sharia' and Law,Female,National,18
2020-2021 : Fall,Imam Malik College for Islamic Sharia' and Law,Female,National,24
2021-2022 : Fall,Imam Malik College for Islamic Sharia' and Law,Female,Non-National,18
2021-2022 : Spring,Imam Malik College for Islamic Sharia' and Law,Female,National,14
2021-2022 : Spring,Imam Malik College for Islamic Sharia' and Law,Female,Non-National,5
2022-2023 : Fall,Imam Malik College for Islamic Sharia' and Law,Female,National,26
2012-2013 : Fall,Institute of Management Technology,Female,National,2
2012-2013 : Fall,Institute of Management Technology,Female,Non-National,34
2012-2013 : Spring,Institute of Management Technology,Female,Non-National,8
2013-2014 : Fall,Institute of Management Technology,Female,Non-National,34
2013-2014 : Spring,Institute of Management Technology,Female,National,7
2013-2014 : Spring,Institute of Management Technology,Female,Non-National,11
2014-2015 : Spring,Institute of Management Technology,Female,National,12
2014-2015 : Spring,Institute of Management Technology,Female,Non-National,41
2015-2016 : Fall,Institute of Management Technology,Female,National,11
2015-2016 : Spring,Institute of Management Technology,Female,National,6
2015-2016 : Spring,Institute of Management Technology,Female,Non-National,8
2016-2017 : Fall,Institute of Management Technology,Female,Non-National,33
2016-2017 : Spring,Institute of Management Technology,Female,Non-National,2
2017-2018 : Fall,Institute of Management Technology,Female,National,5
2017-2018 : Fall,Institute of Management Technology,Female,Non-National,40
2018-2019 : Fall,Institute of Management Technology,Female,Non-National,10
2018-2019 : Spring,Institute of Management Technology,Female,National,19
2018-2019 : Spring,Institute of Management Technology,Female,Non-National,1
2019-2020 : Fall,Institute of Management Technology,Female,National,6
2019-2020 : Fall,Institute of Management Technology,Female,Non-National,8
2019-2020 : Spring,Institute of Management Technology,Female,National,6
2019-2020 : Summer 2,Institute of Management Technology,Female,National,5
2020-2021 : Fall,Institute of Management Technology,Female,National,7
2022-2023 : Fall,Institute of Management Technology,Female,National,3
2022-2023 : Fall,Institute of Management Technology,Female,Non-National,9
2022-2023 : Spring,Institute of Management Technology,Female,National,5
2015-2016 : Spring,International Horizons College,Female,Non-National,4
2012-2013 : Fall,Jumeira University,Female,Non-National,1
2013-2014 : Spring,Jumeira University,Female,National,3
2013-2014 : Spring,Jumeira University,Female,Non-National,6
2014-2015 : Fall,Jumeira University,Female,National,16
2014-2015 : Spring,Jumeira University,Female,National,20
2014-2015 : Spring,Jumeira University,Female,Non-National,53
2015-2016 : Fall,Jumeira University,Female,National,18
2015-2016 : Fall,Jumeira University,Female,Non-National,64
2015-2016 : Spring,Jumeira University,Female,Non-National,26
2017-2018 : Spring,Jumeira University,Female,National,5
2019-2020 : Spring,Jumeira University,Female,Non-National,4
2020-2021 : Fall,Jumeira University,Female,National,7
2020-2021 : Fall,Jumeira University,Female,Non-National,20
2020-2021 : Spring,Jumeira University,Female,National,9
2021-2022 : Spring,Jumeira University,Female,Non-National,3
2012-2013 : Spring,Khalifa University of Science and Technology,Female,National,138
2013-2014 : Fall,Khalifa University of Science and Technology,Female,National,154
2013-2014 : Fall,Khalifa University of Science and Technology,Female,Non-National,20
2014-2015 : Fall,Khalifa University of Science and Technology,Female,National,158
2014-2015 : Fall,Khalifa University of Science and Technology,Female,Non-National,7
2015-2016 : Spring,Khalifa University of Science and Technology,Female,National,11
2015-2016 : Spring,Khalifa University of Science and Technology,Female,Non-National,6
2016-2017 : Fall,Khalifa University of Science and Technology,Female,National,344
2016-2017 : Fall,Khalifa University of Science and Technology,Female,Non-National,20
2017-2018 : Fall,Khalifa University of Science and Technology,Female,National,171
2017-2018 : Fall,Khalifa University of Science and Technology,Female,Non-National,25
2018-2019 : Fall,Khalifa University of Science and Technology,Female,National,410
2018-2019 : Spring,Khalifa University of Science and Technology,Female,National,32
2018-2019 : Spring,Khalifa University of Science and Technology,Female,Non-National,20
2020-2021 : Spring,Khalifa University of Science and Technology,Female,National,45
2020-2021 : Spring,Khalifa University of Science and Technology,Female,Non-National,51
2021-2022 : Fall,Khalifa University of Science and Technology,Female,National,455
2021-2022 : Fall,Khalifa University of Science and Technology,Female,Non-National,124
2022-2023 : Full year courses,Khalifa University of Science and Technology,Female,Non-National,12
2022-2023 : Spring,Khalifa University of Science and Technology,Female,National,18
2022-2023 : Winter,"London Business School, Dubai",Female,National,3
2022-2023 : Winter,"London Business School, Dubai",Female,Non-National,40
2012-2013 : Fall,MASDAR INSTITUTE OF SCIENCE & TECHNOLOGY ,Female,Non-National,23
2013-2014 : Fall,MASDAR INSTITUTE OF SCIENCE & TECHNOLOGY ,Female,National,31
2013-2014 : Spring,MASDAR INSTITUTE OF SCIENCE & TECHNOLOGY ,Female,Non-National,9
2014-2015 : Fall,MASDAR INSTITUTE OF SCIENCE & TECHNOLOGY ,Female,National,52
2014-2015 : Fall,MASDAR INSTITUTE OF SCIENCE & TECHNOLOGY ,Female,Non-National,40
2014-2015 : Spring,MASDAR INSTITUTE OF SCIENCE & TECHNOLOGY ,Female,Non-National,7
2015-2016 : Fall,MASDAR INSTITUTE OF SCIENCE & TECHNOLOGY ,Female,Non-National,12
2016-2017 : Fall,MASDAR INSTITUTE OF SCIENCE & TECHNOLOGY ,Female,National,60
2016-2017 : Fall,MENA College of Management,Female,National,1
2016-2017 : Fall,MENA College of Management,Female,Non-National,1
2016-2017 : Spring,MENA College of Management,Female,National,5
2017-2018 : Fall,MENA College of Management,Female,National,4
2017-2018 : Fall,MENA College of Management,Female,Non-National,7
2012-2013 : Fall,Khalifa University of Science and Technology,Female,National,165
2012-2013 : Fall,Khalifa University of Science and Technology,Female,Non-National,23
2012-2013 : Spring,Khalifa University of Science and Technology,Female,Non-National,24
2013-2014 : Spring,Khalifa University of Science and Technology,Female,National,12
2013-2014 : Spring,Khalifa University of Science and Technology,Female,Non-National,2
2014-2015 : Spring,Khalifa University of Science and Technology,Female,National,5
2015-2016 : Fall,Khalifa University of Science and Technology,Female,National,268
2015-2016 : Fall,Khalifa University of Science and Technology,Female,Non-National,16
2017-2018 : Winter,Khalifa University of Science and Technology,Female,National,13
2017-2018 : Winter,Khalifa University of Science and Technology,Female,Non-National,11
2018-2019 : Fall,Khalifa University of Science and Technology,Female,Non-National,109
2019-2020 : Fall,Khalifa University of Science and Technology,Female,National,455
2019-2020 : Fall,Khalifa University of Science and Technology,Female,Non-National,74
2019-2020 : Spring,Khalifa University of Science and Technology,Female,National,37
2019-2020 : Spring,Khalifa University of Science and Technology,Female,Non-National,38
2020-2021 : Fall,Khalifa University of Science and Technology,Female,National,621
2020-2021 : Fall,Khalifa University of Science and Technology,Female,Non-National,123
2021-2022 : Spring,Khalifa University of Science and Technology,Female,National,50
2021-2022 : Spring,Khalifa University of Science and Technology,Female,Non-National,51
2022-2023 : Fall,Khalifa University of Science and Technology,Female,National,396
2022-2023 : Fall,Khalifa University of Science and Technology,Female,Non-National,108
2022-2023 : Full year courses,Khalifa University of Science and Technology,Female,National,6
2022-2023 : Spring,Khalifa University of Science and Technology,Female,Non-National,35
2012-2013 : Fall,MASDAR INSTITUTE OF SCIENCE & TECHNOLOGY ,Female,National,27
2012-2013 : Spring,MASDAR INSTITUTE OF SCIENCE & TECHNOLOGY ,Female,National,1
2013-2014 : Fall,MASDAR INSTITUTE OF SCIENCE & TECHNOLOGY ,Female,Non-National,35
2013-2014 : Spring,MASDAR INSTITUTE OF SCIENCE & TECHNOLOGY ,Female,National,4
2014-2015 : Spring,MASDAR INSTITUTE OF SCIENCE & TECHNOLOGY ,Female,National,7
2015-2016 : Fall,MASDAR INSTITUTE OF SCIENCE & TECHNOLOGY ,Female,National,27
2015-2016 : Spring,MASDAR INSTITUTE OF SCIENCE & TECHNOLOGY ,Female,National,9
2015-2016 : Spring,MASDAR INSTITUTE OF SCIENCE & TECHNOLOGY ,Female,Non-National,8
2016-2017 : Fall,MASDAR INSTITUTE OF SCIENCE & TECHNOLOGY ,Female,Non-National,14
2017-2018 : Spring,MENA College of Management,Female,National,2
2017-2018 : Spring,MENA College of Management,Female,Non-National,9
2019-2020 : Spring,MENA College of Management,Female,Non-National,1
2020-2021 : Spring,Mohamed Bin Zayed University Of Artificial Intelligence,Female,National,5
2022-2023 : Fall,Mohamed Bin Zayed University Of Artificial Intelligence,Female,Non-National,24
2022-2023 : Spring,Mohamed Bin Zayed University Of Artificial Intelligence,Female,Non-National,2
2014-2015 : Fall,Mohammed Bin Rashid School of Government,Female,National,4
2016-2017 : Fall,Mohammed Bin Rashid School of Government,Female,National,5
2016-2017 : Spring,Mohammed Bin Rashid School of Government,Female,National,28
2017-2018 : Fall,Mohammed Bin Rashid School of Government,Female,Non-National,13
2017-2018 : Spring,Mohammed Bin Rashid School of Government,Female,National,31
2018-2019 : Fall,MENA College of Management,Female,National,3
2019-2020 : Spring,MENA College of Management,Female,National,2
2020-2021 : Spring,Mohamed Bin Zayed University Of Artificial Intelligence,Female,Non-National,18
2021-2022 : Fall,Mohamed Bin Zayed University Of Artificial Intelligence,Female,National,2
2021-2022 : Fall,Mohamed Bin Zayed University Of Artificial Intelligence,Female,Non-National,18
2022-2023 : Fall,Mohamed Bin Zayed University Of Artificial Intelligence,Female,National,15
2022-2023 : Spring,Mohamed Bin Zayed University Of Artificial Intelligence,Female,National,2
2013-2014 : Spring,Mohammed Bin Rashid School of Government,Female,National,5
2014-2015 : Spring,Mohammed Bin Rashid School of Government,Female,National,7
2015-2016 : Fall,Mohammed Bin Rashid School of Government,Female,National,11
2015-2016 : Spring,Mohammed Bin Rashid School of Government,Female,National,9
2016-2017 : Spring,Mohammed Bin Rashid School of Government,Female,Non-National,4
2017-2018 : Fall,Mohammed Bin Rashid School of Government,Female,National,23
2018-2019 : Fall,Mohammed Bin Rashid School of Government,Female,Non-National,2
2018-2019 : Spring,Mohammed Bin Rashid School of Government,Female,National,28
2018-2019 : Spring,Mohammed Bin Rashid School of Government,Female,Non-National,2
2019-2020 : Fall,Mohammed Bin Rashid School of Government,Female,National,37
2019-2020 : Fall,Mohammed Bin Rashid School of Government,Female,Non-National,6
2019-2020 : Spring,Mohammed Bin Rashid School of Government,Female,National,9
2020-2021 : Fall,Mohammed Bin Rashid School of Government,Female,National,29
2022-2023 : Fall,Mohammed Bin Rashid School of Government,Female,National,8
2022-2023 : Fall,Mohammed Bin Rashid School of Government,Female,Non-National,3
2022-2023 : Spring,Mohammed Bin Rashid School of Government,Female,National,14
2016-2017 : Fall,Mohammed Bin Rashid University of Medicine And Health Sciences,Female,National,18
2017-2018 : Fall,Mohammed Bin Rashid University of Medicine And Health Sciences,Female,National,22
2018-2019 : Fall,Mohammed Bin Rashid University of Medicine And Health Sciences,Female,National,30
2019-2020 : Fall,Mohammed Bin Rashid University of Medicine And Health Sciences,Female,National,22
2019-2020 : Fall,Mohammed Bin Rashid University of Medicine And Health Sciences,Female,Non-National,35
2020-2021 : Fall,Mohammed Bin Rashid University of Medicine And Health Sciences,Female,National,39
2021-2022 : Fall,Mohammed Bin Rashid University of Medicine And Health Sciences,Female,National,38
2021-2022 : Spring,Mohammed Bin Rashid University of Medicine And Health Sciences,Female,Non-National,15
2022-2023 : Fall,Mohammed Bin Rashid University of Medicine And Health Sciences,Female,Non-National,66
2018-2019 : Fall,Mohammed V University Agdal Abu Dhabi,Female,National,113
2022-2023 : Spring,Mohammed V University Agdal Abu Dhabi,Female,Non-National,26
2012-2013 : Fall,New York Institute of Technology,Female,National,5
2012-2013 : Spring,New York Institute of Technology,Female,National,4
2013-2014 : Fall,New York Institute of Technology,Female,National,4
2012-2013 : Fall,New York University Abu Dhabi,Female,National,23
2012-2013 : Fall,New York University Abu Dhabi,Female,Non-National,74
2013-2014 : Spring,New York University Abu Dhabi,Female,National,17
2013-2014 : Spring,New York University Abu Dhabi,Female,Non-National,76
2014-2015 : Spring,New York University Abu Dhabi,Female,National,20
2017-2018 : Spring,Mohammed Bin Rashid School of Government,Female,Non-National,2
2018-2019 : Fall,Mohammed Bin Rashid School of Government,Female,National,22
2020-2021 : Fall,Mohammed Bin Rashid School of Government,Female,Non-National,2
2020-2021 : Spring,Mohammed Bin Rashid School of Government,Female,National,15
2020-2021 : Spring,Mohammed Bin Rashid School of Government,Female,Non-National,1
2021-2022 : Fall,Mohammed Bin Rashid School of Government,Female,National,29
2021-2022 : Fall,Mohammed Bin Rashid School of Government,Female,Non-National,4
2021-2022 : Spring,Mohammed Bin Rashid School of Government,Female,National,27
2021-2022 : Spring,Mohammed Bin Rashid School of Government,Female,Non-National,5
2016-2017 : Fall,Mohammed Bin Rashid University of Medicine And Health Sciences,Female,Non-National,35
2017-2018 : Fall,Mohammed Bin Rashid University of Medicine And Health Sciences,Female,Non-National,17
2018-2019 : Fall,Mohammed Bin Rashid University of Medicine And Health Sciences,Female,Non-National,38
2020-2021 : Fall,Mohammed Bin Rashid University of Medicine And Health Sciences,Female,Non-National,41
2021-2022 : Fall,Mohammed Bin Rashid University of Medicine And Health Sciences,Female,Non-National,54
2021-2022 : Spring,Mohammed Bin Rashid University of Medicine And Health Sciences,Female,National,18
2022-2023 : Fall,Mohammed Bin Rashid University of Medicine And Health Sciences,Female,National,27
2015-2016 : Fall,Mohammed V University Agdal Abu Dhabi,Female,National,129
2015-2016 : Fall,Mohammed V University Agdal Abu Dhabi,Female,Non-National,1
2016-2017 : Fall,Mohammed V University Agdal Abu Dhabi,Female,National,106
2016-2017 : Fall,Mohammed V University Agdal Abu Dhabi,Female,Non-National,1
2017-2018 : Fall,Mohammed V University Agdal Abu Dhabi,Female,National,107
2017-2018 : Fall,Mohammed V University Agdal Abu Dhabi,Female,Non-National,35
2022-2023 : Spring,Mohammed V University Agdal Abu Dhabi,Female,National,72
2012-2013 : Fall,New York Institute of Technology,Female,Non-National,14
2012-2013 : Spring,New York Institute of Technology,Female,Non-National,4
2013-2014 : Fall,New York Institute of Technology,Female,Non-National,13
2013-2014 : Spring,New York Institute of Technology,Female,National,1
2013-2014 : Spring,New York Institute of Technology,Female,Non-National,1
2013-2014 : Fall,New York University Abu Dhabi,Female,National,17
2013-2014 : Fall,New York University Abu Dhabi,Female,Non-National,76
2014-2015 : Fall,New York University Abu Dhabi,Female,National,20
2014-2015 : Fall,New York University Abu Dhabi,Female,Non-National,120
2016-2017 : Fall,New York University Abu Dhabi,Female,National,32
2016-2017 : Fall,New York University Abu Dhabi,Female,Non-National,148
2017-2018 : Fall,New York University Abu Dhabi,Female,Non-National,206
2018-2019 : Fall,New York University Abu Dhabi,Female,National,51
2018-2019 : Fall,New York University Abu Dhabi,Female,Non-National,171
2020-2021 : Summer 1,New York University Abu Dhabi,Female,National,1
2020-2021 : Summer 1,New York University Abu Dhabi,Female,Non-National,4
2021-2022 : Fall,New York University Abu Dhabi,Female,National,80
2021-2022 : Fall,New York University Abu Dhabi,Female,Non-National,217
2021-2022 : Summer 1,New York University Abu Dhabi,Female,Non-National,5
2012-2013 : Fall,Paris Sorbonne University Abu Dhabi,Female,Non-National,124
2013-2014 : Spring,Paris Sorbonne University Abu Dhabi,Female,National,39
2013-2014 : Spring,Paris Sorbonne University Abu Dhabi,Female,Non-National,155
2014-2015 : Spring,New York University Abu Dhabi,Female,Non-National,119
2015-2016 : Fall,New York University Abu Dhabi,Female,National,35
2015-2016 : Fall,New York University Abu Dhabi,Female,Non-National,129
2019-2020 : Fall,New York University Abu Dhabi,Female,National,48
2019-2020 : Fall,New York University Abu Dhabi,Female,Non-National,194
2020-2021 : Fall,New York University Abu Dhabi,Female,National,75
2020-2021 : Fall,New York University Abu Dhabi,Female,Non-National,198
2022-2023 : Fall,New York University Abu Dhabi,Female,National,126
2022-2023 : Fall,New York University Abu Dhabi,Female,Non-National,270
2012-2013 : Fall,Paris Sorbonne University Abu Dhabi,Female,National,35
2012-2013 : Spring,Paris Sorbonne University Abu Dhabi,Female,National,35
2012-2013 : Spring,Paris Sorbonne University Abu Dhabi,Female,Non-National,120
2013-2014 : Fall,Paris Sorbonne University Abu Dhabi,Female,National,35
2013-2014 : Fall,Paris Sorbonne University Abu Dhabi,Female,Non-National,120
2014-2015 : Fall,Paris Sorbonne University Abu Dhabi,Female,Non-National,17
2015-2016 : Spring,Paris Sorbonne University Abu Dhabi,Female,National,78
2016-2017 : Fall,Paris Sorbonne University Abu Dhabi,Female,National,2
2016-2017 : Fall,Paris Sorbonne University Abu Dhabi,Female,Non-National,2
2016-2017 : Spring,Paris Sorbonne University Abu Dhabi,Female,National,76
2016-2017 : Spring,Paris Sorbonne University Abu Dhabi,Female,Non-National,123
2017-2018 : Fall,Paris Sorbonne University Abu Dhabi,Female,Non-National,24
2018-2019 : Fall,Paris Sorbonne University Abu Dhabi,Female,National,84
2018-2019 : Fall,Paris Sorbonne University Abu Dhabi,Female,Non-National,70
2019-2020 : Fall,Paris Sorbonne University Abu Dhabi,Female,National,93
2022-2023 : Spring,Paris Sorbonne University Abu Dhabi,Female,National,24
2017-2018 : Fall,RABDAN Academy,Female,National,6
2017-2018 : Spring,RABDAN Academy,Female,National,2
2019-2020 : Spring,RABDAN Academy,Female,National,14
2019-2020 : Summer 1,RABDAN Academy,Female,National,10
2019-2020 : Summer 2,RABDAN Academy,Female,National,7
2020-2021 : Fall,RABDAN Academy,Female,National,14
2020-2021 : Spring,RABDAN Academy,Female,National,23
2021-2022 : Fall,RABDAN Academy,Female,National,3
2021-2022 : Spring,RABDAN Academy,Female,National,2
2022-2023 : Fall,RABDAN Academy,Female,Non-National,1
2022-2023 : Winter,RABDAN Academy,Female,National,15
2022-2023 : Winter,RABDAN Academy,Female,Non-National,5
2012-2013 : Fall,Ras Al Khaimah Medical And Health Sciences University,Female,Non-National,201
2017-2018 Full year courses,Ras Al Khaimah Medical And Health Sciences University,Female,National,35
2017-2018 Full year courses,Ras Al Khaimah Medical And Health Sciences University,Female,Non-National,3
2019-2020 Full year courses,Ras Al Khaimah Medical And Health Sciences University,Female,National,85
2019-2020 Full year courses,Ras Al Khaimah Medical And Health Sciences University,Female,Non-National,139
2020-2021 Full year courses,Ras Al Khaimah Medical And Health Sciences University,Female,National,60
2021-2022 : Fall,Ras Al Khaimah Medical And Health Sciences University,Female,National,51
2021-2022 : Fall,Ras Al Khaimah Medical And Health Sciences University,Female,Non-National,145
2012-2013 : Fall,Rochester Institute of Technology - Dubai,Female,Non-National,2
2017-2018 : Winter,Rochester Institute of Technology - Dubai,Female,National,7
2017-2018 : Winter,Rochester Institute of Technology - Dubai,Female,Non-National,10
2014-2015 : Fall,Paris Sorbonne University Abu Dhabi,Female,National,15
2014-2015 : Spring,Paris Sorbonne University Abu Dhabi,Female,National,69
2014-2015 : Spring,Paris Sorbonne University Abu Dhabi,Female,Non-National,172
2015-2016 : Fall,Paris Sorbonne University Abu Dhabi,Female,Non-National,1
2015-2016 : Spring,Paris Sorbonne University Abu Dhabi,Female,Non-National,180
2019-2020 : Fall,Paris Sorbonne University Abu Dhabi,Female,Non-National,42
2016-2017 : Fall,RABDAN Academy,Female,National,5
2017-2018 : Spring,RABDAN Academy,Female,Non-National,2
2018-2019 : Fall,RABDAN Academy,Female,National,10
2018-2019 : Spring,RABDAN Academy,Female,National,10
2018-2019 : Summer 1,RABDAN Academy,Female,National,1
2019-2020 : Fall,RABDAN Academy,Female,National,20
2022-2023 : Fall,RABDAN Academy,Female,National,13
2012-2013 : Fall,Ras Al Khaimah Medical And Health Sciences University,Female,National,27
2013-2014 : Fall,Ras Al Khaimah Medical And Health Sciences University,Female,National,56
2013-2014 : Fall,Ras Al Khaimah Medical And Health Sciences University,Female,Non-National,201
2014-2015 : Fall,Ras Al Khaimah Medical And Health Sciences University,Female,National,53
2014-2015 : Fall,Ras Al Khaimah Medical And Health Sciences University,Female,Non-National,211
2015-2016 : Fall,Ras Al Khaimah Medical And Health Sciences University,Female,National,45
2015-2016 : Fall,Ras Al Khaimah Medical And Health Sciences University,Female,Non-National,200
2015-2016 : Spring,Ras Al Khaimah Medical And Health Sciences University,Female,National,13
2016-2017 : Fall,Ras Al Khaimah Medical And Health Sciences University,Female,National,48
2016-2017 : Fall,Ras Al Khaimah Medical And Health Sciences University,Female,Non-National,198
2017-2018 : Fall,Ras Al Khaimah Medical And Health Sciences University,Female,National,67
2017-2018 : Fall,Ras Al Khaimah Medical And Health Sciences University,Female,Non-National,144
2018-2019 Full year courses,Ras Al Khaimah Medical And Health Sciences University,Female,National,96
2018-2019 Full year courses,Ras Al Khaimah Medical And Health Sciences University,Female,Non-National,179
2019-2020 : Spring,Ras Al Khaimah Medical And Health Sciences University,Female,National,85
2019-2020 : Spring,Ras Al Khaimah Medical And Health Sciences University,Female,Non-National,139
2020-2021 : Spring,Ras Al Khaimah Medical And Health Sciences University,Female,Non-National,4
2020-2021 Full year courses,Ras Al Khaimah Medical And Health Sciences University,Female,Non-National,136
2022-2023 : Fall,Ras Al Khaimah Medical And Health Sciences University,Female,National,21
2022-2023 : Fall,Ras Al Khaimah Medical And Health Sciences University,Female,Non-National,163
2013-2014 : Fall,Rochester Institute of Technology - Dubai,Female,National,2
2013-2014 : Fall,Rochester Institute of Technology - Dubai,Female,Non-National,25
2013-2014 : Spring,Rochester Institute of Technology - Dubai,Female,National,1
2013-2014 : Spring,Rochester Institute of Technology - Dubai,Female,Non-National,7
2014-2015 : Fall,Rochester Institute of Technology - Dubai,Female,National,4
2014-2015 : Fall,Rochester Institute of Technology - Dubai,Female,Non-National,32
2014-2015 : Spring,Rochester Institute of Technology - Dubai,Female,Non-National,2
2015-2016 : Fall,Rochester Institute of Technology - Dubai,Female,National,10
2015-2016 : Fall,Rochester Institute of Technology - Dubai,Female,Non-National,38
2016-2017 : Fall,Rochester Institute of Technology - Dubai,Female,National,20
2018-2019 : Fall,Rochester Institute of Technology - Dubai,Female,National,25
2019-2020 : Spring,Rochester Institute of Technology - Dubai,Female,Non-National,10
2021-2022 : Fall,Rochester Institute of Technology - Dubai,Female,National,30
2021-2022 : Spring,Rochester Institute of Technology - Dubai,Female,National,18
2021-2022 : Spring,Rochester Institute of Technology - Dubai,Female,Non-National,17
2022-2023 : Fall,Rochester Institute of Technology - Dubai,Female,Non-National,126
2022-2023 : Spring,Rochester Institute of Technology - Dubai,Female,Non-National,25
2013-2014 : Fall,Royal College of Surgeons in Ireland- Dubai,Female,National,30
2014-2015 : Fall,Royal College of Surgeons in Ireland- Dubai,Female,Non-National,30
2016-2017 : Fall,Royal College of Surgeons in Ireland- Dubai,Female,National,28
2016-2017 : Fall,Royal College of Surgeons in Ireland- Dubai,Female,Non-National,26
2017-2018 : Fall,Royal College of Surgeons in Ireland- Dubai,Female,National,21
2017-2018 : Spring,Royal College of Surgeons in Ireland- Dubai,Female,Non-National,1
2018-2019 : Fall,Royal College of Surgeons in Ireland- Dubai,Female,National,34
2018-2019 : Fall,Royal College of Surgeons in Ireland- Dubai,Female,Non-National,21
2020-2021 : Spring,Royal College of Surgeons in Ireland- Dubai,Female,Non-National,16
2012-2013 : Fall,Skyline University College,Female,National,26
2012-2013 : Spring,Skyline University College,Female,National,20
2012-2013 : Spring,Skyline University College,Female,Non-National,17
2013-2014 : Fall,Skyline University College,Female,Non-National,39
2014-2015 : Spring,Skyline University College,Female,National,39
2015-2016 : Fall,Skyline University College,Female,National,53
2016-2017 : Fall,Skyline University College,Female,Non-National,33
2016-2017 : Spring,Skyline University College,Female,National,40
2016-2017 : Spring,Skyline University College,Female,Non-National,6
2017-2018 : Fall,Skyline University College,Female,Non-National,26
2018-2019 : Fall,Skyline University College,Female,National,86
2018-2019 : Fall,Skyline University College,Female,Non-National,44
2019-2020 : Fall,Skyline University College,Female,National,110
2019-2020 : Spring,Skyline University College,Female,National,33
2021-2022 : Fall,Skyline University College,Female,Non-National,4
2021-2022 : Spring,Skyline University College,Female,National,4
2022-2023 : Fall,Skyline University College,Female,National,27
2022-2023 : Spring,Skyline University College,Female,National,14
2022-2023 : Spring,Skyline University College,Female,Non-National,12
2012-2013 : Fall,Syscoms College,Female,National,7
2012-2013 : Spring,Syscoms College,Female,National,2
2012-2013 : Spring,Syscoms College,Female,Non-National,1
2013-2014 : Fall,Syscoms College,Female,Non-National,3
2013-2014 : Spring,Syscoms College,Female,National,11
2014-2015 : Spring,Syscoms College,Female,National,15
2015-2016 : Fall,Syscoms College,Female,National,41
2015-2016 : Spring,Syscoms College,Female,National,25
2015-2016 : Spring,Syscoms College,Female,Non-National,12
2016-2017 : Fall,Syscoms College,Female,Non-National,12
2016-2017 : Spring,Syscoms College,Female,National,24
2016-2017 : Spring,Syscoms College,Female,Non-National,5
2017-2018 : Fall,Syscoms College,Female,Non-National,18
2018-2019 : Summer 1,Syscoms College,Female,National,10
2018-2019 : Summer 1,Syscoms College,Female,Non-National,1
2019-2020 : Fall,Syscoms College,Female,National,10
2016-2017 : Fall,Rochester Institute of Technology - Dubai,Female,Non-National,44
2017-2018 : Fall,Rochester Institute of Technology - Dubai,Female,National,9
2017-2018 : Fall,Rochester Institute of Technology - Dubai,Female,Non-National,19
2018-2019 : Fall,Rochester Institute of Technology - Dubai,Female,Non-National,48
2018-2019 : Spring,Rochester Institute of Technology - Dubai,Female,National,10
2018-2019 : Spring,Rochester Institute of Technology - Dubai,Female,Non-National,10
2019-2020 : Fall,Rochester Institute of Technology - Dubai,Female,National,20
2019-2020 : Fall,Rochester Institute of Technology - Dubai,Female,Non-National,41
2019-2020 : Spring,Rochester Institute of Technology - Dubai,Female,National,4
2019-2020 : Summer 1,Rochester Institute of Technology - Dubai,Female,Non-National,1
2020-2021 : Fall,Rochester Institute of Technology - Dubai,Female,National,32
2020-2021 : Fall,Rochester Institute of Technology - Dubai,Female,Non-National,54
2020-2021 : Spring,Rochester Institute of Technology - Dubai,Female,National,21
2020-2021 : Spring,Rochester Institute of Technology - Dubai,Female,Non-National,18
2021-2022 : Fall,Rochester Institute of Technology - Dubai,Female,Non-National,80
2022-2023 : Fall,Rochester Institute of Technology - Dubai,Female,National,30
2022-2023 : Spring,Rochester Institute of Technology - Dubai,Female,National,18
2012-2013 : Fall,Royal College of Surgeons in Ireland- Dubai,Female,National,30
2012-2013 : Fall,Royal College of Surgeons in Ireland- Dubai,Female,Non-National,34
2013-2014 : Fall,Royal College of Surgeons in Ireland- Dubai,Female,Non-National,50
2014-2015 : Fall,Royal College of Surgeons in Ireland- Dubai,Female,National,38
2015-2016 : Fall,Royal College of Surgeons in Ireland- Dubai,Female,National,26
2015-2016 : Fall,Royal College of Surgeons in Ireland- Dubai,Female,Non-National,37
2017-2018 : Fall,Royal College of Surgeons in Ireland- Dubai,Female,Non-National,30
2019-2020 : Fall,Royal College of Surgeons in Ireland- Dubai,Female,National,23
2019-2020 : Fall,Royal College of Surgeons in Ireland- Dubai,Female,Non-National,17
2020-2021 : Fall,Royal College of Surgeons in Ireland- Dubai,Female,National,48
2020-2021 : Fall,Royal College of Surgeons in Ireland- Dubai,Female,Non-National,18
2020-2021 : Spring,Royal College of Surgeons in Ireland- Dubai,Female,National,38
2022-2023 : Spring,Sharjah Education Academy ,Female,National,65
2022-2023 : Spring,Sharjah Education Academy ,Female,Non-National,2
2022-2023 : Fall,Sharjah Performing Arts Academy,Female,Non-National,26
2012-2013 : Fall,Skyline University College,Female,Non-National,31
2013-2014 : Fall,Skyline University College,Female,National,48
2013-2014 : Spring,Skyline University College,Female,National,26
2013-2014 : Spring,Skyline University College,Female,Non-National,18
2014-2015 : Fall,Skyline University College,Female,National,17
2014-2015 : Fall,Skyline University College,Female,Non-National,37
2014-2015 : Spring,Skyline University College,Female,Non-National,22
2015-2016 : Fall,Skyline University College,Female,Non-National,32
2015-2016 : Spring,Skyline University College,Female,National,34
2015-2016 : Spring,Skyline University College,Female,Non-National,25
2016-2017 : Fall,Skyline University College,Female,National,54
2017-2018 : Fall,Skyline University College,Female,National,57
2017-2018 : Spring,Skyline University College,Female,National,54
2017-2018 : Spring,Skyline University College,Female,Non-National,11
2019-2020 : Spring,Syscoms College,Female,National,1
2012-2013 : Fall,The British University in Dubai,Female,National,20
2012-2013 : Fall,The British University in Dubai,Female,Non-National,30
2014-2015 : Fall,The British University in Dubai,Female,National,30
2014-2015 : Spring,The British University in Dubai,Female,Non-National,29
2015-2016 : Spring,The British University in Dubai,Female,National,13
2017-2018 : Winter,The British University in Dubai,Female,Non-National,16
2018-2019 : Spring,The British University in Dubai,Female,National,13
2019-2020 : Fall,The British University in Dubai,Female,National,73
2019-2020 : Fall,The British University in Dubai,Female,Non-National,104
2019-2020 : Spring,The British University in Dubai,Female,National,15
2019-2020 : Spring,The British University in Dubai,Female,Non-National,18
2020-2021 : Spring,The British University in Dubai,Female,National,18
2021-2022 : Spring,The British University in Dubai,Female,National,15
2021-2022 : Spring,The British University in Dubai,Female,Non-National,27
2022-2023 : Fall,The British University in Dubai,Female,Non-National,69
2017-2018 : Fall,The College of Fashion and Design,Female,Non-National,7
2012-2013 : Fall,THE PETROLEUM INSTITUTE ,Female,Non-National,22
2013-2014 : Fall,THE PETROLEUM INSTITUTE ,Female,National,175
2014-2015 : Fall,THE PETROLEUM INSTITUTE ,Female,National,296
2015-2016 : Spring,THE PETROLEUM INSTITUTE ,Female,National,63
2015-2016 : Spring,THE PETROLEUM INSTITUTE ,Female,Non-National,24
2012-2013 : Fall,United Arab Emirates University,Female,National,2145
2012-2013 : Fall,United Arab Emirates University,Female,Non-National,299
2012-2013 : Spring,United Arab Emirates University,Female,Non-National,222
2013-2014 : Fall,United Arab Emirates University,Female,Non-National,251
2013-2014 : Spring,United Arab Emirates University,Female,National,114
2013-2014 : Spring,United Arab Emirates University,Female,Non-National,258
2014-2015 : Spring,United Arab Emirates University,Female,National,94
2014-2015 : Spring,United Arab Emirates University,Female,Non-National,113
2015-2016 : Fall,United Arab Emirates University,Female,National,1973
2015-2016 : Fall,United Arab Emirates University,Female,Non-National,235
2015-2016 : Spring,United Arab Emirates University,Female,National,97
2015-2016 : Spring,United Arab Emirates University,Female,Non-National,124
2016-2017 : Spring,United Arab Emirates University,Female,Non-National,93
2017-2018 : Fall,United Arab Emirates University,Female,Non-National,424
2018-2019 : Fall,United Arab Emirates University,Female,Non-National,246
2018-2019 : Spring,United Arab Emirates University,Female,National,197
2018-2019 : Spring,United Arab Emirates University,Female,Non-National,77
2018-2019 : Summer 1,United Arab Emirates University,Female,Non-National,2
2019-2020 : Fall,United Arab Emirates University,Female,National,1295
2019-2020 : Fall,United Arab Emirates University,Female,Non-National,237
2019-2020 : Spring,United Arab Emirates University,Female,National,237
2019-2020 : Spring,United Arab Emirates University,Female,Non-National,137
2020-2021 : Fall,United Arab Emirates University,Female,National,1327
2020-2021 : Fall,United Arab Emirates University,Female,Non-National,312
2020-2021 Full year courses,United Arab Emirates University,Female,Non-National,5
2021-2022 : Spring,United Arab Emirates University,Female,National,373
2022-2023 : Fall,United Arab Emirates University,Female,National,2207
2019-2020 : Fall,Skyline University College,Female,Non-National,17
2019-2020 : Spring,Skyline University College,Female,Non-National,7
2020-2021 : Fall,Skyline University College,Female,National,63
2020-2021 : Fall,Skyline University College,Female,Non-National,10
2020-2021 : Spring,Skyline University College,Female,National,28
2020-2021 : Spring,Skyline University College,Female,Non-National,6
2021-2022 : Fall,Skyline University College,Female,National,18
2021-2022 : Spring,Skyline University College,Female,Non-National,2
2022-2023 : Fall,Skyline University College,Female,Non-National,33
2012-2013 : Fall,Syscoms College,Female,Non-National,1
2013-2014 : Fall,Syscoms College,Female,National,9
2013-2014 : Spring,Syscoms College,Female,Non-National,4
2014-2015 : Fall,Syscoms College,Female,National,15
2014-2015 : Fall,Syscoms College,Female,Non-National,6
2014-2015 : Spring,Syscoms College,Female,Non-National,7
2015-2016 : Fall,Syscoms College,Female,Non-National,24
2016-2017 : Fall,Syscoms College,Female,National,25
2017-2018 : Fall,Syscoms College,Female,National,19
2017-2018 : Spring,Syscoms College,Female,National,14
2017-2018 : Spring,Syscoms College,Female,Non-National,3
2018-2019 : Spring,Syscoms College,Female,National,4
2018-2019 : Spring,Syscoms College,Female,Non-National,2
2019-2020 : Fall,Syscoms College,Female,Non-National,4
2019-2020 : Spring,Syscoms College,Female,Non-National,1
2012-2013 : Spring,The British University in Dubai,Female,National,4
2012-2013 : Spring,The British University in Dubai,Female,Non-National,10
2013-2014 : Fall,The British University in Dubai,Female,National,19
2013-2014 : Fall,The British University in Dubai,Female,Non-National,47
2013-2014 : Spring,The British University in Dubai,Female,Non-National,2
2014-2015 : Fall,The British University in Dubai,Female,Non-National,54
2014-2015 : Spring,The British University in Dubai,Female,National,21
2015-2016 : Fall,The British University in Dubai,Female,National,32
2015-2016 : Fall,The British University in Dubai,Female,Non-National,60
2015-2016 : Spring,The British University in Dubai,Female,Non-National,22
2016-2017 : Fall,The British University in Dubai,Female,National,31
2016-2017 : Fall,The British University in Dubai,Female,Non-National,51
2016-2017 : Spring,The British University in Dubai,Female,National,18
2016-2017 : Spring,The British University in Dubai,Female,Non-National,36
2017-2018 : Fall,The British University in Dubai,Female,National,63
2017-2018 : Fall,The British University in Dubai,Female,Non-National,71
2017-2018 : Winter,The British University in Dubai,Female,National,12
2018-2019 : Fall,The British University in Dubai,Female,National,53
2018-2019 : Fall,The British University in Dubai,Female,Non-National,61
2018-2019 : Spring,The British University in Dubai,Female,Non-National,19
2020-2021 : Fall,The British University in Dubai,Female,National,36
2020-2021 : Fall,The British University in Dubai,Female,Non-National,56
2020-2021 : Spring,The British University in Dubai,Female,Non-National,26
2021-2022 : Fall,The British University in Dubai,Female,National,44
2021-2022 : Fall,The British University in Dubai,Female,Non-National,64
2022-2023 : Fall,The British University in Dubai,Female,National,40
2022-2023 : Spring,The British University in Dubai,Female,National,5
2022-2023 : Spring,The British University in Dubai,Female,Non-National,15
2022-2023 : Fall,United Arab Emirates University,Female,Non-National,301
2022-2023 : Full year courses,United Arab Emirates University,Female,National,112
2022-2023 : Spring,United Arab Emirates University,Female,National,271
2013-2014 : Fall,University College of Mother & Family Sciences,Female,National,23
2013-2014 : Fall,University College of Mother & Family Sciences,Female,Non-National,31
2013-2014 : Spring,University College of Mother & Family Sciences,Female,National,22
2013-2014 : Spring,University College of Mother & Family Sciences,Female,Non-National,24
2018-2019 : Summer 1,University of Balamand Dubai,Female,Non-National,3
2019-2020 : Fall,University of Balamand Dubai,Female,Non-National,38
2019-2020 : Spring,University of Balamand Dubai,Female,Non-National,5
2019-2020 : Summer 1,University of Balamand Dubai,Female,Non-National,3
2020-2021 : Spring,University of Balamand Dubai,Female,Non-National,5
2012-2013 : Fall,University of Dubai,Female,National,10
2012-2013 : Fall,University of Dubai,Female,Non-National,32
2014-2015 : Fall,University of Dubai,Female,National,11
2014-2015 : Spring,University of Dubai,Female,National,2
2014-2015 : Spring,University of Dubai,Female,Non-National,3
2015-2016 : Fall,University of Dubai,Female,Non-National,21
2015-2016 : Spring,University of Dubai,Female,National,8
2017-2018 : Spring,University of Dubai,Female,National,12
2018-2019 : Spring,University of Dubai,Female,National,17
2018-2019 : Summer 1,University of Dubai,Female,National,3
2018-2019 : Summer 1,University of Dubai,Female,Non-National,1
2019-2020 : Fall,University of Dubai,Female,National,49
2019-2020 : Fall,University of Dubai,Female,Non-National,9
2019-2020 : Spring,University of Dubai,Female,National,20
2019-2020 : Spring,University of Dubai,Female,Non-National,5
2019-2020 : Summer 1,University of Dubai,Female,National,6
2020-2021 : Spring,University of Dubai,Female,National,6
2020-2021 : Summer 2,University of Dubai,Female,Non-National,1
2021-2022 : Spring,University of Dubai,Female,National,8
2021-2022 : Spring,University of Dubai,Female,Non-National,5
2021-2022 : Summer 1,University of Dubai,Female,National,5
2021-2022 : Summer 1,University of Dubai,Female,Non-National,1
2021-2022 : Winter,University of Dubai,Female,National,11
2022-2023 : Fall,University of Dubai,Female,National,29
2022-2023 : Fall,University of Dubai,Female,Non-National,29
2012-2013 : Fall,University of Fujairah,Female,National,7
2015-2016 : Spring,University of Fujairah,Female,National,4
2016-2017 : Spring,University of Fujairah,Female,National,44
2017-2018 : Summer 1,University of Fujairah,Female,National,3
2017-2018 : Winter,University of Fujairah,Female,National,35
2017-2018 : Winter,University of Fujairah,Female,Non-National,7
2018-2019 : Fall,University of Fujairah,Female,National,57
2018-2019 : Fall,University of Fujairah,Female,Non-National,10
2018-2019 : Summer 1,University of Fujairah,Female,National,1
2020-2021 : Spring,University of Fujairah,Female,National,12
2021-2022 : Fall,University of Fujairah,Female,National,19
2022-2023 : Fall,University of Fujairah,Female,Non-National,57
2022-2023 : Winter,University of Fujairah,Female,Non-National,14
2012-2013 : Fall,University of Jazeera,Female,National,460
2012-2013 : Spring,University of Jazeera,Female,National,75
2012-2013 : Spring,University of Jazeera,Female,Non-National,21
2013-2014 : Fall,University of Jazeera,Female,Non-National,84
2017-2018 : Spring,The College of Fashion and Design,Female,National,1
2017-2018 : Spring,The College of Fashion and Design,Female,Non-National,4
2018-2019 : Fall,The College of Fashion and Design,Female,Non-National,10
2018-2019 : Spring,The College of Fashion and Design,Female,National,3
2018-2019 : Spring,The College of Fashion and Design,Female,Non-National,10
2019-2020 : Fall,The College of Fashion and Design,Female,National,11
2019-2020 : Fall,The College of Fashion and Design,Female,Non-National,8
2012-2013 : Fall,THE PETROLEUM INSTITUTE ,Female,National,106
2012-2013 : Spring,THE PETROLEUM INSTITUTE ,Female,National,6
2012-2013 : Spring,THE PETROLEUM INSTITUTE ,Female,Non-National,8
2013-2014 : Fall,THE PETROLEUM INSTITUTE ,Female,Non-National,38
2013-2014 : Spring,THE PETROLEUM INSTITUTE ,Female,National,10
2013-2014 : Spring,THE PETROLEUM INSTITUTE ,Female,Non-National,6
2014-2015 : Fall,THE PETROLEUM INSTITUTE ,Female,Non-National,52
2014-2015 : Spring,THE PETROLEUM INSTITUTE ,Female,National,22
2014-2015 : Spring,THE PETROLEUM INSTITUTE ,Female,Non-National,7
2015-2016 : Fall,THE PETROLEUM INSTITUTE ,Female,National,273
2015-2016 : Fall,THE PETROLEUM INSTITUTE ,Female,Non-National,37
2016-2017 : Fall,THE PETROLEUM INSTITUTE ,Female,National,161
2016-2017 : Fall,THE PETROLEUM INSTITUTE ,Female,Non-National,15
2016-2017 : Spring,THE PETROLEUM INSTITUTE ,Female,National,1
2012-2013 : Spring,United Arab Emirates University,Female,National,92
2013-2014 : Fall,United Arab Emirates University,Female,National,2230
2014-2015 : Fall,United Arab Emirates University,Female,National,2180
2014-2015 : Fall,United Arab Emirates University,Female,Non-National,232
2016-2017 : Fall,United Arab Emirates University,Female,National,2131
2016-2017 : Fall,United Arab Emirates University,Female,Non-National,245
2016-2017 : Spring,United Arab Emirates University,Female,National,221
2017-2018 : Fall,United Arab Emirates University,Female,National,2561
2017-2018 : Spring,United Arab Emirates University,Female,National,250
2017-2018 : Spring,United Arab Emirates University,Female,Non-National,140
2018-2019 : Fall,United Arab Emirates University,Female,National,2451
2018-2019 : Summer 1,United Arab Emirates University,Female,National,3
2020-2021 : Spring,United Arab Emirates University,Female,National,342
2020-2021 : Spring,United Arab Emirates University,Female,Non-National,98
2020-2021 Full year courses,United Arab Emirates University,Female,National,131
2021-2022 : Fall,United Arab Emirates University,Female,National,1623
2021-2022 : Fall,United Arab Emirates University,Female,Non-National,259
2021-2022 : Spring,United Arab Emirates University,Female,Non-National,112
2022-2023 : Full year courses,United Arab Emirates University,Female,Non-National,4
2022-2023 : Spring,United Arab Emirates University,Female,Non-National,97
2018-2019 : Fall,University of Balamand Dubai,Female,Non-National,13
2018-2019 : Spring,University of Balamand Dubai,Female,Non-National,2
2020-2021 : Fall,University of Balamand Dubai,Female,Non-National,16
2020-2021 : Summer 1,University of Balamand Dubai,Female,Non-National,3
2021-2022 : Fall,University of Balamand Dubai,Female,Non-National,2
2012-2013 : Spring,University of Dubai,Female,National,2
2012-2013 : Spring,University of Dubai,Female,Non-National,6
2013-2014 : Fall,University of Dubai,Female,National,8
2013-2014 : Fall,University of Dubai,Female,Non-National,16
2012-2013 : Fall,University of Modern Sciences,Female,National,23
2013-2014 : Spring,University of Modern Sciences,Female,National,36
2014-2015 : Fall,University of Modern Sciences,Female,National,38
2014-2015 : Fall,University of Modern Sciences,Female,Non-National,18
2014-2015 : Spring,University of Modern Sciences,Female,National,38
2015-2016 : Fall,University of Modern Sciences,Female,National,34
2015-2016 : Spring,University of Modern Sciences,Female,National,26
2015-2016 : Spring,University of Modern Sciences,Female,Non-National,4
2016-2017 : Fall,University of Modern Sciences,Female,National,10
2016-2017 : Spring,University of Modern Sciences,Female,National,10
2016-2017 : Spring,University of Modern Sciences,Female,Non-National,6
2017-2018 : Fall,University of Modern Sciences,Female,National,9
2020-2021 : Fall,University Of Science And Technology of Fujairah,Female,Non-National,20
2021-2022 : Fall,University Of Science And Technology of Fujairah,Female,National,42
2021-2022 : Spring,University Of Science And Technology of Fujairah,Female,National,8
2021-2022 : Spring,University Of Science And Technology of Fujairah,Female,Non-National,4
2022-2023 : Fall,University Of Science And Technology of Fujairah,Female,Non-National,7
2022-2023 : Spring,University Of Science And Technology of Fujairah,Female,National,13
2022-2023 : Spring,University Of Science And Technology of Fujairah,Female,Non-National,2
2012-2013 : Spring,University of Sharjah,Female,National,133
2013-2014 : Fall,University of Sharjah,Female,National,866
2013-2014 : Fall,University of Sharjah,Female,Non-National,1110
2014-2015 : Fall,University of Sharjah,Female,Non-National,1126
2016-2017 : Fall,University of Sharjah,Female,National,1134
2016-2017 : Fall,University of Sharjah,Female,Non-National,1174
2016-2017 : Spring,University of Sharjah,Female,National,130
2016-2017 : Spring,University of Sharjah,Female,Non-National,158
2017-2018 : Fall,University of Sharjah,Female,National,1058
2017-2018 : Fall,University of Sharjah,Female,Non-National,1200
2017-2018 : Spring,University of Sharjah,Female,Non-National,159
2018-2019 : Fall,University of Sharjah,Female,National,1215
2018-2019 : Fall,University of Sharjah,Female,Non-National,808
2018-2019 : Spring,University of Sharjah,Female,Non-National,153
2018-2019 Full year courses,University of Sharjah,Female,National,90
2018-2019 Full year courses,University of Sharjah,Female,Non-National,317
2020-2021 : Spring,University of Sharjah,Female,Non-National,237
2021-2022 : Fall,University of Sharjah,Female,National,1370
2021-2022 : Fall,University of Sharjah,Female,Non-National,1153
2022-2023 : Spring,University of Sharjah,Female,National,158
2022-2023 : Spring,University of Sharjah,Female,Non-National,171
2013-2014 : Fall,University of Strathclyde Business School- UAE,Female,National,2
2013-2014 : Fall,University of Strathclyde Business School- UAE,Female,Non-National,10
2013-2014 : Spring,University of Strathclyde Business School- UAE,Female,Non-National,4
2014-2015 : Fall,University of Strathclyde Business School- UAE,Female,National,1
2014-2015 : Fall,University of Strathclyde Business School- UAE,Female,Non-National,12
2014-2015 : Spring,University of Strathclyde Business School- UAE,Female,Non-National,5
2015-2016 : Fall,University of Strathclyde Business School- UAE,Female,Non-National,6
2016-2017 : Spring,University of Strathclyde Business School- UAE,Female,National,1
2021-2022 : Fall,University of Strathclyde Business School- UAE,Female,Non-National,2
2012-2013 : Fall,University of Wollongong in Dubai,Female,National,45
2012-2013 : Spring,University of Wollongong in Dubai,Female,National,36
2012-2013 : Spring,University of Wollongong in Dubai,Female,Non-National,174
2013-2014 : Fall,University of Wollongong in Dubai,Female,Non-National,296
2013-2014 : Spring,University of Wollongong in Dubai,Female,Non-National,170
2015-2016 : Fall,University of Wollongong in Dubai,Female,National,23
2016-2017 : Fall,University of Wollongong in Dubai,Female,National,20
2016-2017 : Fall,University of Wollongong in Dubai,Female,Non-National,195
2016-2017 : Spring,University of Wollongong in Dubai,Female,National,29
2016-2017 : Spring,University of Wollongong in Dubai,Female,Non-National,129
2017-2018 : Fall,University of Wollongong in Dubai,Female,Non-National,63
2017-2018 : Summer 1,University of Wollongong in Dubai,Female,National,7
2017-2018 : Summer 1,University of Wollongong in Dubai,Female,Non-National,29
2018-2019 : Fall,University of Wollongong in Dubai,Female,National,15
2018-2019 : Fall,University of Wollongong in Dubai,Female,Non-National,187
2019-2020 : Fall,University of Wollongong in Dubai,Female,National,36
2019-2020 : Spring,University of Wollongong in Dubai,Female,National,12
2020-2021 : Fall,University of Wollongong in Dubai,Female,Non-National,235
2020-2021 : Summer 1,University of Wollongong in Dubai,Female,Non-National,40
2020-2021 : Winter,University of Wollongong in Dubai,Female,National,20
2021-2022 : Fall,University of Wollongong in Dubai,Female,Non-National,292
2021-2022 : Spring,University of Wollongong in Dubai,Female,National,6
2022-2023 : Fall,University of Wollongong in Dubai,Female,National,13
2022-2023 : Winter,University of Wollongong in Dubai,Female,National,13
2022-2023 : Winter,University of Wollongong in Dubai,Female,Non-National,99
2012-2013 : Fall,University Saint-Joseph,Female,National,25
2013-2014 : Fall,University Saint-Joseph,Female,National,30
2015-2016 : Fall,University Saint-Joseph,Female,National,4
2017-2018 : Fall,University Saint-Joseph,Female,National,14
2018-2019 : Fall,University Saint-Joseph,Female,Non-National,8
2018-2019 : Spring,University Saint-Joseph,Female,Non-National,6
2019-2020 : Fall,University Saint-Joseph,Female,National,8
2019-2020 : Fall,University Saint-Joseph,Female,Non-National,9
2019-2020 : Spring,University Saint-Joseph,Female,National,7
2020-2021 : Fall,University Saint-Joseph,Female,National,6
2021-2022 : Fall,University Saint-Joseph,Female,Non-National,8
2022-2023 : Fall,University Saint-Joseph,Female,National,8
2022-2023 : Fall,University Saint-Joseph,Female,Non-National,15
2012-2013 : Fall,Zayed University,Female,National,2235
2012-2013 : Fall,Zayed University,Female,Non-National,78
2012-2013 : Spring,Zayed University,Female,National,555
2012-2013 : Spring,Zayed University,Female,Non-National,72
2013-2014 : Spring,Zayed University,Female,National,379
2014-2015 : Spring,Zayed University,Female,National,327
2014-2015 : Spring,Zayed University,Female,Non-National,35
2015-2016 : Fall,Zayed University,Female,National,1500
2015-2016 : Spring,Zayed University,Female,National,201
2015-2016 : Spring,Zayed University,Female,Non-National,14
2016-2017 : Fall,Zayed University,Female,Non-National,53
2016-2017 : Spring,Zayed University,Female,Non-National,21
2018-2019 : Fall,Zayed University,Female,Non-National,10
2018-2019 : Spring,Zayed University,Female,Non-National,14
2013-2014 : Spring,University of Dubai,Female,National,1
2013-2014 : Spring,University of Dubai,Female,Non-National,4
2014-2015 : Fall,University of Dubai,Female,Non-National,23
2015-2016 : Fall,University of Dubai,Female,National,14
2015-2016 : Spring,University of Dubai,Female,Non-National,13
2016-2017 : Fall,University of Dubai,Female,National,29
2016-2017 : Fall,University of Dubai,Female,Non-National,27
2016-2017 : Spring,University of Dubai,Female,National,17
2016-2017 : Spring,University of Dubai,Female,Non-National,8
2017-2018 : Fall,University of Dubai,Female,National,34
2017-2018 : Fall,University of Dubai,Female,Non-National,37
2017-2018 : Spring,University of Dubai,Female,Non-National,19
2017-2018 : Winter,University of Dubai,Female,National,2
2018-2019 : Fall,University of Dubai,Female,National,45
2018-2019 : Fall,University of Dubai,Female,Non-National,17
2018-2019 : Spring,University of Dubai,Female,Non-National,8
2019-2020 : Summer 1,University of Dubai,Female,Non-National,1
2020-2021 : Fall,University of Dubai,Female,National,37
2020-2021 : Fall,University of Dubai,Female,Non-National,16
2020-2021 : Spring,University of Dubai,Female,Non-National,3
2020-2021 : Summer 1,University of Dubai,Female,National,6
2020-2021 : Summer 1,University of Dubai,Female,Non-National,3
2020-2021 : Winter,University of Dubai,Female,National,4
2021-2022 : Fall,University of Dubai,Female,National,21
2021-2022 : Fall,University of Dubai,Female,Non-National,11
2021-2022 : Winter,University of Dubai,Female,Non-National,1
2022-2023 : Spring,University of Dubai,Female,National,27
2022-2023 : Spring,University of Dubai,Female,Non-National,14
2012-2013 : Spring,University of Fujairah,Female,National,5
2013-2014 : Fall,University of Fujairah,Female,National,30
2013-2014 : Fall,University of Fujairah,Female,Non-National,14
2013-2014 : Spring,University of Fujairah,Female,National,19
2013-2014 : Spring,University of Fujairah,Female,Non-National,7
2014-2015 : Fall,University of Fujairah,Female,National,19
2014-2015 : Fall,University of Fujairah,Female,Non-National,15
2014-2015 : Spring,University of Fujairah,Female,National,8
2014-2015 : Spring,University of Fujairah,Female,Non-National,2
2015-2016 : Fall,University of Fujairah,Female,National,10
2015-2016 : Fall,University of Fujairah,Female,Non-National,5
2015-2016 : Spring,University of Fujairah,Female,Non-National,3
2016-2017 : Fall,University of Fujairah,Female,National,15
2016-2017 : Fall,University of Fujairah,Female,Non-National,12
2016-2017 : Spring,University of Fujairah,Female,Non-National,2
2017-2018 : Fall,University of Fujairah,Female,National,24
2017-2018 : Fall,University of Fujairah,Female,Non-National,4
2018-2019 : Spring,University of Fujairah,Female,National,15
2018-2019 : Spring,University of Fujairah,Female,Non-National,2
2019-2020 : Fall,University of Fujairah,Female,National,24
2019-2020 : Fall,University of Fujairah,Female,Non-National,16
2019-2020 : Spring,University of Fujairah,Female,National,12
2019-2020 : Spring,University of Fujairah,Female,Non-National,1
2020-2021 : Fall,University of Fujairah,Female,National,15
2020-2021 : Fall,University of Fujairah,Female,Non-National,14
2020-2021 : Spring,University of Fujairah,Female,Non-National,2
2021-2022 : Fall,University of Fujairah,Female,Non-National,62
2021-2022 : Winter,University of Fujairah,Female,National,12
2019-2020 : Fall,Zayed University,Female,National,1529
2019-2020 : Fall,Zayed University,Female,Non-National,28
2019-2020 : Spring,Zayed University,Female,National,253
2019-2020 : Spring,Zayed University,Female,Non-National,19
2020-2021 : Fall,Zayed University,Female,National,1707
2021-2022 : Spring,Zayed University,Female,National,338
2021-2022 : Spring,Zayed University,Female,Non-National,7
2022-2023 : Fall,Zayed University,Female,National,485
2022-2023 : Fall,Zayed University,Female,Non-National,10
2022-2023 : Spring,Zayed University,Female,National,237
2012-2013 : Fall,Abu Dhabi Polytechnic,Male,National,155
2012-2013 : Fall,Abu Dhabi Polytechnic,Male,Non-National,2
2012-2013 : Spring,Abu Dhabi Polytechnic,Male,National,30
2015-2016 : Fall,Abu Dhabi Polytechnic,Male,Non-National,1
2017-2018 : Fall,Abu Dhabi Polytechnic,Male,Non-National,135
2017-2018 : Winter,Abu Dhabi Polytechnic,Male,National,36
2018-2019 : Fall,Abu Dhabi Polytechnic,Male,National,171
2020-2021 : Fall,Abu Dhabi Polytechnic,Male,Non-National,5
2021-2022 : Spring,Abu Dhabi Polytechnic,Male,National,111
2021-2022 : Spring,Abu Dhabi Polytechnic,Male,Non-National,2
2022-2023 : Fall,Abu Dhabi Polytechnic,Male,National,94
2022-2023 : Fall,Abu Dhabi Polytechnic,Male,Non-National,5
2022-2023 : Spring,Abu Dhabi Polytechnic,Male,Non-National,5
2013-2014 : Spring,Abu Dhabi School of Management,Male,National,51
2017-2018 : Spring,Abu Dhabi School of Management,Male,National,29
2018-2019 : Spring,Abu Dhabi School of Management,Male,National,14
2018-2019 : Winter,Abu Dhabi School of Management,Male,National,39
2019-2020 : Fall,Abu Dhabi School of Management,Male,Non-National,5
2019-2020 : Spring,Abu Dhabi School of Management,Male,Non-National,5
2019-2020 : Summer 1,Abu Dhabi School of Management,Male,National,12
2012-2013 : Fall,Abu Dhabi University,Male,Non-National,190
2013-2014 : Fall,Abu Dhabi University,Male,National,200
2013-2014 : Spring,Abu Dhabi University,Male,National,94
2014-2015 : Fall,Abu Dhabi University,Male,National,341
2014-2015 : Fall,Abu Dhabi University,Male,Non-National,347
2014-2015 : Spring,Abu Dhabi University,Male,National,164
2015-2016 : Fall,Abu Dhabi University,Male,National,332
2015-2016 : Spring,Abu Dhabi University,Male,National,385
2015-2016 : Spring,Abu Dhabi University,Male,Non-National,164
2016-2017 : Fall,Abu Dhabi University,Male,National,311
2017-2018 : Fall,Abu Dhabi University,Male,National,253
2017-2018 : Spring,Abu Dhabi University,Male,National,102
2017-2018 : Spring,Abu Dhabi University,Male,Non-National,131
2018-2019 : Fall,Abu Dhabi University,Male,National,295
2018-2019 : Fall,Abu Dhabi University,Male,Non-National,385
2018-2019 : Spring,Abu Dhabi University,Male,National,205
2018-2019 : Spring,Abu Dhabi University,Male,Non-National,133
2018-2019 : Summer 1,Abu Dhabi University,Male,National,165
2018-2019 : Summer 1,Abu Dhabi University,Male,Non-National,11
2018-2019 : Winter,Abu Dhabi University,Male,National,142
2018-2019 : Winter,Abu Dhabi University,Male,Non-National,39
2019-2020 : Fall,Abu Dhabi University,Male,National,385
2019-2020 : Spring,Abu Dhabi University,Male,National,346
2019-2020 : Spring,Abu Dhabi University,Male,Non-National,110
2019-2020 : Summer 1,Abu Dhabi University,Male,National,154
2019-2020 : Summer 1,Abu Dhabi University,Male,Non-National,16
2020-2021 : Fall,Abu Dhabi University,Male,National,485
2020-2021 : Spring,Abu Dhabi University,Male,National,356
2021-2022 : Winter,University of Fujairah,Female,Non-National,15
2022-2023 : Fall,University of Fujairah,Female,National,55
2022-2023 : Winter,University of Fujairah,Female,National,33
2012-2013 : Fall,University of Jazeera,Female,Non-National,120
2013-2014 : Fall,University of Jazeera,Female,National,351
2014-2015 : Fall,University of Jazeera,Female,National,345
2014-2015 : Fall,University of Jazeera,Female,Non-National,84
2012-2013 : Fall,University of Modern Sciences,Female,Non-National,54
2013-2014 : Spring,University of Modern Sciences,Female,Non-National,6
2014-2015 : Spring,University of Modern Sciences,Female,Non-National,6
2015-2016 : Fall,University of Modern Sciences,Female,Non-National,5
2016-2017 : Fall,University of Modern Sciences,Female,Non-National,2
2017-2018 : Fall,University of Modern Sciences,Female,Non-National,7
2017-2018 : Spring,University of Modern Sciences,Female,National,23
2017-2018 : Spring,University of Modern Sciences,Female,Non-National,23
2020-2021 : Fall,University Of Science And Technology of Fujairah,Female,National,33
2020-2021 : Spring,University Of Science And Technology of Fujairah,Female,National,8
2020-2021 : Spring,University Of Science And Technology of Fujairah,Female,Non-National,2
2021-2022 : Fall,University Of Science And Technology of Fujairah,Female,Non-National,21
2022-2023 : Fall,University Of Science And Technology of Fujairah,Female,National,28
2012-2013 : Fall,University of Sharjah,Female,National,1066
2012-2013 : Fall,University of Sharjah,Female,Non-National,909
2012-2013 : Spring,University of Sharjah,Female,Non-National,231
2013-2014 : Spring,University of Sharjah,Female,National,74
2013-2014 : Spring,University of Sharjah,Female,Non-National,181
2014-2015 : Fall,University of Sharjah,Female,National,883
2014-2015 : Spring,University of Sharjah,Female,National,69
2014-2015 : Spring,University of Sharjah,Female,Non-National,179
2015-2016 : Fall,University of Sharjah,Female,National,968
2015-2016 : Fall,University of Sharjah,Female,Non-National,1162
2015-2016 : Spring,University of Sharjah,Female,National,95
2015-2016 : Spring,University of Sharjah,Female,Non-National,172
2017-2018 : Spring,University of Sharjah,Female,National,128
2017-2018 : Summer 1,University of Sharjah,Female,Non-National,2
2018-2019 : Spring,University of Sharjah,Female,National,185
2018-2019 : Summer 1,University of Sharjah,Female,National,3
2019-2020 : Fall,University of Sharjah,Female,National,1471
2019-2020 : Fall,University of Sharjah,Female,Non-National,1172
2019-2020 : Spring,University of Sharjah,Female,National,217
2019-2020 : Spring,University of Sharjah,Female,Non-National,183
2019-2020 : Summer 1,University of Sharjah,Female,National,1
2020-2021 : Fall,University of Sharjah,Female,National,1414
2020-2021 : Fall,University of Sharjah,Female,Non-National,951
2020-2021 : Spring,University of Sharjah,Female,National,237
2021-2022 : Spring,University of Sharjah,Female,National,142
2021-2022 : Spring,University of Sharjah,Female,Non-National,179
2022-2023 : Fall,University of Sharjah,Female,National,1173
2022-2023 : Fall,University of Sharjah,Female,Non-National,977
2012-2013 : Fall,University of Strathclyde Business School- UAE,Female,National,2
2012-2013 : Fall,University of Strathclyde Business School- UAE,Female,Non-National,8
2012-2013 : Spring,University of Strathclyde Business School- UAE,Female,Non-National,11
2013-2014 : Spring,University of Strathclyde Business School- UAE,Female,National,2
2020-2021 : Spring,Abu Dhabi University,Male,Non-National,91
2020-2021 : Summer 1,Abu Dhabi University,Male,National,379
2021-2022 : Fall,Abu Dhabi University,Male,National,465
2021-2022 : Spring,Abu Dhabi University,Male,Non-National,73
2021-2022 : Summer 1,Abu Dhabi University,Male,National,63
2021-2022 : Summer 1,Abu Dhabi University,Male,Non-National,14
2021-2022 : Winter,Abu Dhabi University,Male,National,505
2021-2022 : Winter,Abu Dhabi University,Male,Non-National,43
2022-2023 : Fall,Abu Dhabi University,Male,Non-National,331
2012-2013 : Fall,Abu Dhabi Vocational Education & Training Institute,Male,Non-National,2
2013-2014 : Fall,Abu Dhabi Vocational Education & Training Institute,Male,National,61
2013-2014 : Spring,Abu Dhabi Vocational Education & Training Institute,Male,Non-National,2
2014-2015 : Fall,Abu Dhabi Vocational Education & Training Institute,Male,National,66
2015-2016 : Fall,Abu Dhabi Vocational Education & Training Institute,Male,National,407
2015-2016 : Fall,Abu Dhabi Vocational Education & Training Institute,Male,Non-National,2
2015-2016 : Spring,Abu Dhabi Vocational Education & Training Institute,Male,National,137
2017-2018 : Fall,Abu Dhabi Vocational Education & Training Institute,Male,National,79
2018-2019 : Spring,Abu Dhabi Vocational Education & Training Institute,Male,National,128
2018-2019 : Spring,Abu Dhabi Vocational Education & Training Institute,Male,Non-National,1
2019-2020 : Fall,Abu Dhabi Vocational Education & Training Institute,Male,Non-National,6
2019-2020 : Spring,Abu Dhabi Vocational Education & Training Institute,Male,Non-National,3
2020-2021 : Fall,Abu Dhabi Vocational Education & Training Institute,Male,Non-National,23
2020-2021 : Spring,Abu Dhabi Vocational Education & Training Institute,Male,National,148
2020-2021 : Spring,Abu Dhabi Vocational Education & Training Institute,Male,Non-National,24
2021-2022 : Fall,Abu Dhabi Vocational Education & Training Institute,Male,National,10
2021-2022 : Spring,Abu Dhabi Vocational Education & Training Institute,Male,Non-National,179
2012-2013 : Fall,Ajman University,Male,National,352
2012-2013 : Fall,Ajman University,Male,Non-National,635
2012-2013 : Spring,Ajman University,Male,National,84
2012-2013 : Spring,Ajman University,Male,Non-National,244
2013-2014 : Fall,Ajman University,Male,Non-National,677
2013-2014 : Spring,Ajman University,Male,National,72
2014-2015 : Spring,Ajman University,Male,National,44
2015-2016 : Fall,Ajman University,Male,National,103
2015-2016 : Spring,Ajman University,Male,National,49
2015-2016 : Spring,Ajman University,Male,Non-National,155
2016-2017 : Fall,Ajman University,Male,Non-National,578
2016-2017 : Spring,Ajman University,Male,Non-National,134
2018-2019 : Fall,Ajman University,Male,Non-National,478
2018-2019 : Spring,Ajman University,Male,Non-National,86
2019-2020 : Fall,Ajman University,Male,National,147
2019-2020 : Fall,Ajman University,Male,Non-National,525
2019-2020 : Spring,Ajman University,Male,National,42
2020-2021 : Fall,Ajman University,Male,National,142
2021-2022 : Fall,Ajman University,Male,Non-National,391
2021-2022 : Spring,Ajman University,Male,National,30
2021-2022 : Spring,Ajman University,Male,Non-National,72
2021-2022 : Summer 1,Ajman University,Male,Non-National,1
2022-2023 : Fall,Ajman University,Male,National,78
2022-2023 : Fall,Ajman University,Male,Non-National,460
2012-2013 : Spring,Al Ain University of Science and Technology,Male,National,208
2012-2013 : Spring,Al Ain University of Science and Technology,Male,Non-National,57
2015-2016 : Fall,University of Strathclyde Business School- UAE,Female,National,3
2016-2017 : Fall,University of Strathclyde Business School- UAE,Female,Non-National,3
2016-2017 : Spring,University of Strathclyde Business School- UAE,Female,Non-National,7
2017-2018 : Fall,University of Strathclyde Business School- UAE,Female,Non-National,9
2019-2020 : Fall,University of Strathclyde Business School- UAE,Female,Non-National,1
2019-2020 : Spring,University of Strathclyde Business School- UAE,Female,Non-National,1
2021-2022 : Spring,University of Strathclyde Business School- UAE,Female,Non-National,4
2022-2023 : Fall,University of Strathclyde Business School- UAE,Female,Non-National,5
2012-2013 : Fall,University of Wollongong in Dubai,Female,Non-National,292
2013-2014 : Fall,University of Wollongong in Dubai,Female,National,47
2013-2014 : Spring,University of Wollongong in Dubai,Female,National,32
2014-2015 : Fall,University of Wollongong in Dubai,Female,National,48
2014-2015 : Fall,University of Wollongong in Dubai,Female,Non-National,349
2014-2015 : Spring,University of Wollongong in Dubai,Female,National,15
2014-2015 : Spring,University of Wollongong in Dubai,Female,Non-National,100
2015-2016 : Fall,University of Wollongong in Dubai,Female,Non-National,235
2015-2016 : Spring,University of Wollongong in Dubai,Female,National,19
2015-2016 : Spring,University of Wollongong in Dubai,Female,Non-National,125
2017-2018 : Fall,University of Wollongong in Dubai,Female,National,8
2017-2018 : Spring,University of Wollongong in Dubai,Female,National,17
2017-2018 : Spring,University of Wollongong in Dubai,Female,Non-National,76
2018-2019 : Spring,University of Wollongong in Dubai,Female,National,18
2018-2019 : Spring,University of Wollongong in Dubai,Female,Non-National,86
2018-2019 : Summer 1,University of Wollongong in Dubai,Female,National,4
2018-2019 : Summer 1,University of Wollongong in Dubai,Female,Non-National,45
2019-2020 : Fall,University of Wollongong in Dubai,Female,Non-National,328
2019-2020 : Spring,University of Wollongong in Dubai,Female,Non-National,150
2020-2021 : Fall,University of Wollongong in Dubai,Female,National,46
2020-2021 : Spring,University of Wollongong in Dubai,Female,National,12
2020-2021 : Spring,University of Wollongong in Dubai,Female,Non-National,43
2020-2021 : Summer 1,University of Wollongong in Dubai,Female,National,3
2020-2021 : Winter,University of Wollongong in Dubai,Female,Non-National,96
2021-2022 : Fall,University of Wollongong in Dubai,Female,National,32
2021-2022 : Spring,University of Wollongong in Dubai,Female,Non-National,46
2021-2022 : Winter,University of Wollongong in Dubai,Female,National,13
2021-2022 : Winter,University of Wollongong in Dubai,Female,Non-National,100
2022-2023 : Fall,University of Wollongong in Dubai,Female,Non-National,366
2014-2015 : Spring,University Saint-Joseph,Female,Non-National,1
2015-2016 : Fall,University Saint-Joseph,Female,Non-National,5
2016-2017 : Fall,University Saint-Joseph,Female,National,12
2016-2017 : Fall,University Saint-Joseph,Female,Non-National,4
2017-2018 : Fall,University Saint-Joseph,Female,Non-National,16
2017-2018 : Spring,University Saint-Joseph,Female,National,4
2018-2019 : Fall,University Saint-Joseph,Female,National,9
2019-2020 : Spring,University Saint-Joseph,Female,Non-National,6
2020-2021 : Fall,University Saint-Joseph,Female,Non-National,3
2020-2021 : Spring,University Saint-Joseph,Female,Non-National,1
2013-2014 : Fall,Al Ain University of Science and Technology,Male,National,380
2013-2014 : Fall,Al Ain University of Science and Technology,Male,Non-National,172
2013-2014 : Spring,Al Ain University of Science and Technology,Male,National,253
2013-2014 : Spring,Al Ain University of Science and Technology,Male,Non-National,85
2014-2015 : Fall,Al Ain University of Science and Technology,Male,Non-National,187
2015-2016 : Fall,Al Ain University of Science and Technology,Male,National,281
2015-2016 : Spring,Al Ain University of Science and Technology,Male,Non-National,118
2016-2017 : Fall,Al Ain University of Science and Technology,Male,National,325
2016-2017 : Fall,Al Ain University of Science and Technology,Male,Non-National,201
2016-2017 : Spring,Al Ain University of Science and Technology,Male,National,256
2016-2017 : Spring,Al Ain University of Science and Technology,Male,Non-National,66
2017-2018 : Fall,Al Ain University of Science and Technology,Male,National,208
2017-2018 : Fall,Al Ain University of Science and Technology,Male,Non-National,295
2017-2018 : Spring,Al Ain University of Science and Technology,Male,Non-National,209
2017-2018 : Summer 1,Al Ain University of Science and Technology,Male,National,58
2018-2019 : Fall,Al Ain University of Science and Technology,Male,National,329
2018-2019 : Fall,Al Ain University of Science and Technology,Male,Non-National,153
2018-2019 : Spring,Al Ain University of Science and Technology,Male,Non-National,61
2019-2020 : Fall,Al Ain University of Science and Technology,Male,National,309
2019-2020 : Summer 1,Al Ain University of Science and Technology,Male,Non-National,15
2020-2021 : Fall,Al Ain University of Science and Technology,Male,National,320
2020-2021 : Fall,Al Ain University of Science and Technology,Male,Non-National,190
2020-2021 : Spring,Al Ain University of Science and Technology,Male,Non-National,86
2020-2021 : Summer 1,Al Ain University of Science and Technology,Male,National,94
2020-2021 : Summer 1,Al Ain University of Science and Technology,Male,Non-National,66
2021-2022 : Fall,Al Ain University of Science and Technology,Male,National,173
2021-2022 : Fall,Al Ain University of Science and Technology,Male,Non-National,215
2021-2022 : Summer 2,Al Ain University of Science and Technology,Male,National,16
2021-2022 : Summer 2,Al Ain University of Science and Technology,Male,Non-National,36
2022-2023 : Fall,Al Ain University of Science and Technology,Male,National,135
2022-2023 : Spring,Al Ain University of Science and Technology,Male,National,137
2022-2023 : Spring,Al Ain University of Science and Technology,Male,Non-National,138
2012-2013 : Fall,Al Dar University College,Male,Non-National,136
2013-2014 : Fall,Al Dar University College,Male,National,252
2013-2014 : Spring,Al Dar University College,Male,National,118
2013-2014 : Spring,Al Dar University College,Male,Non-National,52
2014-2015 : Fall,Al Dar University College,Male,National,134
2014-2015 : Fall,Al Dar University College,Male,Non-National,81
2016-2017 : Fall,Al Dar University College,Male,National,80
2017-2018 : Fall,Al Dar University College,Male,National,13
2017-2018 : Spring,Al Dar University College,Male,National,25
2017-2018 : Spring,Al Dar University College,Male,Non-National,39
2018-2019 : Spring,Al Dar University College,Male,National,103
2018-2019 : Spring,Al Dar University College,Male,Non-National,36
2018-2019 : Summer 1,Al Dar University College,Male,National,21
2018-2019 : Summer 1,Al Dar University College,Male,Non-National,10
2021-2022 : Fall,University Saint-Joseph,Female,National,6
2021-2022 : Spring,University Saint-Joseph,Female,National,6
2021-2022 : Spring,University Saint-Joseph,Female,Non-National,8
2022-2023 : Spring,University Saint-Joseph,Female,National,1
2013-2014 : Fall,Zayed University,Female,National,2055
2013-2014 : Fall,Zayed University,Female,Non-National,54
2013-2014 : Spring,Zayed University,Female,Non-National,51
2014-2015 : Fall,Zayed University,Female,National,1688
2014-2015 : Fall,Zayed University,Female,Non-National,36
2015-2016 : Fall,Zayed University,Female,Non-National,23
2016-2017 : Fall,Zayed University,Female,National,1772
2016-2017 : Spring,Zayed University,Female,National,318
2017-2018 : Fall,Zayed University,Female,National,2020
2017-2018 : Fall,Zayed University,Female,Non-National,108
2017-2018 : Spring,Zayed University,Female,National,366
2017-2018 : Spring,Zayed University,Female,Non-National,6
2018-2019 : Fall,Zayed University,Female,National,1876
2018-2019 : Spring,Zayed University,Female,National,314
2020-2021 : Fall,Zayed University,Female,Non-National,11
2020-2021 : Spring,Zayed University,Female,National,282
2020-2021 : Spring,Zayed University,Female,Non-National,9
2021-2022 : Fall,Zayed University,Female,National,1968
2021-2022 : Fall,Zayed University,Female,Non-National,20
2022-2023 : Spring,Zayed University,Female,Non-National,6
2013-2014 : Fall,Abu Dhabi Polytechnic,Male,National,231
2013-2014 : Spring,Abu Dhabi Polytechnic,Male,National,63
2014-2015 : Fall,Abu Dhabi Polytechnic,Male,National,132
2014-2015 : Spring,Abu Dhabi Polytechnic,Male,National,72
2015-2016 : Fall,Abu Dhabi Polytechnic,Male,National,304
2015-2016 : Spring,Abu Dhabi Polytechnic,Male,National,75
2016-2017 : Fall,Abu Dhabi Polytechnic,Male,National,363
2016-2017 : Spring,Abu Dhabi Polytechnic,Male,National,150
2017-2018 : Fall,Abu Dhabi Polytechnic,Male,National,230
2018-2019 : Spring,Abu Dhabi Polytechnic,Male,National,81
2019-2020 : Fall,Abu Dhabi Polytechnic,Male,National,87
2019-2020 : Spring,Abu Dhabi Polytechnic,Male,National,59
2019-2020 : Winter,Abu Dhabi Polytechnic,Male,National,110
2020-2021 : Fall,Abu Dhabi Polytechnic,Male,National,168
2020-2021 : Spring,Abu Dhabi Polytechnic,Male,National,163
2020-2021 : Spring,Abu Dhabi Polytechnic,Male,Non-National,1
2022-2023 : Spring,Abu Dhabi Polytechnic,Male,National,94
2013-2014 : Spring,Abu Dhabi School of Management,Male,Non-National,2
2016-2017 : Fall,Abu Dhabi School of Management,Male,National,41
2016-2017 : Fall,Abu Dhabi School of Management,Male,Non-National,1
2016-2017 : Spring,Abu Dhabi School of Management,Male,National,51
2017-2018 : Fall,Abu Dhabi School of Management,Male,National,43
2017-2018 : Fall,Abu Dhabi School of Management,Male,Non-National,13
2018-2019 : Fall,Abu Dhabi School of Management,Male,National,81
2018-2019 : Fall,Abu Dhabi School of Management,Male,Non-National,2
2019-2020 : Fall,Abu Dhabi School of Management,Male,National,97
2019-2020 : Spring,Abu Dhabi School of Management,Male,National,38
2020-2021 : Fall,Abu Dhabi School of Management,Male,National,64
2020-2021 : Fall,Abu Dhabi School of Management,Male,Non-National,1
2012-2013 : Fall,Abu Dhabi University,Male,National,127
2012-2013 : Spring,Abu Dhabi University,Male,National,77
2012-2013 : Spring,Abu Dhabi University,Male,Non-National,109
2013-2014 : Fall,Abu Dhabi University,Male,Non-National,177
2019-2020 : Fall,Al Dar University College,Male,Non-National,135
2019-2020 : Spring,Al Dar University College,Male,Non-National,52
2019-2020 : Summer 1,Al Dar University College,Male,National,66
2019-2020 : Summer 1,Al Dar University College,Male,Non-National,20
2015-2016 : Fall,Al Falah University,Male,National,268
2015-2016 : Fall,Al Falah University,Male,Non-National,23
2015-2016 : Spring,Al Falah University,Male,Non-National,11
2017-2018 : Summer 1,Al Falah University,Male,Non-National,2
2017-2018 : Winter,Al Falah University,Male,National,46
2019-2020 : Fall,Al Falah University,Male,National,61
2019-2020 : Fall,Al Falah University,Male,Non-National,23
2019-2020 : Spring,Al Falah University,Male,National,39
2019-2020 : Spring,Al Falah University,Male,Non-National,4
2019-2020 : Summer 1,Al Falah University,Male,National,4
2019-2020 : Summer 2,Al Falah University,Male,National,5
2020-2021 : Fall,Al Falah University,Male,National,37
2020-2021 : Fall,Al Falah University,Male,Non-National,13
2020-2021 : Spring,Al Falah University,Male,National,27
2020-2021 : Summer 2,Al Falah University,Male,National,4
2020-2021 : Summer 2,Al Falah University,Male,Non-National,2
2021-2022 : Spring,Al Falah University,Male,National,8
2021-2022 : Spring,Al Falah University,Male,Non-National,5
2013-2014 : Fall,Al Ghurair University,Male,National,125
2013-2014 : Fall,Al Ghurair University,Male,Non-National,91
2013-2014 : Spring,Al Ghurair University,Male,Non-National,40
2014-2015 : Fall,Al Ghurair University,Male,National,66
2014-2015 : Fall,Al Ghurair University,Male,Non-National,164
2014-2015 : Spring,Al Ghurair University,Male,Non-National,56
2015-2016 : Fall,Al Ghurair University,Male,Non-National,159
2016-2017 : Fall,Al Ghurair University,Male,National,78
2016-2017 : Spring,Al Ghurair University,Male,National,49
2017-2018 : Fall,Al Ghurair University,Male,Non-National,109
2017-2018 : Spring,Al Ghurair University,Male,National,36
2017-2018 : Spring,Al Ghurair University,Male,Non-National,45
2018-2019 : Fall,Al Ghurair University,Male,National,51
2019-2020 : Spring,Al Ghurair University,Male,Non-National,17
2019-2020 : Summer 1,Al Ghurair University,Male,National,2
2020-2021 : Fall,Al Ghurair University,Male,Non-National,21
2020-2021 : Spring,Al Ghurair University,Male,National,9
2020-2021 : Spring,Al Ghurair University,Male,Non-National,7
2021-2022 : Fall,Al Ghurair University,Male,National,26
2012-2013 : Fall,Al Hosn University,Male,National,92
2012-2013 : Spring,Al Hosn University,Male,National,67
2012-2013 : Spring,Al Hosn University,Male,Non-National,56
2013-2014 : Fall,Al Hosn University,Male,Non-National,74
2013-2014 : Spring,Al Hosn University,Male,Non-National,57
2012-2013 : Fall,Al Khawarizmi International College,Male,National,276
2012-2013 : Fall,Al Khawarizmi International College,Male,Non-National,138
2014-2015 : Fall,Al Khawarizmi International College,Male,National,96
2014-2015 : Spring,Al Khawarizmi International College,Male,Non-National,106
2015-2016 : Spring,Al Khawarizmi International College,Male,National,36
2017-2018 : Spring,Al Khawarizmi International College,Male,National,76
2018-2019 : Spring,Al Khawarizmi International College,Male,National,87
2019-2020 : Fall,Al Khawarizmi International College,Male,Non-National,61
2019-2020 : Spring,Al Khawarizmi International College,Male,National,61
2019-2020 : Spring,Al Khawarizmi International College,Male,Non-National,37
2013-2014 : Spring,Abu Dhabi University,Male,Non-National,134
2014-2015 : Spring,Abu Dhabi University,Male,Non-National,121
2015-2016 : Fall,Abu Dhabi University,Male,Non-National,257
2016-2017 : Fall,Abu Dhabi University,Male,Non-National,355
2016-2017 : Spring,Abu Dhabi University,Male,National,184
2016-2017 : Spring,Abu Dhabi University,Male,Non-National,159
2017-2018 : Fall,Abu Dhabi University,Male,Non-National,435
2017-2018 : Summer 1,Abu Dhabi University,Male,National,31
2017-2018 : Summer 1,Abu Dhabi University,Male,Non-National,7
2017-2018 : Winter,Abu Dhabi University,Male,National,46
2017-2018 : Winter,Abu Dhabi University,Male,Non-National,42
2019-2020 : Fall,Abu Dhabi University,Male,Non-National,290
2019-2020 : Winter,Abu Dhabi University,Male,National,307
2019-2020 : Winter,Abu Dhabi University,Male,Non-National,38
2020-2021 : Fall,Abu Dhabi University,Male,Non-National,245
2020-2021 : Summer 1,Abu Dhabi University,Male,Non-National,22
2020-2021 : Winter,Abu Dhabi University,Male,National,503
2020-2021 : Winter,Abu Dhabi University,Male,Non-National,58
2021-2022 : Fall,Abu Dhabi University,Male,Non-National,228
2021-2022 : Spring,Abu Dhabi University,Male,National,233
2022-2023 : Fall,Abu Dhabi University,Male,National,460
2022-2023 : Spring,Abu Dhabi University,Male,National,513
2022-2023 : Spring,Abu Dhabi University,Male,Non-National,94
2022-2023 : Winter,Abu Dhabi University,Male,National,244
2022-2023 : Winter,Abu Dhabi University,Male,Non-National,65
2012-2013 : Fall,Abu Dhabi Vocational Education & Training Institute,Male,National,43
2013-2014 : Spring,Abu Dhabi Vocational Education & Training Institute,Male,National,145
2015-2016 : Spring,Abu Dhabi Vocational Education & Training Institute,Male,Non-National,13
2016-2017 : Fall,Abu Dhabi Vocational Education & Training Institute,Male,National,231
2016-2017 : Fall,Abu Dhabi Vocational Education & Training Institute,Male,Non-National,8
2016-2017 : Spring,Abu Dhabi Vocational Education & Training Institute,Male,National,85
2016-2017 : Spring,Abu Dhabi Vocational Education & Training Institute,Male,Non-National,16
2017-2018 : Fall,Abu Dhabi Vocational Education & Training Institute,Male,Non-National,194
2018-2019 : Fall,Abu Dhabi Vocational Education & Training Institute,Male,National,178
2018-2019 : Fall,Abu Dhabi Vocational Education & Training Institute,Male,Non-National,7
2019-2020 : Fall,Abu Dhabi Vocational Education & Training Institute,Male,National,239
2019-2020 : Spring,Abu Dhabi Vocational Education & Training Institute,Male,National,136
2020-2021 : Fall,Abu Dhabi Vocational Education & Training Institute,Male,National,121
2021-2022 : Fall,Abu Dhabi Vocational Education & Training Institute,Male,Non-National,248
2021-2022 : Spring,Abu Dhabi Vocational Education & Training Institute,Male,National,58
2022-2023 : Spring,Abu Dhabi Vocational Education & Training Institute,Male,National,295
2013-2014 : Fall,Ajman University,Male,National,264
2013-2014 : Spring,Ajman University,Male,Non-National,214
2014-2015 : Fall,Ajman University,Male,National,152
2014-2015 : Fall,Ajman University,Male,Non-National,628
2014-2015 : Spring,Ajman University,Male,Non-National,167
2015-2016 : Fall,Ajman University,Male,Non-National,487
2016-2017 : Fall,Ajman University,Male,National,112
2016-2017 : Spring,Ajman University,Male,National,53
2017-2018 : Fall,Ajman University,Male,National,89
2017-2018 : Fall,Ajman University,Male,Non-National,525
2017-2018 : Spring,Ajman University,Male,National,14
2020-2021 : Spring,Al Khawarizmi International College,Male,National,5
2021-2022 : Spring,Al Khawarizmi International College,Male,Non-National,28
2022-2023 : Fall,Al Khawarizmi International College,Male,Non-National,51
2019-2020 : Spring,Al Qasimiya University,Male,National,4
2019-2020 : Spring,Al Qasimiya University,Male,Non-National,584
2020-2021 : Fall,Al Qasimiya University,Male,Non-National,530
2020-2021 : Spring,Al Qasimiya University,Male,National,6
2020-2021 : Spring,Al Qasimiya University,Male,Non-National,623
2021-2022 : Fall,Al Qasimiya University,Male,National,4
2021-2022 : Spring,Al Qasimiya University,Male,Non-National,712
2022-2023 : Fall,Al Qasimiya University,Male,Non-National,57
2012-2013 : Fall,Al Wasl University,Male,Non-National,90
2013-2014 : Fall,Al Wasl University,Male,National,4
2014-2015 : Fall,Al Wasl University,Male,National,3
2014-2015 : Fall,Al Wasl University,Male,Non-National,165
2015-2016 : Fall,Al Wasl University,Male,Non-National,4
2016-2017 : Fall,Al Wasl University,Male,National,8
2016-2017 : Spring,Al Wasl University,Male,National,6
2017-2018 : Fall,Al Wasl University,Male,National,43
2018-2019 : Spring,Al Wasl University,Male,National,2
2019-2020 : Fall,Al Wasl University,Male,Non-National,102
2019-2020 : Spring,Al Wasl University,Male,Non-National,3
2020-2021 : Fall,Al Wasl University,Male,Non-National,7
2020-2021 : Spring,Al Wasl University,Male,National,1
2020-2021 : Spring,Al Wasl University,Male,Non-National,2
2021-2022 : Fall,Al Wasl University,Male,National,3
2021-2022 : Spring,Al Wasl University,Male,Non-National,3
2012-2013 : Fall,American College of Dubai,Male,National,5
2013-2014 : Fall,American College of Dubai,Male,National,1
2013-2014 : Fall,American College of Dubai,Male,Non-National,61
2014-2015 : Fall,American College of Dubai,Male,National,4
2014-2015 : Fall,American College of Dubai,Male,Non-National,46
2014-2015 : Spring,American College of Dubai,Male,National,1
2015-2016 : Fall,American College of Dubai,Male,National,1
2015-2016 : Spring,American College of Dubai,Male,Non-National,22
2017-2018 : Fall,American College of Dubai,Male,National,2
2017-2018 : Spring,American College of Dubai,Male,National,2
2017-2018 : Spring,American College of Dubai,Male,Non-National,9
2018-2019 : Fall,American College of Dubai,Male,Non-National,31
2018-2019 : Spring,American College of Dubai,Male,Non-National,12
2018-2019 : Summer 1,American College of Dubai,Male,Non-National,1
2019-2020 : Fall,American College of Dubai,Male,Non-National,26
2020-2021 : Fall,American College of Dubai,Male,National,2
2020-2021 : Spring,American College of Dubai,Male,Non-National,2
2012-2013 : Fall,American University in Dubai,Male,National,37
2012-2013 : Fall,American University in Dubai,Male,Non-National,301
2012-2013 : Spring,American University in Dubai,Male,Non-National,68
2015-2016 : Spring,American University in Dubai,Male,National,1
2017-2018 : Spring,American University in Dubai,Male,National,7
2018-2019 : Fall,American University in Dubai,Male,National,39
2018-2019 : Fall,American University in Dubai,Male,Non-National,99
2019-2020 : Spring,American University in Dubai,Male,Non-National,20
2020-2021 : Spring,American University in Dubai,Male,National,48
2021-2022 : Fall,American University in Dubai,Male,National,20
2021-2022 : Spring,American University in Dubai,Male,National,70
2021-2022 : Spring,American University in Dubai,Male,Non-National,30
2017-2018 : Spring,Ajman University,Male,Non-National,30
2018-2019 : Fall,Ajman University,Male,National,149
2018-2019 : Spring,Ajman University,Male,National,26
2019-2020 : Spring,Ajman University,Male,Non-National,90
2020-2021 : Fall,Ajman University,Male,Non-National,434
2020-2021 : Spring,Ajman University,Male,National,44
2020-2021 : Spring,Ajman University,Male,Non-National,66
2021-2022 : Fall,Ajman University,Male,National,108
2022-2023 : Spring,Ajman University,Male,National,36
2022-2023 : Spring,Ajman University,Male,Non-National,75
2012-2013 : Fall,Al Ain University of Science and Technology,Male,National,367
2012-2013 : Fall,Al Ain University of Science and Technology,Male,Non-National,134
2014-2015 : Fall,Al Ain University of Science and Technology,Male,National,191
2014-2015 : Spring,Al Ain University of Science and Technology,Male,National,164
2014-2015 : Spring,Al Ain University of Science and Technology,Male,Non-National,132
2015-2016 : Fall,Al Ain University of Science and Technology,Male,Non-National,220
2015-2016 : Spring,Al Ain University of Science and Technology,Male,National,263
2017-2018 : Spring,Al Ain University of Science and Technology,Male,National,222
2017-2018 : Summer 1,Al Ain University of Science and Technology,Male,Non-National,36
2018-2019 : Spring,Al Ain University of Science and Technology,Male,National,237
2018-2019 : Summer 1,Al Ain University of Science and Technology,Male,National,51
2018-2019 : Summer 1,Al Ain University of Science and Technology,Male,Non-National,15
2019-2020 : Fall,Al Ain University of Science and Technology,Male,Non-National,232
2019-2020 : Spring,Al Ain University of Science and Technology,Male,National,223
2019-2020 : Spring,Al Ain University of Science and Technology,Male,Non-National,81
2019-2020 : Summer 1,Al Ain University of Science and Technology,Male,National,64
2019-2020 : Summer 2,Al Ain University of Science and Technology,Male,National,61
2019-2020 : Summer 2,Al Ain University of Science and Technology,Male,Non-National,14
2020-2021 : Spring,Al Ain University of Science and Technology,Male,National,202
2020-2021 : Summer 2,Al Ain University of Science and Technology,Male,National,28
2020-2021 : Summer 2,Al Ain University of Science and Technology,Male,Non-National,34
2021-2022 : Spring,Al Ain University of Science and Technology,Male,National,99
2021-2022 : Spring,Al Ain University of Science and Technology,Male,Non-National,128
2021-2022 : Summer 1,Al Ain University of Science and Technology,Male,National,28
2021-2022 : Summer 1,Al Ain University of Science and Technology,Male,Non-National,57
2022-2023 : Fall,Al Ain University of Science and Technology,Male,Non-National,322
2012-2013 : Fall,Al Dar University College,Male,National,213
2012-2013 : Spring,Al Dar University College,Male,National,185
2012-2013 : Spring,Al Dar University College,Male,Non-National,29
2013-2014 : Fall,Al Dar University College,Male,Non-National,169
2016-2017 : Fall,Al Dar University College,Male,Non-National,107
2016-2017 : Spring,Al Dar University College,Male,National,20
2016-2017 : Spring,Al Dar University College,Male,Non-National,26
2017-2018 : Fall,Al Dar University College,Male,Non-National,119
2017-2018 : Summer 1,Al Dar University College,Male,National,9
2017-2018 : Summer 1,Al Dar University College,Male,Non-National,14
2018-2019 : Fall,Al Dar University College,Male,National,58
2018-2019 : Fall,Al Dar University College,Male,Non-National,95
2022-2023 : Fall,American University in Dubai,Male,Non-National,113
2022-2023 : Spring,American University in Dubai,Male,Non-National,21
2012-2013 : Spring,American University in the Emirates,Male,National,259
2013-2014 : Fall,American University in the Emirates,Male,National,218
2013-2014 : Fall,American University in the Emirates,Male,Non-National,88
2013-2014 : Spring,American University in the Emirates,Male,National,101
2013-2014 : Spring,American University in the Emirates,Male,Non-National,42
2014-2015 : Fall,American University in the Emirates,Male,National,150
2014-2015 : Fall,American University in the Emirates,Male,Non-National,115
2014-2015 : Spring,American University in the Emirates,Male,National,94
2014-2015 : Spring,American University in the Emirates,Male,Non-National,80
2015-2016 : Fall,American University in the Emirates,Male,National,123
2015-2016 : Fall,American University in the Emirates,Male,Non-National,122
2015-2016 : Spring,American University in the Emirates,Male,Non-National,57
2016-2017 : Fall,American University in the Emirates,Male,National,167
2016-2017 : Fall,American University in the Emirates,Male,Non-National,96
2016-2017 : Spring,American University in the Emirates,Male,National,92
2016-2017 : Spring,American University in the Emirates,Male,Non-National,59
2017-2018 : Fall,American University in the Emirates,Male,National,114
2017-2018 : Fall,American University in the Emirates,Male,Non-National,129
2017-2018 : Spring,American University in the Emirates,Male,Non-National,40
2018-2019 : Spring,American University in the Emirates,Male,National,122
2018-2019 : Spring,American University in the Emirates,Male,Non-National,41
2019-2020 : Fall,American University in the Emirates,Male,National,112
2019-2020 : Fall,American University in the Emirates,Male,Non-National,85
2019-2020 : Spring,American University in the Emirates,Male,National,53
2020-2021 : Fall,American University in the Emirates,Male,National,107
2020-2021 : Fall,American University in the Emirates,Male,Non-National,55
2020-2021 : Spring,American University in the Emirates,Male,Non-National,21
2021-2022 : Fall,American University in the Emirates,Male,National,136
2021-2022 : Fall,American University in the Emirates,Male,Non-National,51
2022-2023 : Spring,American University in the Emirates,Male,National,118
2012-2013 : Fall,American University of Ras Al Khaimah,Male,National,7
2012-2013 : Fall,American University of Ras Al Khaimah,Male,Non-National,30
2012-2013 : Spring,American University of Ras Al Khaimah,Male,National,6
2012-2013 : Spring,American University of Ras Al Khaimah,Male,Non-National,16
2013-2014 : Fall,American University of Ras Al Khaimah,Male,National,25
2013-2014 : Fall,American University of Ras Al Khaimah,Male,Non-National,77
2013-2014 : Spring,American University of Ras Al Khaimah,Male,National,2
2014-2015 : Spring,American University of Ras Al Khaimah,Male,National,9
2014-2015 : Spring,American University of Ras Al Khaimah,Male,Non-National,41
2015-2016 : Fall,American University of Ras Al Khaimah,Male,National,25
2015-2016 : Spring,American University of Ras Al Khaimah,Male,National,10
2015-2016 : Spring,American University of Ras Al Khaimah,Male,Non-National,43
2016-2017 : Fall,American University of Ras Al Khaimah,Male,Non-National,83
2016-2017 : Spring,American University of Ras Al Khaimah,Male,Non-National,38
2017-2018 : Fall,American University of Ras Al Khaimah,Male,National,38
2019-2020 : Fall,Al Dar University College,Male,National,82
2019-2020 : Spring,Al Dar University College,Male,National,87
2019-2020 : Summer 2,Al Dar University College,Male,National,3
2015-2016 : Spring,Al Falah University,Male,National,88
2016-2017 : Fall,Al Falah University,Male,National,118
2016-2017 : Fall,Al Falah University,Male,Non-National,19
2016-2017 : Spring,Al Falah University,Male,National,58
2016-2017 : Spring,Al Falah University,Male,Non-National,13
2017-2018 : Fall,Al Falah University,Male,National,57
2017-2018 : Fall,Al Falah University,Male,Non-National,38
2017-2018 : Summer 1,Al Falah University,Male,National,14
2017-2018 : Winter,Al Falah University,Male,Non-National,4
2018-2019 : Fall,Al Falah University,Male,National,69
2018-2019 : Fall,Al Falah University,Male,Non-National,17
2018-2019 : Spring,Al Falah University,Male,National,32
2018-2019 : Spring,Al Falah University,Male,Non-National,11
2018-2019 : Summer 1,Al Falah University,Male,National,6
2018-2019 : Summer 1,Al Falah University,Male,Non-National,2
2020-2021 : Spring,Al Falah University,Male,Non-National,4
2020-2021 : Summer 1,Al Falah University,Male,National,4
2021-2022 : Fall,Al Falah University,Male,National,28
2021-2022 : Fall,Al Falah University,Male,Non-National,16
2012-2013 : Fall,Al Ghurair University,Male,National,132
2012-2013 : Fall,Al Ghurair University,Male,Non-National,69
2012-2013 : Spring,Al Ghurair University,Male,National,86
2012-2013 : Spring,Al Ghurair University,Male,Non-National,41
2013-2014 : Spring,Al Ghurair University,Male,National,40
2014-2015 : Spring,Al Ghurair University,Male,National,38
2015-2016 : Fall,Al Ghurair University,Male,National,57
2015-2016 : Spring,Al Ghurair University,Male,National,31
2015-2016 : Spring,Al Ghurair University,Male,Non-National,32
2016-2017 : Fall,Al Ghurair University,Male,Non-National,107
2016-2017 : Spring,Al Ghurair University,Male,Non-National,55
2017-2018 : Fall,Al Ghurair University,Male,National,31
2017-2018 : Summer 1,Al Ghurair University,Male,Non-National,2
2018-2019 : Fall,Al Ghurair University,Male,Non-National,74
2018-2019 : Spring,Al Ghurair University,Male,National,27
2018-2019 : Spring,Al Ghurair University,Male,Non-National,27
2019-2020 : Fall,Al Ghurair University,Male,National,41
2019-2020 : Fall,Al Ghurair University,Male,Non-National,59
2019-2020 : Spring,Al Ghurair University,Male,National,7
2020-2021 : Fall,Al Ghurair University,Male,National,13
2021-2022 : Fall,Al Ghurair University,Male,Non-National,38
2012-2013 : Fall,Al Hosn University,Male,Non-National,101
2013-2014 : Fall,Al Hosn University,Male,National,34
2013-2014 : Spring,Al Hosn University,Male,National,36
2014-2015 : Fall,Al Hosn University,Male,National,32
2014-2015 : Fall,Al Hosn University,Male,Non-National,83
2012-2013 : Spring,Al Khawarizmi International College,Male,National,205
2012-2013 : Spring,Al Khawarizmi International College,Male,Non-National,106
2013-2014 : Fall,Al Khawarizmi International College,Male,National,120
2013-2014 : Fall,Al Khawarizmi International College,Male,Non-National,128
2013-2014 : Spring,Al Khawarizmi International College,Male,National,39
2013-2014 : Spring,Al Khawarizmi International College,Male,Non-National,76
2014-2015 : Fall,Al Khawarizmi International College,Male,Non-National,131
2014-2015 : Spring,Al Khawarizmi International College,Male,National,56
2017-2018 : Summer 1,American University of Ras Al Khaimah,Male,Non-National,1
2018-2019 : Fall,American University of Ras Al Khaimah,Male,Non-National,55
2018-2019 : Spring,American University of Ras Al Khaimah,Male,National,11
2018-2019 : Spring,American University of Ras Al Khaimah,Male,Non-National,22
2019-2020 : Fall,American University of Ras Al Khaimah,Male,National,31
2019-2020 : Fall,American University of Ras Al Khaimah,Male,Non-National,81
2019-2020 : Spring,American University of Ras Al Khaimah,Male,National,49
2019-2020 : Spring,American University of Ras Al Khaimah,Male,Non-National,22
2020-2021 : Fall,American University of Ras Al Khaimah,Male,National,30
2020-2021 : Summer 1,American University of Ras Al Khaimah,Male,Non-National,1
2021-2022 : Spring,American University of Ras Al Khaimah,Male,National,44
2021-2022 : Summer 1,American University of Ras Al Khaimah,Male,Non-National,5
2022-2023 : Fall,American University of Ras Al Khaimah,Male,National,23
2022-2023 : Fall,American University of Ras Al Khaimah,Male,Non-National,128
2022-2023 : Spring,American University of Ras Al Khaimah,Male,National,16
2012-2013 : Fall,American University of Sharjah,Male,National,144
2012-2013 : Spring,American University of Sharjah,Male,National,19
2012-2013 : Spring,American University of Sharjah,Male,Non-National,182
2013-2014 : Fall,American University of Sharjah,Male,Non-National,794
2013-2014 : Spring,American University of Sharjah,Male,National,19
2014-2015 : Spring,American University of Sharjah,Male,National,11
2015-2016 : Fall,American University of Sharjah,Male,National,110
2016-2017 : Fall,American University of Sharjah,Male,Non-National,600
2016-2017 : Spring,American University of Sharjah,Male,Non-National,121
2017-2018 : Fall,American University of Sharjah,Male,Non-National,472
2017-2018 : Summer 1,American University of Sharjah,Male,Non-National,5
2018-2019 : Fall,American University of Sharjah,Male,National,139
2018-2019 : Fall,American University of Sharjah,Male,Non-National,380
2018-2019 : Summer 1,American University of Sharjah,Male,National,3
2018-2019 : Summer 1,American University of Sharjah,Male,Non-National,4
2019-2020 : Fall,American University of Sharjah,Male,National,114
2019-2020 : Spring,American University of Sharjah,Male,National,60
2020-2021 : Fall,American University of Sharjah,Male,National,60
2020-2021 : Summer 1,American University of Sharjah,Male,Non-National,3
2021-2022 : Fall,American University of Sharjah,Male,Non-National,446
2021-2022 : Spring,American University of Sharjah,Male,National,111
2022-2023 : Fall,American University of Sharjah,Male,National,79
2022-2023 : Fall,American University of Sharjah,Male,Non-National,489
2022-2023 : Spring,American University of Sharjah,Male,National,66
2022-2023 : Spring,American University of Sharjah,Male,Non-National,87
2022-2023 : Fall,Amity University Dubai ,Male,National,4
2022-2023 : Fall,Amity University Dubai ,Male,Non-National,2
2020-2021 : Spring,"Arab Academy For Science, Technology And Maritime Transport",Male,National,21
2020-2021 : Spring,"Arab Academy For Science, Technology And Maritime Transport",Male,Non-National,4
2021-2022 : Fall,"Arab Academy For Science, Technology And Maritime Transport",Male,National,30
2021-2022 : Fall,"Arab Academy For Science, Technology And Maritime Transport",Male,Non-National,15
2022-2023 : Spring,"Arab Academy For Science, Technology And Maritime Transport",Male,National,30
2022-2023 : Spring,"Arab Academy For Science, Technology And Maritime Transport",Male,Non-National,14
2015-2016 : Fall,Al Khawarizmi International College,Male,National,51
2015-2016 : Fall,Al Khawarizmi International College,Male,Non-National,78
2015-2016 : Spring,Al Khawarizmi International College,Male,Non-National,63
2016-2017 : Fall,Al Khawarizmi International College,Male,National,93
2016-2017 : Fall,Al Khawarizmi International College,Male,Non-National,94
2016-2017 : Spring,Al Khawarizmi International College,Male,National,54
2016-2017 : Spring,Al Khawarizmi International College,Male,Non-National,38
2017-2018 : Fall,Al Khawarizmi International College,Male,National,1
2017-2018 : Fall,Al Khawarizmi International College,Male,Non-National,164
2017-2018 : Spring,Al Khawarizmi International College,Male,Non-National,47
2018-2019 : Fall,Al Khawarizmi International College,Male,National,110
2018-2019 : Fall,Al Khawarizmi International College,Male,Non-National,71
2018-2019 : Spring,Al Khawarizmi International College,Male,Non-National,65
2019-2020 : Fall,Al Khawarizmi International College,Male,National,81
2020-2021 : Fall,Al Khawarizmi International College,Male,National,96
2020-2021 : Fall,Al Khawarizmi International College,Male,Non-National,63
2020-2021 : Spring,Al Khawarizmi International College,Male,Non-National,2
2021-2022 : Fall,Al Khawarizmi International College,Male,National,52
2021-2022 : Fall,Al Khawarizmi International College,Male,Non-National,35
2021-2022 : Spring,Al Khawarizmi International College,Male,National,25
2022-2023 : Fall,Al Khawarizmi International College,Male,National,77
2022-2023 : Spring,Al Khawarizmi International College,Male,National,64
2022-2023 : Spring,Al Khawarizmi International College,Male,Non-National,14
2020-2021 : Fall,Al Qasimiya University,Male,National,5
2021-2022 : Fall,Al Qasimiya University,Male,Non-National,674
2021-2022 : Spring,Al Qasimiya University,Male,National,4
2022-2023 : Spring,Al Qasimiya University,Male,Non-National,2
2012-2013 : Fall,Al Wasl University,Male,National,12
2013-2014 : Fall,Al Wasl University,Male,Non-National,73
2015-2016 : Fall,Al Wasl University,Male,National,21
2016-2017 : Fall,Al Wasl University,Male,Non-National,7
2016-2017 : Spring,Al Wasl University,Male,Non-National,6
2017-2018 : Fall,Al Wasl University,Male,Non-National,85
2018-2019 : Fall,Al Wasl University,Male,National,19
2018-2019 : Fall,Al Wasl University,Male,Non-National,64
2019-2020 : Fall,Al Wasl University,Male,National,8
2019-2020 : Spring,Al Wasl University,Male,National,1
2020-2021 : Fall,Al Wasl University,Male,National,6
2021-2022 : Fall,Al Wasl University,Male,Non-National,6
2022-2023 : Fall,Al Wasl University,Male,National,4
2022-2023 : Fall,Al Wasl University,Male,Non-National,5
2022-2023 : Spring,Al Wasl University,Male,Non-National,7
2012-2013 : Fall,American College of Dubai,Male,Non-National,86
2012-2013 : Spring,American College of Dubai,Male,Non-National,28
2013-2014 : Spring,American College of Dubai,Male,Non-National,27
2014-2015 : Spring,American College of Dubai,Male,Non-National,17
2015-2016 : Fall,American College of Dubai,Male,Non-National,45
2016-2017 : Fall,American College of Dubai,Male,Non-National,28
2016-2017 : Spring,American College of Dubai,Male,Non-National,17
2017-2018 : Fall,American College of Dubai,Male,Non-National,30
2017-2018 : Summer 1,American College of Dubai,Male,Non-National,2
2018-2019 : Fall,American College of Dubai,Male,National,4
2019-2020 : Spring,American College of Dubai,Male,Non-National,10
2012-2013 : Fall,Canadian University of Dubai,Male,National,99
2012-2013 : Fall,Canadian University of Dubai,Male,Non-National,213
2012-2013 : Spring,Canadian University of Dubai,Male,National,19
2012-2013 : Spring,Canadian University of Dubai,Male,Non-National,12
2013-2014 : Fall,Canadian University of Dubai,Male,Non-National,215
2013-2014 : Spring,Canadian University of Dubai,Male,Non-National,140
2014-2015 : Spring,Canadian University of Dubai,Male,Non-National,125
2015-2016 : Fall,Canadian University of Dubai,Male,Non-National,181
2016-2017 : Fall,Canadian University of Dubai,Male,Non-National,146
2016-2017 : Spring,Canadian University of Dubai,Male,Non-National,75
2017-2018 : Fall,Canadian University of Dubai,Male,Non-National,139
2017-2018 : Summer 1,Canadian University of Dubai,Male,National,12
2017-2018 : Summer 1,Canadian University of Dubai,Male,Non-National,12
2018-2019 : Fall,Canadian University of Dubai,Male,National,50
2018-2019 : Fall,Canadian University of Dubai,Male,Non-National,158
2018-2019 : Summer 1,Canadian University of Dubai,Male,National,7
2019-2020 : Fall,Canadian University of Dubai,Male,Non-National,156
2019-2020 : Spring,Canadian University of Dubai,Male,National,42
2019-2020 : Summer 2,Canadian University of Dubai,Male,National,11
2020-2021 : Fall,Canadian University of Dubai,Male,Non-National,118
2020-2021 : Summer 1,Canadian University of Dubai,Male,Non-National,8
2020-2021 : Summer 2,Canadian University of Dubai,Male,National,4
2021-2022 : Fall,Canadian University of Dubai,Male,Non-National,232
2021-2022 : Spring,Canadian University of Dubai,Male,National,62
2021-2022 : Spring,Canadian University of Dubai,Male,Non-National,71
2022-2023 : Fall,Canadian University of Dubai,Male,National,67
2022-2023 : Fall,Canadian University of Dubai,Male,Non-National,277
2022-2023 : Spring,Canadian University of Dubai,Male,National,62
2022-2023 : Spring,Canadian University of Dubai,Male,Non-National,119
2012-2013 : Fall,City University College of Ajman,Male,National,9
2012-2013 : Fall,City University College of Ajman,Male,Non-National,75
2013-2014 : Spring,City University College of Ajman,Male,National,208
2013-2014 : Spring,City University College of Ajman,Male,Non-National,74
2014-2015 : Fall,City University College of Ajman,Male,National,247
2014-2015 : Spring,City University College of Ajman,Male,National,146
2014-2015 : Spring,City University College of Ajman,Male,Non-National,61
2015-2016 : Fall,City University College of Ajman,Male,National,143
2015-2016 : Fall,City University College of Ajman,Male,Non-National,78
2015-2016 : Spring,City University College of Ajman,Male,Non-National,56
2017-2018 : Fall,City University College of Ajman,Male,Non-National,144
2017-2018 : Spring,City University College of Ajman,Male,National,124
2018-2019 : Spring,City University College of Ajman,Male,National,64
2018-2019 : Spring,City University College of Ajman,Male,Non-National,35
2019-2020 : Fall,City University College of Ajman,Male,National,106
2019-2020 : Fall,City University College of Ajman,Male,Non-National,109
2019-2020 : Spring,City University College of Ajman,Male,National,61
2019-2020 : Spring,City University College of Ajman,Male,Non-National,66
2020-2021 : Fall,City University College of Ajman,Male,National,106
2020-2021 : Fall,City University College of Ajman,Male,Non-National,80
2020-2021 : Spring,City University College of Ajman,Male,National,47
2020-2021 : Summer 2,City University College of Ajman,Male,National,10
2020-2021 : Fall,American College of Dubai,Male,Non-National,2
2020-2021 : Spring,American College of Dubai,Male,National,1
2012-2013 : Spring,American University in Dubai,Male,National,14
2013-2014 : Fall,American University in Dubai,Male,National,32
2013-2014 : Fall,American University in Dubai,Male,Non-National,189
2013-2014 : Spring,American University in Dubai,Male,National,7
2013-2014 : Spring,American University in Dubai,Male,Non-National,73
2014-2015 : Fall,American University in Dubai,Male,National,33
2014-2015 : Fall,American University in Dubai,Male,Non-National,267
2014-2015 : Spring,American University in Dubai,Male,National,7
2014-2015 : Spring,American University in Dubai,Male,Non-National,38
2015-2016 : Fall,American University in Dubai,Male,National,37
2015-2016 : Fall,American University in Dubai,Male,Non-National,235
2015-2016 : Spring,American University in Dubai,Male,Non-National,41
2016-2017 : Fall,American University in Dubai,Male,National,35
2016-2017 : Fall,American University in Dubai,Male,Non-National,153
2016-2017 : Spring,American University in Dubai,Male,National,5
2016-2017 : Spring,American University in Dubai,Male,Non-National,27
2017-2018 : Fall,American University in Dubai,Male,National,30
2017-2018 : Fall,American University in Dubai,Male,Non-National,153
2017-2018 : Spring,American University in Dubai,Male,Non-National,29
2018-2019 : Spring,American University in Dubai,Male,National,3
2018-2019 : Spring,American University in Dubai,Male,Non-National,21
2019-2020 : Fall,American University in Dubai,Male,National,32
2019-2020 : Fall,American University in Dubai,Male,Non-National,84
2019-2020 : Spring,American University in Dubai,Male,National,16
2020-2021 : Fall,American University in Dubai,Male,National,29
2020-2021 : Fall,American University in Dubai,Male,Non-National,92
2020-2021 : Spring,American University in Dubai,Male,Non-National,30
2021-2022 : Fall,American University in Dubai,Male,Non-National,129
2022-2023 : Fall,American University in Dubai,Male,National,44
2022-2023 : Spring,American University in Dubai,Male,National,13
2012-2013 : Fall,American University in the Emirates,Male,National,342
2012-2013 : Fall,American University in the Emirates,Male,Non-National,95
2012-2013 : Spring,American University in the Emirates,Male,Non-National,94
2015-2016 : Spring,American University in the Emirates,Male,National,77
2017-2018 : Spring,American University in the Emirates,Male,National,79
2017-2018 : Summer 1,American University in the Emirates,Male,National,20
2017-2018 : Summer 1,American University in the Emirates,Male,Non-National,7
2018-2019 : Fall,American University in the Emirates,Male,National,158
2018-2019 : Fall,American University in the Emirates,Male,Non-National,104
2018-2019 : Summer 1,American University in the Emirates,Male,National,8
2018-2019 : Summer 1,American University in the Emirates,Male,Non-National,5
2019-2020 : Spring,American University in the Emirates,Male,Non-National,35
2020-2021 : Spring,American University in the Emirates,Male,National,110
2021-2022 : Spring,American University in the Emirates,Male,National,98
2021-2022 : Spring,American University in the Emirates,Male,Non-National,36
2022-2023 : Fall,American University in the Emirates,Male,National,108
2022-2023 : Fall,American University in the Emirates,Male,Non-National,68
2022-2023 : Spring,American University in the Emirates,Male,Non-National,30
2013-2014 : Spring,American University of Ras Al Khaimah,Male,Non-National,25
2020-2021 : Summer 2,City University College of Ajman,Male,Non-National,4
2021-2022 : Spring,City University College of Ajman,Male,National,16
2021-2022 : Spring,City University College of Ajman,Male,Non-National,26
2021-2022 : Summer 1,City University College of Ajman,Male,National,17
2021-2022 : Summer 2,City University College of Ajman,Male,Non-National,2
2022-2023 : Fall,City University College of Ajman,Male,Non-National,101
2022-2023 : Full year courses,City University College of Ajman,Male,National,1
2022-2023 : Full year courses,City University College of Ajman,Male,Non-National,12
2022-2023 : Spring,City University College of Ajman,Male,National,53
2022-2023 : Spring,City University College of Ajman,Male,Non-National,46
2019-2020 : Fall,Dubai Institute Of Design And Innovation ,Male,Non-National,8
2020-2021 : Fall,Dubai Institute Of Design And Innovation ,Male,National,1
2020-2021 : Fall,Dubai Institute Of Design And Innovation ,Male,Non-National,6
2021-2022 : Fall,Dubai Institute Of Design And Innovation ,Male,National,2
2022-2023 : Fall,Dubai Institute Of Design And Innovation ,Male,Non-National,7
2022-2023 : Spring,Dubai Institute Of Design And Innovation ,Male,Non-National,1
2020-2021 : Spring,Dubai Medical College for Girls,Male,Non-National,1
2020-2021 Full year courses,Dubai Medical College for Girls,Male,National,3
2020-2021 Full year courses,Dubai Medical College for Girls,Male,Non-National,2
2012-2013 : Spring,Emirates Academy of Hospitality Management,Male,Non-National,8
2013-2014 : Fall,Emirates Academy of Hospitality Management,Male,National,2
2013-2014 : Fall,Emirates Academy of Hospitality Management,Male,Non-National,41
2013-2014 : Spring,Emirates Academy of Hospitality Management,Male,National,1
2013-2014 : Spring,Emirates Academy of Hospitality Management,Male,Non-National,17
2014-2015 : Fall,Emirates Academy of Hospitality Management,Male,Non-National,31
2014-2015 : Spring,Emirates Academy of Hospitality Management,Male,Non-National,17
2015-2016 : Fall,Emirates Academy of Hospitality Management,Male,Non-National,42
2015-2016 : Spring,Emirates Academy of Hospitality Management,Male,Non-National,12
2016-2017 : Fall,Emirates Academy of Hospitality Management,Male,Non-National,43
2016-2017 : Spring,Emirates Academy of Hospitality Management,Male,National,1
2016-2017 : Spring,Emirates Academy of Hospitality Management,Male,Non-National,10
2017-2018 : Fall,Emirates Academy of Hospitality Management,Male,National,2
2017-2018 : Fall,Emirates Academy of Hospitality Management,Male,Non-National,24
2017-2018 : Spring,Emirates Academy of Hospitality Management,Male,Non-National,9
2018-2019 : Spring,Emirates Academy of Hospitality Management,Male,Non-National,6
2018-2019 : Winter,Emirates Academy of Hospitality Management,Male,Non-National,9
2019-2020 : Fall,Emirates Academy of Hospitality Management,Male,National,3
2019-2020 : Fall,Emirates Academy of Hospitality Management,Male,Non-National,33
2019-2020 : Spring,Emirates Academy of Hospitality Management,Male,National,1
2020-2021 : Fall,Emirates Academy of Hospitality Management,Male,National,3
2020-2021 : Fall,Emirates Academy of Hospitality Management,Male,Non-National,7
2020-2021 : Spring,Emirates Academy of Hospitality Management,Male,Non-National,3
2021-2022 : Fall,Emirates Academy of Hospitality Management,Male,Non-National,14
2021-2022 : Winter,Emirates Academy of Hospitality Management,Male,Non-National,3
2022-2023 : Winter,Emirates Academy of Hospitality Management,Male,National,1
2022-2023 : Winter,Emirates Academy of Hospitality Management,Male,Non-National,10
2012-2013 : Fall,Emirates Aviation University,Male,National,13
2012-2013 : Fall,Emirates Aviation University,Male,Non-National,28
2012-2013 : Spring,Emirates Aviation University,Male,National,16
2013-2014 : Fall,Emirates Aviation University,Male,National,40
2013-2014 : Fall,Emirates Aviation University,Male,Non-National,64
2013-2014 : Spring,Emirates Aviation University,Male,National,35
2014-2015 : Fall,Emirates Aviation University,Male,Non-National,193
2014-2015 : Spring,Emirates Aviation University,Male,National,24
2015-2016 : Fall,Emirates Aviation University,Male,National,31
2015-2016 : Spring,Emirates Aviation University,Male,National,31
2015-2016 : Spring,Emirates Aviation University,Male,Non-National,78
2016-2017 : Spring,Emirates Aviation University,Male,Non-National,68
2017-2018 : Fall,Emirates Aviation University,Male,National,19
2018-2019 : Fall,Emirates Aviation University,Male,Non-National,116
2018-2019 : Spring,Emirates Aviation University,Male,National,51
2018-2019 : Spring,Emirates Aviation University,Male,Non-National,40
2018-2019 : Summer 1,Emirates Aviation University,Male,Non-National,1
2019-2020 : Fall,Emirates Aviation University,Male,National,58
2019-2020 : Fall,Emirates Aviation University,Male,Non-National,115
2019-2020 : Spring,Emirates Aviation University,Male,National,21
2019-2020 : Spring,Emirates Aviation University,Male,Non-National,21
2020-2021 : Fall,Emirates Aviation University,Male,National,30
2021-2022 : Summer 1,Emirates Aviation University,Male,Non-National,6
2022-2023 : Fall,Emirates Aviation University,Male,National,42
2022-2023 : Fall,Emirates Aviation University,Male,Non-National,137
2022-2023 : Spring,Emirates Aviation University,Male,National,54
2013-2014 : Fall,Emirates Canadian University College,Male,Non-National,30
2014-2015 : Spring,Emirates Canadian University College,Male,Non-National,23
2015-2016 : Fall,Emirates Canadian University College,Male,Non-National,16
2016-2017 : Fall,Emirates Canadian University College,Male,Non-National,14
2016-2017 : Spring,Emirates Canadian University College,Male,Non-National,12
2017-2018 : Fall,Emirates Canadian University College,Male,Non-National,14
2017-2018 : Summer 1,Emirates Canadian University College,Male,National,4
2017-2018 : Summer 1,Emirates Canadian University College,Male,Non-National,1
2018-2019 : Fall,Emirates Canadian University College,Male,National,42
2018-2019 : Fall,Emirates Canadian University College,Male,Non-National,17
2018-2019 : Summer 1,Emirates Canadian University College,Male,National,21
2019-2020 : Fall,Emirates Canadian University College,Male,Non-National,5
2019-2020 : Spring,Emirates Canadian University College,Male,National,31
2019-2020 : Summer 2,Emirates Canadian University College,Male,National,54
2020-2021 : Fall,Emirates Canadian University College,Male,Non-National,3
2020-2021 : Summer 1,Emirates Canadian University College,Male,Non-National,3
2020-2021 : Summer 2,Emirates Canadian University College,Male,National,23
2021-2022 : Fall,Emirates Canadian University College,Male,Non-National,4
2021-2022 : Spring,Emirates Canadian University College,Male,National,25
2022-2023 : Fall,Emirates Canadian University College,Male,National,34
2022-2023 : Fall,Emirates Canadian University College,Male,Non-National,9
2022-2023 : Spring,Emirates Canadian University College,Male,National,65
2022-2023 : Spring,Emirates Canadian University College,Male,Non-National,1
2014-2015 : Fall,American University of Ras Al Khaimah,Male,National,10
2014-2015 : Fall,American University of Ras Al Khaimah,Male,Non-National,83
2015-2016 : Fall,American University of Ras Al Khaimah,Male,Non-National,67
2016-2017 : Fall,American University of Ras Al Khaimah,Male,National,21
2016-2017 : Spring,American University of Ras Al Khaimah,Male,National,12
2017-2018 : Fall,American University of Ras Al Khaimah,Male,Non-National,155
2017-2018 : Winter,American University of Ras Al Khaimah,Male,National,34
2017-2018 : Winter,American University of Ras Al Khaimah,Male,Non-National,28
2018-2019 : Fall,American University of Ras Al Khaimah,Male,National,36
2019-2020 : Summer 1,American University of Ras Al Khaimah,Male,National,6
2019-2020 : Summer 1,American University of Ras Al Khaimah,Male,Non-National,3
2020-2021 : Fall,American University of Ras Al Khaimah,Male,Non-National,44
2020-2021 : Spring,American University of Ras Al Khaimah,Male,National,50
2020-2021 : Spring,American University of Ras Al Khaimah,Male,Non-National,53
2020-2021 : Summer 1,American University of Ras Al Khaimah,Male,National,7
2021-2022 : Fall,American University of Ras Al Khaimah,Male,National,31
2021-2022 : Fall,American University of Ras Al Khaimah,Male,Non-National,108
2021-2022 : Spring,American University of Ras Al Khaimah,Male,Non-National,28
2022-2023 : Spring,American University of Ras Al Khaimah,Male,Non-National,48
2012-2013 : Fall,American University of Sharjah,Male,Non-National,609
2013-2014 : Fall,American University of Sharjah,Male,National,116
2013-2014 : Spring,American University of Sharjah,Male,Non-National,194
2014-2015 : Fall,American University of Sharjah,Male,National,70
2014-2015 : Fall,American University of Sharjah,Male,Non-National,631
2014-2015 : Spring,American University of Sharjah,Male,Non-National,157
2015-2016 : Fall,American University of Sharjah,Male,Non-National,600
2016-2017 : Fall,American University of Sharjah,Male,National,110
2016-2017 : Spring,American University of Sharjah,Male,National,17
2017-2018 : Fall,American University of Sharjah,Male,National,104
2017-2018 : Spring,American University of Sharjah,Male,National,33
2017-2018 : Spring,American University of Sharjah,Male,Non-National,83
2018-2019 : Spring,American University of Sharjah,Male,National,30
2018-2019 : Spring,American University of Sharjah,Male,Non-National,79
2019-2020 : Fall,American University of Sharjah,Male,Non-National,451
2019-2020 : Spring,American University of Sharjah,Male,Non-National,80
2019-2020 : Summer 1,American University of Sharjah,Male,National,6
2019-2020 : Summer 1,American University of Sharjah,Male,Non-National,3
2020-2021 : Fall,American University of Sharjah,Male,Non-National,396
2020-2021 : Spring,American University of Sharjah,Male,National,137
2020-2021 : Spring,American University of Sharjah,Male,Non-National,78
2020-2021 : Summer 1,American University of Sharjah,Male,National,1
2021-2022 : Fall,American University of Sharjah,Male,National,57
2021-2022 : Spring,American University of Sharjah,Male,Non-National,65
2021-2022 : Summer 1,American University of Sharjah,Male,National,4
2021-2022 : Summer 1,American University of Sharjah,Male,Non-National,2
2022-2023 : Spring,Amity University Dubai ,Male,National,10
2022-2023 : Spring,Amity University Dubai ,Male,Non-National,4
2020-2021 : Fall,"Arab Academy For Science, Technology And Maritime Transport",Male,National,21
2020-2021 : Fall,"Arab Academy For Science, Technology And Maritime Transport",Male,Non-National,7
2012-2013 : Fall,Emirates College for Advanced Education,Male,National,6
2012-2013 : Fall,Emirates College for Advanced Education,Male,Non-National,1
2013-2014 : Spring,Emirates College for Advanced Education,Male,Non-National,1
2014-2015 : Spring,Emirates College for Advanced Education,Male,Non-National,2
2015-2016 : Fall,Emirates College for Advanced Education,Male,National,10
2015-2016 : Fall,Emirates College for Advanced Education,Male,Non-National,5
2019-2020 : Fall,Emirates College for Advanced Education,Male,National,1
2019-2020 : Fall,Emirates College for Advanced Education,Male,Non-National,1
2019-2020 : Spring,Emirates College for Advanced Education,Male,National,1
2021-2022 : Summer 1,Emirates College for Advanced Education,Male,National,1
2021-2022 : Summer 1,Emirates College for Advanced Education,Male,Non-National,1
2022-2023 : Fall,Emirates College for Advanced Education,Male,Non-National,1
2013-2014 : Fall,Emirates College for Management & Information Technology,Male,National,21
2013-2014 : Fall,Emirates College for Management & Information Technology,Male,Non-National,22
2013-2014 : Spring,Emirates College for Management & Information Technology,Male,National,21
2014-2015 : Fall,Emirates College for Management & Information Technology,Male,National,46
2014-2015 : Fall,Emirates College for Management & Information Technology,Male,Non-National,18
2014-2015 : Spring,Emirates College for Management & Information Technology,Male,Non-National,8
2016-2017 : Fall,Emirates College for Management & Information Technology,Male,National,78
2016-2017 : Spring,Emirates College for Management & Information Technology,Male,National,134
2012-2013 : Fall,Emirates College of Technology,Male,Non-National,17
2012-2013 : Spring,Emirates College of Technology,Male,Non-National,16
2016-2017 : Spring,Emirates College of Technology,Male,National,101
2017-2018 : Summer 1,Emirates College of Technology,Male,Non-National,37
2017-2018 : Winter,Emirates College of Technology,Male,National,77
2017-2018 : Winter,Emirates College of Technology,Male,Non-National,31
2018-2019 : Fall,Emirates College of Technology,Male,National,89
2018-2019 : Summer 1,Emirates College of Technology,Male,National,34
2019-2020 : Summer 1,Emirates College of Technology,Male,Non-National,5
2020-2021 : Spring,Emirates College of Technology,Male,National,109
2020-2021 : Summer 1,Emirates College of Technology,Male,National,28
2020-2021 : Summer 2,Emirates College of Technology,Male,Non-National,8
2021-2022 : Fall,Emirates College of Technology,Male,National,70
2021-2022 : Fall,Emirates College of Technology,Male,Non-National,13
2021-2022 : Spring,Emirates College of Technology,Male,National,82
2021-2022 : Spring,Emirates College of Technology,Male,Non-National,13
2021-2022 : Summer 1,Emirates College of Technology,Male,National,25
2021-2022 : Summer 2,Emirates College of Technology,Male,Non-National,3
2022-2023 : Spring,Emirates College of Technology,Male,Non-National,13
2022-2023 : Fall,Emirates Diplomatic Academy,Male,National,28
2012-2013 : Fall,Emirates Institute for Banking and Financial Studies,Male,National,5
2012-2013 : Fall,Emirates Institute for Banking and Financial Studies,Male,Non-National,30
2012-2013 : Spring,Emirates Institute for Banking and Financial Studies,Male,National,8
2013-2014 : Fall,Emirates Institute for Banking and Financial Studies,Male,National,18
2013-2014 : Fall,Emirates Institute for Banking and Financial Studies,Male,Non-National,78
2021-2022 : Spring,"Arab Academy For Science, Technology And Maritime Transport",Male,National,28
2021-2022 : Spring,"Arab Academy For Science, Technology And Maritime Transport",Male,Non-National,9
2022-2023 : Fall,"Arab Academy For Science, Technology And Maritime Transport",Male,National,16
2022-2023 : Fall,"Arab Academy For Science, Technology And Maritime Transport",Male,Non-National,13
2013-2014 : Fall,Canadian University of Dubai,Male,National,141
2013-2014 : Spring,Canadian University of Dubai,Male,National,64
2014-2015 : Fall,Canadian University of Dubai,Male,National,90
2014-2015 : Fall,Canadian University of Dubai,Male,Non-National,262
2014-2015 : Spring,Canadian University of Dubai,Male,National,50
2015-2016 : Fall,Canadian University of Dubai,Male,National,92
2015-2016 : Spring,Canadian University of Dubai,Male,National,42
2015-2016 : Spring,Canadian University of Dubai,Male,Non-National,87
2016-2017 : Fall,Canadian University of Dubai,Male,National,39
2016-2017 : Spring,Canadian University of Dubai,Male,National,33
2017-2018 : Fall,Canadian University of Dubai,Male,National,46
2017-2018 : Spring,Canadian University of Dubai,Male,National,25
2017-2018 : Spring,Canadian University of Dubai,Male,Non-National,48
2018-2019 : Spring,Canadian University of Dubai,Male,National,45
2018-2019 : Spring,Canadian University of Dubai,Male,Non-National,53
2018-2019 : Summer 1,Canadian University of Dubai,Male,Non-National,13
2019-2020 : Fall,Canadian University of Dubai,Male,National,60
2019-2020 : Spring,Canadian University of Dubai,Male,Non-National,51
2019-2020 : Summer 1,Canadian University of Dubai,Male,National,14
2019-2020 : Summer 1,Canadian University of Dubai,Male,Non-National,6
2019-2020 : Summer 2,Canadian University of Dubai,Male,Non-National,6
2020-2021 : Fall,Canadian University of Dubai,Male,National,107
2020-2021 : Spring,Canadian University of Dubai,Male,National,56
2020-2021 : Spring,Canadian University of Dubai,Male,Non-National,64
2020-2021 : Summer 1,Canadian University of Dubai,Male,National,7
2020-2021 : Summer 2,Canadian University of Dubai,Male,Non-National,6
2021-2022 : Fall,Canadian University of Dubai,Male,National,49
2021-2022 : Summer 1,Canadian University of Dubai,Male,National,8
2021-2022 : Summer 1,Canadian University of Dubai,Male,Non-National,6
2021-2022 : Summer 2,Canadian University of Dubai,Male,National,1
2012-2013 : Spring,City University College of Ajman,Male,National,62
2012-2013 : Spring,City University College of Ajman,Male,Non-National,62
2013-2014 : Fall,City University College of Ajman,Male,National,182
2013-2014 : Fall,City University College of Ajman,Male,Non-National,124
2014-2015 : Fall,City University College of Ajman,Male,Non-National,90
2015-2016 : Spring,City University College of Ajman,Male,National,107
2016-2017 : Fall,City University College of Ajman,Male,National,166
2016-2017 : Fall,City University College of Ajman,Male,Non-National,99
2016-2017 : Spring,City University College of Ajman,Male,National,106
2016-2017 : Spring,City University College of Ajman,Male,Non-National,53
2017-2018 : Fall,City University College of Ajman,Male,National,119
2017-2018 : Spring,City University College of Ajman,Male,Non-National,50
2018-2019 : Fall,City University College of Ajman,Male,National,224
2018-2019 : Fall,City University College of Ajman,Male,Non-National,108
2018-2019 : Summer 1,City University College of Ajman,Male,National,8
2018-2019 : Summer 1,City University College of Ajman,Male,Non-National,1
2013-2014 : Spring,Emirates Institute for Banking and Financial Studies,Male,National,18
2014-2015 : Fall,Emirates Institute for Banking and Financial Studies,Male,Non-National,59
2014-2015 : Spring,Emirates Institute for Banking and Financial Studies,Male,National,14
2015-2016 : Fall,Emirates Institute for Banking and Financial Studies,Male,National,18
2015-2016 : Spring,Emirates Institute for Banking and Financial Studies,Male,National,17
2015-2016 : Spring,Emirates Institute for Banking and Financial Studies,Male,Non-National,162
2016-2017 : Fall,Emirates Institute for Banking and Financial Studies,Male,National,15
2016-2017 : Spring,Emirates Institute for Banking and Financial Studies,Male,Non-National,189
2017-2018 : Fall,Emirates Institute for Banking and Financial Studies,Male,National,9
2018-2019 : Fall,Emirates Institute for Banking and Financial Studies,Male,Non-National,178
2018-2019 : Spring,Emirates Institute for Banking and Financial Studies,Male,National,26
2018-2019 : Spring,Emirates Institute for Banking and Financial Studies,Male,Non-National,116
2019-2020 : Fall,Emirates Institute for Banking and Financial Studies,Male,National,38
2019-2020 : Fall,Emirates Institute for Banking and Financial Studies,Male,Non-National,141
2016-2017 : Spring,Emirates Institute for Citizenship and Residence,Male,National,19
2016-2017 : Spring,Emirates Institute for Citizenship and Residence,Male,Non-National,1
2018-2019 : Fall,Emirates Institute for Citizenship and Residence,Male,National,24
2020-2021 : Fall,Emirates Institute for Citizenship and Residence,Male,National,20
2021-2022 : Fall,Emirates Institute for Citizenship and Residence,Male,National,23
2012-2013 : Fall,European International College,Male,National,2
2012-2013 : Spring,European International College,Male,National,2
2012-2013 : Spring,European International College,Male,Non-National,8
2013-2014 : Fall,European International College,Male,Non-National,9
2013-2014 : Spring,European International College,Male,National,5
2013-2014 : Spring,European International College,Male,Non-National,4
2014-2015 : Fall,European International College,Male,Non-National,6
2014-2015 : Spring,European International College,Male,National,10
2014-2015 : Spring,European International College,Male,Non-National,2
2015-2016 : Fall,European International College,Male,National,1
2015-2016 : Fall,European International College,Male,Non-National,4
2016-2017 : Fall,European International College,Male,National,4
2016-2017 : Fall,European International College,Male,Non-National,1
2016-2017 : Spring,European International College,Male,Non-National,3
2017-2018 : Fall,European International College,Male,National,8
2017-2018 : Fall,European International College,Male,Non-National,4
2019-2020 : Fall,European International College,Male,Non-National,1
2019-2020 : Spring,European International College,Male,Non-National,1
2012-2013 : Fall,European University College,Male,Non-National,1
2012-2013 : Spring,European University College,Male,National,1
2012-2013 : Spring,European University College,Male,Non-National,4
2014-2015 : Spring,European University College,Male,Non-National,1
2016-2017 : Fall,European University College,Male,Non-National,3
2016-2017 : Spring,European University College,Male,Non-National,1
2017-2018 : Fall,European University College,Male,Non-National,3
2018-2019 : Fall,European University College,Male,Non-National,8
2016-2017 : Fall,Fatima College Of Health Sciences ,Male,National,1
2019-2020 Full year courses,City University College of Ajman,Male,Non-National,6
2020-2021 : Spring,City University College of Ajman,Male,Non-National,41
2020-2021 : Summer 1,City University College of Ajman,Male,National,33
2020-2021 : Summer 1,City University College of Ajman,Male,Non-National,7
2020-2021 Full year courses,City University College of Ajman,Male,National,1
2020-2021 Full year courses,City University College of Ajman,Male,Non-National,7
2021-2022 : Fall,City University College of Ajman,Male,National,42
2021-2022 : Fall,City University College of Ajman,Male,Non-National,50
2021-2022 : Summer 1,City University College of Ajman,Male,Non-National,4
2021-2022 : Summer 2,City University College of Ajman,Male,National,2
2022-2023 : Fall,City University College of Ajman,Male,National,50
2018-2019 : Fall,Dubai Institute Of Design And Innovation ,Male,National,2
2018-2019 : Fall,Dubai Institute Of Design And Innovation ,Male,Non-National,9
2021-2022 : Fall,Dubai Institute Of Design And Innovation ,Male,Non-National,6
2019-2020 : Fall,Dubai Medical College for Girls,Male,Non-National,2
2020-2021 : Spring,Dubai Medical College for Girls,Male,National,3
2012-2013 : Fall,Emirates Academy of Hospitality Management,Male,Non-National,37
2014-2015 : Fall,Emirates Academy of Hospitality Management,Male,National,2
2015-2016 : Spring,Emirates Academy of Hospitality Management,Male,National,1
2017-2018 : Summer 1,Emirates Academy of Hospitality Management,Male,Non-National,8
2018-2019 : Fall,Emirates Academy of Hospitality Management,Male,National,2
2018-2019 : Fall,Emirates Academy of Hospitality Management,Male,Non-National,20
2018-2019 : Winter,Emirates Academy of Hospitality Management,Male,National,1
2019-2020 : Spring,Emirates Academy of Hospitality Management,Male,Non-National,9
2021-2022 : Spring,Emirates Academy of Hospitality Management,Male,National,1
2021-2022 : Spring,Emirates Academy of Hospitality Management,Male,Non-National,15
2012-2013 : Spring,Emirates Aviation University,Male,Non-National,14
2013-2014 : Spring,Emirates Aviation University,Male,Non-National,31
2014-2015 : Fall,Emirates Aviation University,Male,National,19
2014-2015 : Spring,Emirates Aviation University,Male,Non-National,86
2015-2016 : Fall,Emirates Aviation University,Male,Non-National,236
2016-2017 : Fall,Emirates Aviation University,Male,National,41
2016-2017 : Fall,Emirates Aviation University,Male,Non-National,192
2016-2017 : Spring,Emirates Aviation University,Male,National,26
2017-2018 : Fall,Emirates Aviation University,Male,Non-National,194
2017-2018 : Spring,Emirates Aviation University,Male,National,19
2017-2018 : Spring,Emirates Aviation University,Male,Non-National,48
2018-2019 : Fall,Emirates Aviation University,Male,National,54
2019-2020 : Summer 1,Emirates Aviation University,Male,National,4
2019-2020 : Summer 1,Emirates Aviation University,Male,Non-National,3
2020-2021 : Fall,Emirates Aviation University,Male,Non-National,90
2020-2021 : Spring,Emirates Aviation University,Male,National,21
2020-2021 : Spring,Emirates Aviation University,Male,Non-National,33
2021-2022 : Fall,Emirates Aviation University,Male,National,38
2021-2022 : Fall,Emirates Aviation University,Male,Non-National,90
2021-2022 : Spring,Emirates Aviation University,Male,National,43
2021-2022 : Spring,Emirates Aviation University,Male,Non-National,48
2021-2022 : Summer 1,Emirates Aviation University,Male,National,4
2022-2023 : Spring,Emirates Aviation University,Male,Non-National,53
2022-2023 : Spring,Fatima College Of Health Sciences ,Male,National,13
2012-2013 : Fall,Gulf Medical University,Male,National,2
2012-2013 : Spring,Gulf Medical University,Male,Non-National,3
2013-2014 : Fall,Gulf Medical University,Male,National,2
2015-2016 : Spring,Gulf Medical University,Male,National,1
2015-2016 : Spring,Gulf Medical University,Male,Non-National,9
2016-2017 : Fall,Gulf Medical University,Male,National,3
2016-2017 : Fall,Gulf Medical University,Male,Non-National,74
2018-2019 : Fall,Gulf Medical University,Male,National,1
2018-2019 : Fall,Gulf Medical University,Male,Non-National,40
2018-2019 Full year courses,Gulf Medical University,Male,National,4
2019-2020 : Fall,Gulf Medical University,Male,National,2
2019-2020 Full year courses,Gulf Medical University,Male,Non-National,52
2020-2021 Full year courses,Gulf Medical University,Male,National,2
2020-2021 Full year courses,Gulf Medical University,Male,Non-National,53
2021-2022 : Fall,Gulf Medical University,Male,Non-National,96
2021-2022 : Spring,Gulf Medical University,Male,Non-National,6
2021-2022 Full year courses,Gulf Medical University,Male,Non-National,61
2022-2023 : Fall,Gulf Medical University,Male,National,5
2012-2013 : Fall,Hamdan Bin Mohammed Smart University ,Male,National,38
2012-2013 : Fall,Hamdan Bin Mohammed Smart University ,Male,Non-National,35
2013-2014 : Spring,Hamdan Bin Mohammed Smart University ,Male,Non-National,16
2014-2015 : Fall,Hamdan Bin Mohammed Smart University ,Male,National,42
2014-2015 : Spring,Hamdan Bin Mohammed Smart University ,Male,National,25
2014-2015 : Spring,Hamdan Bin Mohammed Smart University ,Male,Non-National,16
2015-2016 : Fall,Hamdan Bin Mohammed Smart University ,Male,National,40
2015-2016 : Fall,Hamdan Bin Mohammed Smart University ,Male,Non-National,21
2015-2016 : Spring,Hamdan Bin Mohammed Smart University ,Male,National,29
2017-2018 : Spring,Hamdan Bin Mohammed Smart University ,Male,National,29
2018-2019 : Spring,Hamdan Bin Mohammed Smart University ,Male,National,29
2019-2020 : Fall,Hamdan Bin Mohammed Smart University ,Male,National,44
2019-2020 : Fall,Hamdan Bin Mohammed Smart University ,Male,Non-National,15
2019-2020 : Spring,Hamdan Bin Mohammed Smart University ,Male,National,23
2019-2020 : Spring,Hamdan Bin Mohammed Smart University ,Male,Non-National,5
2020-2021 : Fall,Hamdan Bin Mohammed Smart University ,Male,National,132
2020-2021 : Fall,Hamdan Bin Mohammed Smart University ,Male,Non-National,28
2020-2021 : Spring,Hamdan Bin Mohammed Smart University ,Male,National,74
2021-2022 : Spring,Hamdan Bin Mohammed Smart University ,Male,National,111
2021-2022 : Spring,Hamdan Bin Mohammed Smart University ,Male,Non-National,10
2022-2023 : Fall,Hamdan Bin Mohammed Smart University ,Male,Non-National,17
2012-2013 : Fall,Higher Colleges of Technology,Male,National,1267
2012-2013 : Fall,Higher Colleges of Technology,Male,Non-National,20
2013-2014 : Spring,Higher Colleges of Technology,Male,National,1158
2013-2014 : Spring,Higher Colleges of Technology,Male,Non-National,65
2014-2015 : Spring,Higher Colleges of Technology,Male,National,408
2014-2015 : Spring,Higher Colleges of Technology,Male,Non-National,43
2015-2016 : Fall,Higher Colleges of Technology,Male,National,1168
2015-2016 : Spring,Higher Colleges of Technology,Male,National,838
2015-2016 : Spring,Higher Colleges of Technology,Male,Non-National,252
2017-2018 : Fall,Higher Colleges of Technology,Male,Non-National,251
2013-2014 : Fall,Emirates Canadian University College,Male,National,22
2014-2015 : Fall,Emirates Canadian University College,Male,National,88
2014-2015 : Fall,Emirates Canadian University College,Male,Non-National,21
2014-2015 : Spring,Emirates Canadian University College,Male,National,66
2015-2016 : Fall,Emirates Canadian University College,Male,National,43
2015-2016 : Spring,Emirates Canadian University College,Male,National,13
2015-2016 : Spring,Emirates Canadian University College,Male,Non-National,8
2016-2017 : Fall,Emirates Canadian University College,Male,National,41
2016-2017 : Spring,Emirates Canadian University College,Male,National,25
2017-2018 : Fall,Emirates Canadian University College,Male,National,41
2017-2018 : Spring,Emirates Canadian University College,Male,National,24
2017-2018 : Spring,Emirates Canadian University College,Male,Non-National,14
2018-2019 : Spring,Emirates Canadian University College,Male,National,45
2018-2019 : Spring,Emirates Canadian University College,Male,Non-National,5
2018-2019 : Summer 1,Emirates Canadian University College,Male,Non-National,1
2019-2020 : Fall,Emirates Canadian University College,Male,National,26
2019-2020 : Spring,Emirates Canadian University College,Male,Non-National,4
2019-2020 : Summer 1,Emirates Canadian University College,Male,National,10
2019-2020 : Summer 1,Emirates Canadian University College,Male,Non-National,1
2019-2020 : Summer 2,Emirates Canadian University College,Male,Non-National,2
2020-2021 : Fall,Emirates Canadian University College,Male,National,79
2020-2021 : Spring,Emirates Canadian University College,Male,National,38
2020-2021 : Spring,Emirates Canadian University College,Male,Non-National,3
2020-2021 : Summer 1,Emirates Canadian University College,Male,National,29
2020-2021 : Summer 2,Emirates Canadian University College,Male,Non-National,8
2021-2022 : Fall,Emirates Canadian University College,Male,National,40
2021-2022 : Spring,Emirates Canadian University College,Male,Non-National,5
2021-2022 : Summer 1,Emirates Canadian University College,Male,National,4
2021-2022 : Summer 1,Emirates Canadian University College,Male,Non-National,1
2021-2022 : Summer 2,Emirates Canadian University College,Male,National,11
2013-2014 : Fall,Emirates College for Advanced Education,Male,National,9
2013-2014 : Fall,Emirates College for Advanced Education,Male,Non-National,8
2013-2014 : Spring,Emirates College for Advanced Education,Male,National,1
2014-2015 : Fall,Emirates College for Advanced Education,Male,National,6
2014-2015 : Fall,Emirates College for Advanced Education,Male,Non-National,8
2018-2019 : Spring,Emirates College for Advanced Education,Male,National,1
2020-2021 : Fall,Emirates College for Advanced Education,Male,National,1
2012-2013 : Fall,Emirates College for Management & Information Technology,Male,National,12
2012-2013 : Fall,Emirates College for Management & Information Technology,Male,Non-National,14
2012-2013 : Spring,Emirates College for Management & Information Technology,Male,National,5
2012-2013 : Spring,Emirates College for Management & Information Technology,Male,Non-National,14
2013-2014 : Spring,Emirates College for Management & Information Technology,Male,Non-National,9
2014-2015 : Spring,Emirates College for Management & Information Technology,Male,National,40
2016-2017 : Fall,Emirates College for Management & Information Technology,Male,Non-National,6
2016-2017 : Spring,Emirates College for Management & Information Technology,Male,Non-National,7
2017-2018 : Summer 1,Higher Colleges of Technology,Male,National,63
2018-2019 : Spring,Higher Colleges of Technology,Male,National,664
2018-2019 : Spring,Higher Colleges of Technology,Male,Non-National,7
2019-2020 : Fall,Higher Colleges of Technology,Male,National,819
2019-2020 : Fall,Higher Colleges of Technology,Male,Non-National,20
2019-2020 : Spring,Higher Colleges of Technology,Male,National,1283
2020-2021 : Fall,Higher Colleges of Technology,Male,National,657
2020-2021 : Fall,Higher Colleges of Technology,Male,Non-National,1
2021-2022 : Spring,Higher Colleges of Technology,Male,National,988
2022-2023 : Fall,Higher Colleges of Technology,Male,National,730
2022-2023 : Fall,Higher Colleges of Technology,Male,Non-National,122
2022-2023 : Spring,Higher Colleges of Technology,Male,National,1046
2012-2013 : Fall,Imam Malik College for Islamic Sharia' and Law,Male,National,33
2012-2013 : Spring,Imam Malik College for Islamic Sharia' and Law,Male,National,20
2012-2013 : Spring,Imam Malik College for Islamic Sharia' and Law,Male,Non-National,12
2013-2014 : Spring,Imam Malik College for Islamic Sharia' and Law,Male,National,24
2014-2015 : Spring,Imam Malik College for Islamic Sharia' and Law,Male,National,10
2015-2016 : Spring,Imam Malik College for Islamic Sharia' and Law,Male,National,15
2015-2016 : Spring,Imam Malik College for Islamic Sharia' and Law,Male,Non-National,8
2016-2017 : Fall,Imam Malik College for Islamic Sharia' and Law,Male,National,36
2016-2017 : Fall,Imam Malik College for Islamic Sharia' and Law,Male,Non-National,10
2016-2017 : Spring,Imam Malik College for Islamic Sharia' and Law,Male,National,28
2016-2017 : Spring,Imam Malik College for Islamic Sharia' and Law,Male,Non-National,16
2017-2018 : Fall,Imam Malik College for Islamic Sharia' and Law,Male,National,12
2017-2018 : Summer 1,Imam Malik College for Islamic Sharia' and Law,Male,National,3
2018-2019 : Fall,Imam Malik College for Islamic Sharia' and Law,Male,National,57
2018-2019 : Fall,Imam Malik College for Islamic Sharia' and Law,Male,Non-National,18
2018-2019 : Spring,Imam Malik College for Islamic Sharia' and Law,Male,National,24
2018-2019 : Spring,Imam Malik College for Islamic Sharia' and Law,Male,Non-National,6
2019-2020 : Fall,Imam Malik College for Islamic Sharia' and Law,Male,National,39
2019-2020 : Spring,Imam Malik College for Islamic Sharia' and Law,Male,National,40
2020-2021 : Fall,Imam Malik College for Islamic Sharia' and Law,Male,National,42
2021-2022 : Fall,Imam Malik College for Islamic Sharia' and Law,Male,Non-National,18
2021-2022 : Spring,Imam Malik College for Islamic Sharia' and Law,Male,National,31
2021-2022 : Spring,Imam Malik College for Islamic Sharia' and Law,Male,Non-National,11
2022-2023 : Fall,Imam Malik College for Islamic Sharia' and Law,Male,National,42
2012-2013 : Fall,Institute of Management Technology,Male,National,15
2012-2013 : Fall,Institute of Management Technology,Male,Non-National,86
2012-2013 : Spring,Institute of Management Technology,Male,Non-National,6
2013-2014 : Fall,Institute of Management Technology,Male,Non-National,85
2013-2014 : Spring,Institute of Management Technology,Male,National,18
2014-2015 : Spring,Institute of Management Technology,Male,National,17
2014-2015 : Spring,Institute of Management Technology,Male,Non-National,64
2015-2016 : Fall,Institute of Management Technology,Male,National,47
2015-2016 : Spring,Institute of Management Technology,Male,National,29
2015-2016 : Spring,Institute of Management Technology,Male,Non-National,12
2012-2013 : Fall,Emirates College of Technology,Male,National,302
2012-2013 : Spring,Emirates College of Technology,Male,National,179
2013-2014 : Fall,Emirates College of Technology,Male,National,314
2013-2014 : Fall,Emirates College of Technology,Male,Non-National,46
2013-2014 : Spring,Emirates College of Technology,Male,National,202
2013-2014 : Spring,Emirates College of Technology,Male,Non-National,30
2014-2015 : Fall,Emirates College of Technology,Male,National,210
2014-2015 : Fall,Emirates College of Technology,Male,Non-National,44
2014-2015 : Spring,Emirates College of Technology,Male,National,75
2014-2015 : Spring,Emirates College of Technology,Male,Non-National,31
2015-2016 : Fall,Emirates College of Technology,Male,National,107
2015-2016 : Fall,Emirates College of Technology,Male,Non-National,43
2015-2016 : Spring,Emirates College of Technology,Male,National,95
2015-2016 : Spring,Emirates College of Technology,Male,Non-National,37
2016-2017 : Fall,Emirates College of Technology,Male,National,124
2016-2017 : Fall,Emirates College of Technology,Male,Non-National,29
2016-2017 : Spring,Emirates College of Technology,Male,Non-National,36
2017-2018 : Fall,Emirates College of Technology,Male,National,47
2017-2018 : Fall,Emirates College of Technology,Male,Non-National,105
2017-2018 : Summer 1,Emirates College of Technology,Male,National,30
2018-2019 : Fall,Emirates College of Technology,Male,Non-National,52
2018-2019 : Spring,Emirates College of Technology,Male,National,90
2018-2019 : Spring,Emirates College of Technology,Male,Non-National,26
2018-2019 : Summer 1,Emirates College of Technology,Male,Non-National,9
2019-2020 : Fall,Emirates College of Technology,Male,National,70
2019-2020 : Fall,Emirates College of Technology,Male,Non-National,17
2019-2020 : Spring,Emirates College of Technology,Male,National,110
2019-2020 : Spring,Emirates College of Technology,Male,Non-National,25
2019-2020 : Summer 1,Emirates College of Technology,Male,National,35
2019-2020 : Summer 2,Emirates College of Technology,Male,National,33
2019-2020 : Summer 2,Emirates College of Technology,Male,Non-National,1
2020-2021 : Fall,Emirates College of Technology,Male,National,143
2020-2021 : Fall,Emirates College of Technology,Male,Non-National,6
2020-2021 : Spring,Emirates College of Technology,Male,Non-National,12
2020-2021 : Summer 1,Emirates College of Technology,Male,Non-National,3
2020-2021 : Summer 2,Emirates College of Technology,Male,National,43
2021-2022 : Summer 1,Emirates College of Technology,Male,Non-National,2
2021-2022 : Summer 2,Emirates College of Technology,Male,National,18
2022-2023 : Fall,Emirates College of Technology,Male,National,117
2022-2023 : Fall,Emirates College of Technology,Male,Non-National,35
2022-2023 : Spring,Emirates College of Technology,Male,National,126
2022-2023 : Winter,Emirates College of Technology,Male,National,6
2019-2020 : Fall,Emirates Diplomatic Academy,Male,National,19
2020-2021 : Fall,Emirates Diplomatic Academy,Male,National,21
2021-2022 : Fall,Emirates Diplomatic Academy,Male,National,26
2012-2013 : Spring,Emirates Institute for Banking and Financial Studies,Male,Non-National,25
2013-2014 : Spring,Emirates Institute for Banking and Financial Studies,Male,Non-National,70
2014-2015 : Fall,Emirates Institute for Banking and Financial Studies,Male,National,4
2014-2015 : Spring,Emirates Institute for Banking and Financial Studies,Male,Non-National,124
2015-2016 : Fall,Emirates Institute for Banking and Financial Studies,Male,Non-National,172
2016-2017 : Fall,Institute of Management Technology,Male,Non-National,61
2016-2017 : Spring,Institute of Management Technology,Male,Non-National,2
2018-2019 : Fall,Institute of Management Technology,Male,Non-National,25
2018-2019 : Spring,Institute of Management Technology,Male,National,139
2018-2019 : Spring,Institute of Management Technology,Male,Non-National,3
2019-2020 : Fall,Institute of Management Technology,Male,National,130
2019-2020 : Fall,Institute of Management Technology,Male,Non-National,19
2019-2020 : Spring,Institute of Management Technology,Male,National,113
2019-2020 : Summer 2,Institute of Management Technology,Male,National,33
2020-2021 : Fall,Institute of Management Technology,Male,National,147
2021-2022 : Spring,Institute of Management Technology,Male,National,1
2022-2023 : Fall,Institute of Management Technology,Male,National,38
2022-2023 : Fall,Institute of Management Technology,Male,Non-National,13
2022-2023 : Spring,Institute of Management Technology,Male,National,47
2015-2016 : Spring,International Horizons College,Male,Non-National,1
2013-2014 : Fall,Ittihad University,Male,National,1
2012-2013 : Fall,Jumeira University,Male,National,47
2012-2013 : Fall,Jumeira University,Male,Non-National,10
2013-2014 : Spring,Jumeira University,Male,National,8
2013-2014 : Spring,Jumeira University,Male,Non-National,8
2014-2015 : Fall,Jumeira University,Male,National,3
2014-2015 : Spring,Jumeira University,Male,National,4
2014-2015 : Spring,Jumeira University,Male,Non-National,14
2015-2016 : Fall,Jumeira University,Male,National,5
2015-2016 : Fall,Jumeira University,Male,Non-National,26
2015-2016 : Spring,Jumeira University,Male,National,1
2015-2016 : Spring,Jumeira University,Male,Non-National,9
2017-2018 : Spring,Jumeira University,Male,National,1
2018-2019 : Spring,Jumeira University,Male,National,3
2019-2020 : Spring,Jumeira University,Male,National,3
2019-2020 : Spring,Jumeira University,Male,Non-National,5
2020-2021 : Fall,Jumeira University,Male,National,5
2020-2021 : Fall,Jumeira University,Male,Non-National,15
2020-2021 : Spring,Jumeira University,Male,National,4
2021-2022 : Spring,Jumeira University,Male,National,3
2021-2022 : Spring,Jumeira University,Male,Non-National,3
2013-2014 : Fall,Khalifa University of Science and Technology,Male,National,154
2013-2014 : Fall,Khalifa University of Science and Technology,Male,Non-National,8
2013-2014 : Spring,Khalifa University of Science and Technology,Male,National,11
2014-2015 : Fall,Khalifa University of Science and Technology,Male,National,89
2014-2015 : Fall,Khalifa University of Science and Technology,Male,Non-National,5
2015-2016 : Fall,Khalifa University of Science and Technology,Male,Non-National,19
2015-2016 : Spring,Khalifa University of Science and Technology,Male,National,11
2015-2016 : Spring,Khalifa University of Science and Technology,Male,Non-National,20
2016-2017 : Fall,Khalifa University of Science and Technology,Male,National,239
2016-2017 : Spring,Khalifa University of Science and Technology,Male,National,4
2017-2018 : Fall,Khalifa University of Science and Technology,Male,National,250
2017-2018 : Fall,Khalifa University of Science and Technology,Male,Non-National,48
2018-2019 : Fall,Khalifa University of Science and Technology,Male,National,371
2018-2019 : Spring,Khalifa University of Science and Technology,Male,National,19
2018-2019 : Spring,Khalifa University of Science and Technology,Male,Non-National,18
2016-2017 : Fall,Emirates Institute for Banking and Financial Studies,Male,Non-National,204
2016-2017 : Spring,Emirates Institute for Banking and Financial Studies,Male,National,15
2017-2018 : Fall,Emirates Institute for Banking and Financial Studies,Male,Non-National,149
2017-2018 : Spring,Emirates Institute for Banking and Financial Studies,Male,National,23
2017-2018 : Spring,Emirates Institute for Banking and Financial Studies,Male,Non-National,185
2018-2019 : Fall,Emirates Institute for Banking and Financial Studies,Male,National,27
2020-2021 : Spring,Emirates Institute for Banking and Financial Studies,Male,National,32
2020-2021 : Spring,Emirates Institute for Banking and Financial Studies,Male,Non-National,89
2021-2022 : Fall,Emirates Institute for Banking and Financial Studies,Male,National,32
2021-2022 : Fall,Emirates Institute for Banking and Financial Studies,Male,Non-National,89
2021-2022 : Spring,Emirates Institute for Banking and Financial Studies,Male,National,29
2021-2022 : Spring,Emirates Institute for Banking and Financial Studies,Male,Non-National,59
2018-2019 : Spring,Emirates Institute for Citizenship and Residence,Male,National,17
2019-2020 : Fall,Emirates Institute for Citizenship and Residence,Male,National,10
2019-2020 : Spring,Emirates Institute for Citizenship and Residence,Male,National,10
2020-2021 : Spring,Emirates Institute for Citizenship and Residence,Male,National,20
2022-2023 : Fall,Emirates Institute for Citizenship and Residence,Male,National,25
2012-2013 : Fall,European International College,Male,Non-National,8
2013-2014 : Fall,European International College,Male,National,12
2014-2015 : Fall,European International College,Male,National,4
2015-2016 : Spring,European International College,Male,National,6
2016-2017 : Spring,European International College,Male,National,10
2018-2019 : Fall,European International College,Male,Non-National,1
2018-2019 : Spring,European International College,Male,National,2
2019-2020 : Spring,European International College,Male,National,1
2013-2014 : Fall,European University College,Male,National,1
2013-2014 : Fall,European University College,Male,Non-National,3
2013-2014 : Spring,European University College,Male,Non-National,2
2015-2016 : Fall,European University College,Male,Non-National,2
2018-2019 : Spring,European University College,Male,National,1
2020-2021 : Fall,European University College,Male,Non-National,3
2020-2021 : Fall,Fatima College Of Health Sciences ,Male,National,1
2022-2023 : Fall,Fatima College Of Health Sciences ,Male,National,19
2012-2013 : Fall,Gulf Medical University,Male,Non-National,38
2013-2014 : Fall,Gulf Medical University,Male,Non-National,55
2013-2014 : Spring,Gulf Medical University,Male,Non-National,2
2014-2015 : Fall,Gulf Medical University,Male,Non-National,66
2014-2015 : Spring,Gulf Medical University,Male,Non-National,1
2015-2016 : Fall,Gulf Medical University,Male,National,2
2015-2016 : Fall,Gulf Medical University,Male,Non-National,37
2017-2018 : Fall,Gulf Medical University,Male,National,4
2017-2018 : Fall,Gulf Medical University,Male,Non-National,79
2018-2019 Full year courses,Gulf Medical University,Male,Non-National,43
2019-2020 : Fall,Gulf Medical University,Male,Non-National,103
2019-2020 : Spring,Gulf Medical University,Male,Non-National,13
2019-2020 Full year courses,Gulf Medical University,Male,National,2
2020-2021 : Fall,Gulf Medical University,Male,National,6
2020-2021 : Fall,Gulf Medical University,Male,Non-National,92
2020-2021 : Fall,Khalifa University of Science and Technology,Male,Non-National,150
2020-2021 : Spring,Khalifa University of Science and Technology,Male,National,340
2020-2021 : Spring,Khalifa University of Science and Technology,Male,Non-National,90
2021-2022 : Fall,Khalifa University of Science and Technology,Male,National,135
2021-2022 : Fall,Khalifa University of Science and Technology,Male,Non-National,166
2022-2023 : Full year courses,Khalifa University of Science and Technology,Male,Non-National,13
2022-2023 : Spring,Khalifa University of Science and Technology,Male,National,142
2022-2023 : Winter,"London Business School, Dubai",Male,National,6
2012-2013 : Fall,MASDAR INSTITUTE OF SCIENCE & TECHNOLOGY ,Male,Non-National,61
2013-2014 : Fall,MASDAR INSTITUTE OF SCIENCE & TECHNOLOGY ,Male,National,30
2013-2014 : Spring,MASDAR INSTITUTE OF SCIENCE & TECHNOLOGY ,Male,Non-National,19
2014-2015 : Fall,MASDAR INSTITUTE OF SCIENCE & TECHNOLOGY ,Male,National,30
2014-2015 : Fall,MASDAR INSTITUTE OF SCIENCE & TECHNOLOGY ,Male,Non-National,67
2014-2015 : Spring,MASDAR INSTITUTE OF SCIENCE & TECHNOLOGY ,Male,Non-National,15
2015-2016 : Fall,MASDAR INSTITUTE OF SCIENCE & TECHNOLOGY ,Male,Non-National,48
2016-2017 : Fall,MASDAR INSTITUTE OF SCIENCE & TECHNOLOGY ,Male,National,28
2016-2017 : Fall,MENA College of Management,Male,National,41
2016-2017 : Spring,MENA College of Management,Male,National,72
2016-2017 : Spring,MENA College of Management,Male,Non-National,1
2017-2018 : Fall,MENA College of Management,Male,National,42
2017-2018 : Fall,MENA College of Management,Male,Non-National,17
2018-2019 : Fall,MENA College of Management,Male,National,45
2018-2019 : Fall,MENA College of Management,Male,Non-National,1
2019-2020 : Spring,MENA College of Management,Male,National,24
2020-2021 : Spring,Mohamed Bin Zayed University Of Artificial Intelligence,Male,Non-National,43
2021-2022 : Fall,Mohamed Bin Zayed University Of Artificial Intelligence,Male,National,5
2021-2022 : Fall,Mohamed Bin Zayed University Of Artificial Intelligence,Male,Non-National,44
2022-2023 : Fall,Mohamed Bin Zayed University Of Artificial Intelligence,Male,National,12
2013-2014 : Spring,Mohammed Bin Rashid School of Government,Male,National,5
2014-2015 : Spring,Mohammed Bin Rashid School of Government,Male,National,4
2015-2016 : Fall,Mohammed Bin Rashid School of Government,Male,National,3
2015-2016 : Spring,Mohammed Bin Rashid School of Government,Male,National,2
2015-2016 : Spring,Mohammed Bin Rashid School of Government,Male,Non-National,1
2016-2017 : Spring,Mohammed Bin Rashid School of Government,Male,Non-National,1
2017-2018 : Fall,Mohammed Bin Rashid School of Government,Male,National,26
2018-2019 : Fall,Mohammed Bin Rashid School of Government,Male,Non-National,6
2018-2019 : Spring,Mohammed Bin Rashid School of Government,Male,National,60
2019-2020 : Fall,Mohammed Bin Rashid School of Government,Male,National,20
2019-2020 : Fall,Mohammed Bin Rashid School of Government,Male,Non-National,1
2019-2020 : Spring,Mohammed Bin Rashid School of Government,Male,National,58
2020-2021 : Fall,Mohammed Bin Rashid School of Government,Male,National,22
2021-2022 : Fall,Mohammed Bin Rashid School of Government,Male,Non-National,2
2022-2023 : Fall,Mohammed Bin Rashid School of Government,Male,National,11
2022-2023 : Fall,Mohammed Bin Rashid School of Government,Male,Non-National,1
2018-2019 : Fall,Mohammed Bin Rashid University of Medicine And Health Sciences,Male,National,3
2020-2021 : Spring,Gulf Medical University,Male,National,2
2020-2021 : Spring,Gulf Medical University,Male,Non-National,2
2021-2022 : Fall,Gulf Medical University,Male,National,9
2022-2023 : Fall,Gulf Medical University,Male,Non-National,96
2022-2023 : Full year courses,Gulf Medical University,Male,Non-National,36
2022-2023 : Spring,Gulf Medical University,Male,National,1
2022-2023 : Spring,Gulf Medical University,Male,Non-National,15
2012-2013 : Spring,Hamdan Bin Mohammed Smart University ,Male,National,36
2012-2013 : Spring,Hamdan Bin Mohammed Smart University ,Male,Non-National,15
2013-2014 : Fall,Hamdan Bin Mohammed Smart University ,Male,National,38
2013-2014 : Fall,Hamdan Bin Mohammed Smart University ,Male,Non-National,45
2013-2014 : Spring,Hamdan Bin Mohammed Smart University ,Male,National,32
2014-2015 : Fall,Hamdan Bin Mohammed Smart University ,Male,Non-National,18
2015-2016 : Spring,Hamdan Bin Mohammed Smart University ,Male,Non-National,15
2016-2017 : Fall,Hamdan Bin Mohammed Smart University ,Male,National,62
2016-2017 : Fall,Hamdan Bin Mohammed Smart University ,Male,Non-National,15
2016-2017 : Spring,Hamdan Bin Mohammed Smart University ,Male,National,46
2016-2017 : Spring,Hamdan Bin Mohammed Smart University ,Male,Non-National,18
2017-2018 : Fall,Hamdan Bin Mohammed Smart University ,Male,National,29
2017-2018 : Fall,Hamdan Bin Mohammed Smart University ,Male,Non-National,39
2017-2018 : Spring,Hamdan Bin Mohammed Smart University ,Male,Non-National,19
2018-2019 : Fall,Hamdan Bin Mohammed Smart University ,Male,National,57
2018-2019 : Fall,Hamdan Bin Mohammed Smart University ,Male,Non-National,24
2018-2019 : Spring,Hamdan Bin Mohammed Smart University ,Male,Non-National,8
2020-2021 : Spring,Hamdan Bin Mohammed Smart University ,Male,Non-National,8
2021-2022 : Fall,Hamdan Bin Mohammed Smart University ,Male,National,133
2021-2022 : Fall,Hamdan Bin Mohammed Smart University ,Male,Non-National,19
2022-2023 : Fall,Hamdan Bin Mohammed Smart University ,Male,National,131
2022-2023 : Spring,Hamdan Bin Mohammed Smart University ,Male,National,147
2022-2023 : Spring,Hamdan Bin Mohammed Smart University ,Male,Non-National,17
2012-2013 : Spring,Higher Colleges of Technology,Male,National,842
2013-2014 : Fall,Higher Colleges of Technology,Male,National,2193
2014-2015 : Fall,Higher Colleges of Technology,Male,National,1526
2014-2015 : Fall,Higher Colleges of Technology,Male,Non-National,20
2015-2016 : Fall,Higher Colleges of Technology,Male,Non-National,52
2016-2017 : Fall,Higher Colleges of Technology,Male,National,2006
2016-2017 : Spring,Higher Colleges of Technology,Male,National,492
2017-2018 : Fall,Higher Colleges of Technology,Male,National,1194
2017-2018 : Spring,Higher Colleges of Technology,Male,National,901
2017-2018 : Spring,Higher Colleges of Technology,Male,Non-National,2
2018-2019 : Fall,Higher Colleges of Technology,Male,National,1330
2018-2019 : Summer 1,Higher Colleges of Technology,Male,National,103
2020-2021 : Spring,Higher Colleges of Technology,Male,National,1796
2020-2021 : Spring,Higher Colleges of Technology,Male,Non-National,83
2021-2022 : Fall,Higher Colleges of Technology,Male,National,600
2021-2022 : Fall,Higher Colleges of Technology,Male,Non-National,86
2021-2022 : Spring,Higher Colleges of Technology,Male,Non-National,60
2022-2023 : Spring,Higher Colleges of Technology,Male,Non-National,64
2012-2013 : Fall,Imam Malik College for Islamic Sharia' and Law,Male,Non-National,16
2019-2020 : Fall,Mohammed Bin Rashid University of Medicine And Health Sciences,Male,National,2
2019-2020 : Fall,Mohammed Bin Rashid University of Medicine And Health Sciences,Male,Non-National,22
2021-2022 : Fall,Mohammed Bin Rashid University of Medicine And Health Sciences,Male,National,4
2021-2022 : Spring,Mohammed Bin Rashid University of Medicine And Health Sciences,Male,Non-National,10
2022-2023 : Fall,Mohammed Bin Rashid University of Medicine And Health Sciences,Male,Non-National,20
2018-2019 : Fall,Mohammed V University Agdal Abu Dhabi,Male,National,39
2018-2019 : Fall,Mohammed V University Agdal Abu Dhabi,Male,Non-National,19
2022-2023 : Fall,Mohammed V University Agdal Abu Dhabi,Male,National,6
2022-2023 : Spring,Mohammed V University Agdal Abu Dhabi,Male,Non-National,27
2012-2013 : Fall,New York Institute of Technology,Male,National,6
2012-2013 : Spring,New York Institute of Technology,Male,National,8
2013-2014 : Fall,New York Institute of Technology,Male,National,2
2012-2013 : Fall,New York University Abu Dhabi,Male,National,20
2012-2013 : Fall,New York University Abu Dhabi,Male,Non-National,57
2013-2014 : Spring,New York University Abu Dhabi,Male,Non-National,74
2014-2015 : Spring,New York University Abu Dhabi,Male,National,4
2014-2015 : Spring,New York University Abu Dhabi,Male,Non-National,117
2015-2016 : Fall,New York University Abu Dhabi,Male,National,7
2015-2016 : Fall,New York University Abu Dhabi,Male,Non-National,128
2018-2019 : Fall,New York University Abu Dhabi,Male,Non-National,144
2019-2020 : Fall,New York University Abu Dhabi,Male,National,16
2019-2020 : Fall,New York University Abu Dhabi,Male,Non-National,175
2020-2021 : Fall,New York University Abu Dhabi,Male,National,21
2020-2021 : Fall,New York University Abu Dhabi,Male,Non-National,192
2021-2022 : Spring,New York University Abu Dhabi,Male,National,14
2022-2023 : Fall,New York University Abu Dhabi,Male,National,14
2022-2023 : Fall,New York University Abu Dhabi,Male,Non-National,220
2012-2013 : Spring,Paris Sorbonne University Abu Dhabi,Male,National,31
2012-2013 : Spring,Paris Sorbonne University Abu Dhabi,Male,Non-National,49
2013-2014 : Fall,Paris Sorbonne University Abu Dhabi,Male,National,29
2013-2014 : Fall,Paris Sorbonne University Abu Dhabi,Male,Non-National,49
2014-2015 : Fall,Paris Sorbonne University Abu Dhabi,Male,Non-National,14
2015-2016 : Spring,Paris Sorbonne University Abu Dhabi,Male,National,32
2016-2017 : Fall,Paris Sorbonne University Abu Dhabi,Male,National,2
2016-2017 : Fall,Paris Sorbonne University Abu Dhabi,Male,Non-National,4
2016-2017 : Spring,Paris Sorbonne University Abu Dhabi,Male,National,38
2016-2017 : Spring,Paris Sorbonne University Abu Dhabi,Male,Non-National,76
2017-2018 : Fall,Paris Sorbonne University Abu Dhabi,Male,Non-National,11
2018-2019 : Fall,Paris Sorbonne University Abu Dhabi,Male,National,23
2018-2019 : Fall,Paris Sorbonne University Abu Dhabi,Male,Non-National,20
2022-2023 : Spring,Paris Sorbonne University Abu Dhabi,Male,National,19
2022-2023 : Spring,Paris Sorbonne University Abu Dhabi,Male,Non-National,2
2013-2014 : Fall,RABDAN Academy,Male,National,56
2015-2016 : Fall,RABDAN Academy,Male,National,5
2017-2018 : Fall,RABDAN Academy,Male,National,78
2017-2018 : Fall,RABDAN Academy,Male,Non-National,4
2017-2018 : Spring,RABDAN Academy,Male,National,35
2019-2020 : Spring,RABDAN Academy,Male,National,130
2019-2020 : Spring,RABDAN Academy,Male,Non-National,2
2013-2014 : Fall,Imam Malik College for Islamic Sharia' and Law,Male,National,27
2013-2014 : Fall,Imam Malik College for Islamic Sharia' and Law,Male,Non-National,6
2013-2014 : Spring,Imam Malik College for Islamic Sharia' and Law,Male,Non-National,9
2014-2015 : Fall,Imam Malik College for Islamic Sharia' and Law,Male,National,19
2014-2015 : Fall,Imam Malik College for Islamic Sharia' and Law,Male,Non-National,12
2014-2015 : Spring,Imam Malik College for Islamic Sharia' and Law,Male,Non-National,7
2015-2016 : Fall,Imam Malik College for Islamic Sharia' and Law,Male,National,20
2015-2016 : Fall,Imam Malik College for Islamic Sharia' and Law,Male,Non-National,10
2017-2018 : Fall,Imam Malik College for Islamic Sharia' and Law,Male,Non-National,29
2017-2018 : Spring,Imam Malik College for Islamic Sharia' and Law,Male,National,22
2017-2018 : Spring,Imam Malik College for Islamic Sharia' and Law,Male,Non-National,10
2019-2020 : Fall,Imam Malik College for Islamic Sharia' and Law,Male,Non-National,14
2019-2020 : Spring,Imam Malik College for Islamic Sharia' and Law,Male,Non-National,11
2020-2021 : Fall,Imam Malik College for Islamic Sharia' and Law,Male,Non-National,13
2020-2021 : Spring,Imam Malik College for Islamic Sharia' and Law,Male,National,25
2020-2021 : Spring,Imam Malik College for Islamic Sharia' and Law,Male,Non-National,10
2021-2022 : Fall,Imam Malik College for Islamic Sharia' and Law,Male,National,28
2022-2023 : Fall,Imam Malik College for Islamic Sharia' and Law,Male,Non-National,23
2022-2023 : Spring,Imam Malik College for Islamic Sharia' and Law,Male,National,24
2022-2023 : Spring,Imam Malik College for Islamic Sharia' and Law,Male,Non-National,12
2015-2016 : Fall,INSEAD- The Business School for the World,Male,Non-National,40
2013-2014 : Fall,Institute of Management Technology,Male,National,29
2013-2014 : Spring,Institute of Management Technology,Male,Non-National,23
2014-2015 : Fall,Institute of Management Technology,Male,National,16
2014-2015 : Fall,Institute of Management Technology,Male,Non-National,82
2015-2016 : Fall,Institute of Management Technology,Male,Non-National,79
2016-2017 : Fall,Institute of Management Technology,Male,National,99
2016-2017 : Spring,Institute of Management Technology,Male,National,135
2017-2018 : Fall,Institute of Management Technology,Male,National,60
2017-2018 : Fall,Institute of Management Technology,Male,Non-National,195
2018-2019 : Fall,Institute of Management Technology,Male,National,88
2020-2021 : Fall,Institute of Management Technology,Male,Non-National,11
2020-2021 : Spring,Institute of Management Technology,Male,National,99
2020-2021 : Spring,Institute of Management Technology,Male,Non-National,11
2021-2022 : Fall,Institute of Management Technology,Male,National,89
2021-2022 : Spring,Institute of Management Technology,Male,Non-National,2
2022-2023 : Spring,Institute of Management Technology,Male,Non-National,1
2012-2013 : Spring,Jumeira University,Male,National,29
2012-2013 : Spring,Jumeira University,Male,Non-National,9
2013-2014 : Fall,Jumeira University,Male,National,28
2013-2014 : Fall,Jumeira University,Male,Non-National,15
2014-2015 : Fall,Jumeira University,Male,Non-National,16
2016-2017 : Fall,Jumeira University,Male,National,6
2016-2017 : Fall,Jumeira University,Male,Non-National,32
2016-2017 : Spring,Jumeira University,Male,National,1
2016-2017 : Spring,Jumeira University,Male,Non-National,6
2017-2018 : Fall,Jumeira University,Male,National,1
2017-2018 : Fall,Jumeira University,Male,Non-National,17
2019-2020 : Summer 1,RABDAN Academy,Male,National,68
2019-2020 : Summer 2,RABDAN Academy,Male,National,3
2020-2021 : Fall,RABDAN Academy,Male,National,63
2020-2021 : Fall,RABDAN Academy,Male,Non-National,12
2020-2021 : Spring,RABDAN Academy,Male,National,114
2021-2022 : Spring,RABDAN Academy,Male,National,162
2022-2023 : Fall,RABDAN Academy,Male,Non-National,5
2022-2023 : Winter,RABDAN Academy,Male,National,158
2022-2023 : Winter,RABDAN Academy,Male,Non-National,6
2012-2013 : Fall,Ras Al Khaimah Medical And Health Sciences University,Male,Non-National,69
2017-2018 Full year courses,Ras Al Khaimah Medical And Health Sciences University,Male,National,1
2017-2018 Full year courses,Ras Al Khaimah Medical And Health Sciences University,Male,Non-National,1
2019-2020 Full year courses,Ras Al Khaimah Medical And Health Sciences University,Male,National,8
2019-2020 Full year courses,Ras Al Khaimah Medical And Health Sciences University,Male,Non-National,83
2020-2021 : Spring,Ras Al Khaimah Medical And Health Sciences University,Male,Non-National,2
2020-2021 Full year courses,Ras Al Khaimah Medical And Health Sciences University,Male,National,3
2021-2022 : Fall,Ras Al Khaimah Medical And Health Sciences University,Male,National,7
2021-2022 : Fall,Ras Al Khaimah Medical And Health Sciences University,Male,Non-National,107
2012-2013 : Fall,Rochester Institute of Technology - Dubai,Male,National,1
2012-2013 : Fall,Rochester Institute of Technology - Dubai,Male,Non-National,3
2015-2016 : Fall,Rochester Institute of Technology - Dubai,Male,Non-National,122
2017-2018 : Winter,Rochester Institute of Technology - Dubai,Male,National,17
2017-2018 : Winter,Rochester Institute of Technology - Dubai,Male,Non-National,34
2018-2019 : Fall,Rochester Institute of Technology - Dubai,Male,National,22
2019-2020 : Spring,Rochester Institute of Technology - Dubai,Male,Non-National,18
2021-2022 : Fall,Rochester Institute of Technology - Dubai,Male,National,42
2021-2022 : Spring,Rochester Institute of Technology - Dubai,Male,National,35
2021-2022 : Spring,Rochester Institute of Technology - Dubai,Male,Non-National,47
2022-2023 : Fall,Rochester Institute of Technology - Dubai,Male,Non-National,263
2022-2023 : Spring,Rochester Institute of Technology - Dubai,Male,Non-National,62
2013-2014 : Fall,Royal College of Surgeons in Ireland- Dubai,Male,National,3
2013-2014 : Fall,Royal College of Surgeons in Ireland- Dubai,Male,Non-National,14
2014-2015 : Fall,Royal College of Surgeons in Ireland- Dubai,Male,National,7
2014-2015 : Fall,Royal College of Surgeons in Ireland- Dubai,Male,Non-National,17
2016-2017 : Fall,Royal College of Surgeons in Ireland- Dubai,Male,National,5
2016-2017 : Fall,Royal College of Surgeons in Ireland- Dubai,Male,Non-National,6
2017-2018 : Fall,Royal College of Surgeons in Ireland- Dubai,Male,National,4
2018-2019 : Fall,Royal College of Surgeons in Ireland- Dubai,Male,National,4
2018-2019 : Fall,Royal College of Surgeons in Ireland- Dubai,Male,Non-National,5
2020-2021 : Spring,Royal College of Surgeons in Ireland- Dubai,Male,Non-National,2
2022-2023 : Fall,Sharjah Performing Arts Academy,Male,Non-National,13
2012-2013 : Fall,Skyline University College,Male,National,87
2012-2013 : Spring,Skyline University College,Male,National,39
2012-2013 : Spring,Skyline University College,Male,Non-National,53
2013-2014 : Fall,Skyline University College,Male,Non-National,67
2014-2015 : Spring,Skyline University College,Male,National,45
2017-2018 : Spring,Jumeira University,Male,Non-National,1
2018-2019 : Fall,Jumeira University,Male,National,13
2018-2019 : Fall,Jumeira University,Male,Non-National,24
2018-2019 : Spring,Jumeira University,Male,Non-National,9
2019-2020 Full year courses,Jumeira University,Male,National,1
2019-2020 Full year courses,Jumeira University,Male,Non-National,10
2020-2021 : Spring,Jumeira University,Male,Non-National,15
2021-2022 : Fall,Jumeira University,Male,National,5
2021-2022 : Fall,Jumeira University,Male,Non-National,27
2012-2013 : Fall,Khalifa University of Science and Technology,Male,National,176
2012-2013 : Fall,Khalifa University of Science and Technology,Male,Non-National,25
2012-2013 : Spring,Khalifa University of Science and Technology,Male,National,144
2012-2013 : Spring,Khalifa University of Science and Technology,Male,Non-National,21
2013-2014 : Spring,Khalifa University of Science and Technology,Male,Non-National,2
2014-2015 : Spring,Khalifa University of Science and Technology,Male,National,11
2015-2016 : Fall,Khalifa University of Science and Technology,Male,National,135
2016-2017 : Fall,Khalifa University of Science and Technology,Male,Non-National,28
2017-2018 : Winter,Khalifa University of Science and Technology,Male,National,10
2017-2018 : Winter,Khalifa University of Science and Technology,Male,Non-National,10
2018-2019 : Fall,Khalifa University of Science and Technology,Male,Non-National,141
2019-2020 : Fall,Khalifa University of Science and Technology,Male,National,203
2019-2020 : Fall,Khalifa University of Science and Technology,Male,Non-National,124
2019-2020 : Spring,Khalifa University of Science and Technology,Male,National,71
2019-2020 : Spring,Khalifa University of Science and Technology,Male,Non-National,61
2020-2021 : Fall,Khalifa University of Science and Technology,Male,National,90
2021-2022 : Spring,Khalifa University of Science and Technology,Male,National,254
2021-2022 : Spring,Khalifa University of Science and Technology,Male,Non-National,71
2022-2023 : Fall,Khalifa University of Science and Technology,Male,National,103
2022-2023 : Fall,Khalifa University of Science and Technology,Male,Non-National,160
2022-2023 : Full year courses,Khalifa University of Science and Technology,Male,National,4
2022-2023 : Spring,Khalifa University of Science and Technology,Male,Non-National,61
2022-2023 : Winter,"London Business School, Dubai",Male,Non-National,128
2012-2013 : Fall,MASDAR INSTITUTE OF SCIENCE & TECHNOLOGY ,Male,National,24
2012-2013 : Spring,MASDAR INSTITUTE OF SCIENCE & TECHNOLOGY ,Male,National,2
2013-2014 : Fall,MASDAR INSTITUTE OF SCIENCE & TECHNOLOGY ,Male,Non-National,108
2013-2014 : Spring,MASDAR INSTITUTE OF SCIENCE & TECHNOLOGY ,Male,National,6
2014-2015 : Spring,MASDAR INSTITUTE OF SCIENCE & TECHNOLOGY ,Male,National,4
2015-2016 : Fall,MASDAR INSTITUTE OF SCIENCE & TECHNOLOGY ,Male,National,16
2015-2016 : Spring,MASDAR INSTITUTE OF SCIENCE & TECHNOLOGY ,Male,National,7
2015-2016 : Spring,MASDAR INSTITUTE OF SCIENCE & TECHNOLOGY ,Male,Non-National,11
2016-2017 : Fall,MASDAR INSTITUTE OF SCIENCE & TECHNOLOGY ,Male,Non-National,30
2017-2018 : Spring,MENA College of Management,Male,National,63
2017-2018 : Spring,MENA College of Management,Male,Non-National,1
2019-2020 : Spring,MENA College of Management,Male,Non-National,1
2020-2021 : Spring,Mohamed Bin Zayed University Of Artificial Intelligence,Male,National,6
2022-2023 : Fall,Mohamed Bin Zayed University Of Artificial Intelligence,Male,Non-National,71
2022-2023 : Spring,Mohamed Bin Zayed University Of Artificial Intelligence,Male,Non-National,4
2013-2014 : Spring,Mohammed Bin Rashid School of Government,Male,Non-National,1
2014-2015 : Fall,Mohammed Bin Rashid School of Government,Male,National,4
2014-2015 : Spring,Mohammed Bin Rashid School of Government,Male,Non-National,1
2016-2017 : Fall,Mohammed Bin Rashid School of Government,Male,National,5
2016-2017 : Fall,Mohammed Bin Rashid School of Government,Male,Non-National,1
2016-2017 : Spring,Mohammed Bin Rashid School of Government,Male,National,21
2017-2018 : Fall,Mohammed Bin Rashid School of Government,Male,Non-National,3
2017-2018 : Spring,Mohammed Bin Rashid School of Government,Male,National,27
2017-2018 : Spring,Mohammed Bin Rashid School of Government,Male,Non-National,3
2018-2019 : Fall,Mohammed Bin Rashid School of Government,Male,National,30
2019-2020 : Spring,Mohammed Bin Rashid School of Government,Male,Non-National,1
2020-2021 : Fall,Mohammed Bin Rashid School of Government,Male,Non-National,1
2020-2021 : Spring,Mohammed Bin Rashid School of Government,Male,National,17
2021-2022 : Fall,Mohammed Bin Rashid School of Government,Male,National,17
2021-2022 : Spring,Mohammed Bin Rashid School of Government,Male,National,35
2021-2022 : Spring,Mohammed Bin Rashid School of Government,Male,Non-National,2
2022-2023 : Spring,Mohammed Bin Rashid School of Government,Male,National,27
2022-2023 : Spring,Mohammed Bin Rashid School of Government,Male,Non-National,1
2016-2017 : Fall,Mohammed Bin Rashid University of Medicine And Health Sciences,Male,National,3
2016-2017 : Fall,Mohammed Bin Rashid University of Medicine And Health Sciences,Male,Non-National,17
2017-2018 : Fall,Mohammed Bin Rashid University of Medicine And Health Sciences,Male,National,1
2017-2018 : Fall,Mohammed Bin Rashid University of Medicine And Health Sciences,Male,Non-National,12
2018-2019 : Fall,Mohammed Bin Rashid University of Medicine And Health Sciences,Male,Non-National,15
2020-2021 : Fall,Mohammed Bin Rashid University of Medicine And Health Sciences,Male,National,5
2020-2021 : Fall,Mohammed Bin Rashid University of Medicine And Health Sciences,Male,Non-National,27
2021-2022 : Fall,Mohammed Bin Rashid University of Medicine And Health Sciences,Male,Non-National,16
2021-2022 : Spring,Mohammed Bin Rashid University of Medicine And Health Sciences,Male,National,3
2022-2023 : Fall,Mohammed Bin Rashid University of Medicine And Health Sciences,Male,National,3
2022-2023 : Spring,Mohammed Bin Rashid University of Medicine And Health Sciences,Male,Non-National,2
2015-2016 : Fall,Mohammed V University Agdal Abu Dhabi,Male,National,72
2015-2016 : Fall,Mohammed V University Agdal Abu Dhabi,Male,Non-National,57
2016-2017 : Fall,Mohammed V University Agdal Abu Dhabi,Male,National,25
2016-2017 : Fall,Mohammed V University Agdal Abu Dhabi,Male,Non-National,17
2017-2018 : Fall,Mohammed V University Agdal Abu Dhabi,Male,National,27
2017-2018 : Fall,Mohammed V University Agdal Abu Dhabi,Male,Non-National,25
2022-2023 : Spring,Mohammed V University Agdal Abu Dhabi,Male,National,56
2012-2013 : Fall,New York Institute of Technology,Male,Non-National,7
2012-2013 : Spring,New York Institute of Technology,Male,Non-National,5
2013-2014 : Fall,New York Institute of Technology,Male,Non-National,13
2013-2014 : Spring,New York Institute of Technology,Male,National,1
2013-2014 : Spring,New York Institute of Technology,Male,Non-National,2
2013-2014 : Fall,New York University Abu Dhabi,Male,National,7
2016-2017 : Fall,Skyline University College,Male,National,57
2016-2017 : Fall,Skyline University College,Male,Non-National,61
2016-2017 : Spring,Skyline University College,Male,National,52
2016-2017 : Spring,Skyline University College,Male,Non-National,23
2017-2018 : Fall,Skyline University College,Male,Non-National,78
2018-2019 : Fall,Skyline University College,Male,National,171
2018-2019 : Fall,Skyline University College,Male,Non-National,55
2019-2020 : Fall,Skyline University College,Male,National,183
2019-2020 : Spring,Skyline University College,Male,National,99
2021-2022 : Fall,Skyline University College,Male,Non-National,9
2021-2022 : Spring,Skyline University College,Male,National,2
2022-2023 : Fall,Skyline University College,Male,National,80
2022-2023 : Spring,Skyline University College,Male,National,89
2022-2023 : Spring,Skyline University College,Male,Non-National,24
2012-2013 : Fall,Syscoms College,Male,National,214
2012-2013 : Spring,Syscoms College,Male,National,158
2012-2013 : Spring,Syscoms College,Male,Non-National,1
2013-2014 : Fall,Syscoms College,Male,Non-National,10
2013-2014 : Spring,Syscoms College,Male,National,59
2014-2015 : Spring,Syscoms College,Male,National,67
2015-2016 : Spring,Syscoms College,Male,Non-National,14
2016-2017 : Fall,Syscoms College,Male,Non-National,9
2016-2017 : Spring,Syscoms College,Male,National,69
2016-2017 : Spring,Syscoms College,Male,Non-National,12
2017-2018 : Fall,Syscoms College,Male,Non-National,69
2018-2019 : Summer 1,Syscoms College,Male,National,20
2018-2019 : Summer 1,Syscoms College,Male,Non-National,2
2019-2020 : Fall,Syscoms College,Male,National,53
2019-2020 : Spring,Syscoms College,Male,National,12
2012-2013 : Fall,The British University in Dubai,Male,National,16
2012-2013 : Fall,The British University in Dubai,Male,Non-National,37
2012-2013 : Spring,The British University in Dubai,Male,Non-National,25
2014-2015 : Fall,The British University in Dubai,Male,National,22
2014-2015 : Spring,The British University in Dubai,Male,Non-National,34
2015-2016 : Spring,The British University in Dubai,Male,National,18
2017-2018 : Winter,The British University in Dubai,Male,Non-National,22
2018-2019 : Spring,The British University in Dubai,Male,National,13
2019-2020 : Fall,The British University in Dubai,Male,National,66
2019-2020 : Fall,The British University in Dubai,Male,Non-National,114
2019-2020 : Spring,The British University in Dubai,Male,National,13
2019-2020 : Spring,The British University in Dubai,Male,Non-National,24
2020-2021 : Spring,The British University in Dubai,Male,National,17
2021-2022 : Spring,The British University in Dubai,Male,National,30
2021-2022 : Spring,The British University in Dubai,Male,Non-National,25
2022-2023 : Fall,The British University in Dubai,Male,National,16
2022-2023 : Fall,The British University in Dubai,Male,Non-National,81
2012-2013 : Fall,THE PETROLEUM INSTITUTE ,Male,Non-National,50
2014-2015 : Fall,THE PETROLEUM INSTITUTE ,Male,National,93
2015-2016 : Spring,THE PETROLEUM INSTITUTE ,Male,National,24
2012-2013 : Fall,United Arab Emirates University,Male,National,533
2012-2013 : Fall,United Arab Emirates University,Male,Non-National,209
2012-2013 : Spring,United Arab Emirates University,Male,National,77
2012-2013 : Spring,United Arab Emirates University,Male,Non-National,162
2013-2014 : Fall,United Arab Emirates University,Male,Non-National,146
2013-2014 : Fall,New York University Abu Dhabi,Male,Non-National,74
2013-2014 : Spring,New York University Abu Dhabi,Male,National,9
2014-2015 : Fall,New York University Abu Dhabi,Male,National,4
2014-2015 : Fall,New York University Abu Dhabi,Male,Non-National,115
2016-2017 : Fall,New York University Abu Dhabi,Male,National,11
2016-2017 : Fall,New York University Abu Dhabi,Male,Non-National,132
2017-2018 : Fall,New York University Abu Dhabi,Male,Non-National,155
2018-2019 : Fall,New York University Abu Dhabi,Male,National,26
2020-2021 : Summer 1,New York University Abu Dhabi,Male,National,3
2020-2021 : Summer 1,New York University Abu Dhabi,Male,Non-National,2
2021-2022 : Fall,New York University Abu Dhabi,Male,National,22
2021-2022 : Fall,New York University Abu Dhabi,Male,Non-National,217
2021-2022 : Summer 1,New York University Abu Dhabi,Male,Non-National,4
2012-2013 : Fall,Paris Sorbonne University Abu Dhabi,Male,National,31
2012-2013 : Fall,Paris Sorbonne University Abu Dhabi,Male,Non-National,49
2013-2014 : Spring,Paris Sorbonne University Abu Dhabi,Male,National,17
2013-2014 : Spring,Paris Sorbonne University Abu Dhabi,Male,Non-National,63
2014-2015 : Fall,Paris Sorbonne University Abu Dhabi,Male,National,11
2014-2015 : Spring,Paris Sorbonne University Abu Dhabi,Male,National,29
2014-2015 : Spring,Paris Sorbonne University Abu Dhabi,Male,Non-National,86
2015-2016 : Fall,Paris Sorbonne University Abu Dhabi,Male,Non-National,1
2015-2016 : Spring,Paris Sorbonne University Abu Dhabi,Male,Non-National,90
2019-2020 : Fall,Paris Sorbonne University Abu Dhabi,Male,National,31
2019-2020 : Fall,Paris Sorbonne University Abu Dhabi,Male,Non-National,10
2015-2016 : Spring,RABDAN Academy,Male,National,7
2016-2017 : Fall,RABDAN Academy,Male,National,69
2016-2017 : Spring,RABDAN Academy,Male,National,35
2018-2019 : Fall,RABDAN Academy,Male,National,130
2018-2019 : Spring,RABDAN Academy,Male,National,183
2018-2019 : Summer 1,RABDAN Academy,Male,National,6
2019-2020 : Fall,RABDAN Academy,Male,National,143
2019-2020 : Summer 1,RABDAN Academy,Male,Non-National,1
2020-2021 : Spring,RABDAN Academy,Male,Non-National,1
2020-2021 : Summer 1,RABDAN Academy,Male,National,13
2021-2022 : Fall,RABDAN Academy,Male,National,44
2021-2022 : Spring,RABDAN Academy,Male,Non-National,2
2022-2023 : Fall,RABDAN Academy,Male,National,145
2013-2014 : Fall,Ras Al Khaimah Medical And Health Sciences University,Male,Non-National,100
2014-2015 : Fall,Ras Al Khaimah Medical And Health Sciences University,Male,National,3
2014-2015 : Fall,Ras Al Khaimah Medical And Health Sciences University,Male,Non-National,94
2015-2016 : Fall,Ras Al Khaimah Medical And Health Sciences University,Male,National,2
2015-2016 : Fall,Ras Al Khaimah Medical And Health Sciences University,Male,Non-National,115
2016-2017 : Fall,Ras Al Khaimah Medical And Health Sciences University,Male,National,3
2016-2017 : Fall,Ras Al Khaimah Medical And Health Sciences University,Male,Non-National,101
2017-2018 : Fall,Ras Al Khaimah Medical And Health Sciences University,Male,National,5
2017-2018 : Fall,Ras Al Khaimah Medical And Health Sciences University,Male,Non-National,63
2018-2019 Full year courses,Ras Al Khaimah Medical And Health Sciences University,Male,National,5
2018-2019 Full year courses,Ras Al Khaimah Medical And Health Sciences University,Male,Non-National,75
2019-2020 : Spring,Ras Al Khaimah Medical And Health Sciences University,Male,National,8
2013-2014 : Spring,United Arab Emirates University,Male,National,76
2013-2014 : Spring,United Arab Emirates University,Male,Non-National,193
2014-2015 : Spring,United Arab Emirates University,Male,National,54
2014-2015 : Spring,United Arab Emirates University,Male,Non-National,62
2015-2016 : Fall,United Arab Emirates University,Male,National,316
2015-2016 : Spring,United Arab Emirates University,Male,National,81
2015-2016 : Spring,United Arab Emirates University,Male,Non-National,78
2016-2017 : Fall,United Arab Emirates University,Male,Non-National,157
2016-2017 : Spring,United Arab Emirates University,Male,Non-National,62
2017-2018 : Fall,United Arab Emirates University,Male,Non-National,272
2018-2019 : Fall,United Arab Emirates University,Male,Non-National,196
2018-2019 : Spring,United Arab Emirates University,Male,Non-National,77
2018-2019 : Summer 1,United Arab Emirates University,Male,Non-National,1
2019-2020 : Fall,United Arab Emirates University,Male,National,262
2019-2020 : Fall,United Arab Emirates University,Male,Non-National,169
2019-2020 : Spring,United Arab Emirates University,Male,National,212
2019-2020 : Spring,United Arab Emirates University,Male,Non-National,102
2020-2021 : Fall,United Arab Emirates University,Male,National,149
2021-2022 : Spring,United Arab Emirates University,Male,National,316
2022-2023 : Fall,United Arab Emirates University,Male,National,111
2022-2023 : Fall,United Arab Emirates University,Male,Non-National,180
2022-2023 : Full year courses,United Arab Emirates University,Male,National,11
2022-2023 : Spring,United Arab Emirates University,Male,National,150
2018-2019 : Spring,University of Balamand Dubai,Male,National,2
2019-2020 : Fall,University of Balamand Dubai,Male,Non-National,13
2019-2020 : Spring,University of Balamand Dubai,Male,Non-National,1
2012-2013 : Fall,University of Dubai,Male,National,18
2012-2013 : Fall,University of Dubai,Male,Non-National,59
2012-2013 : Spring,University of Dubai,Male,Non-National,15
2014-2015 : Fall,University of Dubai,Male,National,22
2014-2015 : Spring,University of Dubai,Male,National,3
2014-2015 : Spring,University of Dubai,Male,Non-National,17
2015-2016 : Fall,University of Dubai,Male,Non-National,36
2015-2016 : Spring,University of Dubai,Male,National,23
2017-2018 : Spring,University of Dubai,Male,National,41
2017-2018 : Winter,University of Dubai,Male,National,1
2018-2019 : Spring,University of Dubai,Male,National,54
2018-2019 : Summer 1,University of Dubai,Male,National,15
2018-2019 : Summer 1,University of Dubai,Male,Non-National,2
2019-2020 : Fall,University of Dubai,Male,National,106
2019-2020 : Fall,University of Dubai,Male,Non-National,32
2019-2020 : Spring,University of Dubai,Male,National,96
2019-2020 : Spring,University of Dubai,Male,Non-National,13
2019-2020 : Summer 1,University of Dubai,Male,National,7
2020-2021 : Spring,University of Dubai,Male,National,103
2020-2021 : Summer 2,University of Dubai,Male,National,8
2020-2021 : Winter,University of Dubai,Male,National,6
2021-2022 : Spring,University of Dubai,Male,National,55
2021-2022 : Spring,University of Dubai,Male,Non-National,6
2021-2022 : Summer 1,University of Dubai,Male,National,5
2021-2022 : Summer 1,University of Dubai,Male,Non-National,1
2021-2022 : Winter,University of Dubai,Male,National,1
2022-2023 : Fall,University of Dubai,Male,National,56
2022-2023 : Fall,University of Dubai,Male,Non-National,33
2019-2020 : Spring,Ras Al Khaimah Medical And Health Sciences University,Male,Non-National,83
2020-2021 Full year courses,Ras Al Khaimah Medical And Health Sciences University,Male,Non-National,85
2022-2023 : Fall,Ras Al Khaimah Medical And Health Sciences University,Male,National,4
2022-2023 : Fall,Ras Al Khaimah Medical And Health Sciences University,Male,Non-National,93
2013-2014 : Fall,Rochester Institute of Technology - Dubai,Male,National,5
2013-2014 : Fall,Rochester Institute of Technology - Dubai,Male,Non-National,78
2013-2014 : Spring,Rochester Institute of Technology - Dubai,Male,National,1
2013-2014 : Spring,Rochester Institute of Technology - Dubai,Male,Non-National,13
2014-2015 : Fall,Rochester Institute of Technology - Dubai,Male,National,5
2014-2015 : Fall,Rochester Institute of Technology - Dubai,Male,Non-National,84
2014-2015 : Spring,Rochester Institute of Technology - Dubai,Male,National,1
2014-2015 : Spring,Rochester Institute of Technology - Dubai,Male,Non-National,10
2015-2016 : Fall,Rochester Institute of Technology - Dubai,Male,National,11
2016-2017 : Fall,Rochester Institute of Technology - Dubai,Male,National,32
2016-2017 : Fall,Rochester Institute of Technology - Dubai,Male,Non-National,135
2017-2018 : Fall,Rochester Institute of Technology - Dubai,Male,National,19
2017-2018 : Fall,Rochester Institute of Technology - Dubai,Male,Non-National,68
2018-2019 : Fall,Rochester Institute of Technology - Dubai,Male,Non-National,121
2018-2019 : Spring,Rochester Institute of Technology - Dubai,Male,National,10
2018-2019 : Spring,Rochester Institute of Technology - Dubai,Male,Non-National,28
2019-2020 : Fall,Rochester Institute of Technology - Dubai,Male,National,37
2019-2020 : Fall,Rochester Institute of Technology - Dubai,Male,Non-National,113
2019-2020 : Spring,Rochester Institute of Technology - Dubai,Male,National,5
2020-2021 : Fall,Rochester Institute of Technology - Dubai,Male,National,42
2020-2021 : Fall,Rochester Institute of Technology - Dubai,Male,Non-National,202
2020-2021 : Spring,Rochester Institute of Technology - Dubai,Male,National,32
2020-2021 : Spring,Rochester Institute of Technology - Dubai,Male,Non-National,41
2021-2022 : Fall,Rochester Institute of Technology - Dubai,Male,Non-National,232
2022-2023 : Fall,Rochester Institute of Technology - Dubai,Male,National,35
2022-2023 : Spring,Rochester Institute of Technology - Dubai,Male,National,21
2012-2013 : Fall,Royal College of Surgeons in Ireland- Dubai,Male,National,3
2012-2013 : Fall,Royal College of Surgeons in Ireland- Dubai,Male,Non-National,9
2015-2016 : Fall,Royal College of Surgeons in Ireland- Dubai,Male,National,1
2015-2016 : Fall,Royal College of Surgeons in Ireland- Dubai,Male,Non-National,9
2017-2018 : Fall,Royal College of Surgeons in Ireland- Dubai,Male,Non-National,12
2017-2018 : Spring,Royal College of Surgeons in Ireland- Dubai,Male,National,1
2019-2020 : Fall,Royal College of Surgeons in Ireland- Dubai,Male,National,2
2019-2020 : Fall,Royal College of Surgeons in Ireland- Dubai,Male,Non-National,9
2020-2021 : Fall,Royal College of Surgeons in Ireland- Dubai,Male,National,9
2020-2021 : Fall,Royal College of Surgeons in Ireland- Dubai,Male,Non-National,5
2020-2021 : Spring,Royal College of Surgeons in Ireland- Dubai,Male,National,8
2022-2023 : Fall,Sharjah Performing Arts Academy,Male,National,1
2012-2013 : Fall,Skyline University College,Male,Non-National,69
2013-2014 : Fall,Skyline University College,Male,National,80
2012-2013 : Fall,University of Fujairah,Male,National,29
2012-2013 : Fall,University of Fujairah,Male,Non-National,3
2012-2013 : Spring,University of Fujairah,Male,Non-National,1
2015-2016 : Spring,University of Fujairah,Male,National,17
2016-2017 : Spring,University of Fujairah,Male,National,35
2017-2018 : Summer 1,University of Fujairah,Male,National,2
2017-2018 : Winter,University of Fujairah,Male,National,30
2017-2018 : Winter,University of Fujairah,Male,Non-National,4
2018-2019 : Fall,University of Fujairah,Male,National,63
2018-2019 : Fall,University of Fujairah,Male,Non-National,10
2018-2019 : Summer 1,University of Fujairah,Male,National,1
2020-2021 : Spring,University of Fujairah,Male,National,17
2021-2022 : Fall,University of Fujairah,Male,National,31
2022-2023 : Fall,University of Fujairah,Male,Non-National,46
2022-2023 : Winter,University of Fujairah,Male,Non-National,10
2012-2013 : Fall,University of Jazeera,Male,National,3384
2012-2013 : Spring,University of Jazeera,Male,National,714
2012-2013 : Spring,University of Jazeera,Male,Non-National,45
2013-2014 : Fall,University of Jazeera,Male,Non-National,195
2012-2013 : Fall,University of Modern Sciences,Male,National,110
2013-2014 : Spring,University of Modern Sciences,Male,National,699
2014-2015 : Fall,University of Modern Sciences,Male,Non-National,10
2014-2015 : Spring,University of Modern Sciences,Male,National,295
2015-2016 : Spring,University of Modern Sciences,Male,National,288
2015-2016 : Spring,University of Modern Sciences,Male,Non-National,17
2016-2017 : Fall,University of Modern Sciences,Male,National,101
2016-2017 : Spring,University of Modern Sciences,Male,National,88
2016-2017 : Spring,University of Modern Sciences,Male,Non-National,9
2017-2018 : Fall,University of Modern Sciences,Male,National,55
2018-2019 : Spring,University of Modern Sciences,Male,National,1
2019-2020 : Spring,University of Modern Sciences,Male,National,2
2020-2021 : Fall,University Of Science And Technology of Fujairah,Male,Non-National,25
2021-2022 : Fall,University Of Science And Technology of Fujairah,Male,National,37
2021-2022 : Fall,University Of Science And Technology of Fujairah,Male,Non-National,13
2021-2022 : Spring,University Of Science And Technology of Fujairah,Male,National,19
2021-2022 : Spring,University Of Science And Technology of Fujairah,Male,Non-National,4
2022-2023 : Fall,University Of Science And Technology of Fujairah,Male,Non-National,9
2022-2023 : Spring,University Of Science And Technology of Fujairah,Male,National,12
2022-2023 : Spring,University Of Science And Technology of Fujairah,Male,Non-National,5
2012-2013 : Spring,University of Sharjah,Male,National,127
2013-2014 : Fall,University of Sharjah,Male,National,348
2013-2014 : Fall,University of Sharjah,Male,Non-National,697
2014-2015 : Fall,University of Sharjah,Male,National,312
2014-2015 : Fall,University of Sharjah,Male,Non-National,680
2016-2017 : Fall,University of Sharjah,Male,National,487
2016-2017 : Fall,University of Sharjah,Male,Non-National,671
2016-2017 : Spring,University of Sharjah,Male,National,83
2016-2017 : Spring,University of Sharjah,Male,Non-National,185
2017-2018 : Fall,University of Sharjah,Male,National,479
2017-2018 : Fall,University of Sharjah,Male,Non-National,853
2017-2018 : Spring,University of Sharjah,Male,Non-National,161
2018-2019 : Fall,University of Sharjah,Male,National,635
2018-2019 : Fall,University of Sharjah,Male,Non-National,545
2013-2014 : Spring,Skyline University College,Male,National,47
2013-2014 : Spring,Skyline University College,Male,Non-National,31
2014-2015 : Fall,Skyline University College,Male,National,43
2014-2015 : Fall,Skyline University College,Male,Non-National,61
2014-2015 : Spring,Skyline University College,Male,Non-National,31
2015-2016 : Fall,Skyline University College,Male,National,47
2015-2016 : Fall,Skyline University College,Male,Non-National,57
2015-2016 : Spring,Skyline University College,Male,National,47
2015-2016 : Spring,Skyline University College,Male,Non-National,40
2017-2018 : Fall,Skyline University College,Male,National,49
2017-2018 : Spring,Skyline University College,Male,National,75
2017-2018 : Spring,Skyline University College,Male,Non-National,23
2019-2020 : Fall,Skyline University College,Male,Non-National,28
2019-2020 : Spring,Skyline University College,Male,Non-National,17
2020-2021 : Fall,Skyline University College,Male,National,218
2020-2021 : Fall,Skyline University College,Male,Non-National,16
2020-2021 : Spring,Skyline University College,Male,National,90
2020-2021 : Spring,Skyline University College,Male,Non-National,6
2021-2022 : Fall,Skyline University College,Male,National,66
2021-2022 : Spring,Skyline University College,Male,Non-National,4
2022-2023 : Fall,Skyline University College,Male,Non-National,44
2012-2013 : Fall,Syscoms College,Male,Non-National,12
2013-2014 : Fall,Syscoms College,Male,National,117
2013-2014 : Spring,Syscoms College,Male,Non-National,9
2014-2015 : Fall,Syscoms College,Male,National,95
2014-2015 : Fall,Syscoms College,Male,Non-National,19
2014-2015 : Spring,Syscoms College,Male,Non-National,19
2015-2016 : Fall,Syscoms College,Male,National,165
2015-2016 : Fall,Syscoms College,Male,Non-National,43
2015-2016 : Spring,Syscoms College,Male,National,70
2016-2017 : Fall,Syscoms College,Male,National,111
2017-2018 : Fall,Syscoms College,Male,National,25
2017-2018 : Spring,Syscoms College,Male,National,50
2017-2018 : Spring,Syscoms College,Male,Non-National,7
2018-2019 : Spring,Syscoms College,Male,National,21
2018-2019 : Spring,Syscoms College,Male,Non-National,10
2019-2020 : Fall,Syscoms College,Male,Non-National,3
2019-2020 : Spring,Syscoms College,Male,Non-National,1
2012-2013 : Spring,The British University in Dubai,Male,National,5
2013-2014 : Fall,The British University in Dubai,Male,National,20
2013-2014 : Fall,The British University in Dubai,Male,Non-National,50
2013-2014 : Spring,The British University in Dubai,Male,National,1
2013-2014 : Spring,The British University in Dubai,Male,Non-National,5
2014-2015 : Fall,The British University in Dubai,Male,Non-National,56
2014-2015 : Spring,The British University in Dubai,Male,National,17
2015-2016 : Fall,The British University in Dubai,Male,National,24
2015-2016 : Fall,The British University in Dubai,Male,Non-National,65
2015-2016 : Spring,The British University in Dubai,Male,Non-National,45
2016-2017 : Fall,The British University in Dubai,Male,National,36
2016-2017 : Fall,The British University in Dubai,Male,Non-National,51
2016-2017 : Spring,The British University in Dubai,Male,National,14
2016-2017 : Spring,The British University in Dubai,Male,Non-National,34
2017-2018 : Fall,The British University in Dubai,Male,National,29
2017-2018 : Fall,The British University in Dubai,Male,Non-National,63
2017-2018 : Winter,The British University in Dubai,Male,National,13
2018-2019 : Spring,University of Sharjah,Male,National,130
2018-2019 : Spring,University of Sharjah,Male,Non-National,135
2018-2019 : Summer 1,University of Sharjah,Male,Non-National,1
2018-2019 Full year courses,University of Sharjah,Male,National,10
2018-2019 Full year courses,University of Sharjah,Male,Non-National,114
2019-2020 : Summer 1,University of Sharjah,Male,Non-National,1
2020-2021 : Spring,University of Sharjah,Male,Non-National,125
2020-2021 : Summer 1,University of Sharjah,Male,National,2
2020-2021 : Summer 1,University of Sharjah,Male,Non-National,1
2021-2022 : Fall,University of Sharjah,Male,National,376
2021-2022 : Fall,University of Sharjah,Male,Non-National,521
2022-2023 : Spring,University of Sharjah,Male,National,461
2022-2023 : Spring,University of Sharjah,Male,Non-National,110
2013-2014 : Fall,University of Strathclyde Business School- UAE,Male,National,2
2013-2014 : Spring,University of Strathclyde Business School- UAE,Male,Non-National,28
2014-2015 : Fall,University of Strathclyde Business School- UAE,Male,National,5
2014-2015 : Fall,University of Strathclyde Business School- UAE,Male,Non-National,40
2014-2015 : Spring,University of Strathclyde Business School- UAE,Male,Non-National,22
2015-2016 : Fall,University of Strathclyde Business School- UAE,Male,Non-National,33
2016-2017 : Fall,University of Strathclyde Business School- UAE,Male,National,1
2016-2017 : Spring,University of Strathclyde Business School- UAE,Male,National,2
2019-2020 : Spring,University of Strathclyde Business School- UAE,Male,Non-National,1
2021-2022 : Fall,University of Strathclyde Business School- UAE,Male,National,1
2022-2023 : Spring,University of Strathclyde Business School- UAE,Male,Non-National,3
2012-2013 : Fall,University of Wollongong in Dubai,Male,National,76
2012-2013 : Spring,University of Wollongong in Dubai,Male,National,46
2012-2013 : Spring,University of Wollongong in Dubai,Male,Non-National,246
2013-2014 : Fall,University of Wollongong in Dubai,Male,Non-National,468
2013-2014 : Spring,University of Wollongong in Dubai,Male,Non-National,261
2014-2015 : Fall,University of Wollongong in Dubai,Male,Non-National,500
2015-2016 : Fall,University of Wollongong in Dubai,Male,National,18
2016-2017 : Fall,University of Wollongong in Dubai,Male,National,38
2016-2017 : Fall,University of Wollongong in Dubai,Male,Non-National,307
2016-2017 : Spring,University of Wollongong in Dubai,Male,National,22
2016-2017 : Spring,University of Wollongong in Dubai,Male,Non-National,183
2017-2018 : Fall,University of Wollongong in Dubai,Male,National,5
2017-2018 : Fall,University of Wollongong in Dubai,Male,Non-National,97
2017-2018 : Summer 1,University of Wollongong in Dubai,Male,National,6
2017-2018 : Summer 1,University of Wollongong in Dubai,Male,Non-National,73
2018-2019 : Fall,University of Wollongong in Dubai,Male,National,28
2018-2019 : Fall,University of Wollongong in Dubai,Male,Non-National,259
2018-2019 : Spring,University of Wollongong in Dubai,Male,Non-National,133
2019-2020 : Fall,University of Wollongong in Dubai,Male,National,34
2019-2020 : Spring,University of Wollongong in Dubai,Male,National,23
2020-2021 : Fall,University of Wollongong in Dubai,Male,National,42
2020-2021 : Fall,University of Wollongong in Dubai,Male,Non-National,316
2020-2021 : Summer 1,University of Wollongong in Dubai,Male,National,6
2020-2021 : Summer 1,University of Wollongong in Dubai,Male,Non-National,54
2018-2019 : Fall,The British University in Dubai,Male,National,38
2018-2019 : Fall,The British University in Dubai,Male,Non-National,63
2018-2019 : Spring,The British University in Dubai,Male,Non-National,21
2020-2021 : Fall,The British University in Dubai,Male,National,36
2020-2021 : Fall,The British University in Dubai,Male,Non-National,48
2020-2021 : Spring,The British University in Dubai,Male,Non-National,16
2021-2022 : Fall,The British University in Dubai,Male,National,26
2021-2022 : Fall,The British University in Dubai,Male,Non-National,57
2022-2023 : Spring,The British University in Dubai,Male,National,11
2022-2023 : Spring,The British University in Dubai,Male,Non-National,9
2017-2018 : Spring,The College of Fashion and Design,Male,Non-National,1
2018-2019 : Fall,The College of Fashion and Design,Male,Non-National,2
2012-2013 : Fall,THE PETROLEUM INSTITUTE ,Male,National,224
2012-2013 : Spring,THE PETROLEUM INSTITUTE ,Male,National,12
2012-2013 : Spring,THE PETROLEUM INSTITUTE ,Male,Non-National,9
2013-2014 : Fall,THE PETROLEUM INSTITUTE ,Male,National,248
2013-2014 : Fall,THE PETROLEUM INSTITUTE ,Male,Non-National,78
2013-2014 : Spring,THE PETROLEUM INSTITUTE ,Male,National,15
2013-2014 : Spring,THE PETROLEUM INSTITUTE ,Male,Non-National,6
2014-2015 : Fall,THE PETROLEUM INSTITUTE ,Male,Non-National,110
2014-2015 : Spring,THE PETROLEUM INSTITUTE ,Male,National,9
2014-2015 : Spring,THE PETROLEUM INSTITUTE ,Male,Non-National,17
2015-2016 : Fall,THE PETROLEUM INSTITUTE ,Male,National,172
2015-2016 : Fall,THE PETROLEUM INSTITUTE ,Male,Non-National,68
2015-2016 : Spring,THE PETROLEUM INSTITUTE ,Male,Non-National,22
2016-2017 : Fall,THE PETROLEUM INSTITUTE ,Male,National,178
2016-2017 : Fall,THE PETROLEUM INSTITUTE ,Male,Non-National,65
2016-2017 : Spring,THE PETROLEUM INSTITUTE ,Male,Non-National,2
2013-2014 : Fall,United Arab Emirates University,Male,National,528
2014-2015 : Fall,United Arab Emirates University,Male,National,218
2014-2015 : Fall,United Arab Emirates University,Male,Non-National,127
2015-2016 : Fall,United Arab Emirates University,Male,Non-National,106
2016-2017 : Fall,United Arab Emirates University,Male,National,262
2016-2017 : Spring,United Arab Emirates University,Male,National,139
2017-2018 : Fall,United Arab Emirates University,Male,National,421
2017-2018 : Spring,United Arab Emirates University,Male,National,202
2017-2018 : Spring,United Arab Emirates University,Male,Non-National,74
2018-2019 : Fall,United Arab Emirates University,Male,National,510
2018-2019 : Spring,United Arab Emirates University,Male,National,216
2018-2019 : Summer 1,United Arab Emirates University,Male,National,2
2020-2021 : Fall,United Arab Emirates University,Male,Non-National,199
2020-2021 : Spring,United Arab Emirates University,Male,National,268
2020-2021 : Spring,United Arab Emirates University,Male,Non-National,76
2020-2021 Full year courses,United Arab Emirates University,Male,National,46
2021-2022 : Fall,United Arab Emirates University,Male,National,208
2021-2022 : Fall,United Arab Emirates University,Male,Non-National,178
2021-2022 : Spring,United Arab Emirates University,Male,Non-National,80
2022-2023 : Full year courses,United Arab Emirates University,Male,Non-National,7
2022-2023 : Spring,United Arab Emirates University,Male,Non-National,41
2018-2019 : Fall,University of Balamand Dubai,Male,Non-National,6
2020-2021 : Fall,University of Balamand Dubai,Male,Non-National,9
2020-2021 : Winter,University of Wollongong in Dubai,Male,National,11
2021-2022 : Fall,University of Wollongong in Dubai,Male,Non-National,346
2021-2022 : Spring,University of Wollongong in Dubai,Male,National,5
2022-2023 : Fall,University of Wollongong in Dubai,Male,National,17
2022-2023 : Winter,University of Wollongong in Dubai,Male,National,3
2022-2023 : Winter,University of Wollongong in Dubai,Male,Non-National,153
2012-2013 : Fall,University Saint-Joseph,Male,National,15
2013-2014 : Fall,University Saint-Joseph,Male,National,25
2014-2015 : Fall,University Saint-Joseph,Male,Non-National,1
2015-2016 : Fall,University Saint-Joseph,Male,National,3
2015-2016 : Spring,University Saint-Joseph,Male,Non-National,2
2017-2018 : Fall,University Saint-Joseph,Male,National,2
2018-2019 : Fall,University Saint-Joseph,Male,National,4
2018-2019 : Fall,University Saint-Joseph,Male,Non-National,6
2018-2019 : Spring,University Saint-Joseph,Male,National,2
2018-2019 : Spring,University Saint-Joseph,Male,Non-National,3
2019-2020 : Fall,University Saint-Joseph,Male,National,5
2019-2020 : Spring,University Saint-Joseph,Male,National,5
2020-2021 : Fall,University Saint-Joseph,Male,National,5
2021-2022 : Fall,University Saint-Joseph,Male,Non-National,7
2021-2022 : Spring,University Saint-Joseph,Male,Non-National,8
2022-2023 : Fall,University Saint-Joseph,Male,National,4
2022-2023 : Fall,University Saint-Joseph,Male,Non-National,3
2012-2013 : Fall,Zayed University,Male,National,556
2012-2013 : Fall,Zayed University,Male,Non-National,42
2012-2013 : Spring,Zayed University,Male,National,314
2012-2013 : Spring,Zayed University,Male,Non-National,44
2013-2014 : Spring,Zayed University,Male,National,225
2014-2015 : Spring,Zayed University,Male,National,105
2015-2016 : Fall,Zayed University,Male,National,143
2015-2016 : Spring,Zayed University,Male,National,43
2015-2016 : Spring,Zayed University,Male,Non-National,2
2016-2017 : Fall,Zayed University,Male,Non-National,39
2016-2017 : Spring,Zayed University,Male,Non-National,15
2018-2019 : Fall,Zayed University,Male,Non-National,3
2018-2019 : Spring,Zayed University,Male,Non-National,22
2019-2020 : Fall,Zayed University,Male,National,164
2019-2020 : Fall,Zayed University,Male,Non-National,17
2019-2020 : Spring,Zayed University,Male,National,243
2019-2020 : Spring,Zayed University,Male,Non-National,8
2020-2021 : Fall,Zayed University,Male,National,138
2021-2022 : Spring,Zayed University,Male,National,325
2021-2022 : Spring,Zayed University,Male,Non-National,3
2022-2023 : Fall,Zayed University,Male,National,81
2022-2023 : Fall,Zayed University,Male,Non-National,9
2022-2023 : Spring,Zayed University,Male,National,219
2021-2022 : Fall,Rochester Institute of Technology - Dubai,Unreported,Non-National,3
2012-2013 : Spring,University of Dubai,Male,National,4
2013-2014 : Fall,University of Dubai,Male,National,18
2013-2014 : Fall,University of Dubai,Male,Non-National,29
2013-2014 : Spring,University of Dubai,Male,National,11
2013-2014 : Spring,University of Dubai,Male,Non-National,15
2014-2015 : Fall,University of Dubai,Male,Non-National,50
2015-2016 : Fall,University of Dubai,Male,National,14
2015-2016 : Spring,University of Dubai,Male,Non-National,27
2016-2017 : Fall,University of Dubai,Male,National,33
2016-2017 : Fall,University of Dubai,Male,Non-National,26
2016-2017 : Spring,University of Dubai,Male,National,34
2016-2017 : Spring,University of Dubai,Male,Non-National,14
2017-2018 : Fall,University of Dubai,Male,National,99
2017-2018 : Fall,University of Dubai,Male,Non-National,31
2017-2018 : Spring,University of Dubai,Male,Non-National,11
2018-2019 : Fall,University of Dubai,Male,National,104
2018-2019 : Fall,University of Dubai,Male,Non-National,39
2018-2019 : Spring,University of Dubai,Male,Non-National,9
2020-2021 : Fall,University of Dubai,Male,National,53
2020-2021 : Fall,University of Dubai,Male,Non-National,17
2020-2021 : Spring,University of Dubai,Male,Non-National,6
2020-2021 : Summer 1,University of Dubai,Male,National,12
2020-2021 : Summer 1,University of Dubai,Male,Non-National,4
2021-2022 : Fall,University of Dubai,Male,National,44
2021-2022 : Fall,University of Dubai,Male,Non-National,24
2021-2022 : Summer 2,University of Dubai,Male,National,3
2021-2022 : Summer 2,University of Dubai,Male,Non-National,2
2022-2023 : Spring,University of Dubai,Male,National,63
2022-2023 : Spring,University of Dubai,Male,Non-National,14
2012-2013 : Spring,University of Fujairah,Male,National,20
2013-2014 : Fall,University of Fujairah,Male,National,73
2013-2014 : Fall,University of Fujairah,Male,Non-National,12
2013-2014 : Spring,University of Fujairah,Male,National,44
2013-2014 : Spring,University of Fujairah,Male,Non-National,4
2014-2015 : Fall,University of Fujairah,Male,National,40
2014-2015 : Fall,University of Fujairah,Male,Non-National,16
2014-2015 : Spring,University of Fujairah,Male,National,16
2014-2015 : Spring,University of Fujairah,Male,Non-National,6
2015-2016 : Fall,University of Fujairah,Male,National,19
2015-2016 : Fall,University of Fujairah,Male,Non-National,12
2015-2016 : Spring,University of Fujairah,Male,Non-National,5
2016-2017 : Fall,University of Fujairah,Male,National,17
2016-2017 : Fall,University of Fujairah,Male,Non-National,5
2016-2017 : Spring,University of Fujairah,Male,Non-National,3
2017-2018 : Fall,University of Fujairah,Male,National,45
2017-2018 : Fall,University of Fujairah,Male,Non-National,27
2018-2019 : Spring,University of Fujairah,Male,National,18
2018-2019 : Spring,University of Fujairah,Male,Non-National,2
2019-2020 : Fall,University of Fujairah,Male,National,28
2019-2020 : Fall,University of Fujairah,Male,Non-National,8
2019-2020 : Spring,University of Fujairah,Male,National,11
2019-2020 : Spring,University of Fujairah,Male,Non-National,3
2020-2021 : Fall,University of Fujairah,Male,National,32
2020-2021 : Fall,University of Fujairah,Male,Non-National,23
2020-2021 : Spring,University of Fujairah,Male,Non-National,2
2021-2022 : Fall,University of Fujairah,Male,Non-National,40
2021-2022 : Winter,University of Fujairah,Male,National,21
2021-2022 : Winter,University of Fujairah,Male,Non-National,14
2022-2023 : Fall,University of Fujairah,Male,National,37
2022-2023 : Winter,University of Fujairah,Male,National,26
2012-2013 : Fall,University of Jazeera,Male,Non-National,250
2013-2014 : Fall,University of Jazeera,Male,National,2226
2014-2015 : Fall,University of Jazeera,Male,National,2230
2014-2015 : Fall,University of Jazeera,Male,Non-National,212
2012-2013 : Fall,University of Modern Sciences,Male,Non-National,22
2013-2014 : Spring,University of Modern Sciences,Male,Non-National,7
2014-2015 : Fall,University of Modern Sciences,Male,National,569
2014-2015 : Spring,University of Modern Sciences,Male,Non-National,13
2015-2016 : Fall,University of Modern Sciences,Male,National,338
2015-2016 : Fall,University of Modern Sciences,Male,Non-National,23
2016-2017 : Fall,University of Modern Sciences,Male,Non-National,8
2017-2018 : Fall,University of Modern Sciences,Male,Non-National,19
2017-2018 : Spring,University of Modern Sciences,Male,National,71
2017-2018 : Spring,University of Modern Sciences,Male,Non-National,15
2020-2021 : Fall,University Of Science And Technology of Fujairah,Male,National,52
2020-2021 : Spring,University Of Science And Technology of Fujairah,Male,National,17
2020-2021 : Spring,University Of Science And Technology of Fujairah,Male,Non-National,5
2022-2023 : Fall,University Of Science And Technology of Fujairah,Male,National,28
2012-2013 : Fall,University of Sharjah,Male,National,474
2012-2013 : Fall,University of Sharjah,Male,Non-National,638
2012-2013 : Spring,University of Sharjah,Male,Non-National,216
2013-2014 : Spring,University of Sharjah,Male,National,105
2013-2014 : Spring,University of Sharjah,Male,Non-National,186
2014-2015 : Spring,University of Sharjah,Male,National,38
2014-2015 : Spring,University of Sharjah,Male,Non-National,202
2015-2016 : Fall,University of Sharjah,Male,National,304
2015-2016 : Fall,University of Sharjah,Male,Non-National,772
2015-2016 : Spring,University of Sharjah,Male,National,75
2015-2016 : Spring,University of Sharjah,Male,Non-National,133
2017-2018 : Spring,University of Sharjah,Male,National,110
2019-2020 : Fall,University of Sharjah,Male,National,600
2019-2020 : Fall,University of Sharjah,Male,Non-National,634
2019-2020 : Spring,University of Sharjah,Male,National,327
2019-2020 : Spring,University of Sharjah,Male,Non-National,138
2019-2020 : Summer 1,University of Sharjah,Male,National,2
2020-2021 : Fall,University of Sharjah,Male,National,558
2020-2021 : Fall,University of Sharjah,Male,Non-National,512
2020-2021 : Spring,University of Sharjah,Male,National,530
2021-2022 : Spring,University of Sharjah,Male,National,474
2021-2022 : Spring,University of Sharjah,Male,Non-National,101
2021-2022 : Summer 1,University of Sharjah,Male,National,1
2021-2022 : Summer 1,University of Sharjah,Male,Non-National,1
2022-2023 : Fall,University of Sharjah,Male,National,362
2022-2023 : Fall,University of Sharjah,Male,Non-National,552
2012-2013 : Fall,University of Strathclyde Business School- UAE,Male,National,2
2012-2013 : Fall,University of Strathclyde Business School- UAE,Male,Non-National,34
2012-2013 : Spring,University of Strathclyde Business School- UAE,Male,National,4
2012-2013 : Spring,University of Strathclyde Business School- UAE,Male,Non-National,44
2013-2014 : Fall,University of Strathclyde Business School- UAE,Male,Non-National,40
2013-2014 : Spring,University of Strathclyde Business School- UAE,Male,National,2
2015-2016 : Fall,University of Strathclyde Business School- UAE,Male,National,1
2016-2017 : Fall,University of Strathclyde Business School- UAE,Male,Non-National,17
2016-2017 : Spring,University of Strathclyde Business School- UAE,Male,Non-National,12
2017-2018 : Fall,University of Strathclyde Business School- UAE,Male,Non-National,14
2019-2020 : Fall,University of Strathclyde Business School- UAE,Male,National,2
2019-2020 : Fall,University of Strathclyde Business School- UAE,Male,Non-National,3
2021-2022 : Fall,University of Strathclyde Business School- UAE,Male,Non-National,10
2021-2022 : Spring,University of Strathclyde Business School- UAE,Male,National,1
2021-2022 : Spring,University of Strathclyde Business School- UAE,Male,Non-National,16
2022-2023 : Fall,University of Strathclyde Business School- UAE,Male,National,1
2022-2023 : Fall,University of Strathclyde Business School- UAE,Male,Non-National,4
2012-2013 : Fall,University of Wollongong in Dubai,Male,Non-National,421
2013-2014 : Fall,University of Wollongong in Dubai,Male,National,35
2013-2014 : Spring,University of Wollongong in Dubai,Male,National,25
2014-2015 : Fall,University of Wollongong in Dubai,Male,National,75
2014-2015 : Spring,University of Wollongong in Dubai,Male,National,10
2014-2015 : Spring,University of Wollongong in Dubai,Male,Non-National,180
2015-2016 : Fall,University of Wollongong in Dubai,Male,Non-National,384
2015-2016 : Spring,University of Wollongong in Dubai,Male,National,18
2015-2016 : Spring,University of Wollongong in Dubai,Male,Non-National,216
2017-2018 : Spring,University of Wollongong in Dubai,Male,National,25
2017-2018 : Spring,University of Wollongong in Dubai,Male,Non-National,167
2018-2019 : Spring,University of Wollongong in Dubai,Male,National,16
2018-2019 : Summer 1,University of Wollongong in Dubai,Male,National,9
2018-2019 : Summer 1,University of Wollongong in Dubai,Male,Non-National,74
2019-2020 : Fall,University of Wollongong in Dubai,Male,Non-National,294
2019-2020 : Spring,University of Wollongong in Dubai,Male,Non-National,114
2020-2021 : Spring,University of Wollongong in Dubai,Male,National,14
2020-2021 : Spring,University of Wollongong in Dubai,Male,Non-National,65
2020-2021 : Winter,University of Wollongong in Dubai,Male,Non-National,125
2021-2022 : Fall,University of Wollongong in Dubai,Male,National,30
2021-2022 : Spring,University of Wollongong in Dubai,Male,Non-National,83
2021-2022 : Winter,University of Wollongong in Dubai,Male,National,6
2021-2022 : Winter,University of Wollongong in Dubai,Male,Non-National,127
2022-2023 : Fall,University of Wollongong in Dubai,Male,Non-National,471
2012-2013 : Fall,University Saint-Joseph,Male,Non-National,1
2013-2014 : Fall,University Saint-Joseph,Male,Non-National,1
2015-2016 : Fall,University Saint-Joseph,Male,Non-National,3
2016-2017 : Fall,University Saint-Joseph,Male,National,5
2016-2017 : Fall,University Saint-Joseph,Male,Non-National,2
2016-2017 : Spring,University Saint-Joseph,Male,National,1
2017-2018 : Fall,University Saint-Joseph,Male,Non-National,9
2017-2018 : Spring,University Saint-Joseph,Male,National,2
2019-2020 : Fall,University Saint-Joseph,Male,Non-National,5
2019-2020 : Spring,University Saint-Joseph,Male,Non-National,1
2020-2021 : Spring,University Saint-Joseph,Male,Non-National,2
2021-2022 : Fall,University Saint-Joseph,Male,National,2
2021-2022 : Spring,University Saint-Joseph,Male,National,5
2022-2023 : Spring,University Saint-Joseph,Male,Non-National,1
2013-2014 : Fall,Zayed University,Male,National,414
2013-2014 : Fall,Zayed University,Male,Non-National,23
2013-2014 : Spring,Zayed University,Male,Non-National,31
2014-2015 : Fall,Zayed University,Male,National,134
2014-2015 : Fall,Zayed University,Male,Non-National,11
2014-2015 : Spring,Zayed University,Male,Non-National,14
2015-2016 : Fall,Zayed University,Male,Non-National,5
2016-2017 : Fall,Zayed University,Male,National,301
2016-2017 : Spring,Zayed University,Male,National,143
2017-2018 : Fall,Zayed University,Male,National,290
2017-2018 : Fall,Zayed University,Male,Non-National,50
2017-2018 : Spring,Zayed University,Male,National,171
2017-2018 : Spring,Zayed University,Male,Non-National,4
2018-2019 : Fall,Zayed University,Male,National,258
2018-2019 : Spring,Zayed University,Male,National,144
2020-2021 : Fall,Zayed University,Male,Non-National,4
2020-2021 : Spring,Zayed University,Male,National,367
2020-2021 : Spring,Zayed University,Male,Non-National,7
2021-2022 : Fall,Zayed University,Male,National,162
2021-2022 : Fall,Zayed University,Male,Non-National,7
2022-2023 : Spring,Zayed University,Male,Non-National,2
2022-2023 : Spring,Abu Dhabi University,Unreported,National,9
2021-2022 : Fall,Rochester Institute of Technology - Dubai,Unreported,National,1
2021-2022 : Spring,Rochester Institute of Technology - Dubai,Unreported,Non-National,15
